/*******************************************************************************
 * Size: 20 px
 * Bpp: 4
 * Opts: --bpp 4 --size 20 --force-fast-kern-format --font /var/folders/1d/dgkmygls6x5gsb16pbn2mwlr0000gn/T//meshcore-ui-fonts/NotoSans-Medium.ttf -r 0x20-0x7E,0xA0-0x24F,0x370-0x3FF,0x400-0x52F,0x1E80-0x1E85,0x1E9E,0x1EF2-0x1EF3,0x2010-0x2027,0x2030,0x2039-0x203A,0x20A4-0x20BF,0x2116,0x2122 --font /var/folders/1d/dgkmygls6x5gsb16pbn2mwlr0000gn/T//meshcore-ui-fonts/fa.woff -r 61572,62679,61568,62745,61463,62194,61612,61445,62073,61632,61774,61476,62405,61441,61448,61451,61452,61453,61457,61459,61461,61465,61468,61473,61478,61479,61480,61502,61507,61512,61515,61516,61517,61521,61522,61523,61524,61543,61544,61550,61552,61553,61556,61559,61560,61561,61563,61587,61589,61636,61637,61639,61641,61664,61671,61674,61683,61724,61732,61787,61931,62016,62017,62018,62019,62020,62087,62099,62212,62189,62810,63426,63650 --format lvgl --lv-include lvgl.h --lv-font-name ui_font_20 -o /Users/jakub/Documents/MeshCore/MeshCore/examples/companion_radio/ui-lvgl/fonts/ui_font_20.c
 ******************************************************************************/

#ifdef LV_LVGL_H_INCLUDE_SIMPLE
#include "lvgl.h"
#else
#include "lvgl.h"
#endif

#ifndef UI_FONT_20
#define UI_FONT_20 1
#endif

#if UI_FONT_20

/*-----------------
 *    BITMAPS
 *----------------*/

/*Store the image of the glyphs*/
static LV_ATTRIBUTE_LARGE_CONST const uint8_t glyph_bitmap[] = {
    /* U+0020 " " */

    /* U+0021 "!" */
    0x7f, 0xf0, 0x4, 0x20, 0x20, 0x60, 0x60, 0x20,
    0x20, 0x13, 0x83, 0x80, 0x42, 0x2, 0x6, 0x6,
    0x2, 0x2, 0x1, 0xba, 0x1, 0x32, 0x83, 0x49,
    0x43, 0x1, 0x0,

    /* U+0022 "\"" */
    0xaf, 0x60, 0xdf, 0x43, 0x3, 0x1, 0x6, 0x10,
    0x10, 0x70, 0x3f, 0x6, 0x2, 0x1, 0x20, 0x30,
    0x10, 0x2, 0xe8, 0x84, 0xe8, 0x0,

    /* U+0023 "#" */
    0x0, 0xc7, 0xee, 0x0, 0xfa, 0x0, 0xf2, 0x82,
    0x1, 0x6, 0x0, 0x7b, 0xc0, 0xc1, 0xc1, 0x40,
    0x3c, 0xa4, 0x0, 0xd0, 0x30, 0xb, 0x3f, 0xc6,
    0x5f, 0xe7, 0xf, 0xf3, 0x5, 0x3a, 0x82, 0x3b,
    0x80, 0x9d, 0xca, 0xd, 0x18, 0x11, 0xa, 0xa,
    0x88, 0x18, 0x5, 0xe0, 0x60, 0x80, 0x60, 0x12,
    0x44, 0x10, 0x22, 0x14, 0x1b, 0xc, 0x18, 0xee,
    0x20, 0x77, 0x18, 0x33, 0xe8, 0x47, 0xe8, 0x47,
    0xf8, 0x17, 0xfd, 0x60, 0x13, 0x81, 0x81, 0x6,
    0x80, 0x7b, 0x41, 0x41, 0xc0, 0xc0, 0x3c, 0x62,
    0x20, 0xd0, 0x50, 0xc,

    /* U+0024 "$" */
    0x0, 0xde, 0xa0, 0x1e, 0x13, 0xd, 0x20, 0xd,
    0x3d, 0x80, 0xfb, 0xf6, 0x10, 0xc2, 0xe0, 0xae,
    0x64, 0xa, 0x15, 0x1, 0xf1, 0x92, 0x2, 0x4,
    0x1, 0xf5, 0x4, 0xd8, 0x7, 0x9a, 0x5, 0x2,
    0xa4, 0x80, 0x27, 0xea, 0x0, 0x36, 0xc0, 0x6,
    0x50, 0x98, 0x7, 0x30, 0xe, 0x37, 0x40, 0x56,
    0x20, 0xc, 0x6a, 0x5, 0x7b, 0xfa, 0x15, 0x82,
    0xa9, 0x68, 0x44, 0x1, 0x5a, 0xa0, 0x35, 0xef,
    0x85, 0xd2, 0x80, 0x7f, 0xf1, 0x29, 0xc0, 0x30,

    /* U+0025 "%" */
    0x0, 0x57, 0xf4, 0x0, 0x75, 0xf8, 0x80, 0x69,
    0x56, 0x57, 0x60, 0x9, 0x10, 0xe2, 0x1, 0x98,
    0xe6, 0xc6, 0xc0, 0x29, 0x18, 0x0, 0xc2, 0xc,
    0x0, 0x52, 0x0, 0x31, 0x40, 0x7, 0xc6, 0x1,
    0xe8, 0x36, 0x1, 0x0, 0x84, 0x8, 0x0, 0xc2,
    0x10, 0x31, 0x5f, 0xd6, 0x1, 0x2a, 0x21, 0x89,
    0xc9, 0xd4, 0x95, 0x9d, 0x20, 0x1, 0x3, 0x72,
    0x51, 0x0, 0x8a, 0x19, 0x83, 0x60, 0x1, 0x75,
    0xe6, 0x92, 0xb9, 0x14, 0x0, 0x61, 0x0, 0xc8,
    0x61, 0xe3, 0x20, 0x2e, 0x0, 0x30, 0x20, 0xe,
    0x53, 0x81, 0x1, 0x70, 0x1, 0x81, 0x0, 0x75,
    0x93, 0x0, 0x14, 0x80, 0xc, 0x20, 0x1c, 0xe3,
    0x20, 0x17, 0xc, 0x39, 0xc8, 0x6, 0x18, 0x44,
    0x0, 0x4b, 0xd, 0xc, 0xe0,

    /* U+0026 "&" */
    0x0, 0x92, 0xfb, 0xf1, 0x40, 0x3f, 0x25, 0xa1,
    0x19, 0xa9, 0x40, 0x3e, 0xe0, 0x7c, 0xc4, 0x7,
    0x80, 0x7f, 0x70, 0x0, 0x40, 0xc0, 0x3e, 0xe0,
    0xb0, 0x38, 0xa, 0x0, 0xf9, 0x18, 0xbb, 0x2,
    0xcc, 0x3, 0xfc, 0x21, 0xa8, 0x0, 0x15, 0x40,
    0x0, 0xeb, 0x12, 0x7, 0x10, 0x1, 0xab, 0x80,
    0x16, 0x47, 0xb6, 0xa5, 0x84, 0x14, 0x1c, 0x0,
    0x40, 0x80, 0x5, 0x28, 0xe4, 0x11, 0x10, 0x0,
    0x20, 0x1d, 0x4c, 0x2e, 0x12, 0x1, 0x18, 0x78,
    0x6, 0xe0, 0x9, 0xc0, 0x2f, 0x4, 0xea, 0xbe,
    0x81, 0x40, 0xc3, 0x0, 0x1e, 0xa8, 0x2a, 0x14,
    0x75, 0xb8, 0x62, 0x0,

    /* U+0027 "'" */
    0xaf, 0x63, 0x3, 0x10, 0x1f, 0x6, 0x20, 0x35,
    0xd1,

    /* U+0028 "(" */
    0x0, 0xa7, 0xd4, 0x0, 0x8c, 0x8a, 0x0, 0x90,
    0x80, 0x2, 0x11, 0x98, 0x1, 0xa1, 0x40, 0x12,
    0x2, 0x80, 0x44, 0x6, 0x0, 0x10, 0x10, 0x8,
    0xc0, 0xc0, 0x3f, 0x8c, 0x8, 0x2, 0x10, 0x0,
    0x80, 0x48, 0x8, 0x1, 0x60, 0x60, 0x4, 0xc0,
    0xc0, 0x10, 0xb0, 0x30, 0x5, 0x23, 0x2, 0x1,
    0x6c, 0x90,

    /* U+0029 ")" */
    0x2f, 0xd0, 0x8, 0xa0, 0xa0, 0x2, 0x71, 0x71,
    0x0, 0x9c, 0x18, 0x2, 0xa0, 0xb0, 0x8, 0xc0,
    0xc0, 0x31, 0x82, 0x0, 0x4e, 0x2, 0x1, 0x10,
    0x18, 0x4, 0x60, 0x1c, 0x20, 0x40, 0x13, 0x3,
    0x0, 0x4, 0x80, 0x80, 0x8, 0xa, 0x1, 0x48,
    0x70, 0x0, 0xcc, 0x48, 0x0, 0xf0, 0xe0, 0x0,
    0xdd, 0x8c, 0x0,

    /* U+002A "*" */
    0x0, 0xd3, 0xee, 0x1, 0xfb, 0x80, 0x80, 0x38,
    0x80, 0x4, 0x2, 0x0, 0x20, 0x6, 0xf4, 0xe8,
    0x1c, 0xf6, 0x81, 0x18, 0x33, 0x84, 0x30, 0x18,
    0x96, 0x76, 0x80, 0x7, 0xb9, 0x82, 0x1, 0x70,
    0x50, 0xd0, 0x7, 0x41, 0xaa, 0x91, 0xe, 0x1,
    0xb4, 0xa4, 0x20, 0x88, 0x1, 0x97, 0x4c, 0xf,
    0x54, 0x0,

    /* U+002B "+" */
    0x0, 0xc3, 0x6a, 0x1, 0xf8, 0xd3, 0x40, 0x3f,
    0xf9, 0xf5, 0x54, 0x2, 0xd5, 0x48, 0xa, 0xb8,
    0x9, 0x56, 0x30, 0xff, 0xb4, 0x1f, 0xfe, 0x70,
    0xf, 0xfe, 0xa8,

    /* U+002C "," */
    0x4, 0xed, 0x0, 0x18, 0xb8, 0x3, 0x3, 0xc0,
    0xa, 0x2a, 0x4, 0x2c, 0x0,

    /* U+002D "-" */
    0x3d, 0xdd, 0x2e, 0x45, 0xc0,

    /* U+002E "." */
    0x4d, 0xa0, 0xd2, 0x50, 0xc0, 0x40,

    /* U+002F "/" */
    0x0, 0xeb, 0xf5, 0x0, 0xc2, 0x82, 0xa0, 0x19,
    0x81, 0xc0, 0x3a, 0x82, 0xc0, 0x31, 0x91, 0x90,
    0x6, 0xa0, 0xa0, 0xe, 0x70, 0x70, 0xc, 0xa2,
    0xa2, 0x1, 0xb8, 0x38, 0x3, 0xa, 0xa, 0x0,
    0x66, 0x6, 0x0, 0xea, 0xa, 0x0, 0xc6, 0x46,
    0x40, 0x1a, 0x82, 0x80, 0x38,

    /* U+0030 "0" */
    0x0, 0x9f, 0x7f, 0xa8, 0x80, 0x35, 0xc1, 0x10,
    0x17, 0x8, 0x0, 0x88, 0x1d, 0xd7, 0x28, 0xc0,
    0x3, 0x82, 0x48, 0x1, 0x60, 0xa2, 0x8, 0x8,
    0x1, 0x9, 0x82, 0x0, 0x81, 0x0, 0x66, 0x2,
    0x10, 0x0, 0x80, 0x63, 0xf, 0x0, 0xff, 0x84,
    0x0, 0x20, 0x18, 0xc3, 0xc0, 0x80, 0x80, 0x33,
    0x1, 0x3, 0x82, 0x0, 0x42, 0x60, 0x81, 0xc1,
    0x24, 0x0, 0xb0, 0x41, 0x4, 0x51, 0xdd, 0x72,
    0x8c, 0x80, 0x55, 0x4, 0x40, 0x5c, 0x20,

    /* U+0031 "1" */
    0x0, 0x8b, 0x7d, 0xc0, 0xb, 0xa4, 0x1, 0x45,
    0x9, 0x80, 0x9, 0xcf, 0xd8, 0x0, 0x59, 0x81,
    0x0, 0xc6, 0x1, 0xff, 0xf1,

    /* U+0032 "2" */
    0x0, 0x15, 0x77, 0xed, 0x10, 0x5, 0x1a, 0xa0,
    0x44, 0x5d, 0x40, 0x7, 0x15, 0xf6, 0xfa, 0x4,
    0x0, 0x1b, 0x50, 0x2, 0x80, 0x30, 0xf, 0xf0,
    0x80, 0x7e, 0xa0, 0x70, 0xf, 0x8d, 0x82, 0x0,
    0x3c, 0x5a, 0x16, 0x20, 0x1c, 0x78, 0x34, 0x80,
    0x1c, 0x7a, 0x34, 0xa0, 0x1c, 0x78, 0x36, 0xa0,
    0x1c, 0x78, 0x18, 0x80, 0x1e, 0xc0, 0x6, 0xf7,
    0x73, 0x88, 0x4, 0x23, 0xef,

    /* U+0033 "3" */
    0x0, 0x35, 0xf7, 0xf5, 0xa8, 0x5, 0x92, 0x86,
    0x60, 0x4a, 0x60, 0x7, 0xc7, 0x6e, 0x73, 0x4,
    0x0, 0xd, 0xc4, 0x2, 0xd0, 0x30, 0xf, 0x87,
    0xc2, 0x80, 0x35, 0xdb, 0x39, 0xa5, 0xc0, 0x32,
    0x20, 0xc0, 0x44, 0x1, 0xdf, 0xee, 0xa1, 0x8b,
    0x0, 0xf0, 0xae, 0x2, 0x18, 0x7, 0xc2, 0x40,
    0xc0, 0x1f, 0x88, 0x4, 0x50, 0x40, 0x1a, 0x80,
    0x50, 0xdf, 0x7b, 0x37, 0xd4, 0x28, 0xa, 0x50,
    0xc, 0x88, 0xda, 0x80,

    /* U+0034 "4" */
    0x0, 0xf3, 0x7f, 0x84, 0x3, 0xe2, 0x90, 0xf,
    0xf7, 0x8, 0x80, 0x3f, 0x41, 0xd8, 0x80, 0x7c,
    0x8e, 0xaa, 0x0, 0xf8, 0x68, 0xa8, 0x3, 0xf5,
    0xf, 0x0, 0x7e, 0x64, 0x83, 0x0, 0xf8, 0xa4,
    0xdc, 0x3, 0xf5, 0x81, 0xff, 0xe0, 0x7, 0x78,
    0xf1, 0x9f, 0x80, 0x4, 0x62, 0xf9, 0x9e, 0x0,
    0x66, 0x0, 0x3f, 0xf9, 0xa0,

    /* U+0035 "5" */
    0xf, 0xff, 0x98, 0x4, 0x0, 0x23, 0xc6, 0x6,
    0x5, 0xdd, 0xca, 0xc, 0xc, 0x1, 0xf0, 0x80,
    0x80, 0x7c, 0x60, 0x9d, 0xfd, 0x68, 0x0, 0x20,
    0x1, 0x10, 0x52, 0xd8, 0x13, 0xfb, 0x37, 0x94,
    0x24, 0x40, 0x38, 0x68, 0x0, 0xa0, 0x1f, 0x10,
    0x8, 0x7, 0xc4, 0xc, 0xc2, 0x0, 0x86, 0xc0,
    0x8e, 0xf7, 0xf7, 0x5c, 0x83, 0xe1, 0x8, 0x45,
    0x9f, 0xc8, 0x0,

    /* U+0036 "6" */
    0x0, 0xcb, 0x7d, 0xfe, 0x70, 0xd, 0x94, 0x86,
    0x86, 0x1, 0xa8, 0xcd, 0xba, 0xbc, 0x70, 0x1,
    0xa9, 0x61, 0x0, 0x7a, 0x82, 0xc0, 0x3f, 0x20,
    0x2c, 0x77, 0xec, 0x0, 0x46, 0x1e, 0xea, 0x84,
    0xf6, 0x0, 0x10, 0x7, 0x5d, 0xb4, 0x11, 0x0,
    0x17, 0x88, 0x0, 0x94, 0x30, 0x4, 0x4, 0x3,
    0x10, 0x4, 0x80, 0xa0, 0x18, 0xc3, 0xc3, 0x82,
    0xc, 0x0, 0xa8, 0xa, 0x8, 0xe1, 0x9b, 0xaa,
    0x8, 0x20, 0x4, 0x51, 0x91, 0xe, 0x9c, 0x0,

    /* U+0037 "7" */
    0x3f, 0xff, 0xe9, 0x1, 0x1f, 0x80, 0x2, 0x7d,
    0xde, 0xf0, 0x5, 0x0, 0x7c, 0xc0, 0xa4, 0x1,
    0xf4, 0x84, 0x80, 0x7c, 0xc2, 0x86, 0x1, 0xf4,
    0x7, 0x80, 0x7c, 0xa2, 0x48, 0x1, 0xf4, 0x5,
    0x80, 0x7c, 0x84, 0x2c, 0x1, 0xf4, 0x4, 0x80,
    0x7c, 0x66, 0x6, 0x0, 0xfa, 0x1, 0xc4, 0x3,
    0xc6, 0x81, 0x20, 0x1c,

    /* U+0038 "8" */
    0x0, 0xc, 0xef, 0xf5, 0xa8, 0x4, 0x3e, 0xc6,
    0x84, 0x94, 0xe0, 0x9, 0x14, 0xeb, 0xca, 0x9,
    0x0, 0x8, 0x60, 0x4, 0xa0, 0x20, 0xc, 0xb,
    0x0, 0x94, 0xc, 0x0, 0xa8, 0x7a, 0xb1, 0x45,
    0xc0, 0x15, 0xa9, 0x53, 0x9e, 0x10, 0x5, 0xa,
    0xa, 0x27, 0x42, 0x0, 0x77, 0x1f, 0x57, 0x32,
    0x60, 0x2, 0x3, 0x44, 0x1, 0x28, 0x4c, 0x20,
    0x1, 0x0, 0xc4, 0x2, 0x30, 0x38, 0x4, 0x4e,
    0x6, 0x16, 0x11, 0xb5, 0x7a, 0x2a, 0x80, 0xb8,
    0xa6, 0xa8, 0x73, 0x40,

    /* U+0039 "9" */
    0x0, 0xc, 0xf7, 0xf4, 0x88, 0x4, 0x5e, 0xc2,
    0x60, 0xde, 0x40, 0x8, 0x14, 0xfc, 0xe6, 0x19,
    0x0, 0x28, 0x48, 0x5, 0x22, 0x84, 0x20, 0x2,
    0x0, 0xc8, 0xe, 0x20, 0x2, 0x0, 0xce, 0x4,
    0x8, 0x1c, 0x40, 0x54, 0x40, 0x14, 0x89, 0xef,
    0xeb, 0x20, 0x8, 0x17, 0x4b, 0x32, 0x71, 0xc0,
    0x80, 0x26, 0x99, 0x30, 0x18, 0x28, 0x7, 0xce,
    0x8, 0x20, 0x1e, 0x78, 0x9, 0x0, 0xf, 0x66,
    0x3e, 0x2, 0x88, 0x3, 0x19, 0x89, 0xb5, 0x40,
    0x0,

    /* U+003A ":" */
    0x5f, 0xb0, 0xc0, 0x40, 0xd2, 0x60, 0x4d, 0x90,
    0xf, 0xfe, 0x2a, 0x6d, 0x6, 0x92, 0x86, 0x2,
    0x0,

    /* U+003B ";" */
    0x5, 0xfb, 0x0, 0x78, 0x20, 0x3, 0x89, 0x80,
    0x9, 0xb2, 0x1, 0xff, 0xcf, 0x7f, 0xc0, 0x6,
    0x85, 0x80, 0x1c, 0x14, 0x0, 0x46, 0x40, 0x63,
    0x20, 0x0,

    /* U+003C "<" */
    0x0, 0xff, 0x8, 0x7, 0xe4, 0xc6, 0x0, 0xf2,
    0x65, 0x91, 0x80, 0x64, 0xcb, 0x29, 0xe4, 0x0,
    0x26, 0x58, 0xcf, 0x30, 0x5, 0x96, 0x15, 0xac,
    0x1, 0xc2, 0x4, 0x41, 0x0, 0xf6, 0xda, 0xc7,
    0x51, 0x80, 0x72, 0x5e, 0xb2, 0xe6, 0xb0, 0x7,
    0x14, 0xf4, 0x1c, 0xb8, 0x7, 0x85, 0xfa, 0x8c,

    /* U+003D "=" */
    0x99, 0xfe, 0x36, 0x6f, 0xf7, 0xff, 0xf2, 0x80,
    0x7f, 0xa6, 0xab, 0xf1, 0xb2, 0xaf, 0xe6,

    /* U+003E ">" */
    0x1, 0x0, 0xff, 0x74, 0x8, 0x7, 0xe3, 0x7e,
    0x81, 0x0, 0xf6, 0x61, 0x1f, 0xa0, 0x40, 0x38,
    0xef, 0x55, 0xfa, 0x4, 0x3, 0x8a, 0xb5, 0x9f,
    0x90, 0x3, 0xce, 0x40, 0x1, 0x0, 0x85, 0xfa,
    0x96, 0x3d, 0x40, 0xeb, 0xa0, 0xab, 0x9c, 0x2,
    0xc5, 0x56, 0x61, 0x40, 0x39, 0xfa, 0x8c, 0x3,
    0xc0,

    /* U+003F "?" */
    0x17, 0xcf, 0xf6, 0xc0, 0x84, 0x40, 0xc4, 0x88,
    0xf8, 0x11, 0x3d, 0xcd, 0xe1, 0x25, 0x16, 0x10,
    0x0, 0xa0, 0x18, 0x7, 0x9c, 0x14, 0x3, 0xe,
    0x13, 0x18, 0x4, 0x58, 0x6f, 0x20, 0x1b, 0xca,
    0xa0, 0x3, 0x11, 0x15, 0x40, 0x1c, 0x6b, 0xe0,
    0x1e, 0x1a, 0x50, 0xf, 0x26, 0xd0, 0x7, 0xb4,
    0x94, 0x40, 0x3b, 0x41, 0x4, 0x2,

    /* U+0040 "@" */
    0x0, 0xc3, 0x19, 0xdf, 0xd8, 0xe2, 0x1, 0xe8,
    0xe7, 0x7, 0x7d, 0x1c, 0xc0, 0x1a, 0x9d, 0x7b,
    0x26, 0x26, 0xf9, 0x25, 0x80, 0x10, 0xb1, 0x41,
    0x3d, 0xfd, 0x89, 0x69, 0x22, 0x27, 0x47, 0xc,
    0x67, 0x87, 0x3d, 0x9, 0x9, 0x60, 0xf0, 0x82,
    0x99, 0x3d, 0x7, 0x81, 0x10, 0xf0, 0x10, 0x10,
    0x18, 0x0, 0xe0, 0x20, 0x1, 0x66, 0x10, 0x0,
    0x84, 0x2, 0x20, 0xc, 0x22, 0x1, 0x0, 0x10,
    0x80, 0x5e, 0x1, 0x9, 0x28, 0x90, 0x2, 0xc2,
    0x49, 0x98, 0x3a, 0x56, 0x16, 0xa2, 0x40, 0xe8,
    0xdb, 0x32, 0xb4, 0xd5, 0x92, 0xa0, 0xb0, 0x5,
    0xe5, 0xf3, 0x2f, 0x5f, 0x30, 0x1a, 0xb3, 0x80,
    0xd, 0x4, 0x0, 0x28, 0x20, 0x15, 0x24, 0x63,
    0x19, 0x11, 0x63, 0x48, 0x3, 0xae, 0x42, 0x73,
    0x75, 0x4e, 0xc6, 0x1, 0xe6, 0xce, 0xcb, 0xb6,
    0xfd, 0x88, 0x4,

    /* U+0041 "A" */
    0x0, 0xec, 0xfd, 0x0, 0xff, 0x11, 0x81, 0x18,
    0x7, 0xf5, 0x2, 0x85, 0x0, 0x7f, 0x30, 0x58,
    0x30, 0x7, 0xe5, 0x14, 0x15, 0x6, 0x0, 0xfb,
    0x83, 0x83, 0x82, 0x80, 0x3c, 0x28, 0xa, 0x8,
    0x26, 0x40, 0x1c, 0xc0, 0xc0, 0x13, 0x5, 0x0,
    0x75, 0x3, 0x7f, 0xce, 0xc, 0x1, 0x90, 0x80,
    0x47, 0x80, 0x54, 0x2, 0xe0, 0x7e, 0xee, 0x70,
    0xe0, 0x0, 0xa8, 0x50, 0x7, 0x50, 0x20, 0x83,
    0x81, 0x10, 0x3, 0x88, 0xc1, 0x82, 0x82, 0x80,
    0x3e, 0xa0, 0xa0,

    /* U+0042 "B" */
    0x2f, 0xfe, 0xec, 0x71, 0x0, 0xe3, 0x31, 0x1,
    0xc6, 0x0, 0x76, 0x63, 0x7a, 0xc0, 0x98, 0x3,
    0xf2, 0x20, 0x38, 0x3, 0xf9, 0xc3, 0x80, 0x3e,
    0x17, 0x31, 0x60, 0xd, 0xff, 0x74, 0x37, 0x80,
    0x72, 0x24, 0x60, 0xd6, 0x20, 0x1a, 0xee, 0xce,
    0x25, 0xb0, 0xf, 0xc3, 0x0, 0xa0, 0x1f, 0xc6,
    0x1, 0xfe, 0x1b, 0x3, 0x0, 0xd9, 0x96, 0xf1,
    0x7, 0x80, 0x63, 0x38, 0x88, 0xda, 0x60,

    /* U+0043 "C" */
    0x0, 0x8a, 0x77, 0xfd, 0xb4, 0xa0, 0x13, 0xeb,
    0x10, 0x88, 0x96, 0x40, 0xd, 0x0, 0xdd, 0xd7,
    0xd7, 0x80, 0xc8, 0x44, 0x88, 0x4, 0xa6, 0xe,
    0x2, 0xe0, 0x1f, 0xb0, 0x1c, 0x3, 0xf9, 0x83,
    0x80, 0x3f, 0xf9, 0x2c, 0x1c, 0x1, 0xfd, 0xa0,
    0xe0, 0x1f, 0xca, 0x2, 0xe0, 0x1f, 0x89, 0x82,
    0x20, 0x20, 0x11, 0x18, 0x2, 0x54, 0x1f, 0xba,
    0xfd, 0xb0, 0xa, 0xad, 0x48, 0x46, 0x5b, 0x0,

    /* U+0044 "D" */
    0x2f, 0xfe, 0xeb, 0x61, 0x0, 0xf1, 0x14, 0x29,
    0x3e, 0x80, 0x1d, 0xbb, 0x7e, 0x18, 0xd9, 0x0,
    0x7e, 0x3c, 0x30, 0x90, 0xf, 0xf7, 0x82, 0x8,
    0x7, 0xf1, 0x80, 0x14, 0x3, 0xfc, 0x40, 0x40,
    0x1f, 0xe3, 0x0, 0xff, 0xe0, 0x8, 0x10, 0x7,
    0xf2, 0x80, 0x14, 0x3, 0xf0, 0xc0, 0x28, 0x80,
    0x7c, 0xb8, 0x43, 0x0, 0x1b, 0x75, 0xdf, 0x44,
    0x4c, 0x20, 0xc, 0x44, 0x11, 0x2d, 0x69, 0x0,
    0x0,

    /* U+0045 "E" */
    0x1f, 0xff, 0xc0, 0x11, 0x17, 0x18, 0x5, 0x9b,
    0xbb, 0x0, 0x3f, 0xfa, 0x5d, 0xff, 0xa4, 0x2,
    0x22, 0xee, 0x0, 0xb3, 0x77, 0x38, 0x7, 0xff,
    0x4b, 0x37, 0x76, 0x0, 0x44, 0x5c, 0x60,

    /* U+0046 "F" */
    0x1f, 0xff, 0xc0, 0x11, 0x17, 0x18, 0x5, 0xbb,
    0xd8, 0x1, 0xff, 0xd2, 0xdd, 0xe7, 0x0, 0x88,
    0xbb, 0x80, 0x2f, 0xfe, 0x90, 0xf, 0xff, 0x8,

    /* U+0047 "G" */
    0x0, 0x85, 0xf3, 0xbf, 0xb2, 0x4c, 0x2, 0x5e,
    0x83, 0x11, 0x8d, 0xa8, 0x0, 0xb4, 0x9, 0x9f,
    0xdf, 0xd3, 0x0, 0xa, 0x6, 0xb3, 0x0, 0x85,
    0x84, 0x18, 0x6, 0x40, 0x3f, 0xb0, 0x1c, 0x3,
    0xfc, 0x21, 0xc0, 0x10, 0xee, 0xf0, 0x38, 0x7,
    0x19, 0x17, 0x3, 0x7, 0x0, 0x45, 0xfe, 0xd0,
    0xb, 0x41, 0xc0, 0x3f, 0xcc, 0x2, 0xe0, 0x1f,
    0xc2, 0xe1, 0x12, 0x20, 0x1f, 0xa1, 0x81, 0xbb,
    0x9b, 0xda, 0x1, 0xd3, 0x8a, 0x42, 0x42, 0x4d,
    0x40,

    /* U+0048 "H" */
    0x1f, 0xf0, 0x80, 0x71, 0x7f, 0x80, 0x3f, 0xff,
    0x3d, 0xff, 0xda, 0x1, 0xe2, 0x2f, 0x80, 0x3d,
    0x9b, 0xbd, 0xe0, 0x1f, 0xff, 0x80,

    /* U+0049 "I" */
    0x3f, 0xfe, 0x43, 0x82, 0x2, 0x85, 0x7, 0x50,
    0x77, 0x8, 0x7, 0xff, 0xd1, 0x94, 0x1d, 0xc2,
    0x72, 0x40, 0x50, 0xa0,

    /* U+004A "J" */
    0x0, 0x8f, 0xfc, 0x1, 0xff, 0xff, 0x0, 0xf3,
    0x80, 0x80, 0x5c, 0xb, 0x1d, 0xea, 0x1f, 0xe1,
    0x3, 0xb4,

    /* U+004B "K" */
    0x1f, 0xf0, 0x80, 0x67, 0xfe, 0x20, 0xf, 0x96,
    0x3, 0x48, 0x3, 0xc7, 0x41, 0x66, 0x1, 0xe2,
    0xd0, 0xa4, 0x0, 0xf0, 0xf8, 0xc2, 0x80, 0x7d,
    0xa4, 0xce, 0x1, 0xf5, 0x18, 0x68, 0x7, 0xe4,
    0x30, 0xa1, 0x0, 0xfa, 0xb0, 0x86, 0x80, 0x3e,
    0x40, 0xf0, 0x46, 0x0, 0xfc, 0x52, 0x12, 0x40,
    0x1f, 0x99, 0x43, 0xc0, 0x3f, 0xac, 0x4a, 0x40,
    0x3f, 0xe, 0x83, 0x20,

    /* U+004C "L" */
    0x2f, 0xf0, 0x7, 0xff, 0xfc, 0x3, 0xff, 0xc3,
    0xdd, 0xe1, 0x0, 0x84, 0x7c, 0x60,

    /* U+004D "M" */
    0x1f, 0xf8, 0x80, 0x3e, 0xdf, 0xf3, 0x80, 0x6a,
    0x0, 0xf1, 0x90, 0x7, 0x10, 0x30, 0x7, 0xa8,
    0xc, 0x3, 0xa, 0xa, 0x0, 0x73, 0x8a, 0x80,
    0x61, 0xe0, 0xd0, 0xc, 0xa2, 0xc0, 0x1e, 0x51,
    0x60, 0xd, 0xc1, 0x46, 0x1, 0xe7, 0x5, 0x0,
    0xa, 0x19, 0x0, 0x7d, 0x41, 0xc0, 0x6, 0xa,
    0x0, 0xfc, 0x64, 0x82, 0x14, 0xe, 0x1, 0xfc,
    0xa0, 0xc6, 0x4a, 0x20, 0x1f, 0xd4, 0x17, 0x41,
    0xc0, 0x1f, 0xe2, 0x33, 0x30, 0xa0, 0x7, 0xfd,
    0x40, 0x6, 0x0, 0xff, 0xe0, 0x38, 0x2, 0x80,
    0x3c,

    /* U+004E "N" */
    0x1f, 0xf6, 0x0, 0x79, 0xbe, 0x80, 0x23, 0x70,
    0xf, 0xfe, 0x4, 0x8, 0x7, 0xf2, 0x20, 0x28,
    0x3, 0xf9, 0xe8, 0x11, 0x40, 0x3f, 0x8, 0xa4,
    0x2c, 0x3, 0xfc, 0xc6, 0x32, 0x1, 0xfe, 0xe0,
    0x63, 0x3, 0x0, 0xf8, 0x9c, 0x3c, 0x3, 0xfd,
    0x4, 0x6e, 0x1, 0xfe, 0xe0, 0x83, 0x0, 0xfe,
    0x36, 0x8, 0x0, 0xff, 0x48, 0x88, 0x3, 0xfe,
    0xb0, 0x8,

    /* U+004F "O" */
    0x0, 0x92, 0xb7, 0xfb, 0x60, 0x80, 0x3a, 0xad,
    0x48, 0x40, 0x9f, 0x54, 0x2, 0x85, 0x9, 0xfe,
    0xe9, 0x42, 0x8c, 0x9, 0xc2, 0x58, 0x2, 0x1a,
    0x40, 0xf0, 0x50, 0x26, 0x0, 0xf4, 0x1, 0x96,
    0x82, 0x0, 0x7c, 0x62, 0xe, 0xc0, 0x20, 0x1f,
    0x8c, 0x8, 0x3, 0xff, 0x84, 0xc0, 0x20, 0x1f,
    0x8c, 0xb, 0x41, 0xc0, 0x3e, 0x31, 0x7, 0x50,
    0x16, 0x0, 0xf4, 0x1, 0x91, 0x1c, 0x25, 0x80,
    0x21, 0xa4, 0xf, 0x0, 0x42, 0x84, 0xff, 0x74,
    0xa1, 0x46, 0x1, 0x55, 0xa9, 0x8, 0x13, 0xea,
    0x80, 0x0,

    /* U+0050 "P" */
    0x2f, 0xfe, 0xda, 0x20, 0xe, 0x22, 0x9, 0x2e,
    0xa0, 0x6, 0xdd, 0x76, 0x98, 0x50, 0x7, 0xc5,
    0xc0, 0x24, 0x1, 0xf1, 0x0, 0x7f, 0x90, 0x0,
    0x40, 0x1c, 0x2b, 0x40, 0xa0, 0x1b, 0xfd, 0xd4,
    0x27, 0x40, 0x18, 0x88, 0x6b, 0x58, 0x1, 0xdb,
    0xac, 0xa5, 0x0, 0xff, 0xf1, 0x80,

    /* U+0051 "Q" */
    0x0, 0x92, 0xb7, 0xfb, 0x60, 0x80, 0x3a, 0xad,
    0x48, 0x40, 0x9f, 0x54, 0x2, 0x85, 0x9, 0xfe,
    0xe9, 0x42, 0x8c, 0x9, 0xc2, 0x58, 0x2, 0x1a,
    0x40, 0xf0, 0x50, 0x26, 0x0, 0xf4, 0x1, 0x96,
    0x82, 0x0, 0x7c, 0x62, 0xe, 0xc0, 0x20, 0x1f,
    0x8c, 0x8, 0x3, 0xff, 0x84, 0xc0, 0x20, 0x1f,
    0x8c, 0xb, 0x41, 0xc0, 0x3e, 0x31, 0x7, 0x50,
    0x16, 0x0, 0xf4, 0x2, 0x11, 0x1c, 0x25, 0x80,
    0x21, 0xa4, 0x8, 0x0, 0x42, 0x84, 0xff, 0x74,
    0xa1, 0x46, 0x1, 0x55, 0xa9, 0x8, 0x80, 0xb9,
    0x40, 0x39, 0x2b, 0x7e, 0xc0, 0x98, 0x3, 0xfc,
    0x94, 0x10, 0xe0, 0x1f, 0xe5, 0x80, 0x87, 0x0,

    /* U+0052 "R" */
    0x2f, 0xfe, 0xea, 0x40, 0xf, 0x19, 0x88, 0x56,
    0xdc, 0x3, 0xb3, 0x1b, 0xec, 0x10, 0x20, 0x1f,
    0xa0, 0x0, 0x40, 0x1f, 0xf0, 0x80, 0x7e, 0xb0,
    0x22, 0x0, 0x6c, 0xc6, 0xfa, 0x96, 0x0, 0x71,
    0x98, 0x81, 0x34, 0x40, 0x3b, 0xfd, 0xa0, 0x84,
    0x1, 0xf8, 0x98, 0x24, 0x3, 0xfa, 0x1, 0x14,
    0x3, 0xf0, 0xc0, 0x58, 0x7, 0xf3, 0x88, 0xa0,
    0x3, 0xfa, 0xc1, 0xc8,

    /* U+0053 "S" */
    0x1, 0x8d, 0xfe, 0xd9, 0x30, 0x2f, 0x72, 0x11,
    0x13, 0x50, 0x40, 0x9f, 0x73, 0xfa, 0x6c, 0x1c,
    0x24, 0x40, 0x2, 0xc4, 0xc, 0x1a, 0x1, 0xf7,
    0x83, 0xc9, 0x0, 0x72, 0x50, 0xb6, 0xda, 0x0,
    0x65, 0xe8, 0x24, 0xbb, 0x8, 0x6, 0x7d, 0xa1,
    0x4b, 0x0, 0xf2, 0xe8, 0x28, 0x7, 0xc4, 0x1,
    0x41, 0x80, 0x43, 0x60, 0x40, 0xf9, 0xfd, 0xd2,
    0x87, 0x4, 0x20, 0x8c, 0x4d, 0xa6, 0x0,

    /* U+0054 "T" */
    0xbf, 0xff, 0xf0, 0x91, 0x42, 0x0, 0x22, 0xd5,
    0xbb, 0x48, 0x26, 0xee, 0x0, 0xff, 0xff, 0x80,
    0x7f, 0xf8, 0x80,

    /* U+0055 "U" */
    0x3f, 0xf0, 0x7, 0x8b, 0xfc, 0x1, 0xff, 0xff,
    0x0, 0xff, 0xe4, 0x88, 0x7, 0xe6, 0x1, 0x20,
    0x2, 0x80, 0x76, 0x82, 0x83, 0x5, 0xa0, 0x4,
    0xcc, 0xe, 0x9, 0x31, 0xbf, 0xef, 0x90, 0x75,
    0x0, 0x64, 0x18, 0x8, 0x96, 0xe0, 0x0,

    /* U+0056 "V" */
    0xdf, 0x60, 0xf, 0xf, 0xf8, 0x68, 0x34, 0x3,
    0xcc, 0x6, 0x2c, 0x8, 0x20, 0x1d, 0x41, 0x40,
    0x28, 0xc, 0x1, 0x88, 0x80, 0xe0, 0xd, 0xb,
    0x0, 0xd4, 0xa, 0x20, 0x6, 0x3, 0x20, 0x9,
    0x43, 0xc0, 0x32, 0x82, 0x80, 0xc, 0x85, 0x40,
    0x37, 0x85, 0x0, 0x2c, 0x1c, 0x3, 0x94, 0x48,
    0x80, 0xc1, 0x40, 0x1e, 0x70, 0xa3, 0x11, 0x18,
    0x7, 0xa8, 0x16, 0xc1, 0x80, 0x3e, 0x31, 0x25,
    0xa, 0x0, 0xfc, 0xc0, 0x46, 0x40, 0x1f, 0xa8,
    0x1, 0x60, 0x1c,

    /* U+0057 "W" */
    0xbf, 0x80, 0xe, 0xdf, 0x90, 0xe, 0xbf, 0x8c,
    0x4, 0x0, 0xc4, 0x40, 0x70, 0xe, 0x50, 0xb5,
    0x3, 0x0, 0xca, 0x0, 0x12, 0x0, 0x8c, 0x40,
    0xc8, 0x41, 0x0, 0x2c, 0x6, 0x5, 0x0, 0x90,
    0x10, 0x0, 0x81, 0x80, 0x12, 0xd, 0x85, 0x80,
    0x58, 0x1a, 0x0, 0xf0, 0x40, 0x2, 0x2, 0x10,
    0x98, 0x80, 0x10, 0x10, 0x0, 0x80, 0x60, 0xd,
    0xf, 0x7, 0x4, 0x3, 0x1, 0x20, 0x0, 0x90,
    0x20, 0x20, 0x20, 0x60, 0x78, 0x20, 0x38, 0x6,
    0x40, 0xc2, 0x21, 0x88, 0x28, 0x28, 0x60, 0x60,
    0x6, 0xd0, 0x44, 0x2, 0x0, 0x48, 0x6, 0xa0,
    0x80, 0x19, 0x0, 0xf0, 0x2c, 0x2, 0xc0, 0xa1,
    0x21, 0x0, 0xe3, 0x4, 0x13, 0x0, 0x94, 0x1c,
    0x14, 0x3, 0xd6, 0x2, 0x80, 0x18, 0x88, 0x21,
    0x80, 0x1e, 0x40, 0x7, 0x80, 0x72, 0x0, 0x10,
    0x2,

    /* U+0058 "X" */
    0x4f, 0xf1, 0x0, 0x76, 0xfb, 0x82, 0x28, 0x48,
    0x6, 0x82, 0x37, 0x0, 0x58, 0xa2, 0x80, 0x9,
    0xc3, 0x80, 0x21, 0xb0, 0xb1, 0xe, 0x8, 0x20,
    0xc, 0xaa, 0x1b, 0x63, 0x27, 0x0, 0xf5, 0x8a,
    0xc8, 0x70, 0x7, 0xc3, 0x0, 0x6, 0x30, 0xf,
    0xda, 0x0, 0x40, 0xf, 0xca, 0x84, 0x65, 0x0,
    0x1e, 0x1b, 0x9, 0xe0, 0x73, 0x0, 0xeb, 0x15,
    0x42, 0x70, 0xf0, 0xc, 0x8a, 0x36, 0x0, 0x82,
    0x37, 0x0, 0xa8, 0x2c, 0x40, 0x29, 0x8, 0x20,
    0x91, 0x45, 0x0, 0xc8, 0xa1, 0xc0,

    /* U+0059 "Y" */
    0xbf, 0x90, 0xf, 0x77, 0xb4, 0x3, 0x10, 0x6,
    0x71, 0x26, 0x35, 0x8, 0x0, 0xd2, 0x12, 0x0,
    0xb0, 0x52, 0x0, 0x38, 0xa2, 0x0, 0x2, 0xe1,
    0x20, 0x30, 0x10, 0x1, 0xa0, 0x50, 0xe4, 0x14,
    0xc0, 0x3a, 0x43, 0xdc, 0x2c, 0x3, 0xce, 0x46,
    0xe, 0x20, 0x1f, 0x58, 0x2, 0x0, 0x3f, 0x10,
    0x8, 0x7, 0xff, 0xa4,

    /* U+005A "Z" */
    0x1f, 0xff, 0xe9, 0x2, 0x2f, 0x80, 0x2, 0x2d,
    0xdf, 0x50, 0xc, 0x0, 0x78, 0xa0, 0x28, 0x3,
    0xee, 0x7, 0x40, 0xf, 0x41, 0x94, 0x0, 0x78,
    0xdc, 0x38, 0x3, 0xee, 0x8, 0x30, 0xf, 0x49,
    0x1b, 0x80, 0x79, 0x18, 0x38, 0x3, 0xc3, 0x41,
    0x24, 0x1, 0xeb, 0x14, 0x60, 0xf, 0x1a, 0x82,
    0xee, 0xfa, 0x98, 0x0, 0x24, 0x5e, 0x60,

    /* U+005B "[" */
    0x7f, 0xfc, 0x20, 0x2, 0x55, 0x8, 0x1, 0x6a,
    0x80, 0x1f, 0xff, 0xf0, 0xf, 0x3f, 0xf8, 0x4d,
    0x57, 0x8,

    /* U+005C "\\" */
    0xaf, 0x60, 0xe, 0x90, 0xa0, 0xe, 0x32, 0x32,
    0x0, 0xea, 0xa, 0x0, 0xe6, 0x6, 0x0, 0xe1,
    0x41, 0x40, 0xe, 0xe0, 0xe0, 0xe, 0x51, 0x51,
    0x0, 0xe7, 0x6, 0x0, 0xea, 0xa, 0x0, 0xe3,
    0x22, 0x18, 0x7, 0x50, 0x50, 0x7, 0x30, 0x30,
    0x7, 0xa, 0x2, 0x80,

    /* U+005D "]" */
    0x8f, 0xfc, 0x3a, 0xaa, 0x0, 0x96, 0xa8, 0x20,
    0x1f, 0xff, 0xf0, 0xe, 0x8f, 0xf0, 0x80, 0x35,
    0x57, 0x8,

    /* U+005E "^" */
    0x0, 0xcb, 0xe8, 0x1, 0xfa, 0x42, 0x40, 0x3e,
    0x43, 0x52, 0x50, 0xf, 0x78, 0xd1, 0xc0, 0x7,
    0x1a, 0x48, 0x41, 0x30, 0x6, 0x90, 0x60, 0x43,
    0x80, 0x8, 0x95, 0x84, 0x1, 0x2, 0xe0, 0xb,
    0xb, 0x0, 0x90, 0xe4, 0x5, 0x94, 0x80, 0x34,
    0xc, 0x0,

    /* U+005F "_" */
    0x1, 0x1f, 0xc0, 0xe, 0xef, 0xd6, 0x17, 0x7f,
    0xa4,

    /* U+0060 "`" */
    0xd, 0xf9, 0x0, 0xb0, 0x99, 0x0, 0x3, 0xa9,
    0x44,

    /* U+0061 "a" */
    0x0, 0x25, 0x6f, 0xf6, 0x28, 0x5, 0xea, 0xa,
    0x47, 0x48, 0x0, 0x8c, 0xda, 0xc5, 0xf, 0x0,
    0x19, 0x80, 0x2e, 0x6, 0x0, 0xf0, 0x80, 0xc,
    0x0, 0xfb, 0xfe, 0xeb, 0x0, 0xaa, 0xe, 0x2e,
    0xd2, 0x0, 0x15, 0xd, 0x74, 0x41, 0x0, 0x4,
    0x0, 0x20, 0x17, 0x80, 0x48, 0x1f, 0x10, 0xd7,
    0x0, 0xa9, 0x8d, 0xd9, 0x70, 0xc0,

    /* U+0062 "b" */
    0x5f, 0xc0, 0xf, 0xfe, 0xfb, 0x9d, 0xff, 0xac,
    0xc0, 0x33, 0x62, 0x98, 0xa6, 0x18, 0x4, 0x4d,
    0xd9, 0xc8, 0x1e, 0x1, 0xa4, 0x2, 0x90, 0x31,
    0x0, 0x10, 0x6, 0x20, 0x2, 0x80, 0x4, 0x3,
    0x88, 0x4, 0x0, 0x20, 0x1c, 0x40, 0x20, 0x2,
    0x10, 0x8, 0x80, 0xa, 0x1, 0x40, 0x5, 0x20,
    0x62, 0x0, 0x36, 0xec, 0xf4, 0xf, 0x0, 0xa7,
    0x14, 0xc1, 0x30, 0xc0,

    /* U+0063 "c" */
    0x0, 0x2d, 0xf7, 0xec, 0x80, 0x26, 0x90, 0x8,
    0x88, 0x8, 0xc1, 0x5d, 0xbf, 0xe0, 0xe0, 0x65,
    0x0, 0x88, 0x1c, 0x30, 0x3, 0xc6, 0x2, 0x1,
    0xe3, 0x1, 0x0, 0xf3, 0x6, 0x0, 0x7b, 0x81,
    0x94, 0x2, 0x40, 0x55, 0x5, 0x76, 0xfd, 0x80,
    0x2a, 0x4c, 0x48, 0x90, 0x0,

    /* U+0064 "d" */
    0x0, 0xf9, 0x7f, 0x0, 0x3f, 0xfa, 0x91, 0xdf,
    0xae, 0x1, 0xb1, 0xc4, 0x82, 0x24, 0x0, 0xc6,
    0x19, 0xba, 0xc3, 0x0, 0x68, 0x31, 0x80, 0xd,
    0x80, 0xa, 0x18, 0x1, 0xbc, 0x3, 0x8, 0x6,
    0x30, 0xc, 0x20, 0x1f, 0x28, 0x68, 0x6, 0xd0,
    0x6, 0x83, 0x98, 0x0, 0xd8, 0x0, 0xc6, 0x19,
    0xba, 0xc5, 0x0, 0xb1, 0x84, 0x82, 0x6c, 0x0,

    /* U+0065 "e" */
    0x0, 0x2e, 0x7f, 0xb1, 0x0, 0x29, 0xa3, 0x44,
    0x1d, 0xb0, 0x23, 0xe, 0xdd, 0xc1, 0x23, 0xc0,
    0xc4, 0x0, 0x43, 0x4, 0x70, 0x39, 0x9c, 0x20,
    0x46, 0x8, 0xcd, 0x88, 0x0, 0x61, 0x5f, 0xfe,
    0x77, 0x6, 0x0, 0x7d, 0xc0, 0xca, 0x1, 0x90,
    0x11, 0xc2, 0xb6, 0xf7, 0xec, 0x1, 0x16, 0x86,
    0x86, 0x69, 0x0,

    /* U+0066 "f" */
    0x0, 0x9b, 0x7f, 0xa8, 0x0, 0xf2, 0x46, 0x46,
    0x0, 0xb0, 0x7c, 0xc4, 0x80, 0x4, 0x30, 0x2,
    0x5c, 0x20, 0xbf, 0xe0, 0x36, 0x0, 0x22, 0xb8,
    0x35, 0x10, 0x7d, 0x48, 0x7, 0xff, 0xd4,

    /* U+0067 "g" */
    0x0, 0x47, 0x7e, 0xb0, 0xfe, 0x6, 0x38, 0x90,
    0x4d, 0x0, 0x14, 0xc3, 0x37, 0x56, 0x80, 0xe,
    0x6, 0x30, 0x2, 0x38, 0x1, 0x83, 0x0, 0x36,
    0x80, 0xc, 0x4, 0x3, 0x8, 0x6, 0x10, 0xc,
    0x20, 0x5, 0xd, 0x0, 0xda, 0x0, 0xd0, 0x62,
    0x0, 0x13, 0x0, 0x18, 0xc7, 0x73, 0x74, 0x40,
    0x16, 0x30, 0x98, 0x44, 0x80, 0x69, 0xef, 0xd7,
    0x30, 0x70, 0xf, 0xbc, 0x4, 0x4c, 0x20, 0x12,
    0x30, 0x79, 0x4f, 0x73, 0x36, 0xc1, 0x14, 0x9c,
    0xc0, 0xc8, 0xe2, 0xc0,

    /* U+0068 "h" */
    0x5f, 0xc0, 0xf, 0xfe, 0xdb, 0x95, 0xff, 0x62,
    0x80, 0x4d, 0xaa, 0x60, 0x74, 0xc0, 0x2, 0x6e,
    0xce, 0x50, 0xa0, 0xa, 0x0, 0x29, 0x3, 0x0,
    0x10, 0x80, 0x42, 0x1, 0x84, 0x3, 0xff, 0xda,

    /* U+0069 "i" */
    0x4f, 0xa2, 0x7, 0x69, 0xf0, 0x62, 0x5f, 0xc0,
    0xf, 0xfe, 0x90,

    /* U+006A "j" */
    0x0, 0x93, 0xe8, 0x2, 0x30, 0x70, 0x9, 0xe7,
    0xc0, 0x33, 0x10, 0x4, 0xbf, 0x80, 0x1f, 0xff,
    0xfc, 0x6, 0x1d, 0xd3, 0x7, 0x9, 0x91, 0x25,
    0x0,

    /* U+006B "k" */
    0x5f, 0xc0, 0xf, 0xff, 0x19, 0xff, 0x94, 0x3,
    0xc5, 0xa1, 0x2a, 0x1, 0xc3, 0xe3, 0xc, 0x1,
    0xec, 0x27, 0x70, 0x7, 0x3d, 0x92, 0x40, 0x7,
    0x91, 0x0, 0xa2, 0x1, 0xf3, 0xa0, 0xd0, 0x7,
    0x8e, 0x28, 0x51, 0xc0, 0x3e, 0x1a, 0x8, 0x30,
    0xf, 0x91, 0xc3, 0x44, 0x3, 0xe8, 0x31, 0xa0,

    /* U+006C "l" */
    0x5f, 0xc0, 0xf, 0xfe, 0xf0,

    /* U+006D "m" */
    0x5f, 0x63, 0xbf, 0xf5, 0x90, 0x36, 0x7f, 0x48,
    0x80, 0x55, 0x88, 0x40, 0x99, 0x32, 0x22, 0xb,
    0x68, 0x4, 0x6d, 0xfb, 0xa0, 0x16, 0x9e, 0xdb,
    0x3, 0x30, 0x5, 0x0, 0x2, 0x50, 0x26, 0x0,
    0x21, 0x3, 0x0, 0x8, 0x40, 0x23, 0x7, 0x0,
    0xcc, 0x6, 0x0, 0x10, 0xf, 0x18, 0x7, 0xff,
    0xfc, 0x3, 0xff, 0x8a,

    /* U+006E "n" */
    0x5f, 0x62, 0xbe, 0xfc, 0x50, 0xa, 0xb5, 0x48,
    0x4e, 0x98, 0x0, 0x6b, 0xd9, 0xca, 0x14, 0x1,
    0x58, 0x5, 0x20, 0x60, 0x2, 0x10, 0x8, 0x40,
    0x30, 0x80, 0x7f, 0xfb, 0x40,

    /* U+006F "o" */
    0x0, 0x2e, 0x7f, 0xb1, 0xc0, 0x34, 0xd1, 0x91,
    0xe, 0x2c, 0x0, 0x8c, 0x17, 0xbb, 0xa, 0x38,
    0x70, 0x32, 0x0, 0xa, 0x2, 0x41, 0xc3, 0x0,
    0x32, 0x0, 0x88, 0xc0, 0x40, 0x31, 0x0, 0xc,
    0xc0, 0x20, 0x18, 0x80, 0x6, 0xe1, 0x80, 0x19,
    0x0, 0x45, 0x20, 0xc6, 0x0, 0x1b, 0x6, 0x3,
    0x70, 0xcc, 0x5f, 0x11, 0xc0, 0x2, 0x29, 0x9,
    0xa, 0x30, 0x0,

    /* U+0070 "p" */
    0x5f, 0x72, 0xbf, 0xf5, 0x98, 0x6, 0xbd, 0x52,
    0x4, 0xc3, 0x0, 0x8d, 0xbb, 0x7c, 0xc3, 0xc0,
    0x34, 0x80, 0x5e, 0x6, 0x40, 0x2, 0x0, 0xc6,
    0x0, 0x60, 0x0, 0x80, 0x71, 0x0, 0x80, 0x4,
    0x3, 0x88, 0x4, 0x0, 0x42, 0x1, 0x18, 0x1,
    0x40, 0x28, 0x0, 0xa0, 0xc, 0x40, 0x4, 0xdd,
    0x9c, 0x81, 0xe0, 0x13, 0x62, 0x98, 0xa6, 0x18,
    0x4, 0xe7, 0x7f, 0xeb, 0x30, 0xf, 0xff, 0x10,

    /* U+0071 "q" */
    0x0, 0x47, 0x7e, 0xb0, 0xfe, 0x6, 0x38, 0x98,
    0x4d, 0x0, 0x18, 0xc3, 0x31, 0xb8, 0x80, 0xd,
    0x6, 0x30, 0x1, 0xb0, 0x1, 0x43, 0x0, 0x37,
    0x80, 0x61, 0x0, 0xc4, 0x1, 0x84, 0x3, 0x8,
    0x1, 0x43, 0x40, 0x36, 0x80, 0x34, 0x1c, 0xc0,
    0x6, 0xe0, 0x6, 0x30, 0xcd, 0xd6, 0x18, 0x5,
    0x8c, 0x24, 0x13, 0x20, 0xd, 0x3d, 0xfa, 0xc0,
    0x1f, 0xfd, 0xf0,

    /* U+0072 "r" */
    0x5f, 0x61, 0x9e, 0xf1, 0x0, 0x76, 0xb0, 0x80,
    0x80, 0x1c, 0xaf, 0xfc, 0x1, 0xb5, 0x0, 0x38,
    0x8c, 0x3, 0xc2, 0x1, 0xff, 0xe1,

    /* U+0073 "s" */
    0x0, 0x36, 0x77, 0xec, 0x98, 0x4c, 0x89, 0x50,
    0x19, 0x80, 0xc1, 0x97, 0x6d, 0xd2, 0x80, 0x82,
    0x0, 0x44, 0x0, 0x80, 0x9d, 0x60, 0xc, 0xd6,
    0x85, 0x3e, 0xe0, 0x12, 0x5e, 0xb0, 0x43, 0x80,
    0x62, 0x99, 0x5, 0x82, 0x80, 0x79, 0xc2, 0xbf,
    0x2f, 0x24, 0x38, 0x20, 0xcc, 0x84, 0x98, 0xa0,

    /* U+0074 "t" */
    0x0, 0x1b, 0x80, 0x7a, 0x60, 0x3, 0xc8, 0x1,
    0xcb, 0xc2, 0x1f, 0xf0, 0x9a, 0x0, 0x15, 0x61,
    0x68, 0x0, 0x55, 0x40, 0x1f, 0xfd, 0xe2, 0x0,
    0x18, 0x7, 0x20, 0x66, 0x34, 0x80, 0x14, 0xa0,
    0x60, 0x60,

    /* U+0075 "u" */
    0x7f, 0xb0, 0xc, 0x7f, 0xc0, 0x1f, 0xfe, 0xd7,
    0x0, 0xce, 0x1, 0x8c, 0x0, 0x60, 0x62, 0x0,
    0x19, 0x0, 0x21, 0x7, 0xcc, 0xbc, 0xc0, 0x2c,
    0x63, 0x67, 0x76, 0x8, 0x0,

    /* U+0076 "v" */
    0xdf, 0x60, 0xe, 0xef, 0x5a, 0xa, 0x0, 0xc6,
    0x20, 0xac, 0x6, 0x20, 0x15, 0x3, 0x0, 0xa0,
    0x30, 0x4, 0xe1, 0x40, 0xe, 0xb, 0x0, 0x20,
    0x91, 0x80, 0x14, 0x4c, 0x43, 0x42, 0x80, 0x33,
    0x83, 0x3, 0x83, 0x0, 0x6a, 0xb, 0x41, 0x41,
    0x0, 0xc6, 0x47, 0xc1, 0xc0, 0x1e, 0xa0, 0x50,
    0x50, 0xf, 0x30, 0x1, 0x80, 0x30,

    /* U+0077 "w" */
    0xaf, 0x70, 0x8, 0xff, 0xca, 0x1, 0x2f, 0xe6,
    0x2, 0xc0, 0x2b, 0x0, 0x78, 0x5, 0x80, 0x8e,
    0x6, 0x1, 0x20, 0x9a, 0x0, 0x48, 0x16, 0x24,
    0x8, 0x2, 0x68, 0xa2, 0x60, 0x24, 0x6, 0x8,
    0x18, 0xe, 0x19, 0x80, 0xb0, 0x70, 0x40, 0x6,
    0x82, 0x6, 0x2, 0x20, 0x10, 0x30, 0x34, 0x0,
    0x80, 0x60, 0xa4, 0x41, 0x33, 0xa, 0x2, 0x0,
    0x48, 0xc, 0x8, 0x0, 0x40, 0x71, 0x22, 0x0,
    0x58, 0x14, 0x1a, 0x0, 0xb0, 0xa0, 0x40, 0xc,
    0x80, 0x60, 0x80, 0x3, 0x13, 0xc, 0x0, 0xc6,
    0x20, 0x80, 0x19, 0x0, 0xa, 0x0,

    /* U+0078 "x" */
    0x3f, 0xf1, 0x80, 0x4b, 0xfe, 0x13, 0x70, 0xe0,
    0x0, 0xd8, 0x48, 0x84, 0x11, 0x1c, 0x20, 0x51,
    0x80, 0x2f, 0x8, 0x76, 0x1a, 0x0, 0xc5, 0x1,
    0x1, 0x62, 0x1, 0xcc, 0x0, 0x15, 0x0, 0xf5,
    0x80, 0x5, 0xc0, 0x39, 0x54, 0x38, 0x10, 0x60,
    0x10, 0xd8, 0x59, 0xc0, 0x70, 0x5, 0x42, 0xaa,
    0x7, 0x32, 0x80, 0x64, 0x1b, 0x0, 0xb8, 0x1c,
    0xc0,

    /* U+0079 "y" */
    0xcf, 0x70, 0xe, 0xdf, 0x6a, 0xb, 0x0, 0xc6,
    0x40, 0xcc, 0x3, 0x20, 0xa, 0xc1, 0x40, 0xc,
    0x14, 0x1, 0x30, 0x70, 0x2, 0x81, 0x40, 0x6,
    0x22, 0x40, 0x1, 0x91, 0xc, 0x28, 0x18, 0x3,
    0x50, 0x50, 0x38, 0x50, 0x6, 0x60, 0x73, 0x13,
    0x20, 0xc, 0x2a, 0x32, 0x14, 0x1, 0xee, 0x5,
    0x7, 0x0, 0xf2, 0x8, 0x20, 0x80, 0x7c, 0x61,
    0xc0, 0x1f, 0x19, 0xa, 0x80, 0x7d, 0xe1, 0x20,
    0x1d, 0x19, 0xc6, 0x4e, 0x1, 0xc2, 0x60, 0xd8,
    0x1, 0xe0,

    /* U+007A "z" */
    0xf, 0xff, 0xa8, 0x19, 0x57, 0x0, 0x8, 0x26,
    0xaa, 0xf0, 0x19, 0x0, 0xc3, 0x61, 0x42, 0x1,
    0xa8, 0x59, 0x0, 0x33, 0x21, 0x48, 0x6, 0x29,
    0xe, 0x0, 0xee, 0x8, 0x30, 0xc, 0xe6, 0x67,
    0x0, 0xc5, 0x0, 0xa, 0xad, 0xc, 0x0, 0x35,
    0x5c, 0x80,

    /* U+007B "{" */
    0x0, 0xcf, 0xbe, 0x1, 0x54, 0x12, 0x0, 0x4a,
    0x19, 0x60, 0x1c, 0x60, 0x10, 0x80, 0x80, 0x7f,
    0xc6, 0x1, 0xc5, 0x0, 0x80, 0x8, 0xd5, 0x7a,
    0x0, 0x71, 0x2, 0x98, 0x1, 0xb6, 0xb, 0xc0,
    0x33, 0x1, 0x0, 0x7f, 0xf1, 0x84, 0x4, 0x3,
    0x84, 0x1c, 0x3, 0x40, 0x47, 0x80, 0x4d, 0x8e,
    0xa0,

    /* U+007C "|" */
    0x5f, 0x50, 0xf, 0xff, 0x68,

    /* U+007D "}" */
    0x4f, 0xc5, 0x0, 0xce, 0x66, 0xa4, 0x0, 0x8f,
    0x20, 0x38, 0x3, 0x90, 0x4, 0x3, 0xff, 0x96,
    0xe0, 0x1c, 0x62, 0x6c, 0x20, 0x1b, 0x16, 0x78,
    0xc0, 0x24, 0x40, 0x18, 0x80, 0x6, 0x47, 0x70,
    0x80, 0x4, 0x6, 0x40, 0x1e, 0x70, 0xf, 0xfe,
    0xb, 0x80, 0x78, 0xbc, 0x8, 0x2, 0x5d, 0x41,
    0xb0, 0x9, 0x99, 0x3e, 0x40, 0x10,

    /* U+007E "~" */
    0x4, 0xdf, 0xd8, 0x10, 0x1, 0xa8, 0x58, 0x21,
    0xbf, 0x65, 0xe1, 0x83, 0xed, 0xf5, 0x21, 0xa3,
    0x30,

    /* U+00A0 " " */

    /* U+00A1 "¡" */
    0x5f, 0xb0, 0xc0, 0x40, 0xd2, 0x60, 0x4d, 0x90,
    0xe, 0x1f, 0x80, 0x30, 0xe, 0x10, 0x10, 0x30,
    0x70, 0x10, 0x10, 0x70, 0xe, 0x30, 0x10, 0x10,
    0x30, 0xf0, 0x10,

    /* U+00A2 "¢" */
    0x0, 0xcb, 0xe4, 0x1, 0x86, 0x6c, 0x37, 0x18,
    0xb, 0xd8, 0x4c, 0x8f, 0x82, 0x44, 0xfb, 0x37,
    0xa4, 0x50, 0x3c, 0x40, 0x2, 0x22, 0x0, 0x18,
    0x7, 0x38, 0x8, 0x7, 0x9c, 0x3, 0xf1, 0x0,
    0x90, 0x7, 0x9, 0x87, 0x8, 0x0, 0x4c, 0x3c,
    0x4f, 0xb7, 0xb9, 0x40, 0x7e, 0xc2, 0x42, 0x7a,
    0x0, 0x19, 0xb0, 0xec, 0x40, 0xf, 0xe0,

    /* U+00A3 "£" */
    0x0, 0xcf, 0xbf, 0xd8, 0xe2, 0x1, 0x64, 0x11,
    0x9d, 0x0, 0x12, 0x18, 0x6e, 0x6f, 0xe0, 0x80,
    0x8, 0xc, 0x80, 0x23, 0x0, 0xe7, 0x0, 0xff,
    0xe2, 0xa7, 0xc8, 0x27, 0xfd, 0x40, 0x6, 0x62,
    0x0, 0xb3, 0x58, 0x0, 0x29, 0xd0, 0x59, 0x99,
    0x80, 0x3f, 0xf8, 0x7c, 0x4, 0x1, 0xf1, 0x30,
    0xc0, 0x7, 0x93, 0x44, 0x3f, 0xbb, 0xac, 0x40,
    0x2, 0x3f, 0x38,

    /* U+00A4 "¤" */
    0x15, 0x0, 0xe2, 0x40, 0x8a, 0x8c, 0xfd, 0x8c,
    0xa0, 0x92, 0x71, 0x76, 0x71, 0xa0, 0x8, 0xb2,
    0x2d, 0xc0, 0x22, 0x25, 0x88, 0x2, 0x3, 0x0,
    0x3f, 0xe2, 0x1b, 0x10, 0x3, 0x86, 0x0, 0x8,
    0x99, 0x17, 0x0, 0xe1, 0x26, 0xc2, 0xea, 0xe3,
    0xa1, 0x15, 0x39, 0xfd, 0x19, 0x40,

    /* U+00A5 "¥" */
    0x8f, 0xa0, 0xe, 0x4f, 0xd0, 0x81, 0x52, 0x0,
    0xd0, 0x10, 0x0, 0x80, 0x80, 0x8, 0xce, 0x50,
    0x3, 0x1a, 0x90, 0x2, 0x3, 0xc0, 0x34, 0x4,
    0x1, 0xa3, 0x18, 0x6, 0x44, 0x29, 0x40, 0x40,
    0x7, 0xf, 0x87, 0x23, 0x80, 0x71, 0x75, 0x81,
    0x83, 0xf4, 0x80, 0x45, 0x76, 0x70, 0x3b, 0xb8,
    0x3, 0x2a, 0xb8, 0x1d, 0x54, 0x40, 0x11, 0x77,
    0x24, 0x13, 0xb9, 0x20, 0x11, 0x5d, 0x9c, 0xe,
    0xee, 0x0, 0xc8, 0x8d, 0x7, 0x44, 0x10, 0x7,
    0xff, 0x8,

    /* U+00A6 "¦" */
    0x5f, 0x50, 0xf, 0xfe, 0x33, 0x20, 0x9d, 0xa0,
    0x7, 0xf1, 0xda, 0x32, 0x8, 0x7, 0xff, 0x18,

    /* U+00A7 "§" */
    0x5, 0xbe, 0xfe, 0xa4, 0x5a, 0x57, 0x65, 0x51,
    0x78, 0x54, 0xca, 0xfd, 0xb4, 0x20, 0x80, 0x33,
    0xa9, 0xed, 0xa0, 0x0, 0x50, 0x59, 0x6e, 0xc3,
    0x3, 0x93, 0xce, 0x96, 0x60, 0x1a, 0x5, 0xfc,
    0x3d, 0x0, 0x85, 0xd6, 0x4e, 0xf7, 0x6, 0x1,
    0xba, 0x44, 0x40, 0x20, 0x13, 0x64, 0x8c, 0x8,
    0x6, 0x40, 0x7c, 0xd9, 0x89, 0xc0, 0xab, 0x16,
    0x77, 0x2d, 0x30,

    /* U+00A8 "¨" */
    0x1, 0x0, 0x84, 0x7, 0xb4, 0xb, 0xb0, 0x44,
    0xc0, 0x62, 0xc0,

    /* U+00A9 "©" */
    0x0, 0xe6, 0xbe, 0xfd, 0x93, 0x0, 0xf8, 0xfa,
    0xf2, 0xb6, 0x43, 0x28, 0x3, 0x8f, 0x1b, 0x5d,
    0x9, 0x27, 0x9e, 0xc0, 0x36, 0xbc, 0x3, 0x77,
    0xfa, 0xc7, 0x16, 0x0, 0xc, 0x70, 0xf, 0x29,
    0x52, 0x60, 0x36, 0xe2, 0x1a, 0xa0, 0x8, 0x4a,
    0x56, 0x80, 0x2, 0x8a, 0x2, 0xe0, 0x20, 0x70,
    0x7, 0xc9, 0xa0, 0x2e, 0x2, 0x2, 0x1, 0xf1,
    0x90, 0x1, 0xc1, 0x80, 0x40, 0x3e, 0x33, 0x1,
    0x98, 0x8, 0x30, 0x3, 0xe7, 0xf0, 0x4a, 0x1,
    0x66, 0x84, 0x94, 0x0, 0x64, 0x81, 0x24, 0xc1,
    0x9, 0x3d, 0xbc, 0x0, 0xf5, 0x20, 0x1a, 0x95,
    0x1b, 0xec, 0xdb, 0xa, 0x2b, 0x0, 0x96, 0x6a,
    0x88, 0x6, 0x66, 0xd7, 0xc1, 0x0, 0xcd, 0xa1,
    0x5d, 0xfd, 0x75, 0xa4, 0x1, 0xe2, 0xae, 0xe6,
    0xfe, 0xb8, 0x6,

    /* U+00AA "ª" */
    0x8, 0xdf, 0xe7, 0x0, 0x64, 0xec, 0x40, 0xc0,
    0xe7, 0x64, 0x19, 0x22, 0x1f, 0xa0, 0x18, 0x45,
    0x60, 0x4, 0x5b, 0xce, 0x20,

    /* U+00AB "«" */
    0x0, 0xcc, 0x1, 0x30, 0x80, 0x6b, 0x97, 0x6,
    0x9a, 0x0, 0xa1, 0x10, 0xe9, 0x23, 0x40, 0x5,
    0x72, 0xa2, 0xa0, 0xd1, 0x1, 0xa0, 0xe1, 0xf1,
    0x83, 0x0, 0xa, 0x84, 0x84, 0x5, 0x8, 0x5,
    0x46, 0xae, 0xae, 0x54, 0x1, 0xb4, 0x61, 0x21,
    0x52, 0x0, 0x21, 0xd4, 0x70, 0xa4, 0xd0,

    /* U+00AC "¬" */
    0xa, 0xaf, 0xe4, 0x5, 0x5f, 0xe3, 0xf, 0xff,
    0xb0, 0x3, 0xff, 0xa8, 0x4e, 0x80,

    /* U+00AD "­" */
    0x3d, 0xdd, 0x2e, 0x45, 0xc0,

    /* U+00AE "®" */
    0x0, 0xe6, 0xbe, 0xfd, 0x93, 0x0, 0xf8, 0xfa,
    0xf2, 0xb6, 0x43, 0x28, 0x3, 0x8f, 0x1b, 0x5d,
    0x9, 0x27, 0x9e, 0xc0, 0x36, 0xbc, 0x3f, 0xfd,
    0xa6, 0x38, 0xb0, 0x0, 0x63, 0x80, 0xa, 0xec,
    0x1a, 0x3, 0x6e, 0x21, 0xaa, 0x1, 0x95, 0x20,
    0x4c, 0x14, 0x50, 0x17, 0x0, 0x3f, 0xe4, 0xd0,
    0x17, 0x0, 0xe1, 0x91, 0x30, 0x1, 0x90, 0x1,
    0xc0, 0x37, 0x70, 0xb4, 0x2, 0x33, 0x1, 0x98,
    0x3, 0x5b, 0x88, 0x6, 0x7f, 0x4, 0xa0, 0xc,
    0xb0, 0x5c, 0x0, 0x32, 0x40, 0x92, 0x60, 0xe,
    0xe2, 0x80, 0xf5, 0x20, 0x1a, 0x95, 0x55, 0x8,
    0x1d, 0xed, 0x15, 0x80, 0x4b, 0x35, 0x2, 0x20,
    0x12, 0x87, 0xc1, 0x0, 0xcd, 0xa1, 0x5d, 0xfd,
    0x75, 0xa4, 0x1, 0xe2, 0xae, 0xe6, 0xfe, 0xb8,
    0x6,

    /* U+00AF "¯" */
    0x8, 0x8f, 0xf0, 0xb, 0xbf, 0xf8, 0x40,

    /* U+00B0 "°" */
    0x0, 0xfd, 0x3f, 0xed, 0x30, 0x86, 0x8a, 0x6c,
    0x16, 0x63, 0xad, 0x3, 0x80, 0x61, 0x1, 0x47,
    0x42, 0x90, 0x4b, 0x2b, 0xd6, 0x93, 0x1c, 0xdc,
    0xe6, 0x0,

    /* U+00B1 "±" */
    0x0, 0xc5, 0xf0, 0x1, 0xff, 0xda, 0xff, 0xb4,
    0x1f, 0xfe, 0x70, 0x55, 0xc0, 0x4a, 0xb1, 0x85,
    0x55, 0x0, 0xb5, 0x52, 0x0, 0x7f, 0xf3, 0x8d,
    0x34, 0x3, 0xaa, 0xab, 0x1f, 0xaa, 0x90, 0x15,
    0x7f, 0x8c,

    /* U+00B2 "²" */
    0x0, 0xfd, 0x1d, 0xfc, 0xc0, 0x4b, 0x36, 0x52,
    0x44, 0xd7, 0x4b, 0x1, 0x0, 0x86, 0x8c, 0xc0,
    0x1, 0xc0, 0xd0, 0x1, 0x78, 0xe0, 0x81, 0xe0,
    0x5b, 0xb1, 0x58, 0x8a, 0x26, 0x4e,

    /* U+00B3 "³" */
    0x0, 0xf8, 0x67, 0xbf, 0x54, 0x9, 0x22, 0xc6,
    0x88, 0xf5, 0x92, 0x41, 0x80, 0x21, 0xe1, 0x40,
    0x3f, 0xe4, 0xb0, 0x1, 0xe5, 0xad, 0x20, 0x0,
    0xd2, 0xc3, 0x1e, 0x15, 0x54, 0x18, 0x49, 0x54,
    0x69, 0x40,

    /* U+00B4 "´" */
    0x0, 0x47, 0xf0, 0x81, 0xb9, 0x60, 0x8b, 0x4f,
    0x8, 0x0,

    /* U+00B5 "µ" */
    0x5f, 0xc0, 0xc, 0x5f, 0xe0, 0xf, 0xff, 0x68,
    0x80, 0x61, 0x0, 0xca, 0x1, 0x88, 0x80, 0x15,
    0x0, 0x76, 0xcc, 0xb4, 0x40, 0x31, 0xa3, 0x31,
    0xf0, 0xc0, 0x27, 0xbf, 0xf5, 0xe, 0x78, 0x1,
    0xc0, 0x3f, 0xfb, 0x20,

    /* U+00B6 "¶" */
    0x1, 0xae, 0xff, 0xf0, 0x8b, 0xd4, 0x40, 0x3,
    0x50, 0x0, 0x91, 0x0, 0xc6, 0xa8, 0x0, 0x40,
    0xf, 0xf1, 0x0, 0x7f, 0xf2, 0x48, 0x3, 0xfc,
    0x80, 0x1f, 0xe9, 0x0, 0xff, 0xe, 0xa8, 0x8c,
    0x1, 0xe2, 0xae, 0xe4, 0x80, 0x7f, 0xff, 0xc0,
    0x98, 0x4, 0x80,

    /* U+00B7 "·" */
    0x4d, 0x90, 0xd2, 0x60, 0xc0, 0x40,

    /* U+00B8 "¸" */
    0x4, 0xb0, 0xa, 0x15, 0x40, 0xd, 0x7a, 0x41,
    0xe, 0x1, 0xae, 0x85, 0x55, 0x67, 0x50, 0x0,

    /* U+00B9 "¹" */
    0x0, 0x91, 0x40, 0x3, 0x57, 0x40, 0x3e, 0x88,
    0x0, 0xc, 0x78, 0x80, 0x4c, 0x20, 0x1f, 0xfc,
    0xf0,

    /* U+00BA "º" */
    0x2, 0xbf, 0xd7, 0x0, 0x7b, 0xdd, 0xa1, 0x8c,
    0xbd, 0x19, 0x6d, 0x80, 0x80, 0x4, 0x46, 0x3,
    0x0, 0x9, 0x18, 0xc0, 0x9b, 0xa8, 0x6a, 0x76,
    0x24, 0x1, 0xf6, 0xfd, 0x0,

    /* U+00BB "»" */
    0x2, 0x40, 0x0, 0xb0, 0x7, 0x65, 0x98, 0x54,
    0xb8, 0x6, 0xd0, 0xd1, 0xa1, 0x85, 0x0, 0x8e,
    0x47, 0x7, 0x2, 0x8c, 0x2, 0x65, 0x29, 0x29,
    0xe, 0x0, 0x89, 0x42, 0x82, 0xc2, 0xc0, 0x3,
    0xe1, 0x47, 0x64, 0xcc, 0x0, 0x51, 0x42, 0xc2,
    0x22, 0x40, 0x2c, 0x67, 0xd, 0x4a, 0x0, 0x80,

    /* U+00BC "¼" */
    0x0, 0xc, 0x38, 0x7, 0xa1, 0x80, 0x31, 0xfb,
    0xc8, 0x7, 0x33, 0x90, 0x4, 0x58, 0xa6, 0x1,
    0xc3, 0x8, 0x80, 0x8, 0xaa, 0xc0, 0x3d, 0x3,
    0x20, 0x1c, 0xa0, 0x1e, 0x36, 0x72, 0x0, 0xff,
    0xe0, 0x78, 0xc0, 0x7, 0xff, 0x1, 0x4e, 0x0,
    0x11, 0x40, 0x1f, 0xd6, 0x6c, 0xe, 0xe5, 0x0,
    0xfd, 0x3, 0xe0, 0x52, 0x60, 0x1e, 0xce, 0x27,
    0x53, 0xe, 0x97, 0x0, 0xfd, 0x1, 0x61, 0x2,
    0xe0, 0x1f, 0x91, 0x60, 0x4d, 0xe4, 0x5c, 0x4,
    0x3, 0xa4, 0x9c, 0x28, 0x2f, 0x8c, 0x38, 0xc0,
    0x26, 0x29, 0x0, 0x5d, 0xe3, 0xb, 0x30, 0x0,
    0xc2, 0x20, 0x0, 0x48, 0x93, 0x82, 0x0,

    /* U+00BD "½" */
    0x0, 0x3f, 0xd8, 0x7, 0x47, 0x98, 0x4, 0x37,
    0x0, 0x1e, 0x27, 0x63, 0x0, 0x95, 0x58, 0x20,
    0x1d, 0x23, 0x0, 0x19, 0x38, 0xc4, 0x3, 0x22,
    0x20, 0x40, 0x3f, 0xf8, 0x12, 0x4c, 0x1, 0xff,
    0xc0, 0x72, 0xe0, 0xf, 0xfe, 0x0, 0xc2, 0x94,
    0xff, 0xb9, 0x0, 0x3e, 0xb0, 0xb2, 0x59, 0xa0,
    0xb0, 0xc, 0xfa, 0x8b, 0x2, 0x78, 0xca, 0xe0,
    0x20, 0x14, 0x34, 0x93, 0x80, 0x61, 0x74, 0x10,
    0xc, 0xe5, 0x20, 0x18, 0x74, 0xe8, 0x3, 0xc,
    0x22, 0x0, 0x21, 0xc1, 0xc1, 0x0, 0xd6, 0x12,
    0x1, 0x17, 0x87, 0x19, 0x0, 0x46, 0xae, 0x40,
    0x14, 0x9, 0x66, 0xe8, 0xc0, 0x2a, 0x80, 0xd,
    0x35, 0x5c, 0x40,

    /* U+00BE "¾" */
    0x0, 0xff, 0xe0, 0x8, 0x4, 0x33, 0xfe, 0xe8,
    0x0, 0xe5, 0xe6, 0x0, 0x8e, 0x6d, 0x1c, 0xc0,
    0x35, 0x9b, 0x0, 0x6, 0x99, 0x4c, 0x4, 0x2,
    0x81, 0xf0, 0xc, 0x7f, 0xcd, 0x44, 0x0, 0x27,
    0x63, 0x0, 0xc7, 0x96, 0xb4, 0x60, 0xe, 0x18,
    0x0, 0xf1, 0xa5, 0x85, 0x82, 0x9c, 0x9, 0xd2,
    0x82, 0xa8, 0x86, 0x43, 0x42, 0xcd, 0x83, 0x97,
    0x0, 0xeb, 0x79, 0xd9, 0x64, 0x7c, 0x25, 0x80,
    0x26, 0xfc, 0xc7, 0x49, 0x33, 0xc, 0xcd, 0xe0,
    0x1c, 0x66, 0x10, 0xe1, 0x80, 0xe9, 0x60, 0xf,
    0xcc, 0x70, 0x32, 0xe, 0x20, 0x1f, 0xc, 0x1b,
    0x3, 0x17, 0x60, 0x36, 0x80, 0x68, 0x1f, 0x0,
    0x5d, 0xd4, 0x9, 0xc0, 0x11, 0xb3, 0xc, 0x0,
    0x89, 0x38, 0x11, 0x80,

    /* U+00BF "¿" */
    0x0, 0xd9, 0xc6, 0x1, 0xc4, 0x63, 0x60, 0x1c,
    0x48, 0x56, 0x1, 0xeb, 0xd3, 0x0, 0xf2, 0x40,
    0x7, 0xde, 0xe0, 0x1e, 0x34, 0x20, 0xe, 0x4c,
    0x9, 0x0, 0xcb, 0x61, 0x48, 0x1, 0xd, 0x6,
    0x28, 0x6, 0x60, 0x63, 0x0, 0xef, 0x1, 0x0,
    0xf6, 0x83, 0x20, 0xa, 0x51, 0x29, 0x8d, 0xff,
    0x5a, 0xa8, 0x32, 0x54, 0xd1, 0xb1, 0xc0,

    /* U+00C0 "À" */
    0x0, 0x87, 0xbe, 0x0, 0x3f, 0xc3, 0xa0, 0xe4,
    0x1, 0xfe, 0x3c, 0xe, 0x0, 0xff, 0x8f, 0x10,
    0x80, 0x3f, 0xe3, 0x82, 0x0, 0xff, 0x67, 0xe8,
    0x7, 0xf8, 0x8c, 0x8, 0xc0, 0x3f, 0xa8, 0x14,
    0x28, 0x3, 0xf9, 0x82, 0xc1, 0x80, 0x3f, 0x28,
    0xa0, 0xa8, 0x30, 0x7, 0xdc, 0x1c, 0x1c, 0x14,
    0x1, 0xe1, 0x40, 0x50, 0x41, 0x32, 0x0, 0xe6,
    0x6, 0x0, 0x98, 0x28, 0x3, 0xa8, 0x1b, 0xfe,
    0x70, 0x60, 0xc, 0x84, 0x2, 0x3c, 0x2, 0xa0,
    0x17, 0x3, 0xf7, 0x73, 0x87, 0x0, 0x5, 0x42,
    0x80, 0x3a, 0x81, 0x4, 0x1c, 0x8, 0x80, 0x1c,
    0x46, 0xc, 0x14, 0x14, 0x1, 0xf5, 0x5, 0x0,

    /* U+00C1 "Á" */
    0x0, 0xfb, 0xbe, 0x0, 0x3f, 0xd0, 0x29, 0x0,
    0x1f, 0xc6, 0xe9, 0x60, 0x1f, 0xe6, 0x8b, 0x0,
    0xff, 0x95, 0xc0, 0x3f, 0xf8, 0x19, 0xfa, 0x1,
    0xfe, 0x23, 0x2, 0x30, 0xf, 0xea, 0x5, 0xa,
    0x0, 0xfe, 0x60, 0xb0, 0x60, 0xf, 0xca, 0x28,
    0x2a, 0xc, 0x1, 0xf7, 0x7, 0x7, 0x5, 0x0,
    0x78, 0x50, 0x14, 0x10, 0x4c, 0x80, 0x39, 0x81,
    0x80, 0x26, 0xa, 0x0, 0xea, 0x6, 0xff, 0x9c,
    0x18, 0x3, 0x21, 0x0, 0x8f, 0x0, 0xa8, 0x5,
    0xc0, 0xfd, 0xdc, 0xe1, 0xc0, 0x1, 0x50, 0xa0,
    0xe, 0xa0, 0x41, 0x7, 0x2, 0x20, 0x7, 0x11,
    0x83, 0x5, 0x5, 0x0, 0x7d, 0x41, 0x40,

    /* U+00C2 "Â" */
    0x0, 0xed, 0xfd, 0x0, 0xff, 0x49, 0x15, 0x20,
    0x1f, 0x99, 0xad, 0x66, 0x80, 0x3e, 0x1a, 0x90,
    0x9a, 0x10, 0xf, 0x9d, 0x40, 0x25, 0x70, 0xf,
    0xec, 0xfd, 0x0, 0xff, 0x11, 0x81, 0x18, 0x7,
    0xf5, 0x2, 0x85, 0x0, 0x7f, 0x30, 0x58, 0x30,
    0x7, 0xe5, 0x14, 0x15, 0x6, 0x0, 0xfb, 0x83,
    0x83, 0x82, 0x80, 0x3c, 0x28, 0xa, 0x8, 0x26,
    0x40, 0x1c, 0xc0, 0xc0, 0x13, 0x5, 0x0, 0x75,
    0x3, 0x7f, 0xce, 0xc, 0x1, 0x90, 0x80, 0x47,
    0x80, 0x54, 0x2, 0xe0, 0x7e, 0xee, 0x70, 0xe0,
    0x0, 0xa8, 0x50, 0x7, 0x50, 0x20, 0x83, 0x81,
    0x10, 0x3, 0x88, 0xc1, 0x82, 0x82, 0x80, 0x3e,
    0xa0, 0xa0,

    /* U+00C3 "Ã" */
    0x0, 0xcc, 0xe2, 0x0, 0x72, 0x0, 0xf4, 0xca,
    0x30, 0xcd, 0x0, 0x1f, 0x35, 0x68, 0x66, 0x10,
    0x80, 0x38, 0x5d, 0x4b, 0x66, 0x2c, 0x3, 0xc3,
    0x0, 0x13, 0x38, 0x7, 0xfb, 0x3f, 0x40, 0x3f,
    0xc4, 0x60, 0x46, 0x1, 0xfd, 0x40, 0xa1, 0x40,
    0x1f, 0xcc, 0x16, 0xc, 0x1, 0xf9, 0x45, 0x5,
    0x41, 0x80, 0x3e, 0xe0, 0xe0, 0xe0, 0xa0, 0xf,
    0xa, 0x2, 0x82, 0x9, 0x90, 0x7, 0x30, 0x30,
    0x4, 0xc1, 0x40, 0x1d, 0x40, 0xdf, 0xf3, 0x83,
    0x0, 0x64, 0x20, 0x11, 0xe0, 0x15, 0x0, 0xb8,
    0x1f, 0xbb, 0x9c, 0x38, 0x0, 0x2a, 0x14, 0x1,
    0xd4, 0x8, 0x20, 0xe0, 0x44, 0x0, 0xe2, 0x30,
    0x60, 0xa0, 0xa0, 0xf, 0xa8, 0x28, 0x0,

    /* U+00C4 "Ä" */
    0x0, 0xc4, 0x1, 0x10, 0x7, 0xe6, 0xd8, 0x7,
    0xd7, 0x0, 0xf8, 0x83, 0x80, 0x80, 0x80, 0x3e,
    0x4f, 0x60, 0x5f, 0x50, 0xf, 0xfe, 0x5e, 0x7e,
    0x80, 0x7f, 0x88, 0xc0, 0x8c, 0x3, 0xfa, 0x81,
    0x42, 0x80, 0x3f, 0x98, 0x2c, 0x18, 0x3, 0xf2,
    0x8a, 0xa, 0x83, 0x0, 0x7d, 0xc1, 0xc1, 0xc1,
    0x40, 0x1e, 0x14, 0x5, 0x4, 0x13, 0x20, 0xe,
    0x60, 0x60, 0x9, 0x82, 0x80, 0x3a, 0x81, 0xbf,
    0xe7, 0x6, 0x0, 0xc8, 0x40, 0x23, 0xc0, 0x2a,
    0x1, 0x70, 0x3f, 0x77, 0x38, 0x70, 0x0, 0x54,
    0x28, 0x3, 0xa8, 0x10, 0x41, 0xc0, 0x88, 0x1,
    0xc4, 0x60, 0xc1, 0x41, 0x40, 0x1f, 0x50, 0x50,
    0x0,

    /* U+00C5 "Å" */
    0x0, 0xc3, 0x5d, 0x42, 0x1, 0xfd, 0x2d, 0xad,
    0x0, 0x1f, 0xc7, 0x67, 0x6a, 0x1, 0xfc, 0x58,
    0x18, 0xa0, 0x1f, 0xd0, 0x9e, 0x96, 0x1, 0xfc,
    0x60, 0x10, 0x80, 0x7f, 0x50, 0x28, 0x50, 0x7,
    0xf3, 0x5, 0x83, 0x0, 0x7e, 0x51, 0x41, 0x50,
    0x60, 0xf, 0xb8, 0x38, 0x38, 0x28, 0x3, 0xc2,
    0x80, 0xa0, 0x82, 0x64, 0x1, 0xcc, 0xc, 0x1,
    0x30, 0x50, 0x7, 0x50, 0x37, 0xfc, 0xe0, 0xc0,
    0x19, 0x8, 0x4, 0x78, 0x5, 0x40, 0x2e, 0x7,
    0xee, 0xe7, 0xe, 0x0, 0xa, 0x85, 0x0, 0x75,
    0x2, 0x8, 0x38, 0x11, 0x0, 0x38, 0x8c, 0x18,
    0x28, 0x28, 0x3, 0xea, 0xa, 0x0,

    /* U+00C6 "Æ" */
    0x0, 0xfa, 0x7f, 0xff, 0xb4, 0x3, 0xc2, 0xc0,
    0x40, 0x1, 0x22, 0xcc, 0x1, 0xe9, 0x6, 0xd1,
    0xd, 0xde, 0xb0, 0xe, 0x17, 0xb, 0x0, 0xff,
    0xe1, 0x30, 0x29, 0x0, 0x7f, 0xf0, 0xa4, 0x20,
    0x3, 0xff, 0x84, 0xe2, 0xa4, 0x1, 0xb3, 0xff,
    0x38, 0x6, 0x90, 0x90, 0xe, 0x22, 0xe1, 0x0,
    0x98, 0x43, 0x3f, 0xe1, 0xe, 0xdd, 0xcc, 0x1,
    0x58, 0x8, 0xf0, 0x7, 0xf9, 0x48, 0x9d, 0xdc,
    0x20, 0x1f, 0xd0, 0x16, 0x1, 0xff, 0xc2, 0x42,
    0x16, 0x0, 0xfb, 0x77, 0xac, 0x20, 0x24, 0x3,
    0xf0, 0x91, 0x66,

    /* U+00C7 "Ç" */
    0x0, 0x8a, 0x77, 0xfd, 0xb4, 0xa0, 0x13, 0xeb,
    0x10, 0x88, 0x96, 0x40, 0xd, 0x0, 0xdd, 0xd7,
    0xd7, 0x80, 0xc8, 0x44, 0x88, 0x4, 0xa6, 0xe,
    0x2, 0xe0, 0x1f, 0xb0, 0x1c, 0x3, 0xf9, 0x83,
    0x80, 0x3f, 0xf9, 0x2c, 0x1c, 0x1, 0xfd, 0xa0,
    0xe0, 0x1f, 0xca, 0x2, 0xe0, 0x1f, 0x89, 0x82,
    0x20, 0x20, 0x11, 0x18, 0x2, 0x54, 0x1f, 0xba,
    0xfd, 0xb0, 0xa, 0xad, 0x44, 0x72, 0xd8, 0x6,
    0x4a, 0x81, 0xfe, 0xa3, 0x0, 0xf7, 0xe, 0x8,
    0x7, 0xe8, 0xb3, 0x60, 0xf, 0x8d, 0x34, 0x8,
    0x3, 0xeb, 0xb3, 0xb9, 0x40, 0x20,

    /* U+00C8 "È" */
    0x0, 0x4f, 0xf0, 0x7, 0xa4, 0xc5, 0xc0, 0x3d,
    0x87, 0x4, 0x1, 0xec, 0x87, 0x0, 0xf9, 0xd4,
    0x0, 0x3f, 0xff, 0x80, 0x22, 0x2e, 0x30, 0xb,
    0x37, 0x76, 0x0, 0x7f, 0xf4, 0xbb, 0xff, 0x48,
    0x4, 0x45, 0xdc, 0x1, 0x66, 0xee, 0x70, 0xf,
    0xfe, 0x96, 0x6e, 0xec, 0x0, 0x88, 0xb8, 0xc0,

    /* U+00C9 "É" */
    0x0, 0xe8, 0xfe, 0x10, 0xc, 0x4e, 0x18, 0x20,
    0x1b, 0x83, 0x8, 0x3, 0x12, 0x69, 0x80, 0x71,
    0x41, 0x0, 0x43, 0xff, 0xf8, 0x2, 0x22, 0xe3,
    0x0, 0xb3, 0x77, 0x60, 0x7, 0xff, 0x4b, 0xbf,
    0xf4, 0x80, 0x44, 0x5d, 0xc0, 0x16, 0x6e, 0xe7,
    0x0, 0xff, 0xe9, 0x66, 0xee, 0xc0, 0x8, 0x8b,
    0x8c,

    /* U+00CA "Ê" */
    0x0, 0x9b, 0xfc, 0xc0, 0x18, 0xa4, 0x45, 0x24,
    0x1, 0x78, 0xe6, 0x7, 0xc4, 0xe, 0xbc, 0x89,
    0xf4, 0xa0, 0x6e, 0x20, 0x1, 0x74, 0x1f, 0xff,
    0xc0, 0x11, 0x17, 0x18, 0x5, 0x9b, 0xbb, 0x0,
    0x3f, 0xfa, 0x5d, 0xff, 0xa4, 0x2, 0x22, 0xee,
    0x0, 0xb3, 0x77, 0x38, 0x7, 0xff, 0x4b, 0x37,
    0x76, 0x0, 0x44, 0x5c, 0x60,

    /* U+00CB "Ë" */
    0x0, 0x84, 0x0, 0x22, 0x0, 0xb7, 0x84, 0x3f,
    0x80, 0x26, 0x11, 0x1, 0x10, 0x2, 0xbe, 0x0,
    0x66, 0x80, 0x7f, 0x87, 0xff, 0xf0, 0x4, 0x45,
    0xc6, 0x1, 0x66, 0xee, 0xc0, 0xf, 0xfe, 0x97,
    0x7f, 0xe9, 0x0, 0x88, 0xbb, 0x80, 0x2c, 0xdd,
    0xce, 0x1, 0xff, 0xd2, 0xcd, 0xdd, 0x80, 0x11,
    0x17, 0x18,

    /* U+00CC "Ì" */
    0x2f, 0xf2, 0x80, 0x45, 0x41, 0x60, 0x19, 0x64,
    0x64, 0x3, 0x35, 0xf0, 0x7, 0x23, 0x80, 0xf,
    0xff, 0x90, 0xe0, 0x80, 0xa1, 0x41, 0xd4, 0x1d,
    0xc2, 0x1, 0xff, 0xf4, 0x65, 0x7, 0x70, 0x9c,
    0x90, 0x14, 0x28,

    /* U+00CD "Í" */
    0x0, 0x87, 0xfc, 0xe0, 0x15, 0x83, 0x38, 0x1,
    0x56, 0x90, 0x8, 0xe6, 0x80, 0x33, 0x30, 0x2,
    0x3f, 0xfe, 0x43, 0x82, 0x2, 0x85, 0x7, 0x50,
    0x77, 0x8, 0x7, 0xff, 0xd1, 0x94, 0x1d, 0xc2,
    0x72, 0x40, 0x50, 0xa0,

    /* U+00CE "Î" */
    0x0, 0xb7, 0xf4, 0x3, 0xa4, 0x8a, 0x90, 0x9,
    0x9a, 0xd6, 0x68, 0x0, 0x35, 0x21, 0x34, 0x20,
    0x7, 0x50, 0x9, 0x5c, 0x0, 0x7f, 0xfc, 0x80,
    0x3, 0x82, 0x2, 0x85, 0x0, 0x9d, 0x41, 0xdc,
    0x20, 0x1f, 0xff, 0xf0, 0xf, 0xe6, 0x50, 0x77,
    0x8, 0x0, 0xe4, 0x80, 0xa1, 0x40,

    /* U+00CF "Ï" */
    0x2, 0x0, 0x88, 0x17, 0x60, 0x1f, 0x5c, 0x43,
    0x80, 0x80, 0x93, 0xd8, 0x17, 0xd4, 0x3, 0xe3,
    0xff, 0xe4, 0x38, 0x20, 0x28, 0x50, 0x75, 0x7,
    0x70, 0x80, 0x7f, 0xfd, 0x19, 0x41, 0xdc, 0x27,
    0x24, 0x5, 0xa,

    /* U+00D0 "Ð" */
    0x0, 0x7f, 0xf7, 0x5b, 0x8, 0x7, 0xc4, 0x50,
    0xa4, 0xfa, 0x0, 0x7b, 0xf7, 0x5f, 0x86, 0x36,
    0x40, 0x1f, 0xc7, 0x86, 0x12, 0x1, 0xff, 0x78,
    0x20, 0x80, 0x7f, 0x8c, 0x0, 0xaf, 0xe0, 0xd,
    0xff, 0x38, 0x4, 0x40, 0x42, 0x40, 0x2, 0x2c,
    0x1, 0x18, 0x1, 0xb4, 0x1, 0xfb, 0xa5, 0x0,
    0x84, 0x8, 0x3, 0xfc, 0xa0, 0x5, 0x0, 0xfe,
    0x18, 0x5, 0x10, 0xf, 0xcb, 0x84, 0x30, 0x1,
    0xdf, 0xbd, 0xf4, 0x44, 0xc2, 0x0, 0xe2, 0x20,
    0x89, 0x6b, 0x48, 0x0,

    /* U+00D1 "Ñ" */
    0x0, 0xc9, 0x4, 0x0, 0x54, 0x0, 0xe5, 0xb7,
    0xd5, 0x1b, 0x10, 0xe, 0x97, 0xe5, 0xae, 0x5,
    0x0, 0xe4, 0x91, 0xaa, 0x47, 0x80, 0x7a, 0x4,
    0x0, 0xae, 0x20, 0x10, 0xff, 0xb0, 0x3, 0xcd,
    0xf4, 0x1, 0x1b, 0x80, 0x7f, 0xf0, 0x20, 0x40,
    0x3f, 0x91, 0x1, 0x40, 0x1f, 0xcf, 0x40, 0x8a,
    0x1, 0xf8, 0x45, 0x21, 0x60, 0x1f, 0xe6, 0x31,
    0x90, 0xf, 0xf7, 0x3, 0x18, 0x18, 0x7, 0xc4,
    0xe1, 0xe0, 0x1f, 0xe8, 0x23, 0x70, 0xf, 0xf7,
    0x4, 0x18, 0x7, 0xf1, 0xb0, 0x40, 0x7, 0xfa,
    0x44, 0x40, 0x1f, 0xf5, 0x80, 0x40,

    /* U+00D2 "Ò" */
    0x0, 0xd3, 0xfa, 0x1, 0xff, 0x4b, 0x14, 0x80,
    0x7f, 0xd3, 0xc, 0xa0, 0x1f, 0xf3, 0xfa, 0x80,
    0x7f, 0xf2, 0x92, 0xb7, 0xfb, 0x60, 0x80, 0x3a,
    0xad, 0x48, 0x40, 0x9f, 0x54, 0x2, 0x85, 0x9,
    0xfe, 0xe9, 0x42, 0x8c, 0x9, 0xc2, 0x58, 0x2,
    0x1a, 0x40, 0xf0, 0x50, 0x26, 0x0, 0xf4, 0x1,
    0x96, 0x82, 0x0, 0x7c, 0x62, 0xe, 0xc0, 0x20,
    0x1f, 0x8c, 0x8, 0x3, 0xff, 0x84, 0xc0, 0x20,
    0x1f, 0x8c, 0xb, 0x41, 0xc0, 0x3e, 0x31, 0x7,
    0x50, 0x16, 0x0, 0xf4, 0x1, 0x91, 0x1c, 0x25,
    0x80, 0x21, 0xa4, 0xf, 0x0, 0x42, 0x84, 0xff,
    0x74, 0xa1, 0x46, 0x1, 0x55, 0xa9, 0x8, 0x13,
    0xea, 0x80, 0x0,

    /* U+00D3 "Ó" */
    0x0, 0xfa, 0xbf, 0x0, 0x3f, 0xca, 0xa3, 0xc0,
    0xf, 0xe2, 0xa5, 0xc0, 0xf, 0xf1, 0x7d, 0x0,
    0x7f, 0xf2, 0xd2, 0xb7, 0xfb, 0x60, 0x80, 0x3a,
    0xad, 0x48, 0x40, 0x9f, 0x54, 0x2, 0x85, 0x9,
    0xfe, 0xe9, 0x42, 0x8c, 0x9, 0xc2, 0x58, 0x2,
    0x1a, 0x40, 0xf0, 0x50, 0x26, 0x0, 0xf4, 0x1,
    0x96, 0x82, 0x0, 0x7c, 0x62, 0xe, 0xc0, 0x20,
    0x1f, 0x8c, 0x8, 0x3, 0xff, 0x84, 0xc0, 0x20,
    0x1f, 0x8c, 0xb, 0x41, 0xc0, 0x3e, 0x31, 0x7,
    0x50, 0x16, 0x0, 0xf4, 0x1, 0x91, 0x1c, 0x25,
    0x80, 0x21, 0xa4, 0xf, 0x0, 0x42, 0x84, 0xff,
    0x74, 0xa1, 0x46, 0x1, 0x55, 0xa9, 0x8, 0x13,
    0xea, 0x80, 0x0,

    /* U+00D4 "Ô" */
    0x0, 0xea, 0xff, 0x20, 0x7, 0xf3, 0xaa, 0x8a,
    0xcc, 0x3, 0xe6, 0x88, 0x56, 0x26, 0x90, 0x7,
    0x9b, 0xdc, 0x6, 0xf8, 0x80, 0x3f, 0xf9, 0x9,
    0x5b, 0xfd, 0xb0, 0x40, 0x1d, 0x56, 0xa4, 0x20,
    0x4f, 0xaa, 0x1, 0x42, 0x84, 0xff, 0x74, 0xa1,
    0x46, 0x4, 0xe1, 0x2c, 0x1, 0xd, 0x20, 0x78,
    0x28, 0x13, 0x0, 0x7a, 0x0, 0xcb, 0x41, 0x0,
    0x3e, 0x31, 0x7, 0x60, 0x10, 0xf, 0xc6, 0x4,
    0x1, 0xff, 0xc2, 0x60, 0x10, 0xf, 0xc6, 0x5,
    0xa0, 0xe0, 0x1f, 0x18, 0x83, 0xa8, 0xb, 0x0,
    0x7a, 0x0, 0xc8, 0x8e, 0x12, 0xc0, 0x10, 0xd2,
    0x7, 0x80, 0x21, 0x42, 0x7f, 0xba, 0x50, 0xa3,
    0x0, 0xaa, 0xd4, 0x84, 0x9, 0xf5, 0x40, 0x0,

    /* U+00D5 "Õ" */
    0x0, 0xc9, 0x8, 0x0, 0x55, 0x0, 0x79, 0xad,
    0xef, 0x6a, 0x86, 0x1, 0xea, 0x7e, 0x91, 0x56,
    0x60, 0x7, 0xb2, 0x5, 0xb3, 0xe4, 0x3, 0xff,
    0x92, 0x95, 0xbf, 0xdb, 0x4, 0x1, 0xd5, 0x6a,
    0x42, 0x4, 0xfa, 0xa0, 0x14, 0x28, 0x4f, 0xf7,
    0x4a, 0x14, 0x60, 0x4e, 0x12, 0xc0, 0x10, 0xd2,
    0x7, 0x82, 0x81, 0x30, 0x7, 0xa0, 0xc, 0xb4,
    0x10, 0x3, 0xe3, 0x10, 0x76, 0x1, 0x0, 0xfc,
    0x60, 0x40, 0x1f, 0xfc, 0x26, 0x1, 0x0, 0xfc,
    0x60, 0x5a, 0xe, 0x1, 0xf1, 0x88, 0x3a, 0x80,
    0xb0, 0x7, 0xa0, 0xc, 0x88, 0xe1, 0x2c, 0x1,
    0xd, 0x20, 0x78, 0x2, 0x14, 0x27, 0xfb, 0xa5,
    0xa, 0x30, 0xa, 0xad, 0x48, 0x40, 0x9f, 0x54,
    0x0,

    /* U+00D6 "Ö" */
    0x0, 0xc2, 0x1, 0x8, 0x7, 0xe1, 0xed, 0x2,
    0xec, 0x0, 0xf8, 0x44, 0xc0, 0x62, 0xc0, 0x1f,
    0xba, 0xc0, 0x7a, 0x80, 0x3f, 0xf9, 0x29, 0x5b,
    0xfd, 0xb0, 0x40, 0x1d, 0x56, 0xa4, 0x20, 0x4f,
    0xaa, 0x1, 0x42, 0x84, 0xff, 0x74, 0xa1, 0x46,
    0x4, 0xe1, 0x2c, 0x1, 0xd, 0x20, 0x78, 0x28,
    0x13, 0x0, 0x7a, 0x0, 0xcb, 0x41, 0x0, 0x3e,
    0x31, 0x7, 0x60, 0x10, 0xf, 0xc6, 0x4, 0x1,
    0xff, 0xc2, 0x60, 0x10, 0xf, 0xc6, 0x5, 0xa0,
    0xe0, 0x1f, 0x18, 0x83, 0xa8, 0xb, 0x0, 0x7a,
    0x0, 0xc8, 0x8e, 0x12, 0xc0, 0x10, 0xd2, 0x7,
    0x80, 0x21, 0x42, 0x7f, 0xba, 0x50, 0xa3, 0x0,
    0xaa, 0xd4, 0x84, 0x9, 0xf5, 0x40, 0x0,

    /* U+00D7 "×" */
    0x3, 0x0, 0xe2, 0x10, 0x7c, 0x60, 0x8, 0xb3,
    0x0, 0xc5, 0x2c, 0x5, 0x83, 0x20, 0x38, 0x53,
    0x18, 0x36, 0x80, 0x1, 0xc2, 0x71, 0xa4, 0x0,
    0xc6, 0x60, 0x1, 0x80, 0x62, 0xc1, 0x92, 0x96,
    0x0, 0x16, 0xd, 0x36, 0x14, 0xb0, 0x38, 0xd2,
    0x80, 0xe1, 0xd0, 0x2e, 0xa8, 0x4, 0x3b, 0x80,

    /* U+00D8 "Ø" */
    0x0, 0xff, 0x8c, 0x3, 0x92, 0xb7, 0xfb, 0x1d,
    0xd8, 0xa0, 0x15, 0x5a, 0x90, 0x81, 0xc4, 0x9,
    0x40, 0x12, 0xa1, 0x3f, 0xdc, 0xd0, 0x1, 0x18,
    0x13, 0x4, 0xb0, 0x5, 0x40, 0x21, 0xe0, 0xa0,
    0x4c, 0x1, 0x23, 0xae, 0x81, 0x96, 0x82, 0x0,
    0x43, 0x45, 0x46, 0x0, 0x76, 0x1, 0x0, 0xb4,
    0x7c, 0x0, 0x40, 0x40, 0x1d, 0x7, 0x24, 0x1,
    0xcc, 0x4, 0x8, 0xea, 0xc0, 0x11, 0x81, 0x68,
    0x20, 0xd1, 0x50, 0x4, 0x62, 0xe, 0xa0, 0x3e,
    0x3c, 0x1, 0xa0, 0xc, 0x88, 0xe0, 0x28, 0x60,
    0x1, 0xa4, 0xf, 0x0, 0x58, 0x1, 0x3f, 0xba,
    0x50, 0xa3, 0x0, 0x78, 0xd2, 0x90, 0x81, 0x3e,
    0xa8, 0x5, 0x9a, 0xb5, 0xbf, 0xdb, 0x4, 0x1,
    0x0,

    /* U+00D9 "Ù" */
    0x0, 0x8f, 0xfc, 0x80, 0x1f, 0x8e, 0xc2, 0x84,
    0x3, 0xf2, 0x60, 0x50, 0x7, 0xf1, 0xf5, 0x80,
    0x7f, 0xf1, 0xf, 0xfc, 0x1, 0xe2, 0xff, 0x0,
    0x7f, 0xff, 0xc0, 0x3f, 0xf9, 0x22, 0x1, 0xf9,
    0x80, 0x48, 0x0, 0xa0, 0x1d, 0xa0, 0xa0, 0xc1,
    0x68, 0x1, 0x33, 0x3, 0x82, 0x4c, 0x6f, 0xfb,
    0xe4, 0x1d, 0x40, 0x19, 0x6, 0x2, 0x25, 0xb8,
    0x0,

    /* U+00DA "Ú" */
    0x0, 0xf2, 0x7f, 0x90, 0x3, 0xe1, 0xa0, 0xb4,
    0x0, 0xfa, 0x8f, 0x10, 0x3, 0xf5, 0xe9, 0x80,
    0x7f, 0xf1, 0xf, 0xfc, 0x1, 0xe2, 0xff, 0x0,
    0x7f, 0xff, 0xc0, 0x3f, 0xf9, 0x22, 0x1, 0xf9,
    0x80, 0x48, 0x0, 0xa0, 0x1d, 0xa0, 0xa0, 0xc1,
    0x68, 0x1, 0x33, 0x3, 0x82, 0x4c, 0x6f, 0xfb,
    0xe4, 0x1d, 0x40, 0x19, 0x6, 0x2, 0x25, 0xb8,
    0x0,

    /* U+00DB "Û" */
    0x0, 0xc5, 0xfe, 0xc0, 0xf, 0x87, 0xc5, 0x8e,
    0x80, 0x38, 0x70, 0x72, 0x69, 0x24, 0x3, 0xe,
    0xe1, 0x2, 0xf4, 0x80, 0x7f, 0xf0, 0x8f, 0xfc,
    0x1, 0xe2, 0xff, 0x0, 0x7f, 0xff, 0xc0, 0x3f,
    0xf9, 0x22, 0x1, 0xf9, 0x80, 0x48, 0x0, 0xa0,
    0x1d, 0xa0, 0xa0, 0xc1, 0x68, 0x1, 0x33, 0x3,
    0x82, 0x4c, 0x6f, 0xfb, 0xe4, 0x1d, 0x40, 0x19,
    0x6, 0x2, 0x25, 0xb8, 0x0,

    /* U+00DC "Ü" */
    0x0, 0xc4, 0x1, 0x10, 0x7, 0xa3, 0x58, 0x27,
    0x50, 0x3, 0xb8, 0x8, 0x38, 0x1c, 0x3, 0x9b,
    0xd0, 0x1f, 0xcc, 0x3, 0xff, 0x84, 0x7f, 0xe0,
    0xf, 0x17, 0xf8, 0x3, 0xff, 0xfe, 0x1, 0xff,
    0xc9, 0x10, 0xf, 0xcc, 0x2, 0x40, 0x5, 0x0,
    0xed, 0x5, 0x6, 0xb, 0x40, 0x9, 0x98, 0x1c,
    0x12, 0x63, 0x7f, 0xdf, 0x20, 0xea, 0x0, 0xc8,
    0x30, 0x11, 0x2d, 0xc0, 0x0,

    /* U+00DD "Ý" */
    0x0, 0xf5, 0x7e, 0x80, 0x7e, 0x35, 0x1f, 0x0,
    0xfd, 0xc3, 0x84, 0x1, 0xf1, 0x2e, 0x10, 0x7,
    0xe2, 0x82, 0x0, 0xeb, 0xf9, 0x0, 0xf7, 0x7b,
    0x40, 0x31, 0x0, 0x67, 0x12, 0x63, 0x50, 0x80,
    0xd, 0x21, 0x20, 0xb, 0x5, 0x20, 0x3, 0x8a,
    0x20, 0x0, 0x2e, 0x12, 0x3, 0x1, 0x0, 0x1a,
    0x5, 0xe, 0x41, 0x4c, 0x3, 0xa4, 0x3d, 0xc2,
    0xc0, 0x3c, 0xe4, 0x60, 0xe2, 0x1, 0xf5, 0x80,
    0x20, 0x3, 0xf1, 0x0, 0x80, 0x7f, 0xfa, 0x40,

    /* U+00DE "Þ" */
    0x1f, 0xf0, 0x80, 0x7f, 0xf2, 0x73, 0x2a, 0x71,
    0x0, 0xe2, 0x33, 0x2c, 0x79, 0x80, 0x6e, 0xfe,
    0xb2, 0x1e, 0x0, 0xf0, 0xa7, 0x1, 0x10, 0x3,
    0xe3, 0x0, 0x8, 0x7, 0xc4, 0x0, 0x20, 0xf,
    0xf, 0x1, 0x88, 0x5, 0xb9, 0xdc, 0x31, 0xe0,
    0xc, 0x66, 0x2, 0x7f, 0x20, 0xd, 0xdf, 0xdb,
    0x2, 0x1, 0xff, 0xcc,

    /* U+00DF "ß" */
    0x0, 0x36, 0x77, 0xf5, 0x20, 0x6, 0xa9, 0x33,
    0x81, 0x6d, 0x80, 0x4, 0xa1, 0x7b, 0x9c, 0xe1,
    0x60, 0x7, 0x3, 0x40, 0xb, 0x40, 0x3f, 0xc5,
    0x1, 0x0, 0x1f, 0x1e, 0x14, 0xa8, 0x7, 0xdc,
    0x34, 0xc0, 0x1f, 0xed, 0x0, 0xfe, 0x80, 0x7b,
    0x10, 0xf, 0x97, 0x9, 0x3c, 0xc0, 0x3e, 0x3d,
    0x51, 0xe0, 0xf, 0xea, 0x2, 0x20, 0x6, 0x20,
    0x8, 0x80, 0x6, 0x1, 0xa3, 0xae, 0xb0, 0xc,
    0x40, 0x37, 0x12, 0x29, 0xbe, 0x80,

    /* U+00E0 "à" */
    0x0, 0xaf, 0xf0, 0x3, 0xeb, 0x53, 0x80, 0xf,
    0xaa, 0x19, 0x0, 0x3e, 0x7e, 0x40, 0xc, 0x95,
    0xbf, 0xd8, 0xa0, 0x17, 0xa8, 0x29, 0x1d, 0x20,
    0x2, 0x33, 0x6b, 0x14, 0x3c, 0x0, 0x66, 0x0,
    0xb8, 0x18, 0x3, 0xc2, 0x0, 0x30, 0x3, 0xef,
    0xfb, 0xac, 0x2, 0xa8, 0x38, 0xbb, 0x48, 0x0,
    0x54, 0x35, 0xd1, 0x4, 0x0, 0x10, 0x0, 0x80,
    0x5e, 0x1, 0x20, 0x7c, 0x43, 0x5c, 0x2, 0xa6,
    0x37, 0x65, 0xc3, 0x0,

    /* U+00E1 "á" */
    0x0, 0xf6, 0x7d, 0x80, 0x7a, 0xd, 0x6c, 0x3,
    0x91, 0xa2, 0x80, 0x3c, 0x9c, 0xe0, 0x1c, 0x95,
    0xbf, 0xd8, 0xa0, 0x17, 0xa8, 0x29, 0x1d, 0x20,
    0x2, 0x33, 0x6b, 0x14, 0x3c, 0x0, 0x66, 0x0,
    0xb8, 0x18, 0x3, 0xc2, 0x0, 0x30, 0x3, 0xef,
    0xfb, 0xac, 0x2, 0xa8, 0x38, 0xbb, 0x48, 0x0,
    0x54, 0x35, 0xd1, 0x4, 0x0, 0x10, 0x0, 0x80,
    0x5e, 0x1, 0x20, 0x7c, 0x43, 0x5c, 0x2, 0xa6,
    0x37, 0x65, 0xc3, 0x0,

    /* U+00E2 "â" */
    0x0, 0xd7, 0xfe, 0x30, 0xe, 0x94, 0x61, 0xd2,
    0x0, 0xa1, 0x2e, 0x7d, 0x7c, 0x40, 0x11, 0xa8,
    0x3, 0x7a, 0x20, 0x4, 0xad, 0xfe, 0xc5, 0x0,
    0xbd, 0x41, 0x48, 0xe9, 0x0, 0x11, 0x9b, 0x58,
    0xa1, 0xe0, 0x3, 0x30, 0x5, 0xc0, 0xc0, 0x1e,
    0x10, 0x1, 0x80, 0x1f, 0x7f, 0xdd, 0x60, 0x15,
    0x41, 0xc5, 0xda, 0x40, 0x2, 0xa1, 0xae, 0x88,
    0x20, 0x0, 0x80, 0x4, 0x2, 0xf0, 0x9, 0x3,
    0xe2, 0x1a, 0xe0, 0x15, 0x31, 0xbb, 0x2e, 0x18,
    0x0,

    /* U+00E3 "ã" */
    0x0, 0xe, 0x7c, 0x80, 0x2d, 0xc0, 0x16, 0x4a,
    0xdb, 0x48, 0xa0, 0x4, 0xaa, 0x60, 0xa4, 0x10,
    0x3, 0x90, 0xf, 0x39, 0xc0, 0x24, 0xad, 0xfe,
    0xc5, 0x0, 0xbd, 0x41, 0x48, 0xe9, 0x0, 0x11,
    0x9b, 0x58, 0xa1, 0xe0, 0x3, 0x30, 0x5, 0xc0,
    0xc0, 0x1e, 0x10, 0x1, 0x80, 0x1f, 0x7f, 0xdd,
    0x60, 0x15, 0x41, 0xc5, 0xda, 0x40, 0x2, 0xa1,
    0xae, 0x88, 0x20, 0x0, 0x80, 0x4, 0x2, 0xf0,
    0x9, 0x3, 0xe2, 0x1a, 0xe0, 0x15, 0x31, 0xbb,
    0x2e, 0x18, 0x0,

    /* U+00E4 "ä" */
    0x0, 0xf, 0x48, 0x17, 0x40, 0x4, 0x62, 0x40,
    0x22, 0x20, 0x8, 0xba, 0xc0, 0xfa, 0x80, 0x24,
    0xbd, 0xfe, 0xd5, 0x0, 0xbd, 0x41, 0x48, 0xe9,
    0x0, 0x11, 0x9b, 0x58, 0xa1, 0xe0, 0x3, 0x30,
    0x5, 0xc0, 0xc0, 0x1e, 0x10, 0x1, 0x80, 0x1f,
    0x7f, 0xdd, 0x60, 0x15, 0x41, 0xc5, 0xda, 0x40,
    0x2, 0xa1, 0xae, 0x88, 0x20, 0x0, 0x80, 0x4,
    0x2, 0xf0, 0x9, 0x3, 0xe2, 0x1a, 0xe0, 0x15,
    0x31, 0xbb, 0x2e, 0x18, 0x0,

    /* U+00E5 "å" */
    0x0, 0xd1, 0xd8, 0x40, 0x1c, 0xad, 0xad, 0xc0,
    0x1d, 0xa8, 0x7c, 0x60, 0x1d, 0xce, 0x6, 0x40,
    0x1c, 0xcc, 0xf8, 0x90, 0xf, 0x5f, 0x7a, 0x0,
    0x64, 0xad, 0xee, 0x62, 0x80, 0x5e, 0xa0, 0xa4,
    0x74, 0x80, 0x8, 0xcd, 0xac, 0x50, 0xf0, 0x1,
    0x98, 0x2, 0xe0, 0x60, 0xf, 0x8, 0x0, 0xc0,
    0xf, 0xbf, 0xee, 0xb0, 0xa, 0xa0, 0xe2, 0xed,
    0x20, 0x1, 0x50, 0xd7, 0x44, 0x10, 0x0, 0x40,
    0x2, 0x1, 0x78, 0x4, 0x81, 0xf1, 0xd, 0x70,
    0xa, 0x98, 0xdd, 0x97, 0xc, 0x0,

    /* U+00E6 "æ" */
    0x0, 0x2d, 0x77, 0xf5, 0x8, 0xa7, 0xbf, 0x58,
    0x3, 0x5a, 0x9a, 0x2, 0xe6, 0x18, 0xd0, 0xa6,
    0x0, 0x2d, 0xed, 0xbe, 0x32, 0x24, 0x6d, 0xe8,
    0x39, 0x0, 0xc, 0x40, 0x2b, 0x1, 0x70, 0x1,
    0x28, 0x28, 0x4, 0x6c, 0xf1, 0x80, 0x8, 0x8c,
    0xc1, 0xc0, 0x7b, 0x93, 0xe, 0x80, 0x2e, 0xf8,
    0xc0, 0xc3, 0x89, 0x37, 0xfd, 0x0, 0x7f, 0xfe,
    0xa1, 0x20, 0x92, 0x0, 0x70, 0x18, 0x7, 0xc2,
    0x0, 0x60, 0x1, 0xb0, 0x2, 0x40, 0x31, 0x80,
    0x14, 0x2f, 0x37, 0xb, 0x45, 0xbb, 0x31, 0xd8,
    0x21, 0x4c, 0x26, 0xf, 0xa5, 0xec, 0x67, 0x14,
    0x8,

    /* U+00E7 "ç" */
    0x0, 0x2d, 0xf7, 0xec, 0x80, 0x26, 0x90, 0x8,
    0x88, 0x8, 0xc1, 0x5d, 0xbf, 0xe0, 0xe0, 0x65,
    0x0, 0x88, 0x1c, 0x30, 0x3, 0xc6, 0x2, 0x1,
    0xe3, 0x1, 0x0, 0xf3, 0x6, 0x0, 0x7b, 0x81,
    0x94, 0x2, 0x40, 0x55, 0x5, 0x76, 0xfd, 0x80,
    0x2a, 0x4c, 0x48, 0x90, 0x1, 0x36, 0x86, 0x6b,
    0x80, 0x64, 0x1d, 0x40, 0xe, 0x5e, 0x1f, 0x0,
    0xc2, 0x8c, 0x4, 0x1, 0x96, 0xe1, 0x60, 0x0,

    /* U+00E8 "è" */
    0x0, 0x57, 0xe8, 0x7, 0xd4, 0xa5, 0x0, 0x1f,
    0x54, 0x3a, 0x0, 0x7c, 0xfe, 0x80, 0x1c, 0xb9,
    0xfe, 0xc4, 0x0, 0xa6, 0x8d, 0x10, 0x76, 0xc0,
    0x8c, 0x3b, 0x77, 0x4, 0x8f, 0x3, 0x10, 0x1,
    0xc, 0x11, 0xc0, 0xe6, 0x70, 0x81, 0x18, 0x23,
    0x36, 0x20, 0x1, 0x85, 0x7f, 0xf9, 0xdc, 0x18,
    0x1, 0xf7, 0x3, 0x28, 0x6, 0x40, 0x47, 0xa,
    0xdb, 0xdf, 0xb0, 0x4, 0x5a, 0x1a, 0x19, 0xa4,
    0x0,

    /* U+00E9 "é" */
    0x0, 0xeb, 0xfb, 0x0, 0xf3, 0xa2, 0x2c, 0x3,
    0x8e, 0x5e, 0xc0, 0x3c, 0x7d, 0x0, 0x1e, 0x5c,
    0xff, 0x62, 0x0, 0x53, 0x46, 0x88, 0x3b, 0x60,
    0x46, 0x1d, 0xbb, 0x82, 0x47, 0x81, 0x88, 0x0,
    0x86, 0x8, 0xe0, 0x73, 0x38, 0x40, 0x8c, 0x11,
    0x9b, 0x10, 0x0, 0xc2, 0xbf, 0xfc, 0xee, 0xc,
    0x0, 0xfb, 0x81, 0x94, 0x3, 0x20, 0x23, 0x85,
    0x6d, 0xef, 0xd8, 0x2, 0x2d, 0xd, 0xc, 0xd2,
    0x0,

    /* U+00EA "ê" */
    0x0, 0xab, 0xfc, 0x60, 0x1d, 0xa, 0xc3, 0xa4,
    0x1, 0x3b, 0x54, 0xfa, 0x79, 0x0, 0x1f, 0x94,
    0x6, 0xb4, 0x80, 0x25, 0xcf, 0xf6, 0x20, 0x5,
    0x34, 0x68, 0x83, 0xb6, 0x4, 0x61, 0xdb, 0xb8,
    0x24, 0x78, 0x18, 0x80, 0x8, 0x60, 0x8e, 0x7,
    0x33, 0x84, 0x8, 0xc1, 0x19, 0xb1, 0x0, 0xc,
    0x2b, 0xff, 0xce, 0xe0, 0xc0, 0xf, 0xb8, 0x19,
    0x40, 0x32, 0x2, 0x38, 0x56, 0xde, 0xfd, 0x80,
    0x22, 0xd0, 0xd0, 0xcd, 0x20,

    /* U+00EB "ë" */
    0x1, 0xea, 0x2, 0xe9, 0x0, 0xc2, 0xc0, 0x22,
    0x20, 0x8, 0x7b, 0x0, 0xfa, 0xc0, 0x32, 0x67,
    0xfb, 0x50, 0x2, 0x9a, 0x34, 0x41, 0xdb, 0x2,
    0x30, 0xed, 0xdc, 0x12, 0x3c, 0xc, 0x40, 0x4,
    0x30, 0x47, 0x3, 0x99, 0xc2, 0x4, 0x60, 0x8c,
    0xd8, 0x80, 0x6, 0x15, 0xff, 0xe7, 0x70, 0x60,
    0x7, 0xdc, 0xc, 0xa0, 0x19, 0x1, 0x1c, 0x2b,
    0x6f, 0x7e, 0xc0, 0x11, 0x68, 0x68, 0x66, 0x90,

    /* U+00EC "ì" */
    0xb, 0xfc, 0x0, 0xad, 0x8e, 0x0, 0x29, 0x92,
    0x18, 0x4, 0xd8, 0x60, 0x5, 0xfc, 0x0, 0xff,
    0xf8, 0x80,

    /* U+00ED "í" */
    0x0, 0x6f, 0xd0, 0x49, 0x3d, 0x22, 0xd4, 0x2,
    0x62, 0x80, 0x17, 0xf0, 0x3, 0xff, 0xd0,

    /* U+00EE "î" */
    0x0, 0x67, 0xf8, 0xc0, 0x2b, 0x37, 0x2d, 0x20,
    0x87, 0xc8, 0xc7, 0x91, 0x8c, 0x30, 0x19, 0xb1,
    0x0, 0x2f, 0xe0, 0x7, 0xff, 0xfc, 0x3, 0xf0,

    /* U+00EF "ï" */
    0x2e, 0x90, 0x3f, 0x71, 0x11, 0x3, 0x87, 0x1f,
    0x58, 0x26, 0xc8, 0xa, 0xfe, 0x10, 0x7, 0xff,
    0xec,

    /* U+00F0 "ð" */
    0x0, 0x8c, 0x3, 0x8, 0x6, 0x2c, 0xd4, 0x5e,
    0xa0, 0xc, 0x52, 0x77, 0x4b, 0x20, 0x18, 0x7c,
    0x40, 0x4, 0x40, 0xc, 0xcc, 0x7e, 0x26, 0x60,
    0x6, 0x7e, 0x81, 0xf0, 0x81, 0x0, 0x8a, 0x6a,
    0x5d, 0x85, 0x80, 0xf, 0xae, 0xad, 0x4e, 0x16,
    0x9, 0x1, 0x3d, 0xca, 0x0, 0x18, 0x78, 0x3b,
    0x8, 0x96, 0x80, 0x2, 0xa1, 0x80, 0x19, 0x0,
    0x6, 0x1, 0xf0, 0x80, 0xc, 0x80, 0xc0, 0x32,
    0x80, 0x8a, 0x82, 0x48, 0x0, 0x30, 0xc, 0xc,
    0xa3, 0xb9, 0x8e, 0x33, 0x40, 0x2, 0xa4, 0xce,
    0x28, 0xc0, 0x0,

    /* U+00F1 "ñ" */
    0x0, 0x37, 0x6a, 0x1, 0xf8, 0x0, 0x65, 0x42,
    0xeb, 0x90, 0x0, 0x85, 0x7a, 0xea, 0x32, 0x0,
    0x5d, 0x0, 0x47, 0xe1, 0x2, 0xfb, 0x15, 0xf7,
    0xe2, 0x80, 0x55, 0xaa, 0x42, 0x74, 0xc0, 0x3,
    0x5e, 0xce, 0x50, 0xa0, 0xa, 0xc0, 0x29, 0x3,
    0x0, 0x10, 0x80, 0x42, 0x1, 0x84, 0x3, 0xff,
    0xda,

    /* U+00F2 "ò" */
    0x0, 0x2f, 0xf8, 0xc0, 0x3e, 0x5a, 0xe, 0x0,
    0xfc, 0xb8, 0x14, 0x1, 0xf8, 0xf6, 0x80, 0x3c,
    0xb9, 0xfe, 0xc7, 0x0, 0xd3, 0x46, 0x44, 0x38,
    0xb0, 0x2, 0x30, 0x5e, 0xec, 0x28, 0xe1, 0xc0,
    0xc8, 0x0, 0x28, 0x9, 0x7, 0xc, 0x0, 0xc8,
    0x2, 0x23, 0x1, 0x0, 0xc4, 0x0, 0x33, 0x0,
    0x80, 0x62, 0x0, 0x1b, 0x86, 0x0, 0x64, 0x1,
    0x14, 0x83, 0x18, 0x0, 0x6c, 0x18, 0xd, 0xc3,
    0x31, 0x7c, 0x47, 0x0, 0x8, 0xa4, 0x24, 0x28,
    0xc0, 0x0,

    /* U+00F3 "ó" */
    0x0, 0xe6, 0xfe, 0x20, 0xf, 0x14, 0x8e, 0x10,
    0x7, 0xb8, 0xfc, 0x80, 0x3e, 0xcc, 0x8, 0x7,
    0x97, 0x3f, 0xd8, 0xe0, 0x1a, 0x68, 0xc8, 0x87,
    0x16, 0x0, 0x46, 0xb, 0xdd, 0x85, 0x1c, 0x38,
    0x19, 0x0, 0x5, 0x1, 0x20, 0xe1, 0x80, 0x19,
    0x0, 0x44, 0x60, 0x20, 0x18, 0x80, 0x6, 0x60,
    0x10, 0xc, 0x40, 0x3, 0x70, 0xc0, 0xc, 0x80,
    0x22, 0x90, 0x63, 0x0, 0xd, 0x83, 0x1, 0xb8,
    0x66, 0x2f, 0x88, 0xe0, 0x1, 0x14, 0x84, 0x85,
    0x18, 0x0,

    /* U+00F4 "ô" */
    0x0, 0x97, 0xfd, 0x20, 0x1e, 0x3a, 0x35, 0x66,
    0x0, 0x63, 0xd6, 0xca, 0x88, 0x30, 0x4, 0x7d,
    0x20, 0x7, 0xe6, 0x0, 0xcb, 0x9f, 0xec, 0x70,
    0xd, 0x34, 0x64, 0x43, 0x8b, 0x0, 0x23, 0x5,
    0xee, 0xc2, 0x8e, 0x1c, 0xc, 0x80, 0x2, 0x80,
    0x90, 0x70, 0xc0, 0xc, 0x80, 0x22, 0x30, 0x10,
    0xc, 0x40, 0x3, 0x30, 0x8, 0x6, 0x20, 0x1,
    0xb8, 0x60, 0x6, 0x40, 0x11, 0x48, 0x31, 0x80,
    0x6, 0xc1, 0x80, 0xdc, 0x33, 0x17, 0xc4, 0x70,
    0x0, 0x8a, 0x42, 0x42, 0x8c, 0x0, 0x0,

    /* U+00F5 "õ" */
    0x0, 0x4f, 0xeb, 0xc, 0x68, 0x4, 0xac, 0xa1,
    0x3c, 0xf6, 0x1, 0xaa, 0x9b, 0x6f, 0x4c, 0x1,
    0x2a, 0x80, 0x9, 0xa, 0x1, 0xcb, 0x9f, 0xec,
    0x70, 0xd, 0x34, 0x64, 0x43, 0x8b, 0x0, 0x23,
    0x5, 0xee, 0xc2, 0x8e, 0x1c, 0xc, 0x80, 0x2,
    0x80, 0x90, 0x70, 0xc0, 0xc, 0x80, 0x22, 0x30,
    0x10, 0xc, 0x40, 0x3, 0x30, 0x8, 0x6, 0x20,
    0x1, 0xb8, 0x60, 0x6, 0x40, 0x11, 0x48, 0x31,
    0x80, 0x6, 0xc1, 0x80, 0xdc, 0x33, 0x17, 0xc4,
    0x70, 0x0, 0x8a, 0x42, 0x42, 0x8c, 0x0, 0x0,

    /* U+00F6 "ö" */
    0x0, 0x57, 0x8, 0x5e, 0x80, 0x73, 0x9, 0x83,
    0x10, 0x80, 0x6c, 0xe2, 0xd, 0xe1, 0x0, 0xcb,
    0xbf, 0xec, 0x60, 0xd, 0x34, 0x64, 0x43, 0x8b,
    0x0, 0x23, 0x5, 0xee, 0xc2, 0x8e, 0x1c, 0xc,
    0x80, 0x2, 0x80, 0x90, 0x70, 0xc0, 0xc, 0x80,
    0x22, 0x30, 0x10, 0xc, 0x40, 0x3, 0x30, 0x8,
    0x6, 0x20, 0x1, 0xb8, 0x60, 0x6, 0x40, 0x11,
    0x48, 0x31, 0x80, 0x6, 0xc1, 0x80, 0xdc, 0x33,
    0x17, 0xc4, 0x70, 0x0, 0x8a, 0x42, 0x42, 0x8c,
    0x0, 0x0,

    /* U+00F7 "÷" */
    0x0, 0xc3, 0x8, 0x1, 0xf9, 0x9e, 0x40, 0x3f,
    0x20, 0x20, 0x7, 0xe3, 0xf9, 0x0, 0xea, 0xaf,
    0xe4, 0x5, 0x5f, 0xe3, 0xf, 0xff, 0xe7, 0x0,
    0xc3, 0x8, 0x1, 0xf9, 0x9e, 0x40, 0x3f, 0x20,
    0x20, 0x6,

    /* U+00F8 "ø" */
    0x0, 0xfc, 0x40, 0x19, 0x73, 0xfd, 0x91, 0xac,
    0x0, 0x9a, 0x31, 0x23, 0x70, 0x70, 0x56, 0xb,
    0xed, 0x50, 0x3, 0x87, 0x3, 0xa0, 0x2a, 0x88,
    0x2c, 0x14, 0x34, 0xa, 0x8f, 0xc0, 0x84, 0x0,
    0xc1, 0xc1, 0xc4, 0x0, 0x33, 0x3, 0xc1, 0xd1,
    0x10, 0x0, 0x6e, 0x10, 0xea, 0xa0, 0x40, 0x11,
    0x70, 0x18, 0xd0, 0x14, 0x3, 0x2, 0x18, 0xe,
    0xec, 0x27, 0x0, 0x66, 0x54, 0x22, 0xa3, 0x0,
    0x7, 0x95, 0x7f, 0xed, 0x70, 0x8,

    /* U+00F9 "ù" */
    0x0, 0x1f, 0xf9, 0x40, 0x3c, 0x7a, 0x34, 0x40,
    0x1e, 0x2f, 0x59, 0x0, 0xf8, 0x6a, 0xc0, 0x27,
    0xfb, 0x0, 0xc7, 0xfc, 0x1, 0xff, 0xed, 0x70,
    0xc, 0xe0, 0x18, 0xc0, 0x6, 0x6, 0x20, 0x1,
    0x90, 0x2, 0x10, 0x7c, 0xcb, 0xcc, 0x2, 0xc6,
    0x36, 0x77, 0x60, 0x80,

    /* U+00FA "ú" */
    0x0, 0xe4, 0xff, 0x20, 0x7, 0xd, 0xe, 0x20,
    0x7, 0x5a, 0xf9, 0x80, 0x7a, 0xac, 0x40, 0x27,
    0xfb, 0x0, 0xc7, 0xfc, 0x1, 0xff, 0xed, 0x70,
    0xc, 0xe0, 0x18, 0xc0, 0x6, 0x6, 0x20, 0x1,
    0x90, 0x2, 0x10, 0x7c, 0xcb, 0xcc, 0x2, 0xc6,
    0x36, 0x77, 0x60, 0x80,

    /* U+00FB "û" */
    0x0, 0x93, 0xfd, 0x60, 0x1c, 0x76, 0x4e, 0x94,
    0x1, 0xf, 0xb6, 0xc5, 0xb3, 0x80, 0x7, 0x24,
    0x0, 0x98, 0xe0, 0xff, 0x60, 0x18, 0xff, 0x80,
    0x3f, 0xfd, 0xae, 0x1, 0x9c, 0x3, 0x18, 0x0,
    0xc0, 0xc4, 0x0, 0x32, 0x0, 0x42, 0xf, 0x99,
    0x79, 0x80, 0x58, 0xc6, 0xce, 0xec, 0x10,

    /* U+00FC "ü" */
    0x0, 0x47, 0x98, 0x4f, 0x10, 0x4, 0x20, 0xe0,
    0x42, 0x20, 0xa, 0x75, 0x2, 0xf8, 0xc1, 0xfe,
    0xc8, 0x2, 0x2f, 0xe0, 0xf, 0xff, 0x6b, 0x80,
    0x67, 0x0, 0xc6, 0x0, 0x30, 0x31, 0x0, 0xc,
    0x80, 0x10, 0x83, 0xe6, 0x5e, 0x60, 0x16, 0x31,
    0xb3, 0xbb, 0x4, 0x0,

    /* U+00FD "ý" */
    0x0, 0xe4, 0xff, 0x20, 0x7, 0x86, 0x87, 0x10,
    0x3, 0xd0, 0xbe, 0x60, 0x1f, 0x4d, 0x88, 0x6,
    0xcf, 0x70, 0xe, 0xdf, 0x6a, 0xb, 0x0, 0xc6,
    0x40, 0xcc, 0x3, 0x20, 0xa, 0xc1, 0x40, 0xc,
    0x14, 0x1, 0x30, 0x70, 0x2, 0x81, 0x40, 0x6,
    0x22, 0x40, 0x1, 0x91, 0xc, 0x28, 0x18, 0x3,
    0x50, 0x50, 0x38, 0x50, 0x6, 0x60, 0x73, 0x13,
    0x20, 0xc, 0x2a, 0x32, 0x14, 0x1, 0xee, 0x5,
    0x7, 0x0, 0xf2, 0x8, 0x20, 0x80, 0x7c, 0x61,
    0xc0, 0x1f, 0x19, 0xa, 0x80, 0x7d, 0xe1, 0x20,
    0x1d, 0x19, 0xc6, 0x4e, 0x1, 0xc2, 0x60, 0xd8,
    0x1, 0xe0,

    /* U+00FE "þ" */
    0x5f, 0xc0, 0xf, 0xff, 0x1, 0x5f, 0xfa, 0xcc,
    0x3, 0xe, 0x29, 0x82, 0x61, 0x80, 0x44, 0xfd,
    0x9e, 0x81, 0xe0, 0x1a, 0x40, 0x29, 0x3, 0x10,
    0x1, 0x0, 0x62, 0x0, 0x28, 0x0, 0x40, 0x38,
    0x80, 0x40, 0x2, 0x1, 0xc4, 0x2, 0x0, 0x21,
    0x0, 0x88, 0x0, 0xa0, 0x14, 0x0, 0x52, 0x6,
    0x20, 0x2, 0x6e, 0xcf, 0x40, 0xf0, 0x9, 0xb1,
    0x4c, 0x13, 0xc, 0x2, 0x73, 0xbf, 0xf5, 0x98,
    0x7, 0xff, 0x88,

    /* U+00FF "ÿ" */
    0x0, 0x47, 0x98, 0x4f, 0x10, 0x6, 0x10, 0x70,
    0x21, 0x10, 0x6, 0x9d, 0x40, 0xbe, 0x30, 0x6,
    0x7b, 0x90, 0x4, 0x3b, 0xed, 0x41, 0x60, 0x18,
    0xc8, 0x19, 0x80, 0x64, 0x1, 0x58, 0x28, 0x1,
    0x82, 0x80, 0x26, 0xe, 0x0, 0x50, 0x28, 0x0,
    0xc4, 0x48, 0x0, 0x32, 0x21, 0x85, 0x3, 0x0,
    0x6a, 0xa, 0x7, 0xa, 0x0, 0xcc, 0xe, 0x62,
    0x64, 0x1, 0x85, 0x46, 0x42, 0x80, 0x3d, 0xc0,
    0xa0, 0xe0, 0x1e, 0x41, 0x4, 0x10, 0xf, 0x8c,
    0x38, 0x3, 0xe3, 0x21, 0x50, 0xf, 0xbc, 0x24,
    0x3, 0xa3, 0x38, 0xc9, 0xc0, 0x38, 0x4c, 0x1b,
    0x0, 0x3c,

    /* U+0100 "Ā" */
    0x0, 0xa7, 0xff, 0xa4, 0x3, 0xec, 0x66, 0xec,
    0x0, 0xf9, 0x66, 0x79, 0x40, 0x3f, 0xb3, 0xf4,
    0x3, 0xfc, 0x46, 0x4, 0x60, 0x1f, 0xd4, 0xa,
    0x14, 0x1, 0xfc, 0xc1, 0x60, 0xc0, 0x1f, 0x94,
    0x50, 0x54, 0x18, 0x3, 0xee, 0xe, 0xe, 0xa,
    0x0, 0xf0, 0xa0, 0x28, 0x20, 0x99, 0x0, 0x73,
    0x3, 0x0, 0x4c, 0x14, 0x1, 0xd4, 0xd, 0xff,
    0x38, 0x30, 0x6, 0x42, 0x1, 0x1e, 0x1, 0x50,
    0xb, 0x81, 0xfb, 0xb9, 0xc3, 0x80, 0x2, 0xa1,
    0x40, 0x1d, 0x40, 0x82, 0xe, 0x4, 0x40, 0xe,
    0x23, 0x6, 0xa, 0xa, 0x0, 0xfa, 0x82, 0x80,

    /* U+0101 "ā" */
    0x0, 0x1c, 0xcf, 0x38, 0x4, 0xcd, 0xeb, 0x0,
    0x97, 0xff, 0xb0, 0x2, 0x4a, 0xdf, 0xec, 0x50,
    0xb, 0xd4, 0x14, 0x8e, 0x90, 0x1, 0x19, 0xb5,
    0x8a, 0x1e, 0x0, 0x33, 0x0, 0x5c, 0xc, 0x1,
    0xe1, 0x0, 0x18, 0x1, 0xf7, 0xfd, 0xd6, 0x1,
    0x54, 0x1c, 0x5d, 0xa4, 0x0, 0x2a, 0x1a, 0xe8,
    0x82, 0x0, 0x8, 0x0, 0x40, 0x2f, 0x0, 0x90,
    0x3e, 0x21, 0xae, 0x1, 0x53, 0x1b, 0xb2, 0xe1,
    0x80,

    /* U+0102 "Ă" */
    0x0, 0x95, 0x0, 0x23, 0x60, 0xf, 0xb6, 0x48,
    0xb, 0xf0, 0x3, 0xe9, 0x3d, 0xfd, 0x28, 0x0,
    0xf8, 0x7e, 0x1a, 0x3c, 0x80, 0x3f, 0xb, 0xcb,
    0x88, 0x7, 0xfb, 0x3f, 0x40, 0x3f, 0xc4, 0x60,
    0x46, 0x1, 0xfd, 0x40, 0xa1, 0x40, 0x1f, 0xcc,
    0x16, 0xc, 0x1, 0xf9, 0x45, 0x5, 0x41, 0x80,
    0x3e, 0xe0, 0xe0, 0xe0, 0xa0, 0xf, 0xa, 0x2,
    0x82, 0x9, 0x90, 0x7, 0x30, 0x30, 0x4, 0xc1,
    0x40, 0x1d, 0x40, 0xdf, 0xf3, 0x83, 0x0, 0x64,
    0x20, 0x11, 0xe0, 0x15, 0x0, 0xb8, 0x1f, 0xbb,
    0x9c, 0x38, 0x0, 0x2a, 0x14, 0x1, 0xd4, 0x8,
    0x20, 0xe0, 0x44, 0x0, 0xe2, 0x30, 0x60, 0xa0,
    0xa0, 0xf, 0xa8, 0x28, 0x0,

    /* U+0103 "ă" */
    0x0, 0x3e, 0x80, 0x4b, 0xe0, 0x13, 0x16, 0xd6,
    0x53, 0x0, 0x43, 0x62, 0xa4, 0xf2, 0x1, 0x93,
    0x3f, 0xa0, 0x3, 0x25, 0x6f, 0xf6, 0x28, 0x5,
    0xea, 0xa, 0x47, 0x48, 0x0, 0x8c, 0xda, 0xc5,
    0xf, 0x0, 0x19, 0x80, 0x2e, 0x6, 0x0, 0xf0,
    0x80, 0xc, 0x0, 0xfb, 0xfe, 0xeb, 0x0, 0xaa,
    0xe, 0x2e, 0xd2, 0x0, 0x15, 0xd, 0x74, 0x41,
    0x0, 0x4, 0x0, 0x20, 0x17, 0x80, 0x48, 0x1f,
    0x10, 0xd7, 0x0, 0xa9, 0x8d, 0xd9, 0x70, 0xc0,

    /* U+0104 "Ą" */
    0x0, 0xec, 0xfd, 0x0, 0xff, 0x11, 0x81, 0x18,
    0x7, 0xf5, 0x2, 0x85, 0x0, 0x7f, 0x30, 0x40,
    0x30, 0x7, 0xe5, 0x13, 0x25, 0x6, 0x0, 0xfb,
    0x82, 0x83, 0xc2, 0x80, 0x3c, 0x28, 0xc, 0xa,
    0x26, 0x40, 0x1c, 0xc0, 0xa0, 0x13, 0x85, 0x0,
    0x75, 0x2, 0x77, 0x4e, 0xc, 0x1, 0x90, 0x80,
    0x47, 0x80, 0x54, 0x2, 0xe0, 0x6f, 0xfe, 0x70,
    0xe0, 0x0, 0xa8, 0x50, 0x7, 0x50, 0x20, 0x83,
    0x81, 0x18, 0x7, 0x11, 0x83, 0x5, 0x5, 0x0,
    0x7d, 0x41, 0x21, 0x9e, 0xe0, 0x1f, 0x18, 0xe0,
    0x7, 0xf8, 0x6a, 0x8, 0x3, 0xfc, 0xe0, 0x80,
    0x1f, 0xf1, 0x84, 0x30, 0x7, 0xf9, 0x56, 0x80,

    /* U+0105 "ą" */
    0x0, 0x25, 0x6f, 0xf6, 0x28, 0x6, 0xf5, 0x5,
    0x23, 0xa4, 0x0, 0xa3, 0x36, 0xb1, 0x43, 0xc0,
    0x23, 0x30, 0x5, 0xc0, 0xc0, 0x1f, 0x8, 0x0,
    0xc0, 0x27, 0xdf, 0xf7, 0x58, 0x6, 0xa8, 0x38,
    0xbb, 0x48, 0x4, 0x2a, 0x1a, 0xe8, 0x82, 0x0,
    0x84, 0x0, 0x20, 0x17, 0x80, 0x64, 0xf, 0x88,
    0x6b, 0x80, 0x6a, 0x63, 0x76, 0x5c, 0x11, 0x0,
    0x6, 0x7b, 0xfa, 0x8, 0x28, 0x3, 0xf7, 0xaa,
    0x80, 0x3e, 0x22, 0x60, 0x7, 0xe3, 0xa, 0x62,
    0x0, 0xf0, 0xc1, 0xc8, 0x80,

    /* U+0106 "Ć" */
    0x0, 0xf0, 0xf7, 0xc0, 0x7, 0xeb, 0x17, 0x80,
    0xf, 0x9d, 0x66, 0x0, 0x3f, 0x3f, 0xb0, 0x7,
    0xff, 0x1c, 0xa7, 0x7f, 0xdb, 0x4a, 0x1, 0x3e,
    0xb1, 0x8, 0x89, 0x64, 0x0, 0xd0, 0xd, 0xdd,
    0x7d, 0x78, 0xc, 0x84, 0x48, 0x80, 0x4a, 0x60,
    0xe0, 0x2e, 0x1, 0xfb, 0x1, 0xc0, 0x3f, 0x98,
    0x38, 0x3, 0xff, 0x92, 0xc1, 0xc0, 0x1f, 0xda,
    0xe, 0x1, 0xfc, 0xa0, 0x2e, 0x1, 0xf8, 0x98,
    0x22, 0x2, 0x1, 0x11, 0x80, 0x25, 0x41, 0xfb,
    0xaf, 0xdb, 0x0, 0xaa, 0xd4, 0x84, 0x65, 0xb0,

    /* U+0107 "ć" */
    0x0, 0xec, 0xfa, 0x0, 0xe8, 0x35, 0xa0, 0xc,
    0x8f, 0x14, 0x1, 0xc9, 0xee, 0x1, 0xcb, 0x7d,
    0xfb, 0x20, 0x9, 0xa4, 0x2, 0x22, 0x2, 0x30,
    0x57, 0x6f, 0xf8, 0x38, 0x19, 0x40, 0x22, 0x7,
    0xc, 0x0, 0xf1, 0x80, 0x80, 0x78, 0xc0, 0x40,
    0x3c, 0xc1, 0x80, 0x1e, 0xe0, 0x65, 0x0, 0x90,
    0x15, 0x41, 0x5d, 0xbf, 0x60, 0xa, 0x93, 0x12,
    0x24, 0x0,

    /* U+0108 "Ĉ" */
    0x0, 0xc3, 0xbf, 0xc2, 0x1, 0xf5, 0x13, 0xe,
    0x80, 0x7a, 0xd7, 0x27, 0x7, 0x0, 0x3a, 0xf8,
    0xc0, 0xf7, 0x0, 0x3f, 0xf8, 0xa5, 0x3b, 0xfe,
    0xda, 0x50, 0x9, 0xf5, 0x88, 0x44, 0x4b, 0x20,
    0x6, 0x80, 0x6e, 0xeb, 0xeb, 0xc0, 0x64, 0x22,
    0x44, 0x2, 0x53, 0x7, 0x1, 0x70, 0xf, 0xd8,
    0xe, 0x1, 0xfc, 0xc1, 0xc0, 0x1f, 0xfc, 0x96,
    0xe, 0x0, 0xfe, 0xd0, 0x70, 0xf, 0xe5, 0x1,
    0x70, 0xf, 0xc4, 0xc1, 0x10, 0x10, 0x8, 0x8c,
    0x1, 0x2a, 0xf, 0xdd, 0x7e, 0xd8, 0x5, 0x56,
    0xa4, 0x23, 0x2d, 0x80,

    /* U+0109 "ĉ" */
    0x0, 0xb3, 0xfc, 0x60, 0x1a, 0x8d, 0x87, 0x44,
    0x1, 0x9, 0x73, 0xeb, 0x82, 0x11, 0xc8, 0x3,
    0x7a, 0x20, 0x5, 0xbe, 0xfd, 0x90, 0x4, 0xd2,
    0x1, 0x11, 0x1, 0x18, 0x2b, 0xb7, 0xfc, 0x1c,
    0xc, 0xa0, 0x11, 0x3, 0x86, 0x0, 0x78, 0xc0,
    0x40, 0x3c, 0x60, 0x20, 0x1e, 0x60, 0xc0, 0xf,
    0x70, 0x32, 0x80, 0x48, 0xa, 0xa0, 0xae, 0xdf,
    0xb0, 0x5, 0x49, 0x89, 0x12, 0x0,

    /* U+010A "Ċ" */
    0x0, 0xe1, 0x61, 0x0, 0xfe, 0x89, 0xa0, 0xf,
    0xef, 0xc, 0x0, 0xfe, 0x6f, 0x70, 0xf, 0xfe,
    0x39, 0x4e, 0xff, 0xb6, 0x94, 0x2, 0x7d, 0x62,
    0x11, 0x12, 0xc8, 0x1, 0xa0, 0x1b, 0xba, 0xfa,
    0xf0, 0x19, 0x8, 0x91, 0x0, 0x94, 0xc1, 0xc0,
    0x5c, 0x3, 0xf6, 0x3, 0x80, 0x7f, 0x30, 0x70,
    0x7, 0xff, 0x25, 0x83, 0x80, 0x3f, 0xb4, 0x1c,
    0x3, 0xf9, 0x40, 0x5c, 0x3, 0xf1, 0x30, 0x44,
    0x4, 0x2, 0x23, 0x0, 0x4a, 0x83, 0xf7, 0x5f,
    0xb6, 0x1, 0x55, 0xa9, 0x8, 0xcb, 0x60,

    /* U+010B "ċ" */
    0x0, 0x93, 0xe8, 0x3, 0xc4, 0xe, 0x1, 0xe6,
    0x9e, 0x0, 0xf9, 0x8c, 0x3, 0x96, 0xfb, 0xf6,
    0x40, 0x13, 0x48, 0x4, 0x44, 0x4, 0x60, 0xae,
    0xdf, 0xf0, 0x70, 0x32, 0x80, 0x44, 0xe, 0x18,
    0x1, 0xe3, 0x1, 0x0, 0xf1, 0x80, 0x80, 0x79,
    0x83, 0x0, 0x3d, 0xc0, 0xca, 0x1, 0x20, 0x2a,
    0x82, 0xbb, 0x7e, 0xc0, 0x15, 0x26, 0x24, 0x48,
    0x0,

    /* U+010C "Č" */
    0x0, 0xaf, 0x8c, 0xb, 0x34, 0x40, 0x35, 0x96,
    0x46, 0x16, 0x8, 0x7, 0x69, 0x38, 0xe0, 0x80,
    0x78, 0x77, 0xfc, 0x40, 0x1f, 0xfc, 0x62, 0x9d,
    0xff, 0x6d, 0x28, 0x4, 0xfa, 0xc4, 0x22, 0x25,
    0x90, 0x3, 0x40, 0x37, 0x75, 0xf5, 0xe0, 0x32,
    0x11, 0x22, 0x1, 0x29, 0x83, 0x80, 0xb8, 0x7,
    0xec, 0x7, 0x0, 0xfe, 0x60, 0xe0, 0xf, 0xfe,
    0x4b, 0x7, 0x0, 0x7f, 0x68, 0x38, 0x7, 0xf2,
    0x80, 0xb8, 0x7, 0xe2, 0x60, 0x88, 0x8, 0x4,
    0x46, 0x0, 0x95, 0x7, 0xee, 0xbf, 0x6c, 0x2,
    0xab, 0x52, 0x11, 0x96, 0xc0,

    /* U+010D "č" */
    0x9, 0xe5, 0x1, 0xbe, 0x20, 0x97, 0xa9, 0xf5,
    0xd2, 0x0, 0x4a, 0x30, 0xd1, 0x80, 0x6b, 0xff,
    0x20, 0x6, 0x5b, 0xef, 0xd9, 0x0, 0x4d, 0x20,
    0x11, 0x10, 0x11, 0x82, 0xbb, 0x7f, 0xc1, 0xc0,
    0xca, 0x1, 0x10, 0x38, 0x60, 0x7, 0x8c, 0x4,
    0x3, 0xc6, 0x2, 0x1, 0xe6, 0xc, 0x0, 0xf7,
    0x3, 0x28, 0x4, 0x80, 0xaa, 0xa, 0xed, 0xfb,
    0x0, 0x54, 0x98, 0x91, 0x20, 0x0,

    /* U+010E "Ď" */
    0x0, 0x17, 0xd0, 0x0, 0xfa, 0xc0, 0x38, 0xad,
    0x71, 0x70, 0xec, 0x3, 0xc8, 0xe7, 0x41, 0xe0,
    0x1f, 0xa2, 0xf, 0x64, 0x1, 0xfc, 0xf0, 0x80,
    0x1c, 0x5f, 0xfd, 0xd6, 0xc2, 0x1, 0xe2, 0x28,
    0x52, 0x7d, 0x0, 0x3b, 0x76, 0xfc, 0x31, 0xb2,
    0x0, 0xfc, 0x78, 0x61, 0x20, 0x1f, 0xef, 0x4,
    0x10, 0xf, 0xe3, 0x0, 0x28, 0x7, 0xf8, 0x80,
    0x80, 0x3f, 0xc6, 0x1, 0xff, 0xc0, 0x10, 0x20,
    0xf, 0xe5, 0x0, 0x28, 0x7, 0xe1, 0x80, 0x51,
    0x0, 0xf9, 0x70, 0x86, 0x0, 0x36, 0xeb, 0xbe,
    0x88, 0x98, 0x40, 0x18, 0x88, 0x22, 0x5a, 0xd2,
    0x0, 0x0,

    /* U+010F "ď" */
    0x0, 0xf9, 0x7f, 0x3, 0x7c, 0x80, 0x3f, 0xe2,
    0x42, 0x0, 0xff, 0x20, 0x48, 0x7, 0xfc, 0xba,
    0x40, 0x14, 0x77, 0xeb, 0x80, 0x42, 0x40, 0x16,
    0x38, 0x90, 0x44, 0x80, 0x79, 0x8c, 0x33, 0x75,
    0x86, 0x1, 0xed, 0x6, 0x30, 0x1, 0xb0, 0x7,
    0x94, 0x30, 0x3, 0x78, 0x7, 0xe1, 0x0, 0xc6,
    0x1, 0xf8, 0x40, 0x3f, 0xe5, 0xd, 0x0, 0xda,
    0x1, 0xed, 0x7, 0x30, 0x1, 0xb0, 0x7, 0x98,
    0xc3, 0x37, 0x58, 0xa0, 0x1f, 0x63, 0x9, 0x4,
    0xd8, 0x7, 0x80,

    /* U+0110 "Đ" */
    0x0, 0x7f, 0xf7, 0x5b, 0x8, 0x7, 0xc4, 0x50,
    0xa4, 0xfa, 0x0, 0x7b, 0xf7, 0x5f, 0x86, 0x36,
    0x40, 0x1f, 0xc7, 0x86, 0x12, 0x1, 0xff, 0x78,
    0x20, 0x80, 0x7f, 0x8c, 0x0, 0xaf, 0xe0, 0xd,
    0xff, 0x38, 0x4, 0x40, 0x42, 0x40, 0x2, 0x2c,
    0x1, 0x18, 0x1, 0xb4, 0x1, 0xfb, 0xa5, 0x0,
    0x84, 0x8, 0x3, 0xfc, 0xa0, 0x5, 0x0, 0xfe,
    0x18, 0x5, 0x10, 0xf, 0xcb, 0x84, 0x30, 0x1,
    0xdf, 0xbd, 0xf4, 0x44, 0xc2, 0x0, 0xe2, 0x20,
    0x89, 0x6b, 0x48, 0x0,

    /* U+0111 "đ" */
    0x0, 0xf9, 0x7f, 0x0, 0x38, 0xa2, 0x2f, 0x2,
    0x82, 0x0, 0x99, 0xde, 0x50, 0x17, 0x60, 0x9,
    0x3f, 0xea, 0x3, 0xf4, 0x0, 0x47, 0x7e, 0xb8,
    0x7, 0xb1, 0xc4, 0x8e, 0x20, 0x1, 0x98, 0xc2,
    0xf7, 0xac, 0x80, 0x36, 0x82, 0xa0, 0x1, 0x18,
    0x3, 0x28, 0x60, 0x6, 0xf0, 0xf, 0x18, 0x6,
    0x30, 0xf, 0x18, 0x7, 0xf2, 0x86, 0x0, 0x6d,
    0x0, 0xda, 0xa, 0x80, 0x2, 0x60, 0xc, 0xc6,
    0x17, 0xbb, 0x28, 0x7, 0x6b, 0x9, 0x4, 0xd0,
    0x6,

    /* U+0112 "Ē" */
    0x0, 0x7f, 0xf8, 0x80, 0xc, 0xde, 0x30, 0x4,
    0xcf, 0x84, 0x5f, 0xff, 0x80, 0x22, 0x2e, 0x30,
    0xb, 0x37, 0x76, 0x0, 0x7f, 0xf4, 0xbb, 0xff,
    0x48, 0x4, 0x45, 0xdc, 0x1, 0x66, 0xee, 0x70,
    0xf, 0xfe, 0x96, 0x6e, 0xec, 0x0, 0x88, 0xb8,
    0xc0,

    /* U+0113 "ē" */
    0x4, 0xff, 0xed, 0x0, 0x99, 0xbd, 0x40, 0x11,
    0x4c, 0xf3, 0x80, 0x65, 0xcf, 0xf6, 0x20, 0x5,
    0x34, 0x68, 0x83, 0xb6, 0x4, 0x61, 0xdb, 0xb8,
    0x24, 0x78, 0x18, 0x80, 0x8, 0x60, 0x8e, 0x7,
    0x33, 0x84, 0x8, 0xc1, 0x19, 0xb1, 0x0, 0xc,
    0x2b, 0xff, 0xce, 0xe0, 0xc0, 0xf, 0xb8, 0x19,
    0x40, 0x32, 0x2, 0x38, 0x56, 0xde, 0xfd, 0x80,
    0x22, 0xd0, 0xd0, 0xcd, 0x20,

    /* U+0114 "Ĕ" */
    0x1, 0x80, 0xc, 0xe6, 0x2, 0xf0, 0x0, 0x58,
    0x0, 0xa1, 0xff, 0xd4, 0xc6, 0x0, 0x7b, 0x77,
    0x54, 0x80, 0x64, 0x88, 0x28, 0x0, 0x7f, 0xff,
    0x0, 0x44, 0x5c, 0x60, 0x16, 0x6e, 0xec, 0x0,
    0xff, 0xe9, 0x77, 0xfe, 0x90, 0x8, 0x8b, 0xb8,
    0x2, 0xcd, 0xdc, 0xe0, 0x1f, 0xfd, 0x2c, 0xdd,
    0xd8, 0x1, 0x11, 0x71, 0x80,

    /* U+0115 "ĕ" */
    0x5, 0xe2, 0x1, 0x7f, 0x0, 0x94, 0xf7, 0xfa,
    0x1c, 0x3, 0x6c, 0xb3, 0xdc, 0x0, 0x73, 0x4c,
    0x20, 0x7, 0x2e, 0x7f, 0xb1, 0x0, 0x29, 0xa3,
    0x44, 0x1d, 0xb0, 0x23, 0xe, 0xdd, 0xc1, 0x23,
    0xc0, 0xc4, 0x0, 0x43, 0x4, 0x70, 0x39, 0x9c,
    0x20, 0x46, 0x8, 0xcd, 0x88, 0x0, 0x61, 0x5f,
    0xfe, 0x77, 0x6, 0x0, 0x7d, 0xc0, 0xca, 0x1,
    0x90, 0x11, 0xc2, 0xb6, 0xf7, 0xec, 0x1, 0x16,
    0x86, 0x86, 0x69, 0x0,

    /* U+0116 "Ė" */
    0x0, 0xc8, 0xa0, 0x1e, 0x1b, 0xa3, 0x0, 0xe1,
    0x21, 0x20, 0xf, 0x6f, 0x8, 0x7, 0xfc, 0x3f,
    0xff, 0x80, 0x22, 0x2e, 0x30, 0xb, 0x37, 0x76,
    0x0, 0x7f, 0xf4, 0xbb, 0xff, 0x48, 0x4, 0x45,
    0xdc, 0x1, 0x66, 0xee, 0x70, 0xf, 0xfe, 0x96,
    0x6e, 0xec, 0x0, 0x88, 0xb8, 0xc0,

    /* U+0117 "ė" */
    0x0, 0x8f, 0xac, 0x3, 0xe6, 0x15, 0x0, 0xf9,
    0x67, 0x40, 0x3f, 0x31, 0x80, 0x79, 0x73, 0xfd,
    0x88, 0x1, 0x4d, 0x1a, 0x20, 0xed, 0x81, 0x18,
    0x76, 0xee, 0x9, 0x1e, 0x6, 0x20, 0x2, 0x18,
    0x23, 0x81, 0xcc, 0xe1, 0x2, 0x30, 0x46, 0x6c,
    0x40, 0x3, 0xa, 0xff, 0xf3, 0xb8, 0x30, 0x3,
    0xee, 0x6, 0x50, 0xc, 0x80, 0x8e, 0x15, 0xb7,
    0xbf, 0x60, 0x8, 0xb4, 0x34, 0x33, 0x48, 0x0,

    /* U+0118 "Ę" */
    0x1f, 0xff, 0xc0, 0x11, 0x17, 0x18, 0x5, 0x9b,
    0xbb, 0x0, 0x3f, 0xfa, 0x59, 0xbb, 0x9c, 0x2,
    0x22, 0xee, 0x0, 0xbb, 0xff, 0x48, 0x7, 0xff,
    0x4b, 0x37, 0x76, 0x0, 0x44, 0x5c, 0x63, 0xff,
    0xd0, 0x5c, 0x1, 0xc7, 0x12, 0x20, 0x1d, 0x40,
    0x80, 0x1e, 0x10, 0x96, 0x0, 0xe9, 0x36, 0xa0,

    /* U+0119 "ę" */
    0x0, 0x2e, 0x7f, 0xac, 0xc0, 0x29, 0xa3, 0x43,
    0x4c, 0x40, 0x46, 0xc, 0xbc, 0x90, 0xa0, 0xe0,
    0x63, 0x0, 0x30, 0x89, 0x1c, 0x3c, 0x3, 0x28,
    0x11, 0x84, 0xff, 0xe4, 0x1, 0x30, 0x46, 0x6f,
    0x1b, 0x86, 0x4c, 0xf9, 0x38, 0x24, 0xc0, 0x31,
    0x2, 0x38, 0xe6, 0xde, 0x76, 0x80, 0x22, 0xd0,
    0xd0, 0xc5, 0x0, 0x24, 0xbe, 0xf3, 0x35, 0x80,
    0x79, 0x8f, 0xc0, 0x3e, 0xc0, 0x30, 0xf, 0x8c,
    0x1d, 0x40, 0x3d, 0x7, 0x1c, 0x0,

    /* U+011A "Ě" */
    0x4, 0xf8, 0x0, 0x2f, 0xc0, 0x23, 0xba, 0x5e,
    0x92, 0x0, 0x10, 0x8d, 0x5, 0x60, 0x1a, 0x9d,
    0xdc, 0x1, 0xc3, 0x10, 0x30, 0x0, 0xff, 0xfe,
    0x0, 0x88, 0xb8, 0xc0, 0x2c, 0xdd, 0xd8, 0x1,
    0xff, 0xd2, 0xef, 0xfd, 0x20, 0x11, 0x17, 0x70,
    0x5, 0x9b, 0xb9, 0xc0, 0x3f, 0xfa, 0x59, 0xbb,
    0xb0, 0x2, 0x22, 0xe3,

    /* U+011B "ě" */
    0x7, 0xf6, 0x0, 0x57, 0x98, 0x1, 0xdd, 0x35,
    0xab, 0x86, 0x1, 0x42, 0xa8, 0xa8, 0xc0, 0x3a,
    0xbf, 0xca, 0x1, 0xcb, 0x9f, 0xec, 0x40, 0xa,
    0x68, 0xd1, 0x7, 0x6c, 0x8, 0xc3, 0xb7, 0x70,
    0x48, 0xf0, 0x31, 0x0, 0x10, 0xc1, 0x1c, 0xe,
    0x67, 0x8, 0x11, 0x82, 0x33, 0x62, 0x0, 0x18,
    0x57, 0xff, 0x9d, 0xc1, 0x80, 0x1f, 0x70, 0x32,
    0x80, 0x64, 0x4, 0x70, 0xad, 0xbd, 0xfb, 0x0,
    0x45, 0xa1, 0xa1, 0x9a, 0x40,

    /* U+011C "Ĝ" */
    0x0, 0xe6, 0xff, 0x38, 0x7, 0xe4, 0x93, 0x34,
    0x28, 0x7, 0x8e, 0xdb, 0x30, 0xf4, 0xa0, 0x1c,
    0x7f, 0x20, 0x8, 0xf5, 0x0, 0xff, 0xe3, 0xb,
    0xe7, 0x7f, 0x64, 0x98, 0x4, 0xbd, 0x6, 0x23,
    0x1b, 0x50, 0x1, 0x68, 0x13, 0x3f, 0xbf, 0xa6,
    0x0, 0x14, 0xd, 0x66, 0x1, 0xb, 0x8, 0x30,
    0xc, 0x80, 0x7f, 0x60, 0x38, 0x7, 0xf8, 0x43,
    0x80, 0x21, 0xdd, 0xe0, 0x70, 0xe, 0x32, 0x2e,
    0x6, 0xe, 0x0, 0x8b, 0xfd, 0xa0, 0x16, 0x83,
    0x80, 0x7f, 0x98, 0x5, 0xc0, 0x3f, 0x85, 0xc2,
    0x24, 0x40, 0x3f, 0x43, 0x3, 0x77, 0x37, 0xb4,
    0x3, 0xa7, 0x14, 0x84, 0x84, 0x9a, 0x80,

    /* U+011D "ĝ" */
    0x0, 0x9f, 0xfc, 0xe0, 0x1c, 0xb0, 0x87, 0xa,
    0x1, 0x25, 0xbd, 0xe3, 0xda, 0x0, 0x13, 0xa0,
    0x1, 0x1c, 0x80, 0x14, 0x77, 0xeb, 0xf, 0xe0,
    0x63, 0x89, 0x4, 0xd0, 0x1, 0x4c, 0x33, 0x75,
    0x68, 0x0, 0xe0, 0x63, 0x0, 0x23, 0x80, 0x18,
    0x30, 0x3, 0x68, 0x0, 0xc0, 0x40, 0x30, 0x80,
    0x61, 0x0, 0xc2, 0x0, 0x50, 0xd0, 0xd, 0xa0,
    0xd, 0x6, 0x20, 0x1, 0x30, 0x1, 0x8c, 0x77,
    0x37, 0x44, 0x1, 0x63, 0x9, 0x84, 0x48, 0x6,
    0x9e, 0xfd, 0x73, 0x7, 0x0, 0xfb, 0xc0, 0x44,
    0xc2, 0x1, 0x23, 0x7, 0x94, 0xf7, 0x33, 0x6c,
    0x11, 0x49, 0xcc, 0xc, 0x8e, 0x2c, 0x0,

    /* U+011E "Ğ" */
    0x0, 0x86, 0x4, 0x2, 0x72, 0x0, 0xe1, 0x6c,
    0xaa, 0x6c, 0x18, 0x7, 0xb1, 0x91, 0x47, 0x4,
    0x3, 0xc5, 0x7d, 0xf8, 0x60, 0x1f, 0xfc, 0x71,
    0x7c, 0xef, 0xec, 0x93, 0x0, 0x97, 0xa0, 0xc4,
    0x63, 0x6a, 0x0, 0x2d, 0x2, 0x67, 0xf7, 0xf4,
    0xc0, 0x2, 0x81, 0xac, 0xc0, 0x21, 0x61, 0x6,
    0x1, 0x90, 0xf, 0xec, 0x7, 0x0, 0xff, 0x8,
    0x70, 0x4, 0x3b, 0xbc, 0xe, 0x1, 0xc6, 0x45,
    0xc0, 0xc1, 0xc0, 0x11, 0x7f, 0xb4, 0x2, 0xd0,
    0x70, 0xf, 0xf3, 0x0, 0xb8, 0x7, 0xf0, 0xb8,
    0x44, 0x88, 0x7, 0xe8, 0x60, 0x6e, 0xe6, 0xf6,
    0x80, 0x74, 0xe2, 0x90, 0x90, 0x93, 0x50, 0x0,

    /* U+011F "ğ" */
    0x2, 0xf2, 0x0, 0xf, 0xa0, 0x0, 0x8f, 0x2a,
    0xfc, 0x90, 0x2, 0xd4, 0x42, 0xa6, 0x0, 0x61,
    0xae, 0xe5, 0x8, 0x6, 0x8e, 0xfd, 0x61, 0xfc,
    0xc, 0x71, 0x20, 0x9a, 0x0, 0x29, 0x86, 0x6e,
    0xad, 0x0, 0x1c, 0xc, 0x60, 0x4, 0x70, 0x3,
    0x6, 0x0, 0x6d, 0x0, 0x18, 0x8, 0x6, 0x10,
    0xc, 0x20, 0x18, 0x40, 0xa, 0x1a, 0x1, 0xb4,
    0x1, 0xa0, 0xc4, 0x0, 0x26, 0x0, 0x31, 0x8e,
    0xe6, 0xe8, 0x80, 0x2c, 0x61, 0x30, 0x89, 0x0,
    0xd3, 0xdf, 0xae, 0x60, 0xe0, 0x1f, 0x78, 0x8,
    0x98, 0x40, 0x24, 0x60, 0xf2, 0x9e, 0xe6, 0x6d,
    0x82, 0x29, 0x39, 0x81, 0x91, 0xc5, 0x80,

    /* U+0120 "Ġ" */
    0x0, 0xf2, 0x28, 0x7, 0xf8, 0x6e, 0x8c, 0x3,
    0xf8, 0x48, 0x48, 0x3, 0xfd, 0xbc, 0x20, 0x1f,
    0xfc, 0x81, 0x7c, 0xef, 0xec, 0x93, 0x0, 0x97,
    0xa0, 0xc4, 0x63, 0x6a, 0x0, 0x2d, 0x2, 0x67,
    0xf7, 0xf4, 0xc0, 0x2, 0x81, 0xac, 0xc0, 0x21,
    0x61, 0x6, 0x1, 0x90, 0xf, 0xec, 0x7, 0x0,
    0xff, 0x8, 0x70, 0x4, 0x3b, 0xbc, 0xe, 0x1,
    0xc6, 0x45, 0xc0, 0xc1, 0xc0, 0x11, 0x7f, 0xb4,
    0x2, 0xd0, 0x70, 0xf, 0xf3, 0x0, 0xb8, 0x7,
    0xf0, 0xb8, 0x44, 0x88, 0x7, 0xe8, 0x60, 0x6e,
    0xe6, 0xf6, 0x80, 0x74, 0xe2, 0x90, 0x90, 0x93,
    0x50, 0x0,

    /* U+0121 "ġ" */
    0x0, 0xdb, 0xa1, 0x0, 0xf1, 0x14, 0x60, 0x1e,
    0x2a, 0xa1, 0x0, 0x7c, 0xaa, 0x0, 0xf4, 0x77,
    0xeb, 0xf, 0xe0, 0x63, 0x89, 0x4, 0xd0, 0x1,
    0x4c, 0x33, 0x75, 0x68, 0x0, 0xe0, 0x63, 0x0,
    0x23, 0x80, 0x18, 0x30, 0x3, 0x68, 0x0, 0xc0,
    0x40, 0x30, 0x80, 0x61, 0x0, 0xc2, 0x0, 0x50,
    0xd0, 0xd, 0xa0, 0xd, 0x6, 0x20, 0x1, 0x30,
    0x1, 0x8c, 0x77, 0x37, 0x44, 0x1, 0x63, 0x9,
    0x84, 0x48, 0x6, 0x9e, 0xfd, 0x73, 0x7, 0x0,
    0xfb, 0xc0, 0x44, 0xc2, 0x1, 0x23, 0x7, 0x94,
    0xf7, 0x33, 0x6c, 0x11, 0x49, 0xcc, 0xc, 0x8e,
    0x2c, 0x0,

    /* U+0122 "Ģ" */
    0x0, 0x85, 0xf3, 0xbf, 0xb2, 0x4c, 0x2, 0x5e,
    0x83, 0x11, 0x8d, 0xa8, 0x0, 0xb4, 0x9, 0x9f,
    0xdf, 0xb1, 0x60, 0xa, 0x6, 0xb3, 0x0, 0x89,
    0xc8, 0x18, 0x6, 0x40, 0x3f, 0xb0, 0x1c, 0x3,
    0xfc, 0x21, 0xc0, 0x1f, 0xe7, 0x0, 0xe2, 0xff,
    0xe0, 0x60, 0xe0, 0x8, 0xc8, 0x82, 0x1, 0x68,
    0x38, 0x4, 0x3b, 0xac, 0x0, 0x98, 0x5, 0xc0,
    0x3f, 0x85, 0xc2, 0x24, 0x40, 0x3f, 0x43, 0x3,
    0x77, 0x37, 0xb4, 0x3, 0xa7, 0x14, 0x84, 0x84,
    0x9a, 0x80, 0x31, 0xd6, 0xff, 0xdb, 0x2a, 0x1,
    0xf1, 0x18, 0x80, 0x7f, 0xbb, 0xc, 0x3, 0xfc,
    0x68, 0x40, 0x1f, 0xca, 0x12, 0x1, 0xc0,

    /* U+0123 "ģ" */
    0x0, 0xc3, 0xcc, 0x1, 0xf5, 0x8b, 0x80, 0x78,
    0x54, 0x84, 0x3, 0xec, 0xf0, 0xf, 0x47, 0xe7,
    0xb0, 0xfe, 0x6, 0x38, 0x90, 0x4d, 0x0, 0x14,
    0xc3, 0x37, 0x56, 0x80, 0xe, 0x6, 0x30, 0x2,
    0x38, 0x1, 0x83, 0x0, 0x36, 0x80, 0xc, 0x4,
    0x3, 0x8, 0x6, 0x10, 0xc, 0x20, 0x5, 0xd,
    0x0, 0xda, 0x0, 0xd0, 0x62, 0x0, 0x13, 0x0,
    0x18, 0xc7, 0x73, 0x74, 0x40, 0x16, 0x30, 0x98,
    0x44, 0x80, 0x69, 0xef, 0xd7, 0x30, 0x70, 0xf,
    0xbc, 0x4, 0x4c, 0x20, 0x12, 0x30, 0x79, 0x4f,
    0x73, 0x36, 0xc1, 0x14, 0x9c, 0xc0, 0xc8, 0xe2,
    0xc0,

    /* U+0124 "Ĥ" */
    0x0, 0xee, 0xfd, 0x0, 0xfe, 0xa1, 0x22, 0x40,
    0x7, 0xce, 0xaf, 0xac, 0xec, 0x1, 0xf5, 0x40,
    0x4d, 0x8, 0x7, 0x9d, 0x40, 0x25, 0x70, 0x8,
    0x7f, 0xc2, 0x1, 0xc5, 0xfe, 0x0, 0xff, 0xfc,
    0xf7, 0xff, 0x68, 0x7, 0x88, 0xbe, 0x0, 0xf6,
    0x6e, 0xf7, 0x80, 0x7f, 0xfe, 0x0,

    /* U+0125 "ĥ" */
    0x0, 0x5f, 0xf8, 0x80, 0x3e, 0x64, 0x20, 0xe0,
    0xf, 0x1c, 0xa6, 0xc9, 0xd0, 0x7, 0x2c, 0xd8,
    0x36, 0x10, 0x80, 0x66, 0x60, 0x4, 0x70, 0x20,
    0x1e, 0x5f, 0xc0, 0xf, 0xff, 0x1b, 0x95, 0xff,
    0x62, 0x80, 0x73, 0x6a, 0x98, 0x1d, 0x30, 0x6,
    0x26, 0xec, 0xe5, 0xa, 0x0, 0xe8, 0x0, 0xa4,
    0xc, 0x3, 0x10, 0x80, 0x42, 0x1, 0xe1, 0x0,
    0xff, 0xfb, 0x80,

    /* U+0126 "Ħ" */
    0x1, 0xff, 0x8, 0x7, 0x17, 0xf8, 0x40, 0x3f,
    0xf8, 0x9f, 0xc0, 0xe, 0xff, 0xed, 0x0, 0x77,
    0xb2, 0x80, 0x19, 0xbc, 0xa0, 0x6, 0x64, 0xd8,
    0x2, 0x26, 0x7a, 0x0, 0x11, 0x20, 0x1f, 0xfc,
    0x7e, 0xff, 0xed, 0x0, 0xfc, 0x23, 0xf0, 0x7,
    0xef, 0xee, 0xec, 0x0, 0xff, 0xff, 0x80, 0x60,

    /* U+0127 "ħ" */
    0x5, 0xfc, 0x0, 0xf9, 0xbc, 0xa, 0x22, 0x50,
    0xa, 0xd4, 0x5, 0xde, 0xe0, 0xb, 0x68, 0xf,
    0xfe, 0xb0, 0xf, 0x8a, 0xfb, 0xf1, 0x40, 0x30,
    0xe2, 0x90, 0x9d, 0x28, 0x4, 0x49, 0xd9, 0xca,
    0x12, 0x1, 0xa0, 0x2, 0x90, 0x30, 0x8, 0x48,
    0x2, 0x20, 0xe, 0x20, 0xf, 0xff, 0x90,

    /* U+0128 "Ĩ" */
    0x0, 0x3b, 0x0, 0x50, 0x21, 0x71, 0x38, 0x4a,
    0xe2, 0x49, 0xb6, 0x5b, 0x4e, 0x0, 0x82, 0x4f,
    0x89, 0x80, 0x27, 0x0, 0xb, 0xb0, 0x4, 0x7f,
    0xfc, 0x80, 0x3, 0x82, 0x2, 0x85, 0x0, 0x9d,
    0x41, 0xdc, 0x20, 0x1f, 0xff, 0xf0, 0xf, 0xe6,
    0x50, 0x77, 0x8, 0x0, 0xe4, 0x80, 0xa1, 0x40,

    /* U+0129 "ĩ" */
    0x1, 0xcf, 0x80, 0x6, 0x30, 0x58, 0xab, 0xed,
    0x1a, 0x2, 0xf5, 0x60, 0x24, 0x90, 0x79, 0x81,
    0xef, 0x30, 0x6, 0x5f, 0xc0, 0xf, 0xff, 0xf8,
    0x7, 0xff, 0x18,

    /* U+012A "Ī" */
    0x8f, 0xfe, 0x9d, 0x66, 0xec, 0x59, 0x9e, 0x53,
    0xff, 0xe4, 0x38, 0x20, 0x28, 0x50, 0x75, 0x7,
    0x70, 0x80, 0x7f, 0xfd, 0x19, 0x41, 0xdc, 0x27,
    0x24, 0x5, 0xa,

    /* U+012B "ī" */
    0x39, 0x9e, 0x75, 0x66, 0xeb, 0x6f, 0xfe, 0xc0,
    0x2, 0xfe, 0x0, 0x7f, 0xff, 0x0,

    /* U+012C "Ĭ" */
    0x54, 0x0, 0x8d, 0xb6, 0x48, 0xb, 0xf2, 0x4f,
    0x7f, 0x4a, 0x7, 0xe1, 0xa3, 0xc8, 0x5, 0xe5,
    0xc4, 0xf, 0xff, 0x90, 0xe0, 0x80, 0xa1, 0x41,
    0xd4, 0x1d, 0xc2, 0x1, 0xff, 0xf4, 0x65, 0x7,
    0x70, 0x9c, 0x90, 0x14, 0x28,

    /* U+012D "ĭ" */
    0x7d, 0x0, 0x9b, 0xc1, 0x4b, 0x6b, 0x25, 0x80,
    0xac, 0x54, 0x9e, 0x40, 0x9, 0x9f, 0xd0, 0x1,
    0x97, 0xf0, 0x3, 0xff, 0xfe, 0x1, 0xf8,

    /* U+012E "Į" */
    0x3f, 0xfe, 0x43, 0x82, 0x2, 0x85, 0x7, 0x50,
    0x77, 0x8, 0x7, 0xff, 0xd1, 0x94, 0x1d, 0xc2,
    0x72, 0x40, 0x50, 0xa7, 0xfe, 0xd1, 0xa4, 0x0,
    0xbd, 0x14, 0x2, 0x22, 0x60, 0x6, 0x30, 0xa6,
    0x20, 0x0, 0xc1, 0x48, 0x80,

    /* U+012F "į" */
    0x4, 0xfa, 0x0, 0x10, 0x38, 0x1, 0xa7, 0xc0,
    0x26, 0x20, 0x2, 0xfe, 0x0, 0x7f, 0xf9, 0x44,
    0x0, 0x21, 0xc0, 0x34, 0xe6, 0x8, 0x38, 0x0,
    0x10, 0xf6, 0x14, 0x64, 0x80,

    /* U+0130 "İ" */
    0x0, 0xb, 0x8, 0x6, 0x89, 0xa0, 0xd, 0xe1,
    0x80, 0x19, 0xbd, 0xc0, 0x3f, 0x8f, 0xff, 0x90,
    0xe0, 0x80, 0xa1, 0x41, 0xd4, 0x1d, 0xc2, 0x1,
    0xff, 0xf4, 0x65, 0x7, 0x70, 0x9c, 0x90, 0x14,
    0x28,

    /* U+0131 "ı" */
    0x5f, 0xc0, 0xf, 0xfe, 0x90,

    /* U+0132 "Ĳ" */
    0x3f, 0xfe, 0x40, 0x7, 0xf8, 0x8e, 0x8, 0xa,
    0x14, 0x3, 0xce, 0xa0, 0xee, 0x10, 0xf, 0xff,
    0xf8, 0x7, 0xff, 0x6d, 0x94, 0x1d, 0xc2, 0x1,
    0xc7, 0x24, 0x5, 0xa, 0x1, 0x8c, 0xdf, 0xfc,
    0x80, 0x40, 0x1, 0x0, 0xf8, 0x60, 0x8, 0x3,
    0xcd, 0xfc, 0xa1, 0x20, 0x1e, 0x23, 0x25, 0xc4,
    0x0,

    /* U+0133 "ĳ" */
    0x4f, 0xa0, 0xb, 0x38, 0x88, 0xe, 0x1, 0x18,
    0xb3, 0x27, 0xc0, 0x2b, 0xa4, 0x6, 0x20, 0x9,
    0x14, 0x17, 0xf0, 0x2, 0xef, 0x30, 0xf, 0xff,
    0xf8, 0x7, 0xff, 0xd, 0x7f, 0x0, 0x3f, 0xf9,
    0x4, 0x20, 0x40, 0x14, 0xe6, 0x82, 0x8, 0x4,
    0x26, 0x2b, 0x40,

    /* U+0134 "Ĵ" */
    0x0, 0x8e, 0x1c, 0x40, 0x30, 0xeb, 0xc5, 0x0,
    0x43, 0x81, 0x92, 0x94, 0x0, 0x5a, 0xf3, 0x6c,
    0x22, 0x2, 0x38, 0x80, 0xe, 0x8, 0x2, 0x3f,
    0xf0, 0x7, 0xff, 0xfc, 0x3, 0xff, 0xc8, 0xe0,
    0x20, 0x1e, 0xe0, 0x50, 0xa, 0x3b, 0xd4, 0x3c,
    0x2, 0xf1, 0x3, 0xb4, 0x0, 0x80,

    /* U+0135 "ĵ" */
    0x0, 0xb3, 0xfc, 0x60, 0x1a, 0xcd, 0xcb, 0x48,
    0x1, 0xf, 0x91, 0x8f, 0x22, 0x11, 0x86, 0x3,
    0x36, 0x20, 0x12, 0xfe, 0x0, 0x7f, 0xff, 0xc0,
    0x3f, 0xfb, 0x78, 0xc, 0x1, 0xe, 0xe9, 0x83,
    0x80, 0x21, 0x32, 0x24, 0xa0, 0x4,

    /* U+0136 "Ķ" */
    0x1f, 0xf0, 0x80, 0x67, 0xfe, 0x20, 0xf, 0x96,
    0x3, 0x48, 0x3, 0xc7, 0x41, 0x66, 0x1, 0xe2,
    0xd0, 0xa4, 0x0, 0xf0, 0xf8, 0xc2, 0x80, 0x7d,
    0xa4, 0xce, 0x1, 0xf5, 0x18, 0x68, 0x7, 0xe4,
    0x30, 0xa1, 0x0, 0xfa, 0xb0, 0x86, 0x80, 0x3e,
    0x40, 0xf0, 0x46, 0x0, 0xfc, 0x52, 0x12, 0x40,
    0x1f, 0x99, 0x43, 0xc0, 0x3f, 0xac, 0x4a, 0x40,
    0x3f, 0xe, 0x83, 0x20, 0xff, 0x84, 0x3, 0x1f,
    0xf9, 0x0, 0x38, 0xcc, 0x1, 0xfc, 0x39, 0xa0,
    0x1f, 0xca, 0x12, 0x1, 0xfd, 0xa6, 0xe0, 0x1c,

    /* U+0137 "ķ" */
    0x5f, 0xc0, 0xf, 0xff, 0x19, 0xff, 0x94, 0x3,
    0xc5, 0xa1, 0x2a, 0x1, 0xc3, 0xe3, 0xc, 0x1,
    0xec, 0x27, 0x70, 0x7, 0x3d, 0x92, 0x40, 0x7,
    0x91, 0x0, 0xa2, 0x1, 0xf3, 0xa0, 0xd0, 0x7,
    0x8e, 0x28, 0x51, 0xc0, 0x3e, 0x1a, 0x8, 0x30,
    0xf, 0x91, 0xc3, 0x44, 0x3, 0xe8, 0x31, 0xa0,
    0x5f, 0xc0, 0xd, 0x9f, 0x60, 0x1c, 0x66, 0x0,
    0xfc, 0x59, 0xc0, 0x1f, 0x90, 0x20, 0x3, 0xf6,
    0x22, 0x80, 0x70,

    /* U+0138 "ĸ" */
    0x5f, 0xd0, 0x8, 0xbf, 0xca, 0x1, 0xe1, 0xf0,
    0x75, 0x0, 0xf5, 0x12, 0xc0, 0x7, 0xa5, 0xe,
    0x80, 0x38, 0x59, 0x83, 0xa0, 0x1e, 0x29, 0x0,
    0xfe, 0x13, 0x51, 0xd0, 0xf, 0xe, 0x51, 0x1c,
    0x0, 0x71, 0x80, 0x38, 0x1c, 0xc0, 0x3e, 0x38,
    0xd, 0x10, 0xf, 0x9c, 0xc6, 0x80,

    /* U+0139 "Ĺ" */
    0x0, 0x4f, 0xf0, 0x80, 0x71, 0x30, 0xe0, 0x80,
    0x77, 0x6, 0x90, 0x7, 0x12, 0x69, 0x80, 0x78,
    0xa0, 0x80, 0x3e, 0x2f, 0xf0, 0x7, 0xff, 0xfc,
    0x3, 0xff, 0xc3, 0xdd, 0xe1, 0x0, 0x84, 0x7c,
    0x60,

    /* U+013A "ĺ" */
    0x0, 0x67, 0xe0, 0x29, 0x96, 0x8d, 0x96, 0x9,
    0x4e, 0x8, 0x1b, 0x88, 0x1, 0x7f, 0x0, 0x3f,
    0xff, 0x80,

    /* U+013B "Ļ" */
    0x2f, 0xf0, 0x7, 0xff, 0xfc, 0x3, 0xff, 0xc3,
    0xdd, 0xe1, 0x0, 0x84, 0x7c, 0x65, 0xff, 0xf8,
    0x80, 0x31, 0x18, 0x80, 0x7d, 0x38, 0x40, 0x1f,
    0x21, 0x98, 0x3, 0xc8, 0x1c, 0x1, 0x80,

    /* U+013C "ļ" */
    0x5f, 0xc0, 0xf, 0xff, 0x6a, 0xfe, 0x0, 0xc,
    0xc0, 0x39, 0xa0, 0xa1, 0x1, 0xa6, 0xc0,

    /* U+013D "Ľ" */
    0x2f, 0xf0, 0x6, 0xdf, 0x20, 0xf, 0x88, 0xc8,
    0x3, 0xc8, 0x1e, 0x1, 0xf2, 0xe9, 0x80, 0x7c,
    0x24, 0x1, 0xff, 0xff, 0xee, 0xf0, 0x80, 0x42,
    0x3e, 0x30,

    /* U+013E "ľ" */
    0x5f, 0xc0, 0xcf, 0x30, 0xc, 0x67, 0x0, 0x46,
    0x1e, 0x1, 0x8b, 0x4c, 0x3, 0x9, 0x0, 0x7f,
    0xff, 0x0,

    /* U+013F "Ŀ" */
    0x2f, 0xf0, 0x7, 0xff, 0xa5, 0x50, 0x3, 0xe4,
    0xab, 0x0, 0xf9, 0x44, 0xc0, 0x3e, 0x1e, 0xc0,
    0xf, 0xfe, 0xbf, 0x77, 0x84, 0x2, 0x11, 0xf1,
    0x80,

    /* U+0140 "ŀ" */
    0x5f, 0xc0, 0xf, 0xfe, 0xc2, 0x7c, 0x80, 0x46,
    0xa, 0x1, 0x3c, 0xf0, 0x6, 0x62, 0x0, 0xff,
    0xe9, 0x0,

    /* U+0141 "Ł" */
    0x1, 0xff, 0x8, 0x7, 0xff, 0x84, 0x40, 0x3f,
    0x2e, 0x60, 0x3, 0xf5, 0x9a, 0x80, 0x73, 0x0,
    0x17, 0xa0, 0x3, 0x4c, 0x0, 0x2c, 0x40, 0x3a,
    0xe0, 0x3, 0xf8, 0x98, 0x3, 0xff, 0x99, 0x9b,
    0xbc, 0x40, 0x18, 0x8b, 0xc0,

    /* U+0142 "ł" */
    0x0, 0x3f, 0xd8, 0x7, 0xff, 0x5c, 0x40, 0x39,
    0x79, 0x0, 0x30, 0x9b, 0x4, 0xc0, 0x1e, 0x10,
    0x28, 0x83, 0x80, 0x5b, 0x20, 0x1c, 0x20, 0x1f,
    0xfc, 0xe0,

    /* U+0143 "Ń" */
    0x0, 0xfb, 0x3f, 0x0, 0x3f, 0x94, 0xcb, 0x40,
    0x3f, 0xd, 0x96, 0x8, 0x7, 0xe2, 0x9c, 0x10,
    0xf, 0xe3, 0x71, 0x0, 0xe1, 0xff, 0x60, 0x7,
    0x9b, 0xe8, 0x2, 0x37, 0x0, 0xff, 0xe0, 0x40,
    0x80, 0x7f, 0x22, 0x2, 0x80, 0x3f, 0x9e, 0x81,
    0x14, 0x3, 0xf0, 0x8a, 0x42, 0xc0, 0x3f, 0xcc,
    0x63, 0x20, 0x1f, 0xee, 0x6, 0x30, 0x30, 0xf,
    0x89, 0xc3, 0xc0, 0x3f, 0xd0, 0x46, 0xe0, 0x1f,
    0xee, 0x8, 0x30, 0xf, 0xe3, 0x60, 0x80, 0xf,
    0xf4, 0x88, 0x80, 0x3f, 0xeb, 0x0, 0x80,

    /* U+0144 "ń" */
    0x0, 0xe4, 0xff, 0x20, 0x7, 0xd, 0x5, 0xa0,
    0x7, 0x51, 0xea, 0x0, 0x7a, 0xf4, 0x80, 0x25,
    0xf6, 0x2b, 0xef, 0xc5, 0x0, 0xab, 0x54, 0x84,
    0xe9, 0x80, 0x6, 0xbd, 0x9c, 0xa1, 0x40, 0x15,
    0x80, 0x52, 0x6, 0x0, 0x21, 0x0, 0x84, 0x3,
    0x8, 0x7, 0xff, 0xb4,

    /* U+0145 "Ņ" */
    0x1f, 0xf6, 0x0, 0x79, 0xbe, 0x80, 0x23, 0x70,
    0xf, 0xfe, 0x4, 0x8, 0x7, 0xf2, 0x20, 0x28,
    0x3, 0xf9, 0xe8, 0x11, 0x40, 0x3f, 0x8, 0xa4,
    0x2c, 0x3, 0xfc, 0xc6, 0x32, 0x1, 0xfe, 0xe0,
    0x63, 0x3, 0x0, 0xf8, 0x9c, 0x3c, 0x3, 0xfd,
    0x4, 0x6e, 0x1, 0xfe, 0xe0, 0x83, 0x0, 0xfe,
    0x36, 0x8, 0x0, 0xff, 0x48, 0x88, 0x3, 0xfe,
    0xb0, 0x8, 0x7f, 0x40, 0x3c, 0xbf, 0xea, 0x0,
    0xf1, 0x98, 0x3, 0xfe, 0xcd, 0x0, 0xff, 0x20,
    0x48, 0x7, 0xfb, 0x9, 0xc0, 0x38,

    /* U+0146 "ņ" */
    0x5f, 0x62, 0xbe, 0xfc, 0x50, 0xa, 0xb5, 0x48,
    0x4e, 0x98, 0x0, 0x6b, 0xd9, 0xca, 0x14, 0x1,
    0x58, 0x5, 0x20, 0x60, 0x2, 0x10, 0x8, 0x40,
    0x30, 0x80, 0x7f, 0xfb, 0x57, 0xf0, 0x3, 0x17,
    0xf8, 0x3, 0x9, 0x90, 0x7, 0xd3, 0x8a, 0x1,
    0xf1, 0x8b, 0x0, 0x7c, 0x90, 0x20, 0x10,

    /* U+0147 "Ň" */
    0x0, 0xa7, 0x90, 0x1, 0x5e, 0x60, 0x1d, 0x25,
    0x6b, 0x6b, 0x46, 0x1, 0xed, 0x1a, 0x46, 0x50,
    0xf, 0x86, 0x9e, 0x24, 0x3, 0xf9, 0x21, 0xc0,
    0x38, 0x7f, 0xd8, 0x1, 0xe6, 0xfa, 0x0, 0x8d,
    0xc0, 0x3f, 0xf8, 0x10, 0x20, 0x1f, 0xc8, 0x80,
    0xa0, 0xf, 0xe7, 0xa0, 0x45, 0x0, 0xfc, 0x22,
    0x90, 0xb0, 0xf, 0xf3, 0x18, 0xc8, 0x7, 0xfb,
    0x81, 0x8c, 0xc, 0x3, 0xe2, 0x70, 0xf0, 0xf,
    0xf4, 0x11, 0xb8, 0x7, 0xfb, 0x82, 0xc, 0x3,
    0xf8, 0xd8, 0x20, 0x3, 0xfd, 0x22, 0x20, 0xf,
    0xfa, 0xc0, 0x20,

    /* U+0148 "ň" */
    0x1, 0xeb, 0x10, 0x4e, 0xa0, 0x0, 0xe2, 0xfc,
    0xda, 0x50, 0x4, 0x5a, 0xc, 0x74, 0x1, 0xc7,
    0xdf, 0x80, 0x12, 0xfb, 0x15, 0xf7, 0xe2, 0x80,
    0x55, 0xaa, 0x42, 0x74, 0xc0, 0x3, 0x5e, 0xce,
    0x50, 0xa0, 0xa, 0xc0, 0x29, 0x3, 0x0, 0x10,
    0x80, 0x42, 0x1, 0x84, 0x3, 0xff, 0xda,

    /* U+0149 "ŉ" */
    0x1f, 0xf1, 0x0, 0x7f, 0x28, 0x11, 0x0, 0x3f,
    0x8c, 0x14, 0x3, 0xfd, 0xa1, 0x54, 0xf1, 0x3c,
    0xfe, 0xb2, 0x4, 0x32, 0x0, 0x4e, 0x18, 0xa,
    0x69, 0x76, 0x0, 0x4e, 0xbb, 0xd4, 0x0, 0xa0,
    0xe, 0x1a, 0x21, 0x56, 0x2, 0x0, 0xe7, 0x0,
    0xde, 0x2, 0x1, 0xc2, 0x1, 0xff, 0xc0, 0xf0,
    0xf, 0xff, 0x78,

    /* U+014A "Ŋ" */
    0x1f, 0xf6, 0x80, 0x79, 0xbe, 0x80, 0x22, 0x80,
    0xf, 0xfe, 0x3, 0x98, 0x7, 0xf2, 0x28, 0x70,
    0x7, 0xf3, 0xd8, 0x94, 0x80, 0x7e, 0x11, 0x50,
    0x32, 0x0, 0x7f, 0x23, 0x5, 0x8, 0x18, 0x7,
    0xd2, 0x43, 0x60, 0x1f, 0xee, 0x5, 0x50, 0x7,
    0xf1, 0xc0, 0x59, 0x80, 0x7f, 0x39, 0x8c, 0x0,
    0x7f, 0xb8, 0x4, 0x3, 0xfc, 0x52, 0x1, 0xff,
    0xc0, 0x65, 0x0, 0xf, 0xe8, 0x7, 0xd8, 0x6,
    0x1, 0xfc, 0x34, 0x1e, 0x1, 0xf7, 0x6f, 0x18,
    0xb8, 0x7, 0xc6, 0x44, 0x6f, 0x10,

    /* U+014B "ŋ" */
    0x5f, 0x63, 0xbf, 0xf6, 0x28, 0x5, 0x78, 0xec,
    0x87, 0x4c, 0x0, 0x28, 0xc9, 0xb7, 0xb, 0x0,
    0x9c, 0x2, 0xb0, 0x20, 0x1, 0x0, 0x61, 0x0,
    0xc2, 0x1, 0xff, 0xed, 0x5f, 0xc0, 0xf, 0xfe,
    0x63, 0x80, 0x80, 0x74, 0x65, 0x3, 0x0, 0x78,
    0xc5, 0xa0,

    /* U+014C "Ō" */
    0x0, 0x8a, 0x67, 0xa0, 0x3, 0xe1, 0x66, 0xf0,
    0x7, 0xc7, 0xff, 0xdc, 0x1, 0xff, 0xc9, 0x4a,
    0xdf, 0xed, 0x82, 0x0, 0xea, 0xb5, 0x21, 0x2,
    0x7d, 0x50, 0xa, 0x14, 0x27, 0xfb, 0xa5, 0xa,
    0x30, 0x27, 0x9, 0x60, 0x8, 0x69, 0x3, 0xc1,
    0x40, 0x98, 0x3, 0xd0, 0x6, 0x5a, 0x8, 0x1,
    0xf1, 0x88, 0x3b, 0x0, 0x80, 0x7e, 0x30, 0x20,
    0xf, 0xfe, 0x13, 0x0, 0x80, 0x7e, 0x30, 0x2d,
    0x7, 0x0, 0xf8, 0xc4, 0x1d, 0x40, 0x58, 0x3,
    0xd0, 0x6, 0x44, 0x70, 0x96, 0x0, 0x86, 0x90,
    0x3c, 0x1, 0xa, 0x13, 0xfd, 0xd2, 0x85, 0x18,
    0x5, 0x56, 0xa4, 0x20, 0x4f, 0xaa, 0x0,

    /* U+014D "ō" */
    0x0, 0x7f, 0xf8, 0xc0, 0x33, 0xb3, 0x71, 0x0,
    0x68, 0x99, 0xe1, 0x0, 0xcb, 0x9f, 0xec, 0x70,
    0xd, 0x34, 0x64, 0x43, 0x8b, 0x0, 0x23, 0x5,
    0xee, 0xc2, 0x8e, 0x1c, 0xc, 0x80, 0x2, 0x80,
    0x90, 0x70, 0xc0, 0xc, 0x80, 0x22, 0x30, 0x10,
    0xc, 0x40, 0x3, 0x30, 0x8, 0x6, 0x20, 0x1,
    0xb8, 0x60, 0x6, 0x40, 0x11, 0x48, 0x31, 0x80,
    0x6, 0xc1, 0x80, 0xdc, 0x33, 0x17, 0xc4, 0x70,
    0x0, 0x8a, 0x42, 0x42, 0x8c, 0x0, 0x0,

    /* U+014E "Ŏ" */
    0x0, 0x89, 0xc0, 0x21, 0x81, 0x0, 0xfa, 0x32,
    0xaf, 0xd4, 0x40, 0x3c, 0x56, 0xa, 0xa4, 0xf0,
    0xf, 0xc9, 0x9f, 0xd4, 0x40, 0x1f, 0xfc, 0x94,
    0xad, 0xfe, 0xd8, 0x20, 0xe, 0xab, 0x52, 0x10,
    0x27, 0xd5, 0x0, 0xa1, 0x42, 0x7f, 0xba, 0x50,
    0xa3, 0x2, 0x70, 0x96, 0x0, 0x86, 0x90, 0x3c,
    0x14, 0x9, 0x80, 0x3d, 0x0, 0x65, 0xa0, 0x80,
    0x1f, 0x18, 0x83, 0xb0, 0x8, 0x7, 0xe3, 0x2,
    0x0, 0xff, 0xe1, 0x30, 0x8, 0x7, 0xe3, 0x2,
    0xd0, 0x70, 0xf, 0x8c, 0x41, 0xd4, 0x5, 0x80,
    0x3d, 0x0, 0x64, 0x47, 0x9, 0x60, 0x8, 0x69,
    0x3, 0xc0, 0x10, 0xa1, 0x3f, 0xdd, 0x28, 0x51,
    0x80, 0x55, 0x6a, 0x42, 0x4, 0xfa, 0xa0, 0x0,

    /* U+014F "ŏ" */
    0x0, 0x7b, 0x0, 0xf, 0xd4, 0x3, 0x34, 0xff,
    0xb0, 0xd4, 0x3, 0x4d, 0xbb, 0x4e, 0x0, 0x79,
    0x22, 0x58, 0x3, 0xcb, 0x9f, 0xec, 0x70, 0xd,
    0x34, 0x64, 0x43, 0x8b, 0x0, 0x23, 0x5, 0xee,
    0xc2, 0x8e, 0x1c, 0xc, 0x80, 0x2, 0x80, 0x90,
    0x70, 0xc0, 0xc, 0x80, 0x22, 0x30, 0x10, 0xc,
    0x40, 0x3, 0x30, 0x8, 0x6, 0x20, 0x1, 0xb8,
    0x60, 0x6, 0x40, 0x11, 0x48, 0x31, 0x80, 0x6,
    0xc1, 0x80, 0xdc, 0x33, 0x17, 0xc4, 0x70, 0x0,
    0x8a, 0x42, 0x42, 0x8c, 0x0, 0x0,

    /* U+0150 "Ő" */
    0x0, 0xd1, 0xf8, 0x1b, 0xec, 0x1, 0xe1, 0x72,
    0xd7, 0x27, 0x60, 0xf, 0x51, 0x61, 0xc3, 0xc0,
    0x7, 0xd1, 0xa2, 0x7b, 0x0, 0x1f, 0x8c, 0x0,
    0x24, 0x1, 0xfc, 0x95, 0xbf, 0xdb, 0x4, 0x1,
    0xd5, 0x6a, 0x42, 0x4, 0xfa, 0xa0, 0x14, 0x28,
    0x4f, 0xf7, 0x4a, 0x14, 0x60, 0x4e, 0x12, 0xc0,
    0x10, 0xd2, 0x7, 0x82, 0x81, 0x30, 0x7, 0xa0,
    0xc, 0xb4, 0x10, 0x3, 0xe3, 0x10, 0x76, 0x1,
    0x0, 0xfc, 0x60, 0x40, 0x1f, 0xfc, 0x26, 0x1,
    0x0, 0xfc, 0x60, 0x5a, 0xe, 0x1, 0xf1, 0x88,
    0x3a, 0x80, 0xb0, 0x7, 0xa0, 0xc, 0x88, 0xe1,
    0x2c, 0x1, 0xd, 0x20, 0x78, 0x2, 0x14, 0x27,
    0xfb, 0xa5, 0xa, 0x30, 0xa, 0xad, 0x48, 0x40,
    0x9f, 0x54, 0x0,

    /* U+0151 "ő" */
    0x0, 0x27, 0xf0, 0xcf, 0xd0, 0x6, 0x80, 0xd2,
    0x63, 0xa0, 0x9, 0xce, 0xcf, 0xcf, 0x0, 0x32,
    0xf2, 0x7, 0xe0, 0x7, 0x12, 0x67, 0xe6, 0x1c,
    0x3, 0x4d, 0x19, 0x10, 0xe2, 0xc0, 0x8, 0xc1,
    0x7b, 0xb0, 0xa3, 0x87, 0x3, 0x20, 0x0, 0xa0,
    0x24, 0x1c, 0x30, 0x3, 0x20, 0x8, 0x8c, 0x4,
    0x3, 0x10, 0x0, 0xcc, 0x2, 0x1, 0x88, 0x0,
    0x6e, 0x18, 0x1, 0x90, 0x4, 0x52, 0xc, 0x60,
    0x1, 0xb0, 0x60, 0x37, 0xc, 0xc5, 0xf1, 0x1c,
    0x0, 0x22, 0x90, 0x90, 0xa3, 0x0, 0x0,

    /* U+0152 "Œ" */
    0x0, 0x96, 0xf7, 0xff, 0xfd, 0x40, 0xa, 0xa2,
    0x10, 0x7, 0xff, 0x2, 0x54, 0x1b, 0x3b, 0x94,
    0x0, 0xee, 0xea, 0x26, 0x8, 0x93, 0x11, 0x30,
    0x0, 0x47, 0x81, 0x40, 0x5c, 0x3, 0xff, 0x83,
    0xa0, 0xe0, 0x1f, 0xfc, 0x26, 0xe, 0x0, 0xfd,
    0xff, 0xc8, 0x1, 0xff, 0x11, 0x73, 0xb0, 0x70,
    0x7, 0xed, 0xde, 0x3d, 0x4, 0x0, 0xff, 0xe1,
    0x28, 0x12, 0x80, 0x7f, 0xf0, 0x49, 0x82, 0x98,
    0x3, 0xff, 0x83, 0x2a, 0x13, 0xfd, 0xcc, 0x0,
    0x6e, 0xf4, 0x0, 0x2a, 0xd4, 0x84, 0x40, 0x11,
    0x17, 0x80,

    /* U+0153 "œ" */
    0x0, 0x36, 0x7f, 0xb1, 0x0, 0xf, 0xbf, 0xd4,
    0x20, 0x15, 0x49, 0xa2, 0xe, 0xde, 0xe0, 0xd4,
    0xd7, 0xc4, 0x15, 0x43, 0xb7, 0x6d, 0x18, 0x44,
    0x75, 0x6a, 0x8d, 0x87, 0x3, 0x10, 0x0, 0x98,
    0x1, 0x0, 0x14, 0x2, 0x82, 0x86, 0x0, 0x6c,
    0x0, 0x54, 0xcd, 0x60, 0x1, 0x10, 0x38, 0x6,
    0x70, 0x3, 0x37, 0x0, 0xc, 0x41, 0x80, 0x33,
    0x80, 0x3f, 0xfe, 0x24, 0xd, 0x0, 0xd8, 0x0,
    0x40, 0xf, 0xb8, 0x18, 0xc0, 0x6, 0xc0, 0x9,
    0x10, 0x8, 0x4c, 0x11, 0x87, 0x37, 0x30, 0x2e,
    0xa5, 0xd9, 0x8d, 0xea, 0x0, 0x4d, 0x19, 0x19,
    0xaa, 0x2a, 0x4c, 0xf2, 0xd0, 0x0,

    /* U+0154 "Ŕ" */
    0x0, 0xe2, 0xff, 0x28, 0x7, 0xe9, 0x7, 0x50,
    0xf, 0x99, 0x1a, 0x0, 0x3f, 0xa6, 0x40, 0x1f,
    0xcc, 0xc0, 0xf, 0x17, 0xff, 0x75, 0x20, 0x7,
    0x8c, 0xc4, 0x2b, 0x6e, 0x1, 0xd9, 0x8d, 0xf6,
    0x8, 0x10, 0xf, 0xd0, 0x0, 0x20, 0xf, 0xf8,
    0x40, 0x3f, 0x58, 0x11, 0x0, 0x36, 0x63, 0x7d,
    0x4b, 0x0, 0x38, 0xcc, 0x40, 0x9a, 0x20, 0x1d,
    0xfe, 0xd0, 0x42, 0x0, 0xfc, 0x4c, 0x12, 0x1,
    0xfd, 0x0, 0x8a, 0x1, 0xf8, 0x60, 0x2c, 0x3,
    0xf9, 0xc4, 0x50, 0x1, 0xfd, 0x60, 0xe4,

    /* U+0155 "ŕ" */
    0x0, 0xd5, 0xf8, 0x1, 0x99, 0x53, 0x0, 0x22,
    0x86, 0xb0, 0xc, 0x5d, 0x20, 0x12, 0xfb, 0xc,
    0xf7, 0x88, 0x3, 0xb5, 0x84, 0x4, 0x0, 0xe5,
    0x7f, 0xe0, 0xd, 0xa8, 0x1, 0xc4, 0x60, 0x1e,
    0x10, 0xf, 0xff, 0x8,

    /* U+0156 "Ŗ" */
    0x2f, 0xfe, 0xda, 0x30, 0xf, 0x19, 0x88, 0x8b,
    0x8a, 0x1, 0xd9, 0x8d, 0xe4, 0xb, 0x0, 0xfc,
    0x32, 0x2, 0x60, 0x1f, 0x88, 0x3, 0xfe, 0x30,
    0x1, 0x0, 0x78, 0x53, 0x81, 0x84, 0x3, 0x7f,
    0xba, 0xc9, 0xa4, 0x3, 0x8c, 0xc4, 0x9, 0x20,
    0x1e, 0xcc, 0x85, 0x18, 0x3, 0xf0, 0xd8, 0x48,
    0x80, 0x7e, 0x54, 0xa, 0x0, 0xfe, 0xa0, 0x46,
    0x0, 0xfc, 0x32, 0x12, 0x44, 0xff, 0x0, 0x73,
    0x7f, 0x88, 0x3, 0x8c, 0xc0, 0x1f, 0xc5, 0x9c,
    0x1, 0xfc, 0xe1, 0x60, 0x1f, 0xde, 0x6c, 0x1,
    0xc0,

    /* U+0157 "ŗ" */
    0x5f, 0x61, 0x9e, 0xf1, 0x0, 0x76, 0xb0, 0x80,
    0x80, 0x1c, 0xaf, 0xfc, 0x1, 0xb5, 0x0, 0x38,
    0x8c, 0x3, 0xc2, 0x1, 0xff, 0xe1, 0x5f, 0xc0,
    0xf, 0x19, 0x80, 0x38, 0xb3, 0x80, 0x39, 0xc2,
    0xc0, 0x3b, 0xcd, 0x80, 0x38,

    /* U+0158 "Ř" */
    0x1, 0xeb, 0x10, 0x2d, 0xc0, 0xc, 0x3a, 0x9a,
    0x9a, 0x7a, 0x1, 0xc7, 0x27, 0x61, 0xa2, 0x1,
    0xe6, 0x87, 0xa3, 0x0, 0xfc, 0xf0, 0xa0, 0x1c,
    0x5f, 0xfd, 0xd4, 0x80, 0x1e, 0x33, 0x10, 0xad,
    0xb8, 0x7, 0x66, 0x37, 0xd8, 0x20, 0x40, 0x3f,
    0x40, 0x0, 0x80, 0x3f, 0xe1, 0x0, 0xfd, 0x60,
    0x44, 0x0, 0xd9, 0x8d, 0xf5, 0x2c, 0x0, 0xe3,
    0x31, 0x2, 0x68, 0x80, 0x77, 0xfb, 0x41, 0x8,
    0x3, 0xf1, 0x30, 0x48, 0x7, 0xf4, 0x2, 0x28,
    0x7, 0xe1, 0x80, 0xb0, 0xf, 0xe7, 0x11, 0x40,
    0x7, 0xf5, 0x83, 0x90,

    /* U+0159 "ř" */
    0x6f, 0x70, 0x4, 0xfa, 0x34, 0x42, 0xb5, 0xad,
    0x1, 0xd9, 0x4a, 0x50, 0x2, 0x9f, 0xf3, 0x0,
    0x17, 0xd8, 0x67, 0xbc, 0x40, 0x1d, 0xac, 0x20,
    0x20, 0x7, 0x2b, 0xff, 0x0, 0x6d, 0x40, 0xe,
    0x23, 0x0, 0xf0, 0x80, 0x7f, 0xf8, 0x40,

    /* U+015A "Ś" */
    0x0, 0xc3, 0xdf, 0x0, 0x1e, 0xb1, 0x78, 0x0,
    0xe7, 0x59, 0x80, 0xf, 0x3f, 0xb0, 0x7, 0xff,
    0xc, 0x63, 0x7f, 0xb6, 0x4c, 0xb, 0xdc, 0x84,
    0x44, 0xd4, 0x10, 0x27, 0xdc, 0xfe, 0x9b, 0x7,
    0x9, 0x10, 0x0, 0xb1, 0x3, 0x6, 0x80, 0x7d,
    0xe0, 0xf2, 0x40, 0x1c, 0x94, 0x2d, 0xb6, 0x80,
    0x19, 0x7a, 0x9, 0x2e, 0xc2, 0x1, 0x9f, 0x68,
    0x52, 0xc0, 0x3c, 0xba, 0xa, 0x1, 0xf1, 0x0,
    0x50, 0x60, 0x10, 0xd8, 0x10, 0x3e, 0x7f, 0x74,
    0xa1, 0xc1, 0x8, 0x23, 0x13, 0x69, 0x80,

    /* U+015B "ś" */
    0x0, 0xea, 0xfc, 0x0, 0xe6, 0x54, 0xc0, 0xc,
    0x50, 0xd6, 0x1, 0xc5, 0xd2, 0x1, 0xcd, 0x9d,
    0xfb, 0x26, 0x13, 0x22, 0x54, 0x6, 0x60, 0x30,
    0x65, 0xdb, 0x74, 0xa0, 0x20, 0x80, 0x11, 0x0,
    0x20, 0x27, 0x58, 0x3, 0x35, 0xa1, 0x4f, 0xb8,
    0x4, 0x97, 0xac, 0x10, 0xe0, 0x18, 0xa6, 0x41,
    0x60, 0xa0, 0x1e, 0x70, 0xaf, 0xcb, 0xc9, 0xe,
    0x8, 0x33, 0x21, 0x26, 0x28,

    /* U+015C "Ŝ" */
    0x0, 0xb3, 0xfc, 0x40, 0x1d, 0x46, 0xc1, 0xe2,
    0x1, 0x4a, 0x54, 0xe8, 0xe0, 0x80, 0x27, 0x94,
    0xb, 0x34, 0x40, 0x3f, 0xf8, 0x3, 0x1b, 0xfd,
    0xb2, 0x60, 0x5e, 0xe4, 0x22, 0x26, 0xa0, 0x81,
    0x3e, 0xe7, 0xf4, 0xd8, 0x38, 0x48, 0x80, 0x5,
    0x88, 0x18, 0x34, 0x3, 0xef, 0x7, 0x92, 0x0,
    0xe4, 0xa1, 0x6d, 0xb4, 0x0, 0xcb, 0xd0, 0x49,
    0x76, 0x10, 0xc, 0xfb, 0x42, 0x96, 0x1, 0xe5,
    0xd0, 0x50, 0xf, 0x88, 0x2, 0x83, 0x0, 0x86,
    0xc0, 0x81, 0xf3, 0xfb, 0xa5, 0xe, 0x8, 0x41,
    0x18, 0x9b, 0x4c, 0x0,

    /* U+015D "ŝ" */
    0x0, 0xab, 0xfc, 0x80, 0x19, 0xd5, 0x45, 0x66,
    0x0, 0x69, 0x95, 0x62, 0xe9, 0x3, 0x73, 0x0,
    0xd7, 0x10, 0x1, 0xb3, 0xbf, 0x64, 0xc2, 0x64,
    0x4a, 0x80, 0xcc, 0x6, 0xc, 0xbb, 0x6e, 0x94,
    0x4, 0x10, 0x2, 0x20, 0x4, 0x4, 0xeb, 0x0,
    0x66, 0xb4, 0x29, 0xf7, 0x0, 0x92, 0xf5, 0x82,
    0x1c, 0x3, 0x14, 0xc8, 0x2c, 0x14, 0x3, 0xce,
    0x15, 0xf9, 0x79, 0x21, 0xc1, 0x6, 0x64, 0x24,
    0xc5,

    /* U+015E "Ş" */
    0x1, 0x8d, 0xfe, 0xd9, 0x30, 0x2f, 0x72, 0x11,
    0x13, 0x50, 0x40, 0x9f, 0x73, 0xfa, 0x6c, 0x1c,
    0x24, 0x40, 0x2, 0xc4, 0xc, 0x1a, 0x1, 0xf7,
    0x83, 0xc9, 0x0, 0x72, 0x50, 0xb6, 0xda, 0x0,
    0x65, 0xe8, 0x24, 0xbb, 0x8, 0x6, 0x7d, 0xa1,
    0x4b, 0x0, 0xf2, 0xe8, 0x28, 0x7, 0xc4, 0x1,
    0x41, 0x80, 0x43, 0x60, 0x40, 0xf9, 0xfd, 0xd2,
    0x87, 0x4, 0x20, 0x8c, 0x4d, 0xa6, 0xf, 0x7c,
    0xaa, 0xd9, 0x20, 0xe, 0x65, 0x90, 0xf, 0xb1,
    0xd8, 0xc0, 0x39, 0x12, 0x2, 0x0, 0xe8, 0xb1,
    0xa1, 0x0, 0x80,

    /* U+015F "ş" */
    0x0, 0x36, 0x77, 0xec, 0x98, 0x4c, 0x89, 0x50,
    0x19, 0x80, 0xc1, 0x97, 0x6d, 0xd2, 0x80, 0x82,
    0x0, 0x44, 0x0, 0x80, 0x9d, 0x60, 0xc, 0xd6,
    0x85, 0x3e, 0xe0, 0x12, 0x5e, 0xb0, 0x43, 0x80,
    0x62, 0x99, 0x5, 0x82, 0x80, 0x79, 0xc2, 0xbf,
    0x2f, 0x24, 0x38, 0x20, 0xcc, 0x86, 0x98, 0xa0,
    0xf9, 0xe1, 0x56, 0x60, 0x19, 0x6, 0xd4, 0x3,
    0x93, 0x8e, 0x0, 0x30, 0xaa, 0x89, 0x80, 0x31,
    0x55, 0x12, 0x40, 0x0,

    /* U+0160 "Š" */
    0xa, 0xe5, 0x1, 0xbe, 0x20, 0x5, 0x25, 0x47,
    0xae, 0x10, 0x5, 0x46, 0xe3, 0xa4, 0x1, 0xd9,
    0xfe, 0x30, 0xf, 0xfe, 0x10, 0xc6, 0xff, 0x6c,
    0x98, 0x17, 0xb9, 0x8, 0x89, 0xa8, 0x20, 0x4f,
    0xb9, 0xfd, 0x36, 0xe, 0x12, 0x20, 0x1, 0x62,
    0x6, 0xd, 0x0, 0xfb, 0xc1, 0xe4, 0x80, 0x39,
    0x28, 0x5b, 0x6d, 0x0, 0x32, 0xf4, 0x12, 0x5d,
    0x84, 0x3, 0x3e, 0xd0, 0xa5, 0x80, 0x79, 0x74,
    0x14, 0x3, 0xe2, 0x0, 0xa0, 0xc0, 0x21, 0xb0,
    0x20, 0x7c, 0xfe, 0xe9, 0x43, 0x82, 0x10, 0x46,
    0x26, 0xd3, 0x0,

    /* U+0161 "š" */
    0x6, 0xf7, 0x0, 0x4f, 0xa0, 0x34, 0x42, 0xb5,
    0xad, 0x0, 0xe, 0xca, 0x52, 0x80, 0x1a, 0x7f,
    0xcc, 0x1, 0x9b, 0x3b, 0xf6, 0x4c, 0x26, 0x44,
    0xa8, 0xc, 0xc0, 0x60, 0xcb, 0xb6, 0xe9, 0x40,
    0x41, 0x0, 0x22, 0x0, 0x40, 0x4e, 0xb0, 0x6,
    0x6b, 0x42, 0x9f, 0x70, 0x9, 0x2f, 0x58, 0x21,
    0xc0, 0x31, 0x4c, 0x82, 0xc1, 0x40, 0x3c, 0xe1,
    0x5f, 0x97, 0x92, 0x1c, 0x10, 0x66, 0x42, 0x4c,
    0x50,

    /* U+0162 "Ţ" */
    0xbf, 0xff, 0xf0, 0x91, 0x42, 0x0, 0x22, 0xd5,
    0xbb, 0x48, 0x26, 0xee, 0x0, 0xff, 0xff, 0x80,
    0x7f, 0xf9, 0x94, 0x24, 0x3, 0xf2, 0x84, 0x90,
    0x7, 0xcf, 0xa9, 0x60, 0x1e, 0x24, 0x50, 0x10,
    0xf, 0x25, 0xca, 0xc0, 0x4,

    /* U+0163 "ţ" */
    0x0, 0x47, 0x80, 0x79, 0x80, 0x39, 0x34, 0x43,
    0xfe, 0x12, 0x70, 0x2, 0xac, 0x2d, 0x0, 0xa,
    0xa8, 0x3, 0xff, 0xbc, 0x40, 0x3, 0x0, 0xe4,
    0xc, 0xc6, 0x90, 0x2, 0x94, 0xc, 0xc, 0x0,
    0x30, 0x19, 0xa2, 0x1, 0x38, 0xf2, 0x0, 0x65,
    0xf2, 0xf0, 0x8, 0x91, 0xc0, 0x80, 0x26, 0xb8,
    0x58, 0x0,

    /* U+0164 "Ť" */
    0x0, 0x5f, 0x18, 0x2, 0xfc, 0x80, 0x2a, 0x3c,
    0x4c, 0x4b, 0x20, 0x8, 0x7c, 0x2c, 0xe1, 0x0,
    0x38, 0xad, 0xe1, 0xc0, 0x3e, 0x48, 0x70, 0xd,
    0x7f, 0xff, 0xe1, 0x22, 0x84, 0x0, 0x45, 0xab,
    0x76, 0x90, 0x4d, 0xdc, 0x1, 0xff, 0xff, 0x0,
    0xff, 0xf1, 0x0,

    /* U+0165 "ť" */
    0x0, 0xf8, 0xbf, 0x40, 0x3e, 0x70, 0xb0, 0x4,
    0x78, 0x5, 0x84, 0xc0, 0x6, 0x0, 0xd7, 0x80,
    0x9a, 0x21, 0xff, 0x18, 0x81, 0x38, 0x1, 0x56,
    0x10, 0x3, 0x40, 0x2, 0xaa, 0x0, 0xff, 0xf5,
    0x10, 0x0, 0xc0, 0x3e, 0x40, 0xcc, 0x69, 0x0,
    0x6a, 0x50, 0x30, 0x30, 0x0,

    /* U+0166 "Ŧ" */
    0xbf, 0xff, 0xf0, 0x8f, 0x0, 0x4, 0x62, 0xae,
    0xea, 0x41, 0x3b, 0xad, 0x0, 0xff, 0xeb, 0x27,
    0xfa, 0x1, 0x3f, 0xd0, 0x0, 0x73, 0x30, 0x80,
    0x99, 0xb8, 0x0, 0x79, 0x89, 0x5, 0xcc, 0x30,
    0x7, 0xff, 0xb0,

    /* U+0167 "ŧ" */
    0x0, 0x1b, 0x80, 0x7a, 0x60, 0x3, 0xc8, 0x1,
    0xcb, 0xc2, 0x1f, 0xf0, 0x9a, 0x0, 0x15, 0x61,
    0x68, 0x0, 0x55, 0x40, 0x1f, 0xcf, 0xa0, 0xf,
    0xf6, 0x2, 0x30, 0x1, 0xdd, 0x40, 0x76, 0x0,
    0x88, 0x30, 0x7, 0xf8, 0x80, 0x6, 0x1, 0xc6,
    0x19, 0x7a, 0x40, 0xd, 0x50, 0x40, 0x30,

    /* U+0168 "Ũ" */
    0x0, 0x89, 0xd8, 0x40, 0xa0, 0x3, 0xe, 0xc4,
    0xf5, 0x79, 0x80, 0x67, 0x2e, 0xc5, 0x41, 0x90,
    0xc, 0xda, 0x27, 0x5d, 0x84, 0x1, 0xff, 0xc2,
    0x3f, 0xf0, 0x7, 0x8b, 0xfc, 0x1, 0xff, 0xff,
    0x0, 0xff, 0xe4, 0x88, 0x7, 0xe6, 0x1, 0x20,
    0x2, 0x80, 0x76, 0x82, 0x83, 0x5, 0xa0, 0x4,
    0xcc, 0xe, 0x9, 0x31, 0xbf, 0xef, 0x90, 0x75,
    0x0, 0x64, 0x18, 0x8, 0x96, 0xe0, 0x0,

    /* U+0169 "ũ" */
    0x0, 0x37, 0x6a, 0x1, 0xf8, 0x0, 0x65, 0x42,
    0xeb, 0x90, 0x0, 0x85, 0x7a, 0xea, 0x32, 0x0,
    0x5d, 0x0, 0x47, 0xe1, 0x3, 0xfd, 0x80, 0x63,
    0xfe, 0x0, 0xff, 0xf6, 0xb8, 0x6, 0x70, 0xc,
    0x60, 0x3, 0x3, 0x10, 0x0, 0xc8, 0x1, 0x8,
    0x3e, 0x65, 0xe6, 0x1, 0x63, 0x1b, 0x3b, 0xb0,
    0x40,

    /* U+016A "Ū" */
    0x0, 0x9a, 0x67, 0x90, 0x3, 0xb5, 0x9b, 0x8c,
    0x3, 0xaf, 0xff, 0x9c, 0x3, 0xff, 0x84, 0x7f,
    0xe0, 0xf, 0x17, 0xf8, 0x3, 0xff, 0xfe, 0x1,
    0xff, 0xc9, 0x10, 0xf, 0xcc, 0x2, 0x40, 0x5,
    0x0, 0xed, 0x5, 0x6, 0xb, 0x40, 0x9, 0x98,
    0x1c, 0x12, 0x63, 0x7f, 0xdf, 0x20, 0xea, 0x0,
    0xc8, 0x30, 0x11, 0x2d, 0xc0, 0x0,

    /* U+016B "ū" */
    0x0, 0x3c, 0xcf, 0x18, 0x5, 0x6c, 0xde, 0x0,
    0xb3, 0xff, 0x94, 0x1f, 0xec, 0x3, 0x1f, 0xf0,
    0x7, 0xff, 0xb5, 0xc0, 0x33, 0x80, 0x63, 0x0,
    0x18, 0x18, 0x80, 0x6, 0x40, 0x8, 0x41, 0xf3,
    0x2f, 0x30, 0xb, 0x18, 0xd9, 0xdd, 0x82, 0x0,

    /* U+016C "Ŭ" */
    0x0, 0x98, 0xc0, 0x25, 0x50, 0x7, 0x7e, 0x55,
    0x32, 0x8c, 0x3, 0xa5, 0x91, 0x46, 0x58, 0x3,
    0xd3, 0xdf, 0xac, 0x1, 0xff, 0xc3, 0x3f, 0xf0,
    0x7, 0x8b, 0xfc, 0x1, 0xff, 0xff, 0x0, 0xff,
    0xe4, 0x88, 0x7, 0xe6, 0x1, 0x20, 0x2, 0x80,
    0x76, 0x82, 0x83, 0x5, 0xa0, 0x4, 0xcc, 0xe,
    0x9, 0x31, 0xbf, 0xef, 0x90, 0x75, 0x0, 0x64,
    0x18, 0x8, 0x96, 0xe0, 0x0,

    /* U+016D "ŭ" */
    0x0, 0x73, 0x0, 0x59, 0x0, 0x13, 0x4d, 0xd6,
    0x9d, 0x0, 0x50, 0xea, 0xa1, 0xb2, 0x0, 0xd1,
    0xdf, 0x88, 0x0, 0x7f, 0xb0, 0xc, 0x7f, 0xc0,
    0x1f, 0xfe, 0xd7, 0x0, 0xce, 0x1, 0x8c, 0x0,
    0x60, 0x62, 0x0, 0x19, 0x0, 0x21, 0x7, 0xcc,
    0xbc, 0xc0, 0x2c, 0x63, 0x67, 0x76, 0x8, 0x0,

    /* U+016E "Ů" */
    0x0, 0xc7, 0x9d, 0x40, 0x1f, 0xb9, 0x35, 0xdc,
    0x1, 0xf1, 0xf1, 0x8f, 0x80, 0x7d, 0x73, 0xe3,
    0x20, 0x1f, 0x2f, 0xf6, 0x88, 0x7, 0xf0, 0x80,
    0x71, 0xff, 0x80, 0x3c, 0x5f, 0xe0, 0xf, 0xff,
    0xf8, 0x7, 0xff, 0x24, 0x40, 0x3f, 0x30, 0x9,
    0x0, 0x14, 0x3, 0xb4, 0x14, 0x18, 0x2d, 0x0,
    0x26, 0x60, 0x70, 0x49, 0x8d, 0xff, 0x7c, 0x83,
    0xa8, 0x3, 0x20, 0xc0, 0x44, 0xb7, 0x0,

    /* U+016F "ů" */
    0x0, 0x8b, 0x3a, 0x0, 0x3d, 0xcb, 0xae, 0xa0,
    0x1c, 0x74, 0x69, 0xa0, 0x1c, 0x48, 0x2b, 0xc0,
    0x1d, 0x31, 0xca, 0xc0, 0x1c, 0x9f, 0xd6, 0x1,
    0x3f, 0xd8, 0x0, 0x40, 0xff, 0x80, 0x3f, 0xfd,
    0xae, 0x1, 0x9c, 0x3, 0x18, 0x0, 0xc0, 0xc4,
    0x0, 0x32, 0x0, 0x42, 0xf, 0x99, 0x79, 0x80,
    0x58, 0xc6, 0xce, 0xec, 0x10,

    /* U+0170 "Ű" */
    0x0, 0xdd, 0xe8, 0xbf, 0xa0, 0x1d, 0x3, 0x9,
    0x3, 0xe0, 0x18, 0xde, 0x1e, 0xf, 0x48, 0x3,
    0x16, 0xb8, 0x57, 0x98, 0x7, 0x9, 0x0, 0x8,
    0x40, 0x31, 0xff, 0x80, 0x3c, 0x5f, 0xe0, 0xf,
    0xff, 0xf8, 0x7, 0xff, 0x24, 0x40, 0x3f, 0x30,
    0x9, 0x0, 0x14, 0x3, 0xb4, 0x14, 0x18, 0x2d,
    0x0, 0x26, 0x60, 0x70, 0x49, 0x8d, 0xff, 0x7c,
    0x83, 0xa8, 0x3, 0x20, 0xc0, 0x44, 0xb7, 0x0,

    /* U+0171 "ű" */
    0x0, 0xf, 0xf8, 0xdf, 0xf0, 0x2, 0xb0, 0xa2,
    0x92, 0xd0, 0x2, 0x2c, 0xad, 0x9f, 0x88, 0x1,
    0x75, 0x82, 0x70, 0x80, 0xf, 0xd2, 0x0, 0x31,
    0x3f, 0xe0, 0xf, 0xff, 0x6b, 0x80, 0x67, 0x0,
    0xc6, 0x0, 0x30, 0x31, 0x0, 0xc, 0x80, 0x10,
    0x83, 0xe6, 0x5e, 0x60, 0x16, 0x31, 0xb3, 0xbb,
    0x4, 0x0,

    /* U+0172 "Ų" */
    0x3f, 0xf0, 0x7, 0x8b, 0xfc, 0x1, 0xff, 0xff,
    0x0, 0xff, 0xe4, 0x88, 0x7, 0xe6, 0x0, 0x10,
    0x1, 0x40, 0x3b, 0x40, 0x81, 0x82, 0xd0, 0x2,
    0x66, 0x2, 0x4, 0x98, 0xdf, 0xf7, 0xc8, 0xc,
    0x0, 0x32, 0xc, 0x4, 0x40, 0xd, 0x10, 0x9,
    0xf3, 0xfc, 0xc1, 0x46, 0x1, 0xf9, 0xd1, 0x40,
    0x3f, 0x10, 0x60, 0x7, 0xf1, 0x85, 0xb1, 0x0,
    0x7c, 0x32, 0x52, 0x20,

    /* U+0173 "ų" */
    0x7f, 0xb0, 0xc, 0x7f, 0xc0, 0x1f, 0xff, 0x37,
    0x0, 0xe7, 0x0, 0xc6, 0x1, 0x18, 0x18, 0x80,
    0x6, 0x40, 0x24, 0x20, 0xf9, 0x97, 0x98, 0x6,
    0xc6, 0x36, 0x77, 0x60, 0x8, 0x0, 0x67, 0x7f,
    0xa5, 0x7, 0x40, 0x3e, 0x2a, 0x82, 0x0, 0xf9,
    0x1, 0x0, 0x3f, 0x18, 0x43, 0x0, 0x7c, 0xab,
    0x40, 0x0,

    /* U+0174 "Ŵ" */
    0x0, 0xf8, 0x7b, 0xf0, 0x3, 0xff, 0x87, 0x42,
    0x46, 0xe0, 0x1f, 0xfc, 0x18, 0x48, 0xd4, 0x84,
    0x0, 0xff, 0x87, 0xed, 0xc2, 0xe4, 0xc0, 0x3f,
    0xe1, 0x74, 0x0, 0x99, 0xc0, 0x3d, 0x7f, 0x0,
    0x1d, 0xbf, 0x20, 0x1d, 0x7f, 0x18, 0x8, 0x1,
    0x88, 0x80, 0xe0, 0x1c, 0xa1, 0x6a, 0x6, 0x1,
    0x94, 0x0, 0x24, 0x1, 0x18, 0x81, 0x90, 0x82,
    0x0, 0x58, 0xc, 0xa, 0x1, 0x20, 0x20, 0x1,
    0x3, 0x0, 0x24, 0x1b, 0xb, 0x0, 0xb0, 0x34,
    0x1, 0xe0, 0x80, 0x4, 0x4, 0x21, 0x31, 0x0,
    0x20, 0x20, 0x1, 0x0, 0xc0, 0x1a, 0x1e, 0xe,
    0x8, 0x6, 0x2, 0x40, 0x1, 0x20, 0x40, 0x40,
    0x40, 0xc0, 0xf0, 0x40, 0x70, 0xc, 0x81, 0x84,
    0x43, 0x10, 0x50, 0x50, 0xc0, 0xc0, 0xd, 0xa0,
    0x88, 0x4, 0x0, 0x90, 0xd, 0x41, 0x0, 0x32,
    0x1, 0xe0, 0x58, 0x5, 0x81, 0x42, 0x42, 0x1,
    0xc6, 0x8, 0x26, 0x1, 0x28, 0x38, 0x28, 0x7,
    0xac, 0x5, 0x0, 0x31, 0x10, 0x43, 0x0, 0x3c,
    0x80, 0xf, 0x0, 0xe4, 0x0, 0x20, 0x4,

    /* U+0175 "ŵ" */
    0x0, 0xf3, 0x7f, 0xa0, 0x3, 0xfe, 0x59, 0x45,
    0x77, 0x0, 0x7f, 0x1c, 0x42, 0xea, 0x69, 0x40,
    0x3f, 0x1e, 0xb8, 0x1, 0xb5, 0x40, 0x35, 0x7b,
    0x80, 0x47, 0xfe, 0x50, 0x9, 0x7f, 0x30, 0x16,
    0x1, 0x58, 0x3, 0xc0, 0x2c, 0x4, 0x70, 0x30,
    0x9, 0x4, 0xd0, 0x2, 0x40, 0xb1, 0x20, 0x40,
    0x13, 0x45, 0x13, 0x1, 0x20, 0x30, 0x40, 0xc0,
    0x70, 0xcc, 0x5, 0x83, 0x82, 0x0, 0x34, 0x10,
    0x30, 0x11, 0x0, 0x81, 0x81, 0xa0, 0x4, 0x3,
    0x5, 0x22, 0x9, 0x98, 0x50, 0x10, 0x2, 0x40,
    0x60, 0x40, 0x2, 0x3, 0x89, 0x10, 0x2, 0xc0,
    0xa0, 0xd0, 0x5, 0x85, 0x2, 0x0, 0x64, 0x3,
    0x4, 0x0, 0x18, 0x98, 0x60, 0x6, 0x31, 0x4,
    0x0, 0xc8, 0x0, 0x50, 0x0,

    /* U+0176 "Ŷ" */
    0x0, 0xd3, 0xfe, 0x30, 0xf, 0x91, 0x88, 0x38,
    0x3, 0xc5, 0x67, 0x96, 0x56, 0x1, 0xcf, 0x18,
    0x29, 0x86, 0x40, 0x19, 0x5c, 0x2, 0x38, 0x20,
    0x5, 0xfc, 0x80, 0x7b, 0xbd, 0xa0, 0x18, 0x80,
    0x33, 0x89, 0x31, 0xa8, 0x40, 0x6, 0x90, 0x90,
    0x5, 0x82, 0x90, 0x1, 0xc5, 0x10, 0x0, 0x17,
    0x9, 0x1, 0x80, 0x80, 0xd, 0x2, 0x87, 0x20,
    0xa6, 0x1, 0xd2, 0x1e, 0xe1, 0x60, 0x1e, 0x72,
    0x30, 0x71, 0x0, 0xfa, 0xc0, 0x10, 0x1, 0xf8,
    0x80, 0x40, 0x3f, 0xfd, 0x20,

    /* U+0177 "ŷ" */
    0x0, 0x8f, 0xfd, 0x60, 0x1e, 0x3d, 0x27, 0x4a,
    0x0, 0xc3, 0xef, 0xb1, 0x8c, 0xe0, 0x10, 0xe4,
    0x80, 0xf, 0x1c, 0x1, 0x9e, 0xe0, 0x1d, 0xbe,
    0xd4, 0x16, 0x1, 0x8c, 0x81, 0x98, 0x6, 0x40,
    0x15, 0x82, 0x80, 0x18, 0x28, 0x2, 0x60, 0xe0,
    0x5, 0x2, 0x80, 0xc, 0x44, 0x80, 0x3, 0x22,
    0x18, 0x50, 0x30, 0x6, 0xa0, 0xa0, 0x70, 0xa0,
    0xc, 0xc0, 0xe6, 0x26, 0x40, 0x18, 0x54, 0x64,
    0x28, 0x3, 0xdc, 0xa, 0xe, 0x1, 0xe4, 0x10,
    0x41, 0x0, 0xf8, 0xc3, 0x80, 0x3e, 0x32, 0x15,
    0x0, 0xfb, 0xc2, 0x40, 0x3a, 0x33, 0x8c, 0x9c,
    0x3, 0x84, 0xc1, 0xb0, 0x3, 0xc0,

    /* U+0178 "Ÿ" */
    0x0, 0x84, 0x2, 0x10, 0xf, 0xf, 0x68, 0x17,
    0x60, 0x7, 0x85, 0x80, 0xc5, 0x80, 0x38, 0x7a,
    0xc0, 0x7a, 0x80, 0x3f, 0xf8, 0x77, 0xf2, 0x1,
    0xee, 0xf6, 0x80, 0x62, 0x0, 0xce, 0x24, 0xc6,
    0xa1, 0x0, 0x1a, 0x42, 0x40, 0x16, 0xa, 0x40,
    0x7, 0x14, 0x40, 0x0, 0x5c, 0x24, 0x6, 0x2,
    0x0, 0x34, 0xa, 0x1c, 0x82, 0x98, 0x7, 0x48,
    0x7b, 0x85, 0x80, 0x79, 0xc8, 0xc1, 0xc4, 0x3,
    0xeb, 0x0, 0x40, 0x7, 0xe2, 0x1, 0x0, 0xff,
    0xf4, 0x80,

    /* U+0179 "Ź" */
    0x0, 0xf6, 0x7d, 0x80, 0x7c, 0xc6, 0x54, 0x1,
    0xe1, 0x82, 0xc1, 0x0, 0xf2, 0xce, 0x8, 0x7,
    0xc8, 0xe2, 0x1, 0x87, 0xff, 0xfa, 0x40, 0x8b,
    0xe0, 0x0, 0x8b, 0x77, 0xd4, 0x3, 0x0, 0x1e,
    0x28, 0xa, 0x0, 0xfb, 0x81, 0xd0, 0x3, 0xd0,
    0x65, 0x0, 0x1e, 0x37, 0xe, 0x0, 0xfb, 0x82,
    0xc, 0x3, 0xd2, 0x46, 0xe0, 0x1e, 0x46, 0xe,
    0x0, 0xf0, 0xd0, 0x49, 0x0, 0x7a, 0xc5, 0x18,
    0x3, 0xc6, 0xa0, 0xbb, 0xbe, 0xa6, 0x0, 0x9,
    0x17, 0x98,

    /* U+017A "ź" */
    0x0, 0xec, 0xfb, 0x0, 0xe8, 0x36, 0xb0, 0xc,
    0x69, 0x32, 0x0, 0xe3, 0xc6, 0x0, 0xdf, 0xff,
    0x50, 0x32, 0xae, 0x0, 0x10, 0x4d, 0x55, 0xe0,
    0x32, 0x1, 0x86, 0xc2, 0x84, 0x3, 0x50, 0xb2,
    0x0, 0x66, 0x42, 0x90, 0xc, 0x52, 0x1c, 0x1,
    0xdc, 0x10, 0x60, 0x19, 0xcc, 0xce, 0x1, 0x8a,
    0x0, 0x15, 0x5a, 0x18, 0x0, 0x6a, 0xb9, 0x0,

    /* U+017B "Ż" */
    0x0, 0xe5, 0x30, 0xf, 0xc9, 0x58, 0x1, 0xf9,
    0x85, 0x0, 0x3f, 0x17, 0x58, 0x7, 0xff, 0xc,
    0x7f, 0xff, 0xa4, 0x8, 0xbe, 0x0, 0x8, 0xb7,
    0x7d, 0x40, 0x30, 0x1, 0xe2, 0x80, 0xa0, 0xf,
    0xb8, 0x1d, 0x0, 0x3d, 0x6, 0x50, 0x1, 0xe3,
    0x70, 0xe0, 0xf, 0xb8, 0x20, 0xc0, 0x3d, 0x24,
    0x6e, 0x1, 0xe4, 0x60, 0xe0, 0xf, 0xd, 0x4,
    0x90, 0x7, 0xac, 0x51, 0x80, 0x3c, 0x6a, 0xb,
    0xbb, 0xea, 0x60, 0x0, 0x91, 0x79, 0x80,

    /* U+017C "ż" */
    0x0, 0x8f, 0xac, 0x3, 0xca, 0x2a, 0x1, 0xe6,
    0x9d, 0x0, 0xf9, 0x8c, 0x3, 0x7f, 0xfd, 0x40,
    0xca, 0xb8, 0x0, 0x41, 0x35, 0x57, 0x80, 0xc8,
    0x6, 0x1b, 0xa, 0x10, 0xd, 0x42, 0xc8, 0x1,
    0x99, 0xa, 0x40, 0x31, 0x48, 0x70, 0x7, 0x70,
    0x41, 0x80, 0x67, 0x33, 0x38, 0x6, 0x28, 0x0,
    0x55, 0x68, 0x60, 0x1, 0xaa, 0xe4,

    /* U+017D "Ž" */
    0x0, 0x47, 0xa8, 0x2, 0x7d, 0x0, 0x28, 0x4a,
    0x6a, 0x69, 0x40, 0xd, 0x43, 0x2a, 0xa6, 0x0,
    0xe1, 0xd7, 0x8b, 0x0, 0xf8, 0xe1, 0xc4, 0x2,
    0x1f, 0xff, 0xe9, 0x2, 0x2f, 0x80, 0x2, 0x2d,
    0xdf, 0x50, 0xc, 0x0, 0x78, 0xa0, 0x28, 0x3,
    0xee, 0x7, 0x40, 0xf, 0x41, 0x94, 0x0, 0x78,
    0xdc, 0x38, 0x3, 0xee, 0x8, 0x30, 0xf, 0x49,
    0x1b, 0x80, 0x79, 0x18, 0x38, 0x3, 0xc3, 0x41,
    0x24, 0x1, 0xeb, 0x14, 0x60, 0xf, 0x1a, 0x82,
    0xee, 0xfa, 0x98, 0x0, 0x24, 0x5e, 0x60,

    /* U+017E "ž" */
    0x7, 0xf6, 0x1, 0xae, 0x30, 0x78, 0x9b, 0xf4,
    0xd3, 0x0, 0x3b, 0x98, 0xb4, 0xc0, 0x34, 0x6e,
    0x18, 0x5, 0xff, 0xf5, 0x3, 0x2a, 0xe0, 0x1,
    0x4, 0xd5, 0x5e, 0x3, 0x20, 0x18, 0x6c, 0x28,
    0x40, 0x35, 0xb, 0x20, 0x6, 0x64, 0x29, 0x0,
    0xc5, 0x21, 0xc0, 0x1d, 0xc1, 0x6, 0x1, 0x9c,
    0xcc, 0xe0, 0x18, 0xa0, 0x1, 0x55, 0xa1, 0x80,
    0x6, 0xab, 0x90,

    /* U+017F "ſ" */
    0x1, 0xae, 0xfd, 0x40, 0xc5, 0x3, 0x33, 0x19,
    0x7, 0xe7, 0x13, 0x1, 0x88, 0x7, 0xff, 0xfc,
    0x3, 0x80,

    /* U+0180 "ƀ" */
    0x5, 0xfc, 0x0, 0xfc, 0xfe, 0x5, 0x11, 0x28,
    0x6, 0xa5, 0x1, 0x77, 0xb8, 0x3, 0x6d, 0x1,
    0xff, 0xd6, 0x1, 0xf8, 0xaf, 0xfd, 0x66, 0x1,
    0xc3, 0xa8, 0x40, 0x98, 0x80, 0x18, 0x97, 0xf7,
    0xd0, 0x24, 0x3, 0xac, 0x2, 0x90, 0x22, 0x0,
    0x42, 0x20, 0x8, 0x84, 0x1c, 0x2, 0x30, 0xe,
    0x30, 0xe, 0x30, 0xe, 0x30, 0x10, 0x8, 0x44,
    0x1, 0x10, 0x83, 0x0, 0x68, 0x0, 0xa4, 0x8,
    0x80, 0x11, 0xb7, 0x67, 0xa0, 0x70, 0x6, 0x9c,
    0x53, 0x4, 0xc3, 0x0,

    /* U+0181 "Ɓ" */
    0x9, 0xef, 0xff, 0x75, 0xb0, 0x2, 0x18, 0x44,
    0x0, 0x22, 0x8, 0x92, 0x70, 0x10, 0x36, 0x80,
    0x77, 0x5d, 0xf0, 0x6, 0x8c, 0x26, 0x1, 0xf3,
    0x88, 0x15, 0x70, 0x80, 0x7f, 0x88, 0x3, 0xf8,
    0x64, 0x49, 0x0, 0x38, 0x7f, 0xee, 0x66, 0x60,
    0x7, 0xc4, 0x50, 0x83, 0xc8, 0x7, 0x87, 0x76,
    0xec, 0x7, 0x80, 0xf, 0xf1, 0xc8, 0x28, 0x7,
    0xfd, 0xe0, 0x1f, 0xfc, 0x3, 0x60, 0x70, 0xe,
    0x1d, 0xdb, 0xb0, 0x45, 0x0, 0x1e, 0x22, 0x84,
    0x9f, 0xc8,

    /* U+0182 "Ƃ" */
    0x1f, 0xff, 0xd0, 0x1, 0x88, 0xbd, 0xe0, 0x1b,
    0x37, 0x79, 0xc0, 0x3f, 0xfb, 0x3d, 0xfe, 0xea,
    0x50, 0xe, 0x22, 0x85, 0x6a, 0x40, 0x36, 0x6e,
    0xbe, 0x1, 0x88, 0x3, 0xe7, 0x20, 0x40, 0xf,
    0xc6, 0x1, 0xfc, 0xe2, 0x8, 0x1, 0x66, 0xf7,
    0xc0, 0x39, 0x0, 0x44, 0x41, 0x12, 0x54, 0x0,

    /* U+0183 "ƃ" */
    0x5f, 0xff, 0xca, 0x1, 0x91, 0x3c, 0xc0, 0x11,
    0xdd, 0xf8, 0xc0, 0x3f, 0xf8, 0x65, 0x7f, 0xeb,
    0x30, 0xc, 0x3a, 0x84, 0x9, 0x88, 0x1, 0x12,
    0xfe, 0xfa, 0x4, 0x80, 0x6b, 0x0, 0xa4, 0x8,
    0x80, 0x1, 0x10, 0x4, 0x42, 0xe, 0x0, 0x30,
    0xe, 0x30, 0xc, 0x60, 0x1c, 0x60, 0x20, 0x1,
    0x10, 0x4, 0x42, 0xc, 0x1, 0x40, 0x5, 0x20,
    0x44, 0x0, 0x1b, 0x76, 0x7a, 0x7, 0x0, 0x53,
    0x8a, 0x60, 0x98, 0x60,

    /* U+0184 "Ƅ" */
    0x3f, 0xf0, 0x7, 0xff, 0xaf, 0x76, 0xc9, 0x40,
    0xe, 0x22, 0x8d, 0xae, 0x80, 0x37, 0xfd, 0xb0,
    0xa, 0xc0, 0x1e, 0x27, 0x70, 0x50, 0x7, 0xed,
    0x2, 0x10, 0x0, 0x80, 0x62, 0x2, 0x20, 0x85,
    0x88, 0x0, 0xe4, 0x10, 0x2c, 0x17, 0xba, 0xc1,
    0x38, 0x5, 0xc5, 0x11, 0x89, 0xf0, 0x0,

    /* U+0185 "ƅ" */
    0x6f, 0xb0, 0xf, 0xff, 0x1, 0xdf, 0xfa, 0xcc,
    0x3, 0x36, 0x29, 0x8a, 0x61, 0x80, 0x44, 0xfd,
    0x9c, 0x81, 0xe0, 0x1a, 0x0, 0x29, 0x3, 0x10,
    0x1, 0x0, 0x62, 0x0, 0x28, 0x0, 0x40, 0x38,
    0x40, 0x4c, 0x4, 0x3, 0x84, 0x5, 0xc0, 0x84,
    0x2, 0x20, 0x2, 0x91, 0x2, 0x80, 0x29, 0x3,
    0x10, 0xe0, 0x4f, 0xdf, 0x41, 0xe0, 0x1, 0xea,
    0x89, 0xa, 0xe1, 0x0,

    /* U+0186 "Ɔ" */
    0x16, 0xbd, 0xff, 0x6c, 0x90, 0x6, 0x94, 0x21,
    0x11, 0x36, 0xb0, 0x0, 0x67, 0x3f, 0xb9, 0xa8,
    0x12, 0x80, 0x6, 0x30, 0x8, 0xac, 0xc2, 0x40,
    0x3f, 0xbc, 0x8, 0x80, 0x1f, 0x8c, 0x41, 0x0,
    0x3f, 0x88, 0x4, 0x3, 0xff, 0x92, 0x40, 0x40,
    0x1f, 0x8c, 0x41, 0xc0, 0x3f, 0x78, 0x19, 0x2,
    0x8, 0x4, 0x78, 0x61, 0xc0, 0x9, 0xef, 0xef,
    0xc3, 0x1b, 0x20, 0x5, 0x98, 0x8c, 0x4f, 0xe8,
    0x0,

    /* U+0187 "Ƈ" */
    0x0, 0xff, 0x35, 0xc8, 0x7, 0xf2, 0xca, 0x30,
    0x7, 0xf7, 0x86, 0x68, 0x7, 0xf3, 0x1, 0x90,
    0x4, 0x53, 0xbf, 0xed, 0x30, 0xe, 0x7d, 0x62,
    0x10, 0x20, 0x40, 0x9, 0xa0, 0x1b, 0xb9, 0xfd,
    0x30, 0x0, 0x19, 0x7, 0x91, 0x0, 0xb, 0x18,
    0x1, 0xc0, 0x60, 0x3, 0xfb, 0x1, 0x0, 0x3f,
    0xc2, 0x4, 0x1, 0xfe, 0x70, 0xf, 0xfe, 0x3,
    0x1, 0x0, 0x7f, 0xb4, 0x10, 0x3, 0xfc, 0xa0,
    0x2e, 0x1, 0xfc, 0x4c, 0x11, 0x1, 0x0, 0x8c,
    0xc0, 0x14, 0xa8, 0x3f, 0x75, 0xf8, 0x80, 0x1a,
    0xad, 0x48, 0x46, 0x54, 0x0, 0x0,

    /* U+0188 "ƈ" */
    0x0, 0xfa, 0xbf, 0x84, 0x3, 0xce, 0xa0, 0x60,
    0x1f, 0x70, 0x66, 0x88, 0x7, 0x8c, 0x4, 0x3,
    0x36, 0x77, 0xa8, 0x18, 0x5, 0x52, 0x62, 0x20,
    0x21, 0x0, 0x2a, 0x82, 0xbf, 0xb9, 0xe0, 0x17,
    0x3, 0x28, 0x0, 0x48, 0x2, 0x60, 0xc0, 0xf,
    0xc6, 0x2, 0x1, 0xf8, 0xc0, 0x40, 0x3f, 0x30,
    0x60, 0x7, 0xee, 0x6, 0x40, 0x9, 0x0, 0x25,
    0x50, 0x5f, 0x6f, 0xd0, 0x6, 0xa9, 0x31, 0x22,
    0x48, 0x4,

    /* U+0189 "Ɖ" */
    0x0, 0x7f, 0xf7, 0x5b, 0x8, 0x7, 0xc4, 0x50,
    0xa4, 0xfa, 0x0, 0x7b, 0xf7, 0x5f, 0x86, 0x36,
    0x40, 0x1f, 0xc7, 0x86, 0x12, 0x1, 0xff, 0x78,
    0x20, 0x80, 0x7f, 0x8c, 0x0, 0xaf, 0xe0, 0xd,
    0xff, 0x38, 0x4, 0x40, 0x42, 0x40, 0x2, 0x2c,
    0x1, 0x18, 0x1, 0xb4, 0x1, 0xfb, 0xa5, 0x0,
    0x84, 0x8, 0x3, 0xfc, 0xa0, 0x5, 0x0, 0xfe,
    0x18, 0x5, 0x10, 0xf, 0xcb, 0x84, 0x30, 0x1,
    0xdf, 0xbd, 0xf4, 0x44, 0xc2, 0x0, 0xe2, 0x20,
    0x89, 0x6b, 0x48, 0x0,

    /* U+018A "Ɗ" */
    0x9, 0xef, 0xff, 0x6d, 0xa8, 0x6, 0x86, 0x11,
    0x0, 0x8, 0x82, 0x49, 0x5a, 0x40, 0x4, 0xd,
    0xa0, 0x1d, 0xd7, 0x7d, 0x91, 0x30, 0x41, 0xc,
    0xc0, 0x1f, 0x26, 0x10, 0xc0, 0x46, 0x8, 0x7,
    0xe1, 0xb0, 0x60, 0xf, 0xfe, 0xb, 0x80, 0x8,
    0x3, 0xff, 0x80, 0x20, 0x6, 0x0, 0xff, 0xe8,
    0x10, 0x1, 0x80, 0x3f, 0xf8, 0xa, 0x2, 0x40,
    0x1f, 0xf1, 0x48, 0x30, 0x7, 0xf8, 0x5b, 0x4,
    0xa4, 0x3, 0xc3, 0xba, 0xee, 0x48, 0x9e, 0x8,
    0x7, 0xc4, 0x41, 0x25, 0xbc, 0x10, 0x0,

    /* U+018B "Ƌ" */
    0x1, 0xff, 0xfd, 0x0, 0x2, 0x2f, 0x0, 0x61,
    0xdd, 0xf2, 0x80, 0x7f, 0xf6, 0x9f, 0x3b, 0xfc,
    0xa0, 0x10, 0xec, 0x18, 0x91, 0x4, 0x2, 0xb2,
    0x26, 0x7e, 0xe9, 0x0, 0x24, 0x8, 0x30, 0xf,
    0x84, 0x4, 0x3, 0xf1, 0x84, 0x90, 0x7, 0xde,
    0x5, 0xbd, 0xba, 0x40, 0x8, 0xf5, 0x88, 0x48,
    0x82, 0x0,

    /* U+018C "ƌ" */
    0xe, 0xff, 0xfb, 0x1, 0x13, 0xc4, 0x1, 0x55,
    0xdf, 0x80, 0x3f, 0x8c, 0x3, 0x47, 0x7e, 0xb0,
    0x6, 0xc7, 0x13, 0x9, 0x90, 0x1, 0x8c, 0x33,
    0x1b, 0x86, 0x0, 0xd0, 0x63, 0x0, 0x1b, 0x0,
    0x14, 0x30, 0x3, 0x78, 0x0, 0x40, 0x40, 0x31,
    0x0, 0x4, 0x4, 0x3, 0x10, 0x1, 0x43, 0x0,
    0x37, 0x0, 0x34, 0x18, 0xc0, 0x6, 0xe0, 0x6,
    0x30, 0xcd, 0xd6, 0x20, 0x5, 0x8c, 0x24, 0x13,
    0x60, 0x0,

    /* U+018D "ƍ" */
    0x0, 0x1d, 0x77, 0xec, 0x8, 0x4, 0xd8, 0xa0,
    0x64, 0xfe, 0x40, 0x32, 0x13, 0xd9, 0xc6, 0x3c,
    0xc, 0x6, 0xc0, 0x1, 0xe0, 0x32, 0xe0, 0x40,
    0xc, 0x42, 0xe, 0x60, 0x1f, 0x18, 0xe, 0x81,
    0x80, 0x61, 0x20, 0x55, 0x2, 0x20, 0x2, 0xb0,
    0x51, 0x29, 0xb, 0x63, 0xb5, 0x2b, 0x0, 0x34,
    0x84, 0xe2, 0x3e, 0x88, 0x4, 0xdc, 0x80, 0xf,
    0x0, 0xf0, 0xdd, 0x4, 0x28, 0x7, 0xcb, 0x1,
    0xe0, 0x14, 0x28, 0x5, 0xc0, 0x60, 0x13, 0xd6,
    0xde, 0x30, 0x58, 0x5, 0xaa, 0x68, 0x4b, 0xa4,
    0x0,

    /* U+018E "Ǝ" */
    0xcf, 0xff, 0x8d, 0x88, 0xb8, 0x2, 0xad, 0xde,
    0x10, 0xf, 0xfe, 0x8b, 0xff, 0xf0, 0x80, 0x8,
    0xbc, 0x1, 0x2e, 0xef, 0x8, 0x7, 0xff, 0x46,
    0xb7, 0x78, 0x40, 0xc, 0x45, 0xc0, 0x10,

    /* U+018F "Ə" */
    0x2, 0x7b, 0xef, 0xf6, 0xd2, 0x0, 0x77, 0xc2,
    0x8, 0xc4, 0xb7, 0x40, 0x19, 0x6b, 0x7f, 0xb9,
    0xf4, 0x2b, 0x40, 0x14, 0x29, 0x0, 0x65, 0xc0,
    0x54, 0x0, 0xff, 0x13, 0x7, 0x0, 0x7f, 0xda,
    0xe, 0x17, 0xff, 0xfd, 0x60, 0x40, 0x20, 0x1,
    0x1f, 0xc0, 0x11, 0x2, 0xf7, 0x7d, 0x0, 0x21,
    0xa0, 0xc0, 0x1f, 0x60, 0x20, 0x20, 0x19, 0x80,
    0x38, 0xd4, 0x3c, 0x5, 0xc3, 0x8c, 0x2, 0x5d,
    0x4, 0x50, 0x4, 0x21, 0x67, 0xf7, 0xd0, 0x9d,
    0x0, 0x6b, 0xa4, 0x11, 0x92, 0xb0, 0x40, 0x0,

    /* U+0190 "Ɛ" */
    0x0, 0x3e, 0x7f, 0xba, 0xd8, 0x2, 0xc8, 0x31,
    0x33, 0x24, 0xf0, 0xa1, 0x85, 0xf6, 0x6f, 0xcc,
    0x8, 0x0, 0x90, 0x3, 0x33, 0x1, 0x4, 0x9c,
    0x3, 0xf6, 0x2c, 0xfe, 0xe6, 0x18, 0x3, 0x19,
    0x80, 0x8c, 0xdc, 0x0, 0x3d, 0x64, 0xbe, 0xff,
    0x40, 0x3, 0xc2, 0x25, 0x4, 0x3, 0x88, 0xc,
    0x3, 0xfc, 0x60, 0x1f, 0x9c, 0x21, 0x0, 0x31,
    0x41, 0xc1, 0x5, 0xf6, 0x63, 0xb5, 0xdc, 0x3b,
    0x6, 0x6, 0x46, 0x92, 0x80,

    /* U+0191 "Ƒ" */
    0x0, 0xef, 0xff, 0xac, 0x3, 0xe1, 0x22, 0xe0,
    0xf, 0xb7, 0x7a, 0x40, 0x3f, 0xfc, 0x59, 0xff,
    0x94, 0x3, 0xe1, 0x22, 0xc2, 0x1, 0xf6, 0xef,
    0x20, 0x7, 0xff, 0xd8, 0x40, 0x3f, 0xe4, 0xe8,
    0x0, 0xc2, 0x1, 0xf1, 0x81, 0x80, 0x8, 0x3,
    0x94, 0x53, 0x70, 0x14, 0x3, 0xc3, 0xa6, 0x42,
    0xd4, 0x1, 0xe0,

    /* U+0192 "ƒ" */
    0x0, 0xe1, 0x8d, 0xfe, 0x70, 0xe, 0xa7, 0x23,
    0x31, 0x0, 0x72, 0x5, 0xe6, 0xa8, 0x6, 0x10,
    0x2, 0x0, 0x79, 0xfc, 0x1, 0xfe, 0xb0, 0xd,
    0xc8, 0x0, 0x55, 0x68, 0x6, 0x9b, 0x0, 0x55,
    0x18, 0x3, 0xff, 0xfe, 0x1, 0xff, 0xce, 0xd7,
    0x0, 0xfc, 0x25, 0x60, 0x40, 0x20, 0x18, 0x4c,
    0xd9, 0xa0, 0xc0, 0x1d, 0xa8, 0x40, 0xd0, 0x1,
    0x80,

    /* U+0193 "Ɠ" */
    0x0, 0xff, 0x9e, 0xe4, 0x3, 0xfc, 0xd0, 0x8e,
    0x1, 0xfe, 0xa0, 0xdc, 0x0, 0xff, 0x8, 0x88,
    0x80, 0x10, 0xbe, 0x77, 0xfb, 0x48, 0x3, 0x97,
    0xa0, 0xc4, 0x40, 0x40, 0xe0, 0x12, 0xd0, 0x26,
    0x7f, 0x7f, 0x4d, 0x80, 0x54, 0xb, 0x66, 0x1,
    0xb, 0x10, 0x1, 0x80, 0x14, 0x1, 0xfe, 0xc0,
    0x50, 0xf, 0xf8, 0x40, 0x80, 0x37, 0x77, 0x0,
    0x1c, 0x3, 0x84, 0x7c, 0x0, 0x60, 0x20, 0x8,
    0x7f, 0xda, 0x1, 0xb4, 0x10, 0x3, 0xfe, 0x60,
    0x17, 0x0, 0xff, 0xb, 0x84, 0x49, 0x0, 0x7f,
    0x43, 0x3, 0x6f, 0xef, 0x68, 0x7, 0xa7, 0x14,
    0x80, 0x84, 0x9a, 0x80, 0x0,

    /* U+0194 "Ɣ" */
    0xcf, 0x60, 0xf, 0x4f, 0xd5, 0x2, 0x80, 0x3c,
    0xe1, 0xcc, 0x6, 0x60, 0xc, 0xa2, 0x48, 0xc,
    0x14, 0x1, 0xb8, 0x28, 0x1, 0x40, 0xe0, 0x11,
    0x20, 0x30, 0x0, 0xc8, 0x54, 0x1, 0x40, 0xa2,
    0x1, 0x58, 0x70, 0x1, 0x82, 0x40, 0x33, 0x2,
    0xa, 0x9, 0x18, 0x7, 0x30, 0x37, 0x5, 0x80,
    0x7a, 0x83, 0x10, 0x18, 0x3, 0xc6, 0x48, 0x2c,
    0x1, 0xfa, 0xc0, 0x14, 0x1, 0xf8, 0x40, 0xe,
    0x1, 0xfa, 0x80, 0x1e, 0x1, 0xf1, 0x93, 0x1a,
    0x8, 0x7, 0x90, 0x31, 0x1, 0x40, 0x3d, 0xe0,
    0x3e, 0x2, 0x1, 0xec, 0x9, 0x90, 0x20, 0x7,
    0x91, 0xcc, 0x28, 0x40, 0x20,

    /* U+0195 "ƕ" */
    0x5f, 0xc0, 0xf, 0xff, 0xc1, 0xdf, 0xf5, 0x90,
    0x7, 0x5f, 0xb0, 0x0, 0x71, 0x4c, 0x53, 0x44,
    0x3, 0xf8, 0x97, 0xb3, 0x84, 0x1c, 0x3, 0xfd,
    0x60, 0x1, 0x40, 0xf0, 0xf, 0xe1, 0x10, 0x4,
    0x40, 0x1f, 0xf1, 0x0, 0x7f, 0xf4, 0x1c, 0x3,
    0xfe, 0x20, 0xc, 0x40, 0x60, 0x1f, 0x68, 0x21,
    0x80, 0x14, 0x41, 0xc0, 0x3e, 0x52, 0xc, 0xdd,
    0x50, 0x29, 0x0, 0x7e, 0xc6, 0x22, 0xd1, 0x40,

    /* U+0196 "Ɩ" */
    0x3f, 0xf0, 0x7, 0xff, 0xf8, 0x40, 0x8, 0x1,
    0x11, 0x2, 0xfb, 0xc4, 0x3d, 0x0, 0x48, 0x40,

    /* U+0197 "Ɨ" */
    0x4f, 0xfe, 0x55, 0x41, 0x0, 0xc2, 0xb, 0xa0,
    0x23, 0x88, 0x7, 0xff, 0x25, 0x7d, 0x81, 0x7d,
    0xc0, 0x40, 0x21, 0x12, 0xf3, 0x2, 0xf3, 0x0,
    0x7f, 0xf2, 0x45, 0x90, 0x1d, 0xc2, 0xb2, 0x40,
    0x50, 0x80,

    /* U+0198 "Ƙ" */
    0x1f, 0xf0, 0x80, 0x66, 0xef, 0x40, 0xf, 0x9a,
    0x44, 0x80, 0x3e, 0x49, 0xb, 0xd4, 0x0, 0xe2,
    0xa0, 0xa4, 0x0, 0xfb, 0xc6, 0x14, 0x3, 0xeb,
    0x25, 0x70, 0xf, 0xa1, 0x3, 0x80, 0x3f, 0x31,
    0x5, 0x8, 0x7, 0xcf, 0xa6, 0x34, 0x1, 0xf4,
    0x87, 0x2, 0x30, 0x7, 0xe2, 0x90, 0x92, 0x0,
    0xfc, 0xca, 0x1e, 0x1, 0xfd, 0x42, 0x52, 0x1,
    0xfd, 0xa0, 0xc8,

    /* U+0199 "ƙ" */
    0x5, 0xdf, 0xa0, 0xf, 0xd, 0x10, 0x80, 0x7c,
    0xa0, 0x5d, 0x40, 0x1e, 0x10, 0x10, 0xf, 0xfe,
    0x11, 0xff, 0x94, 0x3, 0xc5, 0xa1, 0x2a, 0x1,
    0xc3, 0x83, 0xc, 0x1, 0xc3, 0x82, 0xee, 0x0,
    0xe7, 0xa2, 0x58, 0x0, 0xf2, 0x20, 0x10, 0x40,
    0x3e, 0x84, 0x1a, 0x0, 0xf1, 0xbd, 0xa, 0x38,
    0x7, 0xc3, 0x41, 0x6, 0x1, 0xf2, 0x30, 0x68,
    0x80, 0x7d, 0x24, 0x34, 0x0,

    /* U+019A "ƚ" */
    0x4, 0xfd, 0x0, 0xff, 0xea, 0x37, 0x81, 0xc9,
    0x6a, 0x0, 0xb3, 0xdd, 0x80, 0xbd, 0x40, 0x3f,
    0xfb, 0x0,

    /* U+019B "ƛ" */
    0x0, 0x77, 0xea, 0x80, 0x7f, 0x11, 0x54, 0xcc,
    0x80, 0xf, 0x67, 0x18, 0x4c, 0x8c, 0x3, 0xc7,
    0x84, 0x0, 0xbb, 0x0, 0x78, 0xf3, 0x98, 0x34,
    0x3, 0xf1, 0x82, 0x83, 0x0, 0x7f, 0x19, 0x80,
    0xa, 0x1, 0xfa, 0x41, 0x83, 0x80, 0x3e, 0x25,
    0x18, 0x4, 0x10, 0xf, 0x58, 0x30, 0xa8, 0x30,
    0x7, 0xb, 0x4, 0x87, 0x5, 0x0, 0x73, 0x2,
    0x88, 0x20, 0x91, 0x80, 0x69, 0x9, 0x0, 0x98,
    0x24, 0x2, 0x61, 0x33, 0x0, 0x54, 0xb, 0x84,
    0x16, 0x12, 0x1, 0x8a, 0x4, 0x80,

    /* U+019C "Ɯ" */
    0x3f, 0xf0, 0x7, 0x6f, 0xa8, 0x6, 0x7f, 0xb0,
    0xf, 0xff, 0xf8, 0x7, 0xff, 0xfc, 0x0, 0x40,
    0x1e, 0xe0, 0x0, 0x80, 0x4, 0x2, 0x30, 0x1,
    0x0, 0x64, 0x0, 0x10, 0x2, 0x0, 0x5, 0xe0,
    0xa, 0x10, 0x3, 0x90, 0x4, 0xc0, 0xdf, 0xda,
    0x74, 0x5, 0xdc, 0xf8, 0x60, 0xa, 0x60, 0x80,
    0xb, 0xab, 0x88, 0x2, 0x77, 0x20, 0x0,

    /* U+019D "Ɲ" */
    0x0, 0xf, 0xfb, 0x0, 0x3c, 0xdf, 0x40, 0x1c,
    0x6e, 0x1, 0xff, 0xc2, 0x81, 0x0, 0xff, 0x91,
    0x1, 0x40, 0x1f, 0xf3, 0xd0, 0x22, 0x80, 0x7f,
    0x84, 0x52, 0x16, 0x1, 0xff, 0xc0, 0x63, 0x19,
    0x0, 0xff, 0xe0, 0x70, 0x31, 0x81, 0x80, 0x7f,
    0x13, 0x87, 0x80, 0x7f, 0xf0, 0x20, 0x8d, 0xc0,
    0x3f, 0xf8, 0x1c, 0x10, 0x60, 0x1f, 0xf1, 0xb0,
    0x40, 0x7, 0xff, 0x2, 0x44, 0x40, 0x1f, 0xfc,
    0x1b, 0x0, 0xff, 0xe1, 0x2f, 0xfa, 0x80, 0x3f,
    0xf8, 0xaa, 0x2, 0x1, 0xfe, 0x4d, 0xb0, 0x40,
    0xf, 0xf3, 0x90, 0xb4, 0x0, 0x7f, 0x80,

    /* U+019E "ƞ" */
    0x5f, 0x64, 0xbf, 0xeb, 0x30, 0xa, 0xec, 0xc,
    0x49, 0x86, 0x0, 0x28, 0xb9, 0xc4, 0xa, 0x0,
    0x9c, 0x2, 0xe0, 0x50, 0x1, 0x0, 0x61, 0x0,
    0xc2, 0x1, 0xff, 0xed, 0x5f, 0xc0, 0xf, 0xff,
    0x18,

    /* U+019F "Ɵ" */
    0x0, 0x92, 0xb7, 0xfb, 0x60, 0x80, 0x3a, 0xad,
    0x48, 0x86, 0x4f, 0xaa, 0x1, 0x42, 0x8d, 0x7e,
    0xeb, 0x9c, 0x28, 0xc0, 0x9c, 0x2d, 0x40, 0x21,
    0x85, 0xf, 0x5, 0x3, 0x50, 0xf, 0x40, 0x19,
    0x68, 0x20, 0x7, 0xc4, 0x20, 0xec, 0xf, 0xff,
    0xf8, 0x40, 0x80, 0x2, 0x67, 0xf8, 0x2, 0x60,
    0x7c, 0xcf, 0xc2, 0x5, 0xa0, 0xa0, 0x1f, 0x8,
    0x81, 0xd4, 0xd, 0x40, 0x3d, 0x60, 0x64, 0x47,
    0xb, 0x50, 0x8, 0x61, 0x43, 0xc0, 0x10, 0xa3,
    0x5f, 0xba, 0xe7, 0xa, 0x30, 0xa, 0xad, 0x48,
    0x86, 0x4f, 0xaa, 0x0,

    /* U+01A0 "Ơ" */
    0x0, 0xff, 0xe0, 0xff, 0x90, 0x2, 0x4a, 0xdf,
    0xf6, 0xc0, 0x80, 0x80, 0x14, 0x1, 0x56, 0xa4,
    0x22, 0x27, 0xe5, 0x90, 0x61, 0x9, 0x50, 0x9f,
    0xee, 0x94, 0x29, 0xd2, 0x40, 0x98, 0x29, 0x80,
    0x21, 0xa4, 0x2, 0xb0, 0x2, 0x81, 0x28, 0x7,
    0xa0, 0x8, 0x80, 0xd, 0x4, 0x0, 0xf8, 0xc0,
    0xe, 0x0, 0x60, 0x10, 0xf, 0xc4, 0x6, 0x1,
    0xff, 0xc3, 0x10, 0x3, 0x0, 0x80, 0x7e, 0x20,
    0x20, 0x6, 0x82, 0x0, 0x7c, 0x60, 0x7, 0x0,
    0x28, 0x12, 0x80, 0x7a, 0x0, 0xc8, 0x0, 0x4e,
    0x14, 0xc0, 0x10, 0xd2, 0x7, 0x80, 0x68, 0x50,
    0x9f, 0xee, 0x94, 0x28, 0xc0, 0x3a, 0xad, 0x48,
    0x40, 0x9f, 0x54, 0x3, 0x0,

    /* U+01A1 "ơ" */
    0x0, 0xff, 0x44, 0x8, 0x3, 0xf8, 0x9d, 0xc6,
    0x0, 0x5c, 0xff, 0x6b, 0x82, 0x2, 0x8, 0x4d,
    0x18, 0x91, 0x23, 0x64, 0x64, 0x11, 0x83, 0x3b,
    0x74, 0x44, 0x3f, 0x20, 0xe0, 0x63, 0x0, 0x14,
    0x0, 0x88, 0x0, 0xe1, 0x80, 0x19, 0xc0, 0x84,
    0x0, 0x60, 0x20, 0x18, 0x80, 0x6, 0x0, 0x30,
    0x10, 0xc, 0x20, 0x3, 0x0, 0x38, 0x60, 0x6,
    0x40, 0x11, 0x0, 0x24, 0x18, 0xc0, 0x5, 0x0,
    0xc0, 0x11, 0xb8, 0x66, 0xec, 0x47, 0x0, 0x1a,
    0x29, 0xc, 0x89, 0x18, 0x1, 0x80,

    /* U+01A2 "Ƣ" */
    0x0, 0x96, 0xfb, 0xfa, 0xd4, 0x0, 0xb9, 0xfe,
    0xc5, 0x0, 0xd7, 0x48, 0x23, 0x25, 0x5c, 0xd1,
    0x88, 0x1d, 0x28, 0x2, 0x50, 0x2b, 0xfb, 0xec,
    0x51, 0xa7, 0xfb, 0xd0, 0x24, 0x9, 0x82, 0x94,
    0x2, 0x4d, 0x0, 0x28, 0x5, 0xe0, 0x60, 0xa0,
    0x4a, 0x1, 0xc6, 0x81, 0x40, 0x13, 0x0, 0x5a,
    0x8, 0x1, 0xf6, 0x2, 0x80, 0x7c, 0xc0, 0x20,
    0x1f, 0x8, 0x10, 0x7, 0xff, 0x3d, 0x80, 0x80,
    0x3e, 0xe0, 0x20, 0xf, 0xb4, 0x10, 0x3, 0xe4,
    0x5, 0x0, 0xf9, 0x40, 0x58, 0x3, 0x8c, 0xc1,
    0xa0, 0x1f, 0x13, 0x4, 0xa8, 0x4, 0x9a, 0x8,
    0x80, 0xf, 0xd2, 0x81, 0x5f, 0xdf, 0x62, 0x74,
    0x1, 0xfe, 0xba, 0x41, 0x18, 0xe7, 0x4, 0x3,
    0xf0,

    /* U+01A3 "ƣ" */
    0x0, 0x36, 0xff, 0xac, 0xc1, 0xf7, 0xf5, 0x40,
    0x15, 0x24, 0x41, 0x4c, 0xc4, 0x0, 0x95, 0x22,
    0xa8, 0x73, 0x7a, 0x40, 0xef, 0x79, 0x3, 0xb8,
    0xc, 0x60, 0x6, 0x20, 0x20, 0x6, 0x83, 0x28,
    0x68, 0x6, 0x40, 0xf0, 0x1, 0x0, 0x66, 0x0,
    0xc2, 0x6, 0x1, 0x84, 0xc1, 0x80, 0x30, 0x81,
    0x80, 0x73, 0x86, 0x80, 0x64, 0xf, 0x0, 0xee,
    0x6, 0x30, 0x3, 0x10, 0x38, 0x7, 0x23, 0xe,
    0x6f, 0x48, 0x48, 0x80, 0x7a, 0x64, 0x64, 0x29,
    0x6c, 0x1, 0xf9, 0xb3, 0xfd, 0x68, 0x1, 0xff,
    0xf7,

    /* U+01A4 "Ƥ" */
    0x9, 0xef, 0xff, 0x6c, 0x90, 0x2, 0x18, 0x44,
    0x0, 0x22, 0x1, 0x36, 0x98, 0x20, 0x6d, 0x0,
    0xee, 0xbf, 0x8, 0x20, 0x14, 0x8c, 0x3, 0xc7,
    0x20, 0x81, 0x3a, 0x20, 0x1f, 0x38, 0x0, 0x40,
    0x3f, 0xca, 0x2, 0x20, 0xf, 0xc4, 0xd2, 0xc,
    0x1, 0xe1, 0xff, 0x6c, 0x82, 0x40, 0x7, 0xc4,
    0x43, 0x6b, 0xb0, 0x7, 0xc3, 0xba, 0xc9, 0x40,
    0xf, 0xff, 0x78,

    /* U+01A5 "ƥ" */
    0x5, 0xdf, 0x90, 0xf, 0xd, 0x10, 0x98, 0x7,
    0x94, 0xb, 0xa8, 0x3, 0xc2, 0x2, 0x1, 0xff,
    0x15, 0xff, 0xac, 0xc0, 0x30, 0xe2, 0x10, 0x26,
    0x20, 0x4, 0x49, 0xfb, 0xe8, 0x12, 0x1, 0xac,
    0x2, 0x90, 0x22, 0x0, 0x4, 0x40, 0x11, 0x8,
    0x30, 0x0, 0x80, 0x38, 0xc0, 0x40, 0x4, 0x1,
    0xc6, 0x2, 0x0, 0x11, 0x0, 0x44, 0x20, 0xc0,
    0x15, 0x80, 0x52, 0x4, 0x40, 0x0, 0xaf, 0xe7,
    0x20, 0x70, 0x4, 0x58, 0x86, 0x29, 0x86, 0x1,
    0x8e, 0xff, 0xd6, 0x60, 0x1f, 0xfe, 0x20,

    /* U+01A6 "Ʀ" */
    0x1f, 0xf0, 0x80, 0x7f, 0xf2, 0xfb, 0xfd, 0xd4,
    0x80, 0x1e, 0x22, 0x8, 0x96, 0xdc, 0x3, 0xb3,
    0x7b, 0x8c, 0x10, 0x20, 0x1f, 0xc, 0x80, 0x8,
    0x3, 0xf0, 0x80, 0x7f, 0x86, 0xc0, 0x8c, 0x3,
    0x66, 0xf7, 0x14, 0xb0, 0x3, 0x88, 0x82, 0x9,
    0xa2, 0x1, 0xdd, 0xfa, 0x8, 0x40, 0x1f, 0x89,
    0x82, 0x40, 0x3f, 0xa0, 0x11, 0x40, 0x3f, 0xc,
    0x5, 0x80, 0x7, 0xfc, 0x20, 0x13, 0x90, 0xc8,
    0x7, 0xf4, 0x83, 0x18,

    /* U+01A7 "Ƨ" */
    0x1, 0x7c, 0xef, 0xda, 0x30, 0xd, 0x6, 0x22,
    0x25, 0xc5, 0x0, 0xc, 0xe7, 0xf7, 0xa8, 0x58,
    0x4, 0xc6, 0x1, 0x48, 0x8, 0x7, 0xe5, 0x1,
    0x0, 0xf0, 0xc4, 0x84, 0x80, 0x63, 0xae, 0x70,
    0x87, 0x0, 0xab, 0x14, 0x5f, 0x9c, 0x2, 0x95,
    0x19, 0xe8, 0x10, 0xc, 0xc1, 0x4c, 0x1, 0xfc,
    0xc0, 0x1f, 0x88, 0x20, 0x40, 0x23, 0x90, 0x4,
    0x82, 0xf7, 0x5f, 0x8c, 0x0, 0x4d, 0x62, 0x11,
    0x12, 0x48, 0x0,

    /* U+01A8 "ƨ" */
    0x3, 0xad, 0xfe, 0xb4, 0x0, 0x32, 0x9a, 0x12,
    0x5a, 0x82, 0xe7, 0x5e, 0x40, 0x70, 0x0, 0xc0,
    0x2d, 0x1, 0x0, 0x86, 0x39, 0x42, 0x40, 0x67,
    0x9c, 0x5b, 0x4c, 0x29, 0x86, 0x3a, 0x48, 0x0,
    0x81, 0x8e, 0x20, 0x1f, 0xe1, 0x40, 0x50, 0xdb,
    0xb6, 0xf7, 0x2, 0xa0, 0x91, 0x6, 0x9c,

    /* U+01A9 "Ʃ" */
    0x2f, 0xff, 0xe9, 0x30, 0x8, 0x8b, 0xdc, 0x30,
    0x0, 0xed, 0xde, 0x70, 0x77, 0x6, 0x88, 0x7,
    0xd0, 0xa3, 0x82, 0x1, 0xf5, 0x19, 0x68, 0x7,
    0xed, 0x13, 0x70, 0xf, 0x90, 0x44, 0xc0, 0x1e,
    0x3a, 0xd, 0x10, 0xe, 0x1d, 0xb, 0x30, 0xf,
    0x68, 0xc2, 0x0, 0x7a, 0x8d, 0x9c, 0x3, 0xc8,
    0xa0, 0xfb, 0xbe, 0xa1, 0x0, 0x9, 0x17, 0x98,

    /* U+01AA "ƪ" */
    0x5, 0xdf, 0xd4, 0x0, 0xea, 0x6, 0x2b, 0x0,
    0xc2, 0xd, 0x64, 0x6, 0x1, 0xa, 0xa6, 0x90,
    0x38, 0x6, 0xac, 0xa2, 0x1, 0x0, 0xe3, 0x51,
    0x0, 0xff, 0xff, 0x80, 0x7f, 0xf8, 0x1c, 0x34,
    0x3, 0xed, 0x7, 0xcc, 0x38, 0x6, 0x67, 0x13,
    0x22, 0x0,

    /* U+01AB "ƫ" */
    0x0, 0x47, 0x80, 0x79, 0x80, 0x39, 0x34, 0x43,
    0xfe, 0x12, 0x60, 0x2, 0xac, 0x2d, 0x20, 0xa,
    0xa8, 0x3, 0xff, 0xbc, 0x40, 0x4, 0x0, 0xe3,
    0xb, 0xcd, 0x20, 0x6, 0xa0, 0x19, 0x0, 0x43,
    0x7e, 0x80, 0x1f, 0xfc, 0x37, 0x3, 0x0, 0xa3,
    0xc, 0x44, 0x1, 0x8c, 0xa8, 0x0,

    /* U+01AC "Ƭ" */
    0x9, 0xef, 0xff, 0xd1, 0x6, 0x12, 0x20, 0x0,
    0x48, 0xae, 0x40, 0xdd, 0x80, 0x1b, 0xb9, 0x94,
    0x8c, 0x3, 0xfa, 0x74, 0x40, 0x3f, 0xff, 0xe0,
    0x1f, 0xfd, 0xe0,

    /* U+01AD "ƭ" */
    0x0, 0x15, 0xf7, 0xc8, 0x5, 0xe8, 0x4, 0x60,
    0x1, 0x20, 0xfd, 0xa0, 0x1, 0x80, 0x4, 0x2,
    0x5c, 0x0, 0x7f, 0xc2, 0x6a, 0x0, 0x55, 0x85,
    0xa4, 0x1, 0x55, 0x0, 0x7f, 0xf7, 0x88, 0x0,
    0x80, 0x1c, 0x81, 0x79, 0xa4, 0x0, 0xa5, 0x3,
    0x3,

    /* U+01AE "Ʈ" */
    0xbf, 0xff, 0xf0, 0x91, 0x42, 0x0, 0x22, 0xd5,
    0xbb, 0x48, 0x26, 0xee, 0x0, 0xff, 0xff, 0x80,
    0x7f, 0xff, 0x8, 0x18, 0x3, 0xf3, 0x81, 0x76,
    0x0, 0x78, 0xa8, 0x85, 0xc0, 0x0,

    /* U+01AF "Ư" */
    0x0, 0xff, 0xe0, 0xc7, 0xd9, 0xff, 0x80, 0x3c,
    0x5f, 0xe0, 0x30, 0xd0, 0xf, 0xfe, 0x3, 0x21,
    0x30, 0x7, 0xff, 0x2, 0x53, 0x0, 0x3f, 0xf8,
    0x3d, 0x62, 0x1, 0xff, 0xc1, 0x10, 0xf, 0xff,
    0xb8, 0x80, 0x7e, 0x60, 0x10, 0xc, 0x40, 0x5,
    0x0, 0xec, 0x5, 0x0, 0xe6, 0xb, 0x40, 0x9,
    0x5c, 0x38, 0x3, 0xa4, 0xc6, 0xff, 0x7e, 0x81,
    0x94, 0x3, 0xd9, 0x26, 0x4, 0x29, 0x52, 0x1,
    0xc0,

    /* U+01B0 "ư" */
    0x0, 0xff, 0x96, 0x10, 0x3, 0xfe, 0x97, 0x27,
    0xfb, 0x0, 0xc7, 0xfc, 0x46, 0xe, 0x1, 0xfc,
    0x3a, 0x12, 0x20, 0x1f, 0xe7, 0xc6, 0x0, 0xff,
    0xc, 0x18, 0x7, 0xff, 0x65, 0xc0, 0x3f, 0x38,
    0x6, 0x30, 0xf, 0x18, 0x18, 0x80, 0x6, 0x40,
    0x3c, 0x84, 0x1f, 0x32, 0xf3, 0x0, 0xfb, 0x18,
    0xd9, 0xdd, 0x82, 0x1, 0xc0,

    /* U+01B1 "Ʊ" */
    0x5f, 0xfe, 0x90, 0x7, 0xff, 0x84, 0x70, 0x7,
    0x8, 0x0, 0x44, 0x49, 0xdc, 0x90, 0x59, 0x0,
    0x60, 0x8b, 0x7b, 0x40, 0xb, 0x9, 0x40, 0x11,
    0x60, 0xe8, 0x80, 0x54, 0x12, 0x1, 0xc4, 0xe3,
    0x60, 0x6, 0x3, 0x20, 0xf, 0x50, 0x28, 0x86,
    0x2, 0x80, 0x7c, 0x40, 0x5, 0x1, 0x1, 0x0,
    0xfc, 0x40, 0x40, 0x1f, 0xfc, 0x3, 0x0, 0x88,
    0x10, 0x3, 0xe1, 0x10, 0x10, 0x68, 0x19, 0x80,
    0x3d, 0x0, 0x28, 0x8, 0x80, 0xd5, 0x0, 0x86,
    0x58, 0x20, 0x2, 0xa4, 0x1a, 0xfe, 0xe9, 0x82,
    0x18, 0x2, 0x1b, 0xa5, 0x21, 0x11, 0x36, 0xb8,
    0x0,

    /* U+01B2 "Ʋ" */
    0x4f, 0xd0, 0xd, 0x5f, 0xeb, 0x20, 0xf, 0xca,
    0x29, 0x20, 0x1f, 0x55, 0x40, 0x80, 0x1f, 0xce,
    0x1, 0xff, 0x38, 0x8, 0x7, 0xf1, 0x2, 0x80,
    0x7f, 0x78, 0x18, 0x7, 0xf3, 0x86, 0x0, 0x7e,
    0x41, 0x12, 0x0, 0xc, 0x3, 0xa0, 0x24, 0x18,
    0x4, 0x3, 0x39, 0x8b, 0x81, 0x0, 0x14, 0x0,
    0xf0, 0x1a, 0x1, 0x38, 0x57, 0x7c, 0x5, 0x98,
    0x5, 0xe, 0x22, 0x26, 0xe4, 0x0, 0x80,

    /* U+01B3 "Ƴ" */
    0xbf, 0x90, 0xe, 0x2c, 0xfb, 0x80, 0x62, 0x0,
    0xdc, 0x67, 0x94, 0x20, 0x2, 0x33, 0xe, 0x40,
    0x58, 0x29, 0x80, 0x20, 0x24, 0x2, 0x17, 0x8,
    0x2, 0x41, 0x70, 0xd, 0x22, 0x88, 0x80, 0x90,
    0xe, 0x19, 0x9, 0x51, 0x70, 0xf, 0x39, 0x10,
    0x24, 0x3, 0xf5, 0x80, 0x1c, 0x3, 0xf1, 0x0,
    0x80, 0x7f, 0xfa, 0x40,

    /* U+01B4 "ƴ" */
    0xbf, 0x80, 0xe, 0x5e, 0xe1, 0xf0, 0x30, 0x6,
    0x1a, 0x13, 0x5, 0x11, 0x20, 0x4, 0xc0, 0x7a,
    0x60, 0xe1, 0xc0, 0x15, 0x84, 0x80, 0x56, 0xa,
    0x0, 0x23, 0x5, 0x0, 0x88, 0xc1, 0x41, 0x41,
    0x80, 0x3a, 0x83, 0xc2, 0x82, 0x80, 0x39, 0x81,
    0x4c, 0x84, 0xc0, 0x3c, 0xc1, 0x0, 0xc0, 0x1f,
    0x50, 0x20, 0x50, 0x7, 0xc6, 0x40, 0x64, 0x1,
    0xf9, 0x82, 0x80, 0x3f, 0xa, 0x3, 0x80, 0x7e,
    0xa0, 0x61, 0x0, 0xe7, 0xce, 0x41, 0x80, 0xf,
    0x79, 0x82, 0xf8, 0x80, 0x78,

    /* U+01B5 "Ƶ" */
    0x1f, 0xff, 0xe9, 0x1, 0x1f, 0x80, 0x2, 0x2e,
    0xef, 0x48, 0xc, 0x0, 0x78, 0xa0, 0x28, 0x3,
    0xee, 0x6, 0x40, 0xf, 0x41, 0x94, 0x80, 0x51,
    0xff, 0x38, 0x17, 0xe0, 0x3, 0x50, 0xc0, 0x6,
    0x88, 0x50, 0x2, 0xda, 0x1, 0xe5, 0xda, 0x40,
    0x24, 0x70, 0xe0, 0xf, 0xd, 0x4, 0x90, 0x7,
    0xac, 0x51, 0x80, 0x3c, 0x6a, 0xb, 0xdd, 0xea,
    0x60, 0x0, 0x8f, 0xcc,

    /* U+01B6 "ƶ" */
    0xf, 0xff, 0xa8, 0x19, 0x57, 0x0, 0x8, 0x26,
    0xaa, 0xf0, 0x28, 0x0, 0xc3, 0x41, 0xc0, 0x8,
    0x99, 0x60, 0xd, 0x20, 0x33, 0x44, 0x2, 0xc6,
    0x1d, 0x80, 0xd, 0xff, 0x38, 0x3, 0x82, 0x48,
    0x3, 0x41, 0x1b, 0x0, 0x62, 0x70, 0x5, 0x56,
    0x86, 0x0, 0x1a, 0xae, 0x40,

    /* U+01B7 "Ʒ" */
    0xe, 0xff, 0xfc, 0x20, 0x45, 0xe0, 0x0, 0x88,
    0x33, 0x77, 0x28, 0x16, 0x0, 0x70, 0xdb, 0xa6,
    0x90, 0x6, 0x2c, 0x47, 0xb0, 0xf, 0x69, 0x10,
    0x14, 0x3, 0x84, 0x0, 0x4f, 0x5c, 0xa0, 0x10,
    0xff, 0xba, 0xd0, 0x68, 0xc0, 0x38, 0x52, 0xcc,
    0x28, 0x3, 0xf2, 0x1, 0x0, 0x7e, 0x30, 0x23,
    0x71, 0x0, 0xce, 0x81, 0x4d, 0x1d, 0xcc, 0xc7,
    0xc0, 0x41, 0xa4, 0x18, 0x19, 0x89, 0xb1, 0xc0,

    /* U+01B8 "Ƹ" */
    0x6f, 0xff, 0xd4, 0x4, 0x0, 0x12, 0x2f, 0x2,
    0x58, 0x2, 0x77, 0x74, 0x0, 0x13, 0x4e, 0xdc,
    0x3, 0xe2, 0xc4, 0x8a, 0x0, 0xf4, 0x62, 0x2,
    0xa8, 0x3, 0x6b, 0x91, 0xab, 0x30, 0x2, 0x82,
    0x1d, 0xca, 0x93, 0x0, 0x98, 0x20, 0x80, 0x3e,
    0x10, 0x20, 0xf, 0xc4, 0x6, 0x1, 0xf9, 0x42,
    0x14, 0x3, 0x1c, 0x4, 0x20, 0x57, 0x66, 0xfe,
    0x38, 0x85, 0xd2, 0x1, 0x90, 0xa4, 0x88,

    /* U+01B9 "ƹ" */
    0xc, 0xff, 0xfb, 0x0, 0xc, 0x0, 0x33, 0xe5,
    0x0, 0x51, 0x85, 0xe6, 0x69, 0x0, 0xb4, 0xa1,
    0x40, 0x3e, 0x1f, 0x1a, 0x40, 0xf, 0x8b, 0x42,
    0xcc, 0x3, 0xc7, 0x64, 0x1a, 0x1, 0xd5, 0x8e,
    0x40, 0x20, 0x1a, 0x14, 0x67, 0xbf, 0xc0, 0x19,
    0xc2, 0x98, 0x40, 0x38, 0xc0, 0x50, 0x3, 0xe7,
    0x0, 0xff, 0x28, 0x9, 0x80, 0x7c, 0x28, 0x1c,
    0x40, 0x10, 0xb0, 0x2, 0x88, 0x9b, 0xac, 0xee,
    0x48, 0x0, 0x75, 0xc8, 0x86, 0x7, 0x0,

    /* U+01BA "ƺ" */
    0x4f, 0xff, 0xb8, 0x1d, 0x13, 0x18, 0x0, 0x80,
    0xee, 0xf0, 0x0, 0xf0, 0x3, 0xb0, 0xd3, 0x0,
    0x3b, 0xd, 0x2c, 0x3, 0x9c, 0xc1, 0x35, 0xc0,
    0x31, 0xb3, 0xc, 0xa3, 0x0, 0x24, 0x99, 0x66,
    0x0, 0xcc, 0x1, 0xe3, 0x30, 0x28, 0x7, 0xc2,
    0x6, 0x1, 0xc3, 0x4, 0x8, 0x7, 0x7d, 0xfc,
    0xe1, 0x42, 0x2c, 0x43, 0x45, 0x8d, 0x50, 0x50,
    0x4d, 0xba, 0x70, 0x9, 0x41, 0x32, 0xf3, 0xb4,
    0x80, 0x71, 0x49, 0x8, 0xd8, 0x80,

    /* U+01BB "ƻ" */
    0x0, 0x25, 0xf7, 0xeb, 0x80, 0x6a, 0xb4, 0x32,
    0x24, 0x58, 0x5, 0x87, 0xbb, 0x58, 0x21, 0x80,
    0x1b, 0x8, 0x0, 0x84, 0xc, 0x1, 0xf8, 0xc1,
    0x80, 0x3e, 0x31, 0x3, 0x0, 0x34, 0xce, 0xe0,
    0x29, 0x30, 0xc6, 0x6c, 0x40, 0x4c, 0xa1, 0x5f,
    0xea, 0x0, 0x6f, 0xf9, 0x80, 0x22, 0xa0, 0xa2,
    0x0, 0xe1, 0xf0, 0x75, 0x0, 0xf5, 0x12, 0x40,
    0x7, 0xa1, 0xa, 0xc0, 0x3c, 0x4e, 0x0, 0xbb,
    0xf2, 0x80, 0x44, 0x89, 0xe2,

    /* U+01BC "Ƽ" */
    0x4f, 0xff, 0xe1, 0x1, 0x10, 0x0, 0x47, 0x81,
    0x3a, 0x41, 0x3b, 0xb8, 0x40, 0x3f, 0xf9, 0xc9,
    0xfd, 0x48, 0x1, 0x88, 0xcc, 0x42, 0xb7, 0x0,
    0x12, 0xe6, 0x37, 0xdc, 0x1c, 0xc0, 0x3e, 0x83,
    0xb, 0x0, 0xfc, 0xc0, 0x20, 0x1f, 0x9c, 0x38,
    0xd8, 0x40, 0x21, 0x92, 0x5, 0x69, 0xee, 0x66,
    0xf3, 0x4, 0x92, 0x41, 0x81, 0x91, 0x1b, 0x58,
    0x0,

    /* U+01BD "ƽ" */
    0x2f, 0xff, 0xac, 0xd, 0x4, 0xd, 0x12, 0x30,
    0x1b, 0x40, 0x9b, 0xba, 0x0, 0x3f, 0xf8, 0x75,
    0xfb, 0x0, 0x1b, 0x15, 0x46, 0x4f, 0x80, 0x13,
    0x55, 0x33, 0x40, 0xcc, 0x1, 0xe2, 0x20, 0x39,
    0x18, 0x6, 0x42, 0x5, 0x7c, 0xec, 0xbd, 0xb0,
    0x71, 0x46, 0x32, 0x43, 0x4a, 0x80,

    /* U+01BE "ƾ" */
    0x0, 0x95, 0x80, 0x3e, 0x8a, 0x0, 0xf1, 0x90,
    0x7, 0xab, 0x0, 0xff, 0xd8, 0x2, 0x8, 0x2,
    0xaa, 0xb0, 0x1a, 0xf0, 0x2a, 0xa3, 0x80, 0x7f,
    0xf0, 0x14, 0xe, 0x0, 0x38, 0x64, 0x1f, 0x98,
    0x3, 0x36, 0xa8, 0xca, 0x0, 0x62, 0xa6, 0xc,
    0x23, 0x0, 0xc6, 0x1e, 0xd9, 0xd7, 0x5a, 0xa2,
    0xca, 0xc6, 0x8a, 0x6b, 0x82,

    /* U+01BF "ƿ" */
    0x5f, 0x72, 0xbf, 0xf5, 0x90, 0x6, 0xbd, 0x42,
    0x4, 0xd3, 0x0, 0x8d, 0xbf, 0x78, 0x82, 0x0,
    0x34, 0x0, 0x6, 0x1, 0x0, 0x22, 0x10, 0x9,
    0xc0, 0x38, 0x40, 0x30, 0x80, 0x7f, 0xac, 0x10,
    0x3, 0xe3, 0x70, 0xf0, 0xf, 0x3e, 0x3, 0x20,
    0x4, 0x57, 0xf0, 0xf, 0x20, 0x18, 0x54, 0x9f,
    0x60, 0x3, 0x8f, 0xb6, 0x8, 0x3, 0xff, 0xc8,

    /* U+01C0 "ǀ" */
    0xaf, 0x10, 0xf, 0xfe, 0xf0,

    /* U+01C1 "ǁ" */
    0xaf, 0x10, 0x7, 0xd8, 0x7, 0xff, 0xfc, 0x3,
    0xff, 0x96,

    /* U+01C2 "ǂ" */
    0x0, 0xaf, 0xc0, 0x3f, 0xfa, 0x6f, 0x32, 0x60,
    0x99, 0x82, 0xd9, 0x84, 0xc, 0xd0, 0xe7, 0xf9,
    0x3, 0xfe, 0x10, 0xf, 0xec, 0xff, 0x20, 0x7f,
    0xc3, 0x6c, 0xc1, 0x6, 0x68, 0x5e, 0x64, 0xa1,
    0x33, 0x0, 0x7f, 0xf6, 0x40,

    /* U+01C3 "ǃ" */
    0x7f, 0xf0, 0x4, 0x20, 0x20, 0x60, 0x60, 0x20,
    0x20, 0x13, 0x83, 0x80, 0x42, 0x2, 0x6, 0x6,
    0x2, 0x2, 0x1, 0xba, 0x1, 0x32, 0x83, 0x49,
    0x43, 0x1, 0x0,

    /* U+01C4 "Ǆ" */
    0x0, 0xff, 0xe1, 0x97, 0xd0, 0x0, 0xfa, 0xc0,
    0x3f, 0xf8, 0xa5, 0x4b, 0x8b, 0x87, 0x60, 0x1f,
    0xfc, 0x65, 0x73, 0xa0, 0xf0, 0xf, 0xfe, 0x44,
    0x41, 0xec, 0x80, 0x3f, 0xf9, 0x2f, 0x8, 0x1,
    0x8b, 0xff, 0xba, 0xd8, 0x40, 0x35, 0x7f, 0xff,
    0x8, 0x4, 0x45, 0xa, 0x4f, 0xa0, 0x4, 0x45,
    0xf0, 0x80, 0x4, 0x2, 0xdd, 0xbf, 0xc, 0x6c,
    0x80, 0x11, 0xbb, 0xd8, 0x0, 0x90, 0xf, 0xc7,
    0x86, 0x12, 0x1, 0xfa, 0x85, 0x18, 0x3, 0xfd,
    0xe0, 0x82, 0x1, 0xe6, 0x41, 0xa0, 0xf, 0xf8,
    0xc0, 0xa, 0x1, 0xc5, 0x21, 0x62, 0x1, 0xff,
    0xc0, 0x20, 0x20, 0xe, 0xe0, 0x55, 0x0, 0x7f,
    0xf0, 0x4c, 0x3, 0xce, 0x63, 0x40, 0x1f, 0xfc,
    0x21, 0x2, 0x0, 0x8a, 0x2, 0x80, 0x3f, 0xf8,
    0x4a, 0x0, 0x50, 0xb, 0x81, 0x90, 0x3, 0xff,
    0x82, 0x30, 0xa, 0x20, 0x8, 0x32, 0x90, 0xf,
    0xfe, 0xa, 0xe1, 0xc, 0x0, 0xd, 0xc3, 0x80,
    0x3f, 0xdb, 0xae, 0xfa, 0x22, 0x61, 0x0, 0x3c,
    0x1, 0xdb, 0xbe, 0x30, 0x8, 0x88, 0x22, 0x5a,
    0xd2, 0x0, 0x84, 0x0, 0x45, 0xf0, 0x0,

    /* U+01C5 "ǅ" */
    0x0, 0xff, 0xe1, 0xe, 0xe1, 0x1, 0xee, 0x1,
    0x7f, 0xf7, 0x5b, 0x8, 0x6, 0x1c, 0x2c, 0x7c,
    0x1c, 0x0, 0xc4, 0x50, 0xa4, 0xfa, 0x0, 0x61,
    0xc1, 0x81, 0xd0, 0xe, 0xdd, 0xbf, 0xc, 0x6c,
    0x80, 0x31, 0x7f, 0xb8, 0x40, 0x3f, 0x8f, 0xc,
    0x24, 0x0, 0xbf, 0xff, 0x20, 0x7, 0xf7, 0x82,
    0x8, 0x32, 0xae, 0x40, 0x3, 0x0, 0x7f, 0x18,
    0x1, 0x40, 0xea, 0xb0, 0x1, 0xc8, 0x3, 0xfc,
    0x40, 0x40, 0x1c, 0xc8, 0x50, 0x1, 0xff, 0x18,
    0x7, 0x8a, 0x43, 0xc0, 0x3f, 0xf8, 0x2, 0x4,
    0x1, 0xb8, 0x24, 0x80, 0x3f, 0xe5, 0x0, 0x28,
    0x4, 0xe6, 0x8c, 0x1, 0xff, 0xc, 0x2, 0x88,
    0x0, 0xa0, 0x68, 0x3, 0xfe, 0x5c, 0x21, 0x80,
    0xb, 0xc2, 0x84, 0x3, 0xed, 0xd7, 0x7d, 0x11,
    0x30, 0x80, 0x10, 0x41, 0x3b, 0xb9, 0x40, 0x22,
    0x20, 0x89, 0x6b, 0x48, 0x2, 0x20, 0x1, 0x17,
    0x18,

    /* U+01C6 "ǆ" */
    0x0, 0xf9, 0x7f, 0x0, 0x5, 0xd6, 0x20, 0xde,
    0xe0, 0x1f, 0xfc, 0x12, 0xc5, 0xfa, 0x97, 0x70,
    0x7, 0xff, 0x8, 0xa8, 0x11, 0x60, 0x3, 0xff,
    0x88, 0x9d, 0xca, 0x0, 0xe8, 0xef, 0xd7, 0x0,
    0xe8, 0xff, 0xf8, 0x1, 0x8e, 0x24, 0x11, 0x20,
    0x1b, 0x8c, 0xf1, 0x0, 0x4c, 0x61, 0x9b, 0xac,
    0x30, 0xc, 0xd9, 0x98, 0x1, 0x1, 0xa0, 0xc6,
    0x0, 0x36, 0x0, 0xfd, 0x24, 0x8e, 0xa, 0x18,
    0x1, 0xbc, 0x3, 0xe4, 0x61, 0xa0, 0xc, 0x20,
    0x18, 0xc0, 0x3c, 0x34, 0x14, 0x20, 0x18, 0x40,
    0x3f, 0xea, 0x16, 0x40, 0x9, 0x43, 0x40, 0x36,
    0x80, 0x73, 0xa1, 0x48, 0x6, 0xd0, 0x73, 0x0,
    0x1b, 0x0, 0x63, 0x80, 0xf0, 0xe, 0x63, 0xc,
    0xdd, 0x62, 0x80, 0x6f, 0x1, 0xec, 0xcc, 0x41,
    0x8c, 0x24, 0x13, 0x60, 0x18, 0x80, 0x4c, 0xf8,
    0x40,

    /* U+01C7 "Ǉ" */
    0x2f, 0xf0, 0x7, 0xe7, 0xfb, 0x0, 0xff, 0xff,
    0x80, 0x7f, 0xff, 0xc0, 0x3e, 0xee, 0xf0, 0x80,
    0x7c, 0x23, 0xe3, 0x0, 0xc5, 0xff, 0xf8, 0x83,
    0xc0, 0x40, 0x3f, 0x8, 0x1b, 0x6, 0x0, 0x7e,
    0xcf, 0xc1, 0x26, 0x0, 0xfc, 0x84, 0x6f, 0xa0,

    /* U+01C8 "ǈ" */
    0x0, 0xff, 0xa3, 0xd4, 0xbf, 0xc0, 0x1f, 0x8c,
    0x30, 0x3, 0xfe, 0x99, 0x40, 0x7, 0xfc, 0x4c,
    0x20, 0x1f, 0xf5, 0x7b, 0x80, 0x7f, 0xff, 0xc0,
    0x3f, 0xfb, 0x9d, 0xde, 0x10, 0xf, 0x84, 0x7c,
    0x60, 0x18, 0xbf, 0xff, 0x10, 0x7, 0xff, 0x45,
    0xc0, 0x80, 0x3f, 0x2e, 0x71, 0x2, 0x0, 0x7e,
    0x13, 0x13, 0xc1,

    /* U+01C9 "ǉ" */
    0x5f, 0xc0, 0xb, 0x38, 0x80, 0x3c, 0x62, 0xc0,
    0x1e, 0xba, 0x40, 0xf, 0x22, 0x80, 0x7d, 0xde,
    0x60, 0x1f, 0xff, 0xf0, 0xf, 0xfe, 0x1a, 0xfe,
    0x0, 0x7f, 0xf2, 0x8, 0x40, 0x80, 0x29, 0xcd,
    0x4, 0x10, 0x8, 0x4c, 0x56, 0x80,

    /* U+01CA "Ǌ" */
    0x1f, 0xf6, 0x0, 0x79, 0xbe, 0x80, 0x2a, 0xf8,
    0x0, 0x8d, 0xc0, 0x3f, 0xf8, 0xd0, 0x20, 0x1f,
    0xfc, 0x34, 0x40, 0x50, 0x7, 0xff, 0xd, 0xe8,
    0x11, 0x40, 0x3f, 0xf8, 0x42, 0x29, 0xb, 0x0,
    0xff, 0xe2, 0x31, 0x8c, 0x80, 0x7f, 0xf1, 0x38,
    0x18, 0xc0, 0xc0, 0x3f, 0xf8, 0x24, 0xe1, 0xe0,
    0x1f, 0xfc, 0x48, 0x23, 0x70, 0xf, 0xfe, 0x27,
    0x4, 0x18, 0x7, 0xff, 0xc, 0xd8, 0x20, 0x3,
    0xff, 0x89, 0x22, 0x20, 0xf, 0xfe, 0x2d, 0x80,
    0x7e, 0xf1, 0xfd, 0x0, 0xf2, 0xff, 0xa8, 0x2,
    0x60, 0x10, 0xf, 0xfe, 0x8, 0x82, 0x98, 0x28,
    0x7, 0xff, 0x7, 0xbe, 0x81, 0x4c, 0x3, 0xff,
    0x82, 0x84, 0x73, 0x40,

    /* U+01CB "ǋ" */
    0x0, 0xff, 0xe2, 0x5f, 0x18, 0xff, 0xb0, 0x3,
    0xcd, 0xf4, 0x1, 0x28, 0xb0, 0x4, 0x6e, 0x1,
    0xff, 0x6c, 0xa8, 0x0, 0x82, 0x4, 0x3, 0xfc,
    0x6c, 0x1, 0xc, 0x5, 0x0, 0x7f, 0xb7, 0xd0,
    0x2, 0x72, 0x45, 0x0, 0xff, 0xe1, 0x8, 0x70,
    0x58, 0x7, 0xff, 0x10, 0xd4, 0x64, 0x3, 0xff,
    0x89, 0x62, 0xc6, 0x6, 0x1, 0xff, 0xc1, 0x18,
    0xf, 0x0, 0xff, 0xe2, 0x31, 0x99, 0xc0, 0x3f,
    0xf8, 0x9c, 0x10, 0x60, 0x1f, 0xfc, 0x32, 0x70,
    0x80, 0xf, 0xfe, 0x24, 0x8, 0x80, 0x3f, 0xf8,
    0xb4, 0x1, 0xfc, 0x3f, 0xa0, 0x1e, 0x4f, 0xf5,
    0x0, 0x7f, 0xf7, 0x4, 0x81, 0x80, 0x3f, 0xf8,
    0x31, 0x9e, 0x6, 0x40, 0x1f, 0xfc, 0x1f, 0x30,
    0x4e, 0x0,

    /* U+01CC "ǌ" */
    0x0, 0xff, 0xe0, 0xd7, 0xa0, 0x7, 0xff, 0x5,
    0xc0, 0xc0, 0x3f, 0xf8, 0x3f, 0x2e, 0x1, 0xff,
    0xc1, 0x26, 0x5, 0xf6, 0x2b, 0xef, 0xc5, 0x0,
    0xd9, 0xea, 0x0, 0xad, 0x52, 0x13, 0xa6, 0x0,
    0xfc, 0x6b, 0xd9, 0xca, 0x14, 0x1, 0xfd, 0x60,
    0x14, 0x81, 0x80, 0x7e, 0x21, 0x0, 0x84, 0x3,
    0xfc, 0x20, 0x1f, 0xff, 0xf0, 0xf, 0xfe, 0x32,
    0xfe, 0x0, 0x62, 0xff, 0x0, 0x7f, 0xf5, 0xc8,
    0x18, 0x3, 0xfc, 0xf9, 0xc2, 0x46, 0x1, 0xfe,
    0x13, 0x14, 0xf0,

    /* U+01CD "Ǎ" */
    0x0, 0xb7, 0x44, 0x3, 0x9c, 0x20, 0x1e, 0xc3,
    0xc4, 0xc3, 0xd1, 0x0, 0xf0, 0xe8, 0xd9, 0x49,
    0x80, 0x7e, 0x3a, 0x78, 0x60, 0xf, 0xf2, 0xc3,
    0x80, 0x7f, 0xd9, 0xfa, 0x1, 0xfe, 0x23, 0x2,
    0x30, 0xf, 0xea, 0x5, 0xa, 0x0, 0xfe, 0x60,
    0xb0, 0x60, 0xf, 0xca, 0x28, 0x2a, 0xc, 0x1,
    0xf7, 0x7, 0x7, 0x5, 0x0, 0x78, 0x50, 0x14,
    0x10, 0x4c, 0x80, 0x39, 0x81, 0x80, 0x26, 0xa,
    0x0, 0xea, 0x6, 0xff, 0x9c, 0x18, 0x3, 0x21,
    0x0, 0x8f, 0x0, 0xa8, 0x5, 0xc0, 0xfd, 0xdc,
    0xe1, 0xc0, 0x1, 0x50, 0xa0, 0xe, 0xa0, 0x41,
    0x7, 0x2, 0x20, 0x7, 0x11, 0x83, 0x5, 0x5,
    0x0, 0x7d, 0x41, 0x40,

    /* U+01CE "ǎ" */
    0x0, 0x47, 0xb0, 0xd, 0xf1, 0x0, 0x21, 0xa6,
    0xbd, 0x74, 0x80, 0x29, 0x54, 0xa, 0x30, 0xe,
    0xae, 0xe2, 0x0, 0x64, 0xad, 0xfe, 0xc5, 0x0,
    0xbd, 0x41, 0x48, 0xe9, 0x0, 0x11, 0x9b, 0x58,
    0xa1, 0xe0, 0x3, 0x30, 0x5, 0xc0, 0xc0, 0x1e,
    0x10, 0x1, 0x80, 0x1f, 0x7f, 0xdd, 0x60, 0x15,
    0x41, 0xc5, 0xda, 0x40, 0x2, 0xa1, 0xae, 0x88,
    0x20, 0x0, 0x80, 0x4, 0x2, 0xf0, 0x9, 0x3,
    0xe2, 0x1a, 0xe0, 0x15, 0x31, 0xbb, 0x2e, 0x18,
    0x0,

    /* U+01CF "Ǐ" */
    0xd, 0xd1, 0x0, 0xe7, 0x8, 0x79, 0xe2, 0x61,
    0xe0, 0x81, 0x50, 0xd9, 0x51, 0x0, 0x49, 0x2f,
    0x2a, 0x1, 0xcd, 0xc, 0x1, 0x8f, 0xff, 0x90,
    0x0, 0x70, 0x40, 0x50, 0xa0, 0x13, 0xa8, 0x3b,
    0x84, 0x3, 0xff, 0xfe, 0x1, 0xfc, 0xca, 0xe,
    0xe1, 0x0, 0x1c, 0x90, 0x14, 0x28, 0x0,

    /* U+01D0 "ǐ" */
    0x8f, 0x60, 0x1b, 0xe2, 0x87, 0x9a, 0xf5, 0xc2,
    0x8, 0x67, 0x2d, 0x20, 0xa, 0x77, 0xc, 0x3,
    0x2f, 0xe0, 0x7, 0xff, 0xfc, 0x3, 0xf0,

    /* U+01D1 "Ǒ" */
    0x0, 0x9f, 0xdc, 0x1, 0x3e, 0x80, 0x1e, 0x77,
    0x45, 0x63, 0x52, 0x0, 0x7d, 0xa, 0xa3, 0x95,
    0x0, 0xfe, 0xaf, 0xf3, 0x0, 0x7f, 0xf2, 0x92,
    0xb7, 0xfb, 0x60, 0x80, 0x3a, 0xad, 0x48, 0x40,
    0x9f, 0x54, 0x2, 0x85, 0x9, 0xfe, 0xe9, 0x42,
    0x8c, 0x9, 0xc2, 0x58, 0x2, 0x1a, 0x40, 0xf0,
    0x50, 0x26, 0x0, 0xf4, 0x1, 0x96, 0x82, 0x0,
    0x7c, 0x62, 0xe, 0xc0, 0x20, 0x1f, 0x8c, 0x8,
    0x3, 0xff, 0x84, 0xc0, 0x20, 0x1f, 0x8c, 0xb,
    0x41, 0xc0, 0x3e, 0x31, 0x7, 0x50, 0x16, 0x0,
    0xf4, 0x1, 0x91, 0x1c, 0x25, 0x80, 0x21, 0xa4,
    0xf, 0x0, 0x42, 0x84, 0xff, 0x74, 0xa1, 0x46,
    0x1, 0x55, 0xa9, 0x8, 0x13, 0xea, 0x80, 0x0,

    /* U+01D2 "ǒ" */
    0x3, 0xfa, 0x0, 0x37, 0xc0, 0x4, 0x78, 0xbb,
    0x52, 0xf0, 0x1, 0x8e, 0x89, 0x55, 0x0, 0x1e,
    0x5f, 0xf5, 0x0, 0x79, 0x73, 0xfd, 0x8e, 0x1,
    0xa6, 0x8c, 0x88, 0x71, 0x60, 0x4, 0x60, 0xbd,
    0xd8, 0x51, 0xc3, 0x81, 0x90, 0x0, 0x50, 0x12,
    0xe, 0x18, 0x1, 0x90, 0x4, 0x46, 0x2, 0x1,
    0x88, 0x0, 0x66, 0x1, 0x0, 0xc4, 0x0, 0x37,
    0xc, 0x0, 0xc8, 0x2, 0x29, 0x6, 0x30, 0x0,
    0xd8, 0x30, 0x1b, 0x86, 0x62, 0xf8, 0x8e, 0x0,
    0x11, 0x48, 0x48, 0x51, 0x80, 0x0,

    /* U+01D3 "Ǔ" */
    0x0, 0xe, 0xe1, 0x2, 0x75, 0x80, 0x61, 0xf2,
    0xc8, 0xb5, 0xb0, 0xe, 0x2c, 0x17, 0x2b, 0x0,
    0xf8, 0xbf, 0xda, 0x1, 0xff, 0xc4, 0x3f, 0xf0,
    0x7, 0x8b, 0xfc, 0x1, 0xff, 0xff, 0x0, 0xff,
    0xe4, 0x88, 0x7, 0xe6, 0x1, 0x20, 0x2, 0x80,
    0x76, 0x82, 0x83, 0x5, 0xa0, 0x4, 0xcc, 0xe,
    0x9, 0x31, 0xbf, 0xef, 0x90, 0x75, 0x0, 0x64,
    0x18, 0x8, 0x96, 0xe0, 0x0,

    /* U+01D4 "ǔ" */
    0x1, 0xdc, 0x20, 0x5e, 0xa0, 0x0, 0xe0, 0xe5,
    0x51, 0x28, 0x2, 0x1f, 0x27, 0x5a, 0x0, 0xe2,
    0xcd, 0xa0, 0x9, 0xfe, 0xc0, 0x31, 0xff, 0x0,
    0x7f, 0xfb, 0x5c, 0x3, 0x38, 0x6, 0x30, 0x1,
    0x81, 0x88, 0x0, 0x64, 0x0, 0x84, 0x1f, 0x32,
    0xf3, 0x0, 0xb1, 0x8d, 0x9d, 0xd8, 0x20,

    /* U+01D5 "Ǖ" */
    0x0, 0x9a, 0x67, 0x90, 0x3, 0xb5, 0x9b, 0x8c,
    0x3, 0xaf, 0xff, 0x9c, 0x3, 0x97, 0xd0, 0x23,
    0x88, 0x3, 0x8c, 0x4, 0x4, 0x40, 0x1e, 0x6f,
    0x50, 0x9f, 0x20, 0xf, 0xfe, 0x11, 0xff, 0x80,
    0x3c, 0x5f, 0xe0, 0xf, 0xff, 0xf8, 0x7, 0xff,
    0x24, 0x40, 0x3f, 0x30, 0x9, 0x0, 0x14, 0x3,
    0xb4, 0x14, 0x18, 0x2d, 0x0, 0x26, 0x60, 0x70,
    0x49, 0x8d, 0xff, 0x7c, 0x83, 0xa8, 0x3, 0x20,
    0xc0, 0x44, 0xb7, 0x0,

    /* U+01D6 "ǖ" */
    0x0, 0x67, 0xff, 0x28, 0x5, 0x6c, 0xde, 0x0,
    0x9e, 0x67, 0x8c, 0x2, 0x7f, 0x30, 0xae, 0x10,
    0xb, 0xc0, 0x21, 0x10, 0x6, 0x8f, 0x30, 0xbf,
    0x10, 0x7f, 0xb0, 0xc, 0x7f, 0xc0, 0x1f, 0xfe,
    0xd7, 0x0, 0xce, 0x1, 0x8c, 0x0, 0x60, 0x62,
    0x0, 0x19, 0x0, 0x21, 0x7, 0xcc, 0xbc, 0xc0,
    0x2c, 0x63, 0x67, 0x76, 0x8, 0x0,

    /* U+01D7 "Ǘ" */
    0x0, 0xf1, 0xff, 0x90, 0x3, 0xe2, 0xd2, 0xc4,
    0x0, 0xf9, 0xe7, 0x4c, 0x3, 0xcb, 0xe2, 0xf1,
    0xc4, 0x1, 0xc6, 0x2, 0x2, 0x20, 0xf, 0x37,
    0xa8, 0x4f, 0x90, 0x7, 0xff, 0x8, 0xff, 0xc0,
    0x1e, 0x2f, 0xf0, 0x7, 0xff, 0xfc, 0x3, 0xff,
    0x92, 0x20, 0x1f, 0x98, 0x4, 0x80, 0xa, 0x1,
    0xda, 0xa, 0xc, 0x16, 0x80, 0x13, 0x30, 0x38,
    0x24, 0xc6, 0xff, 0xbe, 0x41, 0xd4, 0x1, 0x90,
    0x60, 0x22, 0x5b, 0x80,

    /* U+01D8 "ǘ" */
    0x0, 0xe1, 0x78, 0x30, 0xf, 0x44, 0xc, 0xc0,
    0x1c, 0x8c, 0x96, 0x1, 0xe2, 0x9b, 0x0, 0xe7,
    0xf5, 0x6a, 0xe1, 0x0, 0xbc, 0x2, 0x11, 0x0,
    0x68, 0xf3, 0xb, 0xf1, 0x7, 0xfb, 0x0, 0xc7,
    0xfc, 0x1, 0xff, 0xed, 0x70, 0xc, 0xe0, 0x18,
    0xc0, 0x6, 0x6, 0x20, 0x1, 0x90, 0x2, 0x10,
    0x7c, 0xcb, 0xcc, 0x2, 0xc6, 0x36, 0x77, 0x60,
    0x80,

    /* U+01D9 "Ǚ" */
    0x0, 0x9d, 0x0, 0x26, 0x60, 0x7, 0x15, 0xc9,
    0x64, 0x20, 0x7, 0x2c, 0xb6, 0x9e, 0x90, 0x7,
    0x9a, 0x5e, 0xcc, 0x3, 0xcb, 0xe5, 0x19, 0xc4,
    0x1, 0xc6, 0x2, 0x2, 0x20, 0xf, 0x37, 0xa8,
    0x4f, 0x90, 0x7, 0xff, 0x8, 0xff, 0xc0, 0x1e,
    0x2f, 0xf0, 0x7, 0xff, 0xfc, 0x3, 0xff, 0x92,
    0x20, 0x1f, 0x98, 0x4, 0x80, 0xa, 0x1, 0xda,
    0xa, 0xc, 0x16, 0x80, 0x13, 0x30, 0x38, 0x24,
    0xc6, 0xff, 0xbe, 0x41, 0xd4, 0x1, 0x90, 0x60,
    0x22, 0x5b, 0x80,

    /* U+01DA "ǚ" */
    0x1, 0x73, 0x0, 0x9d, 0x40, 0x2, 0x19, 0x5,
    0xb4, 0x80, 0x13, 0xbd, 0xa7, 0xe2, 0x1, 0xa2,
    0xf, 0xa4, 0x1, 0x9f, 0xd2, 0x27, 0x84, 0x2,
    0xf0, 0x8, 0x44, 0x1, 0xa3, 0xcc, 0x2f, 0xc4,
    0x1f, 0xec, 0x3, 0x1f, 0xf0, 0x7, 0xff, 0xb5,
    0xc0, 0x33, 0x80, 0x63, 0x0, 0x18, 0x18, 0x80,
    0x6, 0x40, 0x8, 0x41, 0xf3, 0x2f, 0x30, 0xb,
    0x18, 0xd9, 0xdd, 0x82, 0x0,

    /* U+01DB "Ǜ" */
    0x0, 0x9f, 0xf8, 0x40, 0x3f, 0x3d, 0xe, 0x80,
    0x7f, 0x2e, 0xd9, 0x80, 0x7c, 0xbe, 0xcf, 0x7c,
    0x40, 0x1c, 0x60, 0x20, 0x22, 0x0, 0xf3, 0x7a,
    0x84, 0xf9, 0x0, 0x7f, 0xf0, 0x8f, 0xfc, 0x1,
    0xe2, 0xff, 0x0, 0x7f, 0xff, 0xc0, 0x3f, 0xf9,
    0x22, 0x1, 0xf9, 0x80, 0x48, 0x0, 0xa0, 0x1d,
    0xa0, 0xa0, 0xc1, 0x68, 0x1, 0x33, 0x3, 0x82,
    0x4c, 0x6f, 0xfb, 0xe4, 0x1d, 0x40, 0x19, 0x6,
    0x2, 0x25, 0xb8, 0x0,

    /* U+01DC "ǜ" */
    0x0, 0x34, 0x28, 0x7, 0xc4, 0xf4, 0x40, 0x1e,
    0x4c, 0x1e, 0x0, 0xf8, 0xf1, 0x8, 0x3, 0x9f,
    0xc6, 0x21, 0xc2, 0x1, 0x78, 0x4, 0x22, 0x0,
    0xd1, 0xe6, 0x17, 0xe2, 0xf, 0xf6, 0x1, 0x8f,
    0xf8, 0x3, 0xff, 0xda, 0xe0, 0x19, 0xc0, 0x31,
    0x80, 0xc, 0xc, 0x40, 0x3, 0x20, 0x4, 0x20,
    0xf9, 0x97, 0x98, 0x5, 0x8c, 0x6c, 0xee, 0xc1,
    0x0,

    /* U+01DD "ǝ" */
    0x2, 0x9d, 0xff, 0x6c, 0x0, 0x65, 0x63, 0x31,
    0x11, 0xf8, 0x40, 0x9, 0xbd, 0x9b, 0xc6, 0x34,
    0x0, 0x32, 0x0, 0x87, 0x41, 0x8, 0x3, 0xe1,
    0x20, 0x70, 0xff, 0xf8, 0x80, 0xc0, 0x25, 0x66,
    0xc0, 0x3, 0x2, 0xe, 0x99, 0xc0, 0x7, 0x5,
    0xf, 0x0, 0xa4, 0x10, 0x82, 0x49, 0x36, 0xb5,
    0x86, 0x40, 0x3, 0x8c, 0x6a, 0x6d, 0xe4, 0x0,

    /* U+01DE "Ǟ" */
    0x0, 0x96, 0x67, 0x94, 0x3, 0xec, 0x66, 0xec,
    0x0, 0xfa, 0x7f, 0xfa, 0x40, 0x3e, 0x3f, 0x60,
    0x6f, 0x40, 0xf, 0x9c, 0x38, 0x4, 0x4, 0x3,
    0xe4, 0xf8, 0x7, 0xf5, 0x0, 0xff, 0xe5, 0xe7,
    0xe8, 0x7, 0xf8, 0x8c, 0x8, 0xc0, 0x3f, 0xa8,
    0x14, 0x28, 0x3, 0xf9, 0x82, 0xc1, 0x80, 0x3f,
    0x28, 0xa0, 0xa8, 0x30, 0x7, 0xdc, 0x1c, 0x1c,
    0x14, 0x1, 0xe1, 0x40, 0x50, 0x41, 0x32, 0x0,
    0xe6, 0x6, 0x0, 0x98, 0x28, 0x3, 0xa8, 0x1b,
    0xfe, 0x70, 0x60, 0xc, 0x84, 0x2, 0x3c, 0x2,
    0xa0, 0x17, 0x3, 0xf7, 0x73, 0x87, 0x0, 0x5,
    0x42, 0x80, 0x3a, 0x81, 0x4, 0x1c, 0x8, 0x80,
    0x1c, 0x46, 0xc, 0x14, 0x14, 0x1, 0xf5, 0x5,
    0x0,

    /* U+01DF "ǟ" */
    0x0, 0x2f, 0xff, 0x60, 0x4, 0xcd, 0xeb, 0x0,
    0x8e, 0x67, 0x9c, 0x2, 0x1e, 0x90, 0x3f, 0x70,
    0xc, 0x24, 0xe, 0x1e, 0x1, 0xf, 0xd8, 0x27,
    0xc0, 0x4, 0x95, 0xbf, 0xd8, 0xa0, 0x17, 0xa8,
    0x29, 0x1d, 0x20, 0x2, 0x33, 0x6b, 0x14, 0x3c,
    0x0, 0x66, 0x0, 0xb8, 0x18, 0x3, 0xc2, 0x0,
    0x30, 0x3, 0xef, 0xfb, 0xac, 0x2, 0xa8, 0x38,
    0xbb, 0x48, 0x0, 0x54, 0x35, 0xd1, 0x4, 0x0,
    0x10, 0x0, 0x80, 0x5e, 0x1, 0x20, 0x7c, 0x43,
    0x5c, 0x2, 0xa6, 0x37, 0x65, 0xc3, 0x0,

    /* U+01E0 "Ǡ" */
    0x0, 0xa7, 0xff, 0xa4, 0x3, 0xec, 0x66, 0xec,
    0x0, 0xf9, 0x67, 0x1b, 0xe5, 0x40, 0x3f, 0x88,
    0x38, 0x3, 0xfe, 0x7b, 0x80, 0xf, 0xfe, 0x2,
    0x0, 0x7f, 0xf0, 0x33, 0xf4, 0x3, 0xfc, 0x46,
    0x4, 0x60, 0x1f, 0xd4, 0xa, 0x14, 0x1, 0xfc,
    0xc1, 0x60, 0xc0, 0x1f, 0x94, 0x50, 0x54, 0x18,
    0x3, 0xee, 0xe, 0xe, 0xa, 0x0, 0xf0, 0xa0,
    0x28, 0x20, 0x99, 0x0, 0x73, 0x3, 0x0, 0x4c,
    0x14, 0x1, 0xd4, 0xd, 0xff, 0x38, 0x30, 0x6,
    0x42, 0x1, 0x1e, 0x1, 0x50, 0xb, 0x81, 0xfb,
    0xb9, 0xc3, 0x80, 0x2, 0xa1, 0x40, 0x1d, 0x40,
    0x82, 0xe, 0x4, 0x40, 0xe, 0x23, 0x6, 0xa,
    0xa, 0x0, 0xfa, 0x82, 0x80,

    /* U+01E1 "ǡ" */
    0x0, 0x2f, 0xff, 0x60, 0x4, 0xcd, 0xeb, 0x0,
    0x8e, 0x67, 0x9c, 0x3, 0x8f, 0xa0, 0x3, 0xe6,
    0x13, 0x0, 0xf9, 0x6e, 0x80, 0x39, 0x2b, 0x6f,
    0xf1, 0x40, 0x2f, 0x50, 0x52, 0x3a, 0x40, 0x4,
    0x66, 0xd6, 0x28, 0x78, 0x0, 0xcc, 0x1, 0x70,
    0x30, 0x7, 0x84, 0x0, 0x60, 0x7, 0xdf, 0xf7,
    0x58, 0x5, 0x50, 0x71, 0x76, 0x90, 0x0, 0xa8,
    0x6b, 0xa2, 0x8, 0x0, 0x20, 0x1, 0x0, 0xbc,
    0x2, 0x40, 0xf8, 0x86, 0xb8, 0x5, 0x4c, 0x6e,
    0xcb, 0x86, 0x0,

    /* U+01E2 "Ǣ" */
    0x0, 0xf8, 0xbf, 0xfc, 0x1, 0xff, 0x1b, 0x37,
    0x80, 0x3f, 0xe1, 0x99, 0xf0, 0x7, 0xfd, 0x3f,
    0xff, 0xda, 0x1, 0xe1, 0x60, 0x20, 0x0, 0x91,
    0x66, 0x0, 0xf4, 0x83, 0x68, 0x86, 0xef, 0x58,
    0x7, 0xb, 0x85, 0x80, 0x7f, 0xf0, 0x98, 0x14,
    0x80, 0x3f, 0xf8, 0x52, 0x10, 0x1, 0xff, 0xc2,
    0x71, 0x52, 0x0, 0xd9, 0xff, 0x9c, 0x3, 0x48,
    0x48, 0x7, 0x11, 0x70, 0x80, 0x4c, 0x21, 0x9f,
    0xf0, 0x87, 0x6e, 0xe6, 0x0, 0xac, 0x4, 0x78,
    0x3, 0xfc, 0xa4, 0x4e, 0xee, 0x10, 0xf, 0xe8,
    0xb, 0x0, 0xff, 0xe1, 0x21, 0xb, 0x0, 0x7d,
    0xbb, 0xd6, 0x10, 0x12, 0x1, 0xf8, 0x48, 0xb3,
    0x0,

    /* U+01E3 "ǣ" */
    0x0, 0xe2, 0xff, 0xf0, 0x7, 0xf8, 0xd9, 0xbc,
    0x1, 0xfe, 0x19, 0x9f, 0x0, 0x7c, 0xb5, 0xdf,
    0xd4, 0x22, 0x9e, 0xfd, 0x60, 0xd, 0x6a, 0x68,
    0xb, 0x98, 0x63, 0x42, 0x98, 0x0, 0xb7, 0xb6,
    0xf8, 0xc8, 0x91, 0xb7, 0xa0, 0xe4, 0x0, 0x31,
    0x0, 0xac, 0x5, 0xc0, 0x4, 0xa0, 0xa0, 0x11,
    0xb3, 0xc6, 0x0, 0x22, 0x33, 0x7, 0x1, 0xee,
    0x4c, 0x3a, 0x0, 0xbb, 0xe3, 0x3, 0xe, 0x24,
    0xdf, 0xf4, 0x1, 0xff, 0xfa, 0x84, 0x82, 0x48,
    0x1, 0xc0, 0x60, 0x1f, 0x8, 0x1, 0x80, 0x6,
    0xc0, 0x9, 0x0, 0xc6, 0x0, 0x50, 0xbc, 0xdc,
    0x2d, 0x16, 0xec, 0xc7, 0x60, 0x85, 0x30, 0x98,
    0x3e, 0x97, 0xb1, 0x9c, 0x50, 0x20,

    /* U+01E4 "Ǥ" */
    0x0, 0x85, 0xf3, 0xbf, 0xb2, 0x4c, 0x3, 0x2f,
    0xc1, 0x88, 0xc6, 0xd4, 0x1, 0x2d, 0xa, 0xef,
    0xf7, 0xf4, 0xc0, 0x5, 0x40, 0xf4, 0x40, 0x10,
    0xb0, 0x80, 0x18, 0x6, 0x0, 0x3f, 0xd8, 0xe,
    0x1, 0xff, 0x8, 0x70, 0x4, 0x5f, 0xfc, 0x0,
    0x70, 0xe, 0x32, 0x28, 0x3, 0x30, 0x70, 0x4,
    0x3b, 0xaf, 0x0, 0xda, 0x8, 0x1, 0xbf, 0xda,
    0x0, 0xf4, 0x50, 0x26, 0x0, 0x9d, 0x98, 0x0,
    0x66, 0x13, 0x4, 0xb8, 0x2, 0x26, 0xc0, 0x12,
    0x41, 0x2a, 0x11, 0xfb, 0x9b, 0xa0, 0xf, 0x55,
    0xa9, 0x10, 0xce, 0x6a, 0x0, 0x0,

    /* U+01E5 "ǥ" */
    0x0, 0x47, 0x7e, 0xb8, 0x7e, 0x0, 0x31, 0xc4,
    0x8e, 0x30, 0x2, 0x53, 0xb, 0xde, 0xb3, 0x0,
    0xb8, 0x19, 0x0, 0x8, 0xc0, 0x12, 0x86, 0x0,
    0x6c, 0x0, 0x84, 0x4, 0x3, 0x8, 0x4, 0x20,
    0x20, 0x18, 0x40, 0x25, 0xd, 0x0, 0xda, 0x1,
    0x68, 0x31, 0x0, 0x9, 0x80, 0x26, 0x31, 0xdc,
    0xc6, 0x90, 0x6, 0xd6, 0x13, 0x18, 0x90, 0xc,
    0x33, 0xd2, 0xbf, 0xe0, 0x26, 0x0, 0xd6, 0xee,
    0x50, 0x1b, 0x15, 0x0, 0x6f, 0xf0, 0x85, 0x69,
    0xd7, 0xed, 0xdb, 0x85, 0x14, 0x9, 0xcc, 0xc8,
    0xa7, 0x16, 0x0,

    /* U+01E6 "Ǧ" */
    0x0, 0x93, 0xe0, 0x0, 0xfe, 0xc0, 0x1c, 0x94,
    0xf9, 0x71, 0x6, 0x0, 0xf2, 0xc1, 0xa3, 0x38,
    0x7, 0xe7, 0xff, 0x48, 0x7, 0xff, 0x20, 0x5f,
    0x3b, 0xfb, 0x24, 0xc0, 0x25, 0xe8, 0x31, 0x18,
    0xda, 0x80, 0xb, 0x40, 0x99, 0xfd, 0xfd, 0x30,
    0x0, 0xa0, 0x6b, 0x30, 0x8, 0x58, 0x41, 0x80,
    0x64, 0x3, 0xfb, 0x1, 0xc0, 0x3f, 0xc2, 0x1c,
    0x1, 0xe, 0xef, 0x3, 0x80, 0x71, 0x91, 0x70,
    0x30, 0x70, 0x4, 0x5f, 0xed, 0x0, 0xb4, 0x1c,
    0x3, 0xfc, 0xc0, 0x2e, 0x1, 0xfc, 0x2e, 0x11,
    0x22, 0x1, 0xfa, 0x18, 0x1b, 0xb9, 0xbd, 0xa0,
    0x1d, 0x38, 0xa4, 0x24, 0x24, 0xd4, 0x0,

    /* U+01E7 "ǧ" */
    0x4, 0xf9, 0x0, 0x3f, 0xb0, 0x1, 0x29, 0xb2,
    0xe2, 0x58, 0x2, 0x59, 0x34, 0x76, 0x0, 0xe6,
    0xff, 0x40, 0x7, 0x47, 0x7e, 0xb0, 0xfe, 0x6,
    0x38, 0x90, 0x4d, 0x0, 0x14, 0xc3, 0x37, 0x56,
    0x80, 0xe, 0x6, 0x30, 0x2, 0x38, 0x1, 0x83,
    0x0, 0x36, 0x80, 0xc, 0x4, 0x3, 0x8, 0x6,
    0x10, 0xc, 0x20, 0x5, 0xd, 0x0, 0xda, 0x0,
    0xd0, 0x62, 0x0, 0x13, 0x0, 0x18, 0xc7, 0x73,
    0x74, 0x40, 0x16, 0x30, 0x98, 0x44, 0x80, 0x69,
    0xef, 0xd7, 0x30, 0x70, 0xf, 0xbc, 0x4, 0x4c,
    0x20, 0x12, 0x30, 0x79, 0x4f, 0x73, 0x36, 0xc1,
    0x14, 0x9c, 0xc0, 0xc8, 0xe2, 0xc0,

    /* U+01E8 "Ǩ" */
    0x0, 0x3f, 0xb0, 0x1, 0xfd, 0x40, 0x33, 0xac,
    0xbc, 0xc3, 0xa8, 0x7, 0x51, 0x43, 0x24, 0x0,
    0x7d, 0xee, 0xea, 0x0, 0xfc, 0x51, 0x1, 0x0,
    0xc3, 0xfe, 0x10, 0xc, 0xff, 0xc4, 0x1, 0xf2,
    0xc0, 0x69, 0x0, 0x78, 0xe8, 0x2c, 0xc0, 0x3c,
    0x5a, 0x14, 0x80, 0x1e, 0x1f, 0x18, 0x50, 0xf,
    0xb4, 0x99, 0xc0, 0x3e, 0xa3, 0xd, 0x0, 0xfc,
    0x86, 0x14, 0x20, 0x1f, 0x56, 0x10, 0xd0, 0x7,
    0xc8, 0x1e, 0x8, 0xc0, 0x1f, 0x8a, 0x42, 0x48,
    0x3, 0xf3, 0x28, 0x78, 0x7, 0xf5, 0x89, 0x48,
    0x7, 0xe1, 0xd0, 0x64,

    /* U+01E9 "ǩ" */
    0xae, 0x40, 0x5, 0x79, 0x80, 0x75, 0x15, 0xad,
    0xad, 0x18, 0x7, 0xb4, 0x29, 0x1d, 0x40, 0x3e,
    0x1b, 0x78, 0x80, 0x7, 0xf2, 0x43, 0x80, 0x7f,
    0x97, 0xf0, 0x3, 0xff, 0xd6, 0x7f, 0xe5, 0x0,
    0xfc, 0x5a, 0x12, 0xa0, 0x1f, 0xf, 0x8c, 0x30,
    0x7, 0xec, 0x27, 0x70, 0x7, 0xcf, 0x64, 0x90,
    0x1, 0xf9, 0x10, 0xa, 0x20, 0x1f, 0xce, 0x83,
    0x40, 0x1f, 0x8e, 0x28, 0x51, 0xc0, 0x3f, 0x86,
    0x82, 0xc, 0x3, 0xf9, 0x1c, 0x34, 0x40, 0x3f,
    0xa0, 0xc6, 0x80,

    /* U+01EA "Ǫ" */
    0x0, 0x92, 0xb7, 0xfb, 0x60, 0x80, 0x3a, 0xad,
    0x48, 0x40, 0x9f, 0x54, 0x2, 0x85, 0x9, 0xfe,
    0xe9, 0x42, 0x8c, 0x9, 0xc2, 0x58, 0x2, 0x1a,
    0x40, 0xf0, 0x50, 0x26, 0x0, 0xf4, 0x1, 0x96,
    0x82, 0x0, 0x7c, 0x62, 0xe, 0xc0, 0x20, 0x1f,
    0x8c, 0x8, 0x3, 0xff, 0x84, 0xc0, 0x20, 0x1f,
    0x8c, 0xb, 0x41, 0xc0, 0x3e, 0x31, 0x7, 0x50,
    0x16, 0x0, 0xf4, 0x1, 0x91, 0x1c, 0x25, 0x80,
    0x21, 0xa4, 0xf, 0x0, 0x42, 0x84, 0xff, 0x74,
    0xa1, 0x46, 0x1, 0x55, 0xa9, 0x8, 0x89, 0xf5,
    0x40, 0x39, 0x2b, 0x49, 0x76, 0x8, 0x3, 0xf3,
    0x95, 0x80, 0x7f, 0xd8, 0x42, 0x1, 0xff, 0x9,
    0x3a, 0x80, 0x7f, 0xa0, 0xa3, 0x0, 0x38,

    /* U+01EB "ǫ" */
    0x0, 0x2e, 0x7f, 0xb1, 0xc0, 0x34, 0xd1, 0x91,
    0xe, 0x2c, 0x0, 0x8c, 0x17, 0xbb, 0xa, 0x38,
    0x70, 0x32, 0x0, 0xa, 0x2, 0x41, 0xc3, 0x0,
    0x32, 0x0, 0x88, 0xc0, 0x40, 0x31, 0x0, 0xc,
    0xc0, 0x20, 0x18, 0x80, 0x6, 0xe1, 0x80, 0x19,
    0x0, 0x45, 0x20, 0xc6, 0x0, 0x1b, 0x6, 0x3,
    0x70, 0xcc, 0x5f, 0x11, 0xc0, 0x2, 0x29, 0xd,
    0x6, 0x30, 0x3, 0x2d, 0xb1, 0x73, 0x80, 0x78,
    0xda, 0x0, 0x3f, 0x20, 0x20, 0x7, 0xe1, 0x8,
    0x60, 0xf, 0x99, 0x1a, 0x0, 0x30,

    /* U+01EC "Ǭ" */
    0x0, 0x8a, 0x67, 0xa0, 0x3, 0xe1, 0x66, 0xf0,
    0x7, 0xc7, 0xff, 0xdc, 0x1, 0xf2, 0x56, 0xff,
    0x6c, 0x10, 0x7, 0x55, 0xa9, 0x8, 0x13, 0xea,
    0x80, 0x50, 0xa1, 0x3f, 0xdd, 0x28, 0x51, 0x81,
    0x38, 0x4b, 0x0, 0x43, 0x48, 0x1e, 0xa, 0x4,
    0xc0, 0x1e, 0x80, 0x32, 0xd0, 0x40, 0xf, 0x8c,
    0x41, 0xd8, 0x4, 0x3, 0xf1, 0x81, 0x0, 0x7f,
    0xf0, 0x98, 0x4, 0x3, 0xf1, 0x81, 0x68, 0x38,
    0x7, 0xc6, 0x20, 0xea, 0x2, 0xc0, 0x1e, 0x80,
    0x32, 0x23, 0x84, 0xb0, 0x4, 0x34, 0x81, 0xe0,
    0x8, 0x50, 0x9f, 0xee, 0x94, 0x28, 0xc0, 0x2a,
    0xb5, 0x21, 0x19, 0xf5, 0x40, 0x39, 0x2b, 0x54,
    0xfa, 0x8, 0x3, 0xf2, 0x2c, 0x0, 0x7f, 0xd8,
    0x8, 0x1, 0xff, 0x78, 0x43, 0x0, 0x7f, 0x99,
    0x1e, 0x80, 0x38,

    /* U+01ED "ǭ" */
    0x0, 0x7f, 0xf8, 0xc0, 0x33, 0xb3, 0x71, 0x0,
    0x6d, 0x56, 0x62, 0xf0, 0x80, 0x53, 0x46, 0x44,
    0x38, 0xb0, 0x2, 0x30, 0x5e, 0xec, 0x28, 0xe1,
    0xc0, 0xc8, 0x0, 0x28, 0x9, 0x7, 0xc, 0x0,
    0xc8, 0x2, 0x23, 0x1, 0x0, 0xc4, 0x0, 0x33,
    0x0, 0x80, 0x62, 0x0, 0x1b, 0x86, 0x0, 0x64,
    0x1, 0x14, 0x83, 0x18, 0x0, 0x6c, 0x18, 0xd,
    0xc3, 0x31, 0x7c, 0x47, 0x0, 0x8, 0xa4, 0x34,
    0x8, 0xc0, 0xc, 0xb6, 0xc5, 0xce, 0x1, 0xe2,
    0x68, 0x10, 0xf, 0x94, 0x1c, 0x3, 0xf1, 0x5,
    0xb0, 0x7, 0xca, 0xa6, 0x80, 0xc,

    /* U+01EE "Ǯ" */
    0x0, 0x66, 0x98, 0x16, 0x68, 0x80, 0x58, 0x39,
    0x1a, 0x38, 0x20, 0x1b, 0x45, 0xc3, 0xc4, 0x3,
    0x87, 0xbf, 0xc4, 0x1, 0xff, 0xc3, 0xef, 0xff,
    0xc2, 0x4, 0x5e, 0x0, 0x8, 0x83, 0x37, 0x72,
    0x81, 0x60, 0x7, 0xd, 0xba, 0x69, 0x0, 0x62,
    0xc4, 0x7b, 0x0, 0xf6, 0x91, 0x1, 0x40, 0x38,
    0x40, 0x4, 0xf5, 0xca, 0x1, 0xf, 0xfb, 0xad,
    0x6, 0x8c, 0x3, 0x85, 0x2c, 0xc2, 0x80, 0x3f,
    0x20, 0x10, 0x7, 0xe3, 0x2, 0x37, 0x10, 0xc,
    0xe8, 0x14, 0xd1, 0xdc, 0xcc, 0x7c, 0x4, 0x1a,
    0x41, 0x81, 0x98, 0x9b, 0x1c, 0x0,

    /* U+01EF "ǯ" */
    0x5, 0xf8, 0x0, 0x4f, 0xa8, 0x1, 0x69, 0xf3,
    0xd, 0x4a, 0x1, 0x2c, 0x88, 0xa5, 0x40, 0x39,
    0xb7, 0x4c, 0x1, 0x2f, 0xff, 0xe3, 0x64, 0x4e,
    0x20, 0x0, 0x9d, 0xde, 0xa3, 0xb, 0x20, 0xc,
    0x38, 0x32, 0x80, 0x1d, 0xa5, 0xc, 0x1, 0xd6,
    0x6e, 0xe0, 0xe, 0x74, 0x2, 0x60, 0xe, 0xf0,
    0x2, 0xcf, 0x18, 0x5, 0x1f, 0xec, 0x41, 0xc1,
    0x0, 0xe3, 0xb3, 0x9, 0x0, 0xfa, 0xc0, 0x80,
    0x3f, 0xf8, 0xb6, 0x4, 0xa6, 0x1, 0xa0, 0xc2,
    0x7f, 0x3f, 0x73, 0xdc, 0x28, 0x65, 0x48, 0x86,
    0x4d, 0xaa, 0x0,

    /* U+01F0 "ǰ" */
    0x8, 0xf6, 0x1, 0xbe, 0x20, 0x87, 0x9a, 0xf5,
    0xc2, 0x0, 0x43, 0x39, 0x69, 0x0, 0x69, 0xdc,
    0x30, 0xe, 0x5f, 0xc0, 0xf, 0xff, 0xf8, 0x7,
    0xff, 0x6f, 0x1, 0x80, 0x21, 0xdd, 0x30, 0x70,
    0x4, 0x26, 0x44, 0x94, 0x0, 0x80,

    /* U+01F1 "Ǳ" */
    0x2f, 0xfe, 0xeb, 0x61, 0x0, 0xd5, 0xff, 0xfc,
    0x20, 0x11, 0x14, 0x29, 0x3e, 0x80, 0x11, 0x17,
    0xc2, 0x0, 0x10, 0xb, 0x76, 0xfc, 0x31, 0xb2,
    0x0, 0x46, 0xef, 0x60, 0x2, 0x40, 0x3f, 0x1e,
    0x18, 0x48, 0x7, 0xea, 0x14, 0x60, 0xf, 0xf7,
    0x82, 0x8, 0x7, 0x99, 0x6, 0x80, 0x3f, 0xe3,
    0x0, 0x28, 0x7, 0x14, 0x85, 0x88, 0x7, 0xff,
    0x0, 0x80, 0x80, 0x3b, 0x81, 0x54, 0x1, 0xff,
    0xc1, 0x30, 0xf, 0x39, 0x8d, 0x0, 0x7f, 0xf0,
    0x84, 0x8, 0x2, 0x28, 0xa, 0x0, 0xff, 0xe1,
    0x28, 0x1, 0x40, 0x2e, 0x6, 0x40, 0xf, 0xfe,
    0x8, 0xc0, 0x28, 0x80, 0x20, 0xca, 0x40, 0x3f,
    0xf8, 0x2b, 0x84, 0x30, 0x0, 0x37, 0xe, 0x0,
    0xff, 0x6e, 0xbb, 0xe8, 0x89, 0x84, 0x0, 0xf0,
    0x7, 0x6e, 0xf8, 0xc0, 0x22, 0x20, 0x89, 0x6b,
    0x48, 0x2, 0x10, 0x1, 0x17, 0xc0,

    /* U+01F2 "ǲ" */
    0x2f, 0xfe, 0xeb, 0x61, 0x0, 0xff, 0xe2, 0x11,
    0x42, 0x93, 0xe8, 0x1, 0xff, 0xc3, 0xdd, 0xbf,
    0xc, 0x6c, 0x80, 0x3f, 0xf8, 0xc7, 0x86, 0x12,
    0x0, 0x5f, 0xff, 0x90, 0x3, 0xfb, 0xc1, 0x4,
    0x19, 0x57, 0x20, 0x1, 0x80, 0x3f, 0x8c, 0x0,
    0xa0, 0x75, 0x58, 0x0, 0xe4, 0x1, 0xfe, 0x20,
    0x20, 0xe, 0x64, 0x28, 0x0, 0xff, 0x8c, 0x3,
    0xc5, 0x21, 0xe0, 0x1f, 0xfc, 0x1, 0x2, 0x0,
    0xdc, 0x12, 0x40, 0x1f, 0xf2, 0x80, 0x14, 0x2,
    0x73, 0x46, 0x0, 0xff, 0x86, 0x1, 0x44, 0x0,
    0x50, 0x34, 0x1, 0xff, 0x2e, 0x10, 0xc0, 0x5,
    0xe1, 0x42, 0x1, 0xf6, 0xeb, 0xbe, 0x88, 0x98,
    0x40, 0x8, 0x20, 0x9d, 0xdc, 0xa0, 0x11, 0x10,
    0x44, 0xb5, 0xa4, 0x1, 0x10, 0x0, 0x8b, 0x8c,

    /* U+01F3 "ǳ" */
    0x0, 0xf9, 0x7f, 0x0, 0x3f, 0xff, 0xe1, 0x1d,
    0xfa, 0xe0, 0x1d, 0x1f, 0xff, 0x0, 0x31, 0xc4,
    0x82, 0x24, 0x3, 0x71, 0x9e, 0x20, 0x9, 0x8c,
    0x33, 0x75, 0x86, 0x1, 0x9b, 0x33, 0x0, 0x20,
    0x34, 0x18, 0xc0, 0x6, 0xc0, 0x1f, 0xa4, 0x91,
    0xc1, 0x43, 0x0, 0x37, 0x80, 0x7c, 0x8c, 0x34,
    0x1, 0x84, 0x3, 0x18, 0x7, 0x86, 0x82, 0x84,
    0x3, 0x8, 0x7, 0xfd, 0x42, 0xc8, 0x1, 0x28,
    0x68, 0x6, 0xd0, 0xe, 0x74, 0x29, 0x0, 0xda,
    0xe, 0x60, 0x3, 0x60, 0xc, 0x70, 0x1e, 0x1,
    0xcc, 0x61, 0x9b, 0xac, 0x50, 0xd, 0xe0, 0x3d,
    0x99, 0x88, 0x31, 0x84, 0x82, 0x6c, 0x3, 0x10,
    0x9, 0x9f, 0x8,

    /* U+01F4 "Ǵ" */
    0x0, 0xfa, 0x7f, 0x44, 0x3, 0xf2, 0x31, 0xe0,
    0x80, 0x7c, 0x34, 0xb8, 0x20, 0x1f, 0x87, 0xa8,
    0x3, 0xff, 0x92, 0x2f, 0x9d, 0xfd, 0x92, 0x60,
    0x12, 0xf4, 0x18, 0x8c, 0x6d, 0x40, 0x5, 0xa0,
    0x4c, 0xfe, 0xfe, 0x98, 0x0, 0x50, 0x35, 0x98,
    0x4, 0x2c, 0x20, 0xc0, 0x32, 0x1, 0xfd, 0x80,
    0xe0, 0x1f, 0xe1, 0xe, 0x0, 0x87, 0x77, 0x81,
    0xc0, 0x38, 0xc8, 0xb8, 0x18, 0x38, 0x2, 0x2f,
    0xf6, 0x80, 0x5a, 0xe, 0x1, 0xfe, 0x60, 0x17,
    0x0, 0xfe, 0x17, 0x8, 0x91, 0x0, 0xfd, 0xc,
    0xd, 0xdc, 0xde, 0xd0, 0xe, 0x9c, 0x52, 0x12,
    0x12, 0x6a, 0x0,

    /* U+01F5 "ǵ" */
    0x0, 0xe8, 0xfe, 0x10, 0xe, 0x47, 0x2f, 0x10,
    0xc, 0x32, 0x98, 0x20, 0x1c, 0x3b, 0x62, 0x1,
    0xd1, 0xdf, 0xac, 0x3f, 0x81, 0x8e, 0x24, 0x13,
    0x40, 0x5, 0x30, 0xcd, 0xd5, 0xa0, 0x3, 0x81,
    0x8c, 0x0, 0x8e, 0x0, 0x60, 0xc0, 0xd, 0xa0,
    0x3, 0x1, 0x0, 0xc2, 0x1, 0x84, 0x3, 0x8,
    0x1, 0x43, 0x40, 0x36, 0x80, 0x34, 0x18, 0x80,
    0x4, 0xc0, 0x6, 0x31, 0xdc, 0xdd, 0x10, 0x5,
    0x8c, 0x26, 0x11, 0x20, 0x1a, 0x7b, 0xf5, 0xcc,
    0x1c, 0x3, 0xef, 0x1, 0x13, 0x8, 0x4, 0x8c,
    0x1e, 0x53, 0xdc, 0xcd, 0xb0, 0x45, 0x27, 0x30,
    0x32, 0x38, 0xb0,

    /* U+01F6 "Ƕ" */
    0x1f, 0xf0, 0x80, 0x66, 0xfc, 0x0, 0xff, 0xf5,
    0x47, 0xd0, 0x7, 0xff, 0x23, 0x37, 0x74, 0x0,
    0x7f, 0xc4, 0x5c, 0x20, 0x1f, 0xf7, 0x7f, 0xe9,
    0x0, 0xff, 0xf3, 0x10, 0x8, 0x4, 0x20, 0x60,
    0x1f, 0x98, 0x8, 0xc0, 0x5c, 0x3c, 0x3, 0xf1,
    0x28, 0x66, 0xf0, 0x93, 0x0, 0x7f, 0x53, 0x9,
    0xa, 0xe0, 0x0,

    /* U+01F7 "Ƿ" */
    0x1f, 0xa0, 0x4c, 0xfe, 0xb3, 0x0, 0xce, 0xeb,
    0x31, 0x12, 0x61, 0x80, 0x45, 0x13, 0xfd, 0xc3,
    0xf, 0x0, 0xca, 0xc0, 0x1, 0xf0, 0x31, 0x0,
    0xb8, 0x3, 0x18, 0x0, 0x80, 0x26, 0x0, 0xf8,
    0x40, 0x23, 0x0, 0xc4, 0x0, 0x20, 0xf, 0xca,
    0x6, 0x1, 0xf8, 0x64, 0x28, 0x3, 0xf5, 0x89,
    0x30, 0x7, 0xd4, 0xa1, 0xe0, 0x1e, 0x4d, 0x51,
    0xc2, 0x0, 0xed, 0xb2, 0x4f, 0x30, 0xf, 0x19,
    0xae, 0xc2, 0x1, 0xf5, 0xe2, 0x0, 0x7f, 0x28,
    0x7, 0xff, 0x80,

    /* U+01F8 "Ǹ" */
    0x0, 0xd9, 0xf8, 0x1, 0xfe, 0xd2, 0x35, 0x0,
    0xfe, 0x1c, 0x2b, 0x10, 0xf, 0xe1, 0xc9, 0x20,
    0xf, 0xf0, 0xb9, 0x80, 0x61, 0xff, 0x60, 0x7,
    0x9b, 0xe8, 0x2, 0x37, 0x0, 0xff, 0xe0, 0x40,
    0x80, 0x7f, 0x22, 0x2, 0x80, 0x3f, 0x9e, 0x81,
    0x14, 0x3, 0xf0, 0x8a, 0x42, 0xc0, 0x3f, 0xcc,
    0x63, 0x20, 0x1f, 0xee, 0x6, 0x30, 0x30, 0xf,
    0x89, 0xc3, 0xc0, 0x3f, 0xd0, 0x46, 0xe0, 0x1f,
    0xee, 0x8, 0x30, 0xf, 0xe3, 0x60, 0x80, 0xf,
    0xf4, 0x88, 0x80, 0x3f, 0xeb, 0x0, 0x80,

    /* U+01F9 "ǹ" */
    0x0, 0x1f, 0xf9, 0x40, 0x3c, 0x78, 0x36, 0x20,
    0x1e, 0x3c, 0x2d, 0x0, 0xf8, 0xb3, 0x0, 0x12,
    0xfb, 0x15, 0xf7, 0xe2, 0x80, 0x55, 0xaa, 0x42,
    0x74, 0xc0, 0x3, 0x5e, 0xce, 0x50, 0xa0, 0xa,
    0xc0, 0x29, 0x3, 0x0, 0x10, 0x80, 0x42, 0x1,
    0x84, 0x3, 0xff, 0xda,

    /* U+01FA "Ǻ" */
    0x0, 0xf2, 0x7f, 0x20, 0x7, 0xf1, 0xda, 0xfa,
    0x0, 0x7f, 0x1f, 0xd0, 0x80, 0x7f, 0xd, 0xf5,
    0x90, 0x7, 0xf4, 0x6, 0x84, 0x80, 0x7f, 0x19,
    0xe7, 0x0, 0xfe, 0x97, 0xe7, 0x80, 0xf, 0xfe,
    0x8, 0x80, 0x7f, 0x48, 0x58, 0x70, 0x7, 0xe1,
    0x52, 0x53, 0x42, 0x0, 0xf9, 0x82, 0x82, 0x42,
    0xc0, 0x3e, 0xa0, 0x60, 0x51, 0x60, 0xf, 0x21,
    0x30, 0x80, 0x24, 0x18, 0x3, 0xbc, 0x1f, 0xba,
    0x90, 0xa0, 0xc, 0x48, 0x2, 0x3c, 0x6, 0x60,
    0xa, 0x81, 0xff, 0xfa, 0x2, 0x40, 0x26, 0xa,
    0x0, 0xe6, 0x5, 0x10, 0x61, 0x32, 0x0, 0xe1,
    0x40, 0x60, 0xa0, 0xb0, 0xf, 0xb8, 0x28, 0x0,

    /* U+01FB "ǻ" */
    0x0, 0xe2, 0xff, 0x48, 0x7, 0x16, 0x1e, 0x48,
    0x7, 0x17, 0x61, 0x80, 0x7a, 0x7b, 0x50, 0x3,
    0x91, 0xea, 0x96, 0x1, 0xc2, 0xa, 0x40, 0x1e,
    0x52, 0xea, 0x80, 0xf, 0x67, 0x7b, 0x80, 0x64,
    0xad, 0xee, 0x62, 0x80, 0x5e, 0xa0, 0xa4, 0x74,
    0x80, 0x8, 0xcd, 0xac, 0x50, 0xf0, 0x1, 0x98,
    0x2, 0xe0, 0x60, 0xf, 0x8, 0x0, 0xc0, 0xf,
    0xbf, 0xee, 0xb0, 0xa, 0xa0, 0xe2, 0xed, 0x20,
    0x1, 0x50, 0xd7, 0x44, 0x10, 0x0, 0x40, 0x2,
    0x1, 0x78, 0x4, 0x81, 0xf1, 0xd, 0x70, 0xa,
    0x98, 0xdd, 0x97, 0xc, 0x0,

    /* U+01FC "Ǽ" */
    0x0, 0xff, 0xaf, 0xf0, 0x3, 0xff, 0x84, 0x88,
    0x1d, 0x0, 0xff, 0xe1, 0x50, 0xe0, 0x80, 0x7f,
    0xf0, 0x4e, 0x7c, 0x80, 0x3f, 0xf8, 0x46, 0xe2,
    0x1, 0xff, 0xc1, 0x9f, 0xff, 0xed, 0x0, 0xf0,
    0xb0, 0x10, 0x0, 0x48, 0xb3, 0x0, 0x7a, 0x41,
    0xb4, 0x43, 0x77, 0xac, 0x3, 0x85, 0xc2, 0xc0,
    0x3f, 0xf8, 0x4c, 0xa, 0x40, 0x1f, 0xfc, 0x29,
    0x8, 0x0, 0xff, 0xe1, 0x38, 0xa9, 0x0, 0x6c,
    0xff, 0xce, 0x1, 0xa4, 0x24, 0x3, 0x88, 0xb8,
    0x40, 0x26, 0x10, 0xcf, 0xf8, 0x43, 0xb7, 0x73,
    0x0, 0x56, 0x2, 0x3c, 0x1, 0xfe, 0x52, 0x27,
    0x77, 0x8, 0x7, 0xf4, 0x5, 0x80, 0x7f, 0xf0,
    0x90, 0x85, 0x80, 0x3e, 0xdd, 0xeb, 0x8, 0x9,
    0x0, 0xfc, 0x24, 0x59, 0x80,

    /* U+01FD "ǽ" */
    0x0, 0xfe, 0xbf, 0xb0, 0xf, 0xfe, 0xb, 0xa2,
    0x2c, 0x3, 0xff, 0x80, 0x72, 0xf6, 0x1, 0xff,
    0xc1, 0x3e, 0x80, 0xf, 0xe5, 0xae, 0xfe, 0xa1,
    0x14, 0xf7, 0xeb, 0x0, 0x6b, 0x53, 0x40, 0x5c,
    0xc3, 0x1a, 0x14, 0xc0, 0x5, 0xbd, 0xb7, 0xc6,
    0x44, 0x8d, 0xbd, 0x7, 0x20, 0x1, 0x88, 0x5,
    0x60, 0x2e, 0x0, 0x25, 0x5, 0x0, 0x8d, 0x9e,
    0x30, 0x1, 0x11, 0x98, 0x38, 0xf, 0x72, 0x61,
    0xd0, 0x5, 0xdf, 0x18, 0x18, 0x71, 0x26, 0xff,
    0xa0, 0xf, 0xff, 0xd4, 0x24, 0x12, 0x40, 0xe,
    0x3, 0x0, 0xf8, 0x40, 0xc, 0x0, 0x36, 0x0,
    0x48, 0x6, 0x30, 0x2, 0x85, 0xe6, 0xe1, 0x68,
    0xb7, 0x66, 0x3b, 0x4, 0x29, 0x84, 0xc1, 0xf4,
    0xbd, 0x8c, 0xe2, 0x81,

    /* U+01FE "Ǿ" */
    0x0, 0xfa, 0xbf, 0x40, 0x3f, 0xca, 0xa3, 0xc0,
    0xf, 0xe2, 0xa5, 0xc1, 0x0, 0xfe, 0x2f, 0xa0,
    0xf, 0xfe, 0x2c, 0x0, 0x72, 0x56, 0xff, 0x63,
    0xc3, 0xa8, 0x5, 0x56, 0xa4, 0x20, 0x70, 0xe4,
    0xa0, 0x9, 0x50, 0x9f, 0xee, 0x68, 0x0, 0x8c,
    0x9, 0x82, 0x58, 0x2, 0xa0, 0x10, 0xf0, 0x50,
    0x26, 0x0, 0x91, 0xd7, 0x40, 0xcb, 0x41, 0x0,
    0x21, 0xa2, 0xa3, 0x0, 0x3b, 0x0, 0x80, 0x5a,
    0x3e, 0x0, 0x20, 0x20, 0xe, 0x83, 0x92, 0x0,
    0xe6, 0x2, 0x4, 0x75, 0x60, 0x8, 0xc0, 0xb4,
    0x10, 0x68, 0xa8, 0x2, 0x31, 0x7, 0x50, 0x1f,
    0x1e, 0x0, 0xd0, 0x6, 0x44, 0x70, 0x14, 0x30,
    0x0, 0xd2, 0x7, 0x80, 0x2c, 0x0, 0x9f, 0xdd,
    0x28, 0x51, 0x80, 0x3c, 0x69, 0x48, 0x40, 0x9f,
    0x54, 0x2, 0xcd, 0x5a, 0xdf, 0xed, 0x82, 0x0,
    0x80,

    /* U+01FF "ǿ" */
    0x0, 0xe9, 0xfd, 0x10, 0xf, 0x23, 0x16, 0x8,
    0x7, 0xd, 0x2e, 0x88, 0x7, 0x87, 0xa8, 0x0,
    0x20, 0x19, 0x73, 0xfd, 0x91, 0xcc, 0x0, 0x9a,
    0x31, 0x23, 0x70, 0x70, 0x56, 0xb, 0xed, 0x50,
    0x3, 0x87, 0x3, 0xa0, 0x2a, 0x88, 0x2c, 0x14,
    0x34, 0xa, 0x8f, 0xc0, 0x84, 0x0, 0xc1, 0xc1,
    0xc4, 0x0, 0x33, 0x3, 0xc1, 0xd1, 0x10, 0x0,
    0x6e, 0x10, 0xea, 0xa0, 0x40, 0x11, 0x70, 0x18,
    0xd0, 0x14, 0x3, 0x2, 0x18, 0xe, 0xec, 0x27,
    0x0, 0x66, 0x54, 0x22, 0xa3, 0x0, 0x7, 0x95,
    0x7f, 0xed, 0x70, 0x8,

    /* U+0200 "Ȁ" */
    0x1, 0xef, 0x45, 0xfd, 0x0, 0xf8, 0x74, 0x21,
    0x5c, 0x98, 0x3, 0xe3, 0xb3, 0x68, 0x69, 0x10,
    0xf, 0x93, 0x90, 0x27, 0x0, 0x3f, 0x84, 0x80,
    0x6, 0x20, 0x1f, 0xd9, 0xfa, 0x1, 0xfe, 0x23,
    0x2, 0x30, 0xf, 0xea, 0x5, 0xa, 0x0, 0xfe,
    0x60, 0xb0, 0x60, 0xf, 0xca, 0x28, 0x2a, 0xc,
    0x1, 0xf7, 0x7, 0x7, 0x5, 0x0, 0x78, 0x50,
    0x14, 0x10, 0x4c, 0x80, 0x39, 0x81, 0x80, 0x26,
    0xa, 0x0, 0xea, 0x6, 0xff, 0x9c, 0x18, 0x3,
    0x21, 0x0, 0x8f, 0x0, 0xa8, 0x5, 0xc0, 0xfd,
    0xdc, 0xe1, 0xc0, 0x1, 0x50, 0xa0, 0xe, 0xa0,
    0x41, 0x7, 0x2, 0x20, 0x7, 0x11, 0x83, 0x5,
    0x5, 0x0, 0x7d, 0x41, 0x40,

    /* U+0201 "ȁ" */
    0xc, 0xf7, 0x2f, 0xf0, 0x80, 0x5a, 0x52, 0x74,
    0x10, 0x1, 0xf, 0x84, 0x2c, 0xb1, 0x80, 0x45,
    0xf6, 0xd, 0xa4, 0x1, 0x25, 0xff, 0xbb, 0x88,
    0x1, 0x7a, 0x82, 0x91, 0xd2, 0x0, 0x23, 0x36,
    0xb1, 0x43, 0xc0, 0x6, 0x60, 0xb, 0x81, 0x80,
    0x3c, 0x20, 0x3, 0x0, 0x3e, 0xff, 0xba, 0xc0,
    0x2a, 0x83, 0x8b, 0xb4, 0x80, 0x5, 0x43, 0x5d,
    0x10, 0x40, 0x1, 0x0, 0x8, 0x5, 0xe0, 0x12,
    0x7, 0xc4, 0x35, 0xc0, 0x2a, 0x63, 0x76, 0x5c,
    0x30,

    /* U+0202 "Ȃ" */
    0x0, 0xe6, 0x97, 0x10, 0xf, 0xc3, 0xd2, 0xd1,
    0xc4, 0x1, 0xf4, 0x1e, 0xfe, 0x9c, 0x0, 0x7d,
    0x92, 0x40, 0x5f, 0x80, 0x1f, 0x2a, 0x0, 0x46,
    0xc0, 0x1f, 0xd9, 0xfa, 0x1, 0xfe, 0x23, 0x2,
    0x30, 0xf, 0xea, 0x5, 0xa, 0x0, 0xfe, 0x60,
    0xb0, 0x60, 0xf, 0xca, 0x28, 0x2a, 0xc, 0x1,
    0xf7, 0x7, 0x7, 0x5, 0x0, 0x78, 0x50, 0x14,
    0x10, 0x4c, 0x80, 0x39, 0x81, 0x80, 0x26, 0xa,
    0x0, 0xea, 0x6, 0xff, 0x9c, 0x18, 0x3, 0x21,
    0x0, 0x8f, 0x0, 0xa8, 0x5, 0xc0, 0xfd, 0xdc,
    0xe1, 0xc0, 0x1, 0x50, 0xa0, 0xe, 0xa0, 0x41,
    0x7, 0x2, 0x20, 0x7, 0x11, 0x83, 0x5, 0x5,
    0x0, 0x7d, 0x41, 0x40,

    /* U+0203 "ȃ" */
    0x0, 0x93, 0x3f, 0xa4, 0x40, 0x22, 0xb1, 0x55,
    0x35, 0x80, 0x48, 0x8d, 0xab, 0xb3, 0x0, 0x4d,
    0x60, 0x12, 0x60, 0x4, 0x95, 0xbf, 0xd8, 0xa0,
    0x17, 0xa8, 0x29, 0x1d, 0x20, 0x2, 0x33, 0x6b,
    0x14, 0x3c, 0x0, 0x66, 0x0, 0xb8, 0x18, 0x3,
    0xc2, 0x0, 0x30, 0x3, 0xef, 0xfb, 0xac, 0x2,
    0xa8, 0x38, 0xbb, 0x48, 0x0, 0x54, 0x35, 0xd1,
    0x4, 0x0, 0x10, 0x0, 0x80, 0x5e, 0x1, 0x20,
    0x7c, 0x43, 0x5c, 0x2, 0xa6, 0x37, 0x65, 0xc3,
    0x0,

    /* U+0204 "Ȅ" */
    0x6f, 0xc0, 0xcf, 0x70, 0x3, 0x29, 0xae, 0x8c,
    0x80, 0x54, 0xb6, 0x18, 0x12, 0x1, 0x56, 0x89,
    0x7d, 0x80, 0x63, 0x0, 0x9, 0x0, 0xff, 0xfe,
    0x0, 0x88, 0xb8, 0xc0, 0x2c, 0xdd, 0xd8, 0x1,
    0xff, 0xd2, 0xef, 0xfd, 0x20, 0x11, 0x17, 0x70,
    0x5, 0x9b, 0xb9, 0xc0, 0x3f, 0xfa, 0x59, 0xbb,
    0xb0, 0x2, 0x22, 0xe3,

    /* U+0205 "ȅ" */
    0xbf, 0x82, 0xff, 0x10, 0x5, 0x44, 0xe7, 0x61,
    0x0, 0x10, 0xe1, 0x5a, 0x52, 0xa0, 0x4, 0x39,
    0x20, 0xba, 0xa0, 0x19, 0x3f, 0xee, 0x50, 0xa,
    0x68, 0xd1, 0x7, 0x6c, 0x8, 0xc3, 0xb7, 0x70,
    0x48, 0xf0, 0x31, 0x0, 0x10, 0xc1, 0x1c, 0xe,
    0x67, 0x8, 0x11, 0x82, 0x33, 0x62, 0x0, 0x18,
    0x57, 0xff, 0x9d, 0xc1, 0x80, 0x1f, 0x70, 0x32,
    0x80, 0x64, 0x4, 0x70, 0xad, 0xbd, 0xfb, 0x0,
    0x45, 0xa1, 0xa1, 0x9a, 0x40,

    /* U+0206 "Ȇ" */
    0x0, 0x8e, 0x20, 0xa0, 0x19, 0xb1, 0xdd, 0x54,
    0x0, 0xa5, 0xfb, 0xe9, 0x4c, 0x6, 0x20, 0x20,
    0xb2, 0x20, 0x2e, 0x1, 0x98, 0x87, 0xff, 0xf0,
    0x4, 0x45, 0xc6, 0x1, 0x66, 0xee, 0xc0, 0xf,
    0xfe, 0x97, 0x7f, 0xe9, 0x0, 0x88, 0xbb, 0x80,
    0x2c, 0xdd, 0xce, 0x1, 0xff, 0xd2, 0xcd, 0xdd,
    0x80, 0x11, 0x17, 0x18,

    /* U+0207 "ȇ" */
    0x0, 0x1e, 0x7f, 0x48, 0x80, 0x45, 0x82, 0xa8,
    0xd6, 0x1, 0x22, 0x36, 0xa9, 0x6e, 0x1, 0x35,
    0x80, 0x49, 0xa0, 0x19, 0x73, 0xfd, 0x88, 0x1,
    0x4d, 0x1a, 0x20, 0xed, 0x81, 0x18, 0x76, 0xee,
    0x9, 0x1e, 0x6, 0x20, 0x2, 0x18, 0x23, 0x81,
    0xcc, 0xe1, 0x2, 0x30, 0x46, 0x6c, 0x40, 0x3,
    0xa, 0xff, 0xf3, 0xb8, 0x30, 0x3, 0xee, 0x6,
    0x50, 0xc, 0x80, 0x8e, 0x15, 0xb7, 0xbf, 0x60,
    0x8, 0xb4, 0x34, 0x33, 0x48, 0x0,

    /* U+0208 "Ȉ" */
    0xe, 0xf4, 0x5f, 0xe0, 0xb, 0x42, 0x15, 0xc5,
    0x80, 0x7, 0x66, 0xd0, 0xd2, 0x20, 0x4, 0xe4,
    0x9, 0xd0, 0xc, 0x24, 0x0, 0x21, 0x0, 0x1f,
    0xff, 0x20, 0x0, 0xe0, 0x80, 0xa1, 0x40, 0x27,
    0x50, 0x77, 0x8, 0x7, 0xff, 0xfc, 0x3, 0xf9,
    0x94, 0x1d, 0xc2, 0x0, 0x39, 0x20, 0x28, 0x50,

    /* U+0209 "ȉ" */
    0xcf, 0x72, 0xff, 0x8, 0x68, 0xc9, 0x50, 0x40,
    0xe, 0x4, 0xac, 0xb1, 0x81, 0x7d, 0x83, 0x69,
    0x0, 0x5, 0xff, 0x8, 0x40, 0x3f, 0xff, 0xe0,
    0x1c,

    /* U+020A "Ȋ" */
    0x0, 0x34, 0xb8, 0x80, 0xf4, 0xb4, 0x71, 0x49,
    0xef, 0xf1, 0xc6, 0xf1, 0x0, 0xff, 0x94, 0xc0,
    0x23, 0x53, 0xff, 0xe4, 0x38, 0x20, 0x28, 0x50,
    0x75, 0x7, 0x70, 0x80, 0x7f, 0xfd, 0x19, 0x41,
    0xdc, 0x27, 0x24, 0x5, 0xa,

    /* U+020B "ȋ" */
    0x4, 0xcf, 0xe9, 0x0, 0x1d, 0x8a, 0xa9, 0xa4,
    0x15, 0xb6, 0xae, 0xc4, 0xd, 0x20, 0x12, 0x58,
    0x4, 0xbf, 0x80, 0x1f, 0xff, 0xf0, 0xf, 0xc0,

    /* U+020C "Ȍ" */
    0x0, 0x57, 0xc8, 0xf7, 0x98, 0x7, 0xd4, 0x6c,
    0x74, 0x10, 0x1, 0xfb, 0x4a, 0x52, 0xd1, 0x40,
    0x3e, 0x1d, 0x80, 0x4e, 0x70, 0xf, 0xe3, 0x0,
    0x9, 0x0, 0x7c, 0x95, 0xbf, 0xdb, 0x4, 0x1,
    0xd5, 0x6a, 0x42, 0x4, 0xfa, 0xa0, 0x14, 0x28,
    0x4f, 0xf7, 0x4a, 0x14, 0x60, 0x4e, 0x12, 0xc0,
    0x10, 0xd2, 0x7, 0x82, 0x81, 0x30, 0x7, 0xa0,
    0xc, 0xb4, 0x10, 0x3, 0xe3, 0x10, 0x76, 0x1,
    0x0, 0xfc, 0x60, 0x40, 0x1f, 0xfc, 0x26, 0x1,
    0x0, 0xfc, 0x60, 0x5a, 0xe, 0x1, 0xf1, 0x88,
    0x3a, 0x80, 0xb0, 0x7, 0xa0, 0xc, 0x88, 0xe1,
    0x2c, 0x1, 0xd, 0x20, 0x78, 0x2, 0x14, 0x27,
    0xfb, 0xa5, 0xa, 0x30, 0xa, 0xad, 0x48, 0x40,
    0x9f, 0x54, 0x0,

    /* U+020D "ȍ" */
    0x6f, 0xd0, 0xcf, 0x70, 0xc, 0xcc, 0x25, 0xd2,
    0x91, 0x0, 0xd2, 0xb6, 0x1e, 0x70, 0x1, 0xd5,
    0xa2, 0x59, 0x60, 0x1c, 0xbf, 0xf6, 0xa8, 0x6,
    0x9a, 0x32, 0x21, 0xc5, 0x80, 0x11, 0x82, 0xf7,
    0x61, 0x47, 0xe, 0x6, 0x40, 0x1, 0x40, 0x48,
    0x38, 0x60, 0x6, 0x40, 0x11, 0x18, 0x8, 0x6,
    0x20, 0x1, 0x98, 0x4, 0x3, 0x10, 0x0, 0xdc,
    0x30, 0x3, 0x20, 0x8, 0xa4, 0x18, 0xc0, 0x3,
    0x60, 0xc0, 0x6e, 0x19, 0x8b, 0xe2, 0x38, 0x0,
    0x45, 0x21, 0x21, 0x46, 0x0, 0x0,

    /* U+020E "Ȏ" */
    0x0, 0xe4, 0x88, 0x18, 0x7, 0xf4, 0xdb, 0xbb,
    0x18, 0x3, 0xe3, 0x6a, 0xfe, 0x68, 0x0, 0xfd,
    0xa, 0x3, 0xe, 0x1, 0xf1, 0xb8, 0x4, 0x32,
    0x1, 0xf2, 0x56, 0xff, 0x6c, 0x10, 0x7, 0x55,
    0xa9, 0x8, 0x13, 0xea, 0x80, 0x50, 0xa1, 0x3f,
    0xdd, 0x28, 0x51, 0x81, 0x38, 0x4b, 0x0, 0x43,
    0x48, 0x1e, 0xa, 0x4, 0xc0, 0x1e, 0x80, 0x32,
    0xd0, 0x40, 0xf, 0x8c, 0x41, 0xd8, 0x4, 0x3,
    0xf1, 0x81, 0x0, 0x7f, 0xf0, 0x98, 0x4, 0x3,
    0xf1, 0x81, 0x68, 0x38, 0x7, 0xc6, 0x20, 0xea,
    0x2, 0xc0, 0x1e, 0x80, 0x32, 0x23, 0x84, 0xb0,
    0x4, 0x34, 0x81, 0xe0, 0x8, 0x50, 0x9f, 0xee,
    0x94, 0x28, 0xc0, 0x2a, 0xb5, 0x21, 0x2, 0x7d,
    0x50, 0x0,

    /* U+020F "ȏ" */
    0x0, 0xc, 0xf7, 0xe1, 0x80, 0x75, 0x32, 0xa8,
    0x74, 0x40, 0x21, 0x6c, 0xba, 0xd2, 0x50, 0x8,
    0x74, 0xc0, 0x2c, 0x40, 0xc, 0xb9, 0xfe, 0xc7,
    0x0, 0xd3, 0x46, 0x44, 0x38, 0xb0, 0x2, 0x30,
    0x5e, 0xec, 0x28, 0xe1, 0xc0, 0xc8, 0x0, 0x28,
    0x9, 0x7, 0xc, 0x0, 0xc8, 0x2, 0x23, 0x1,
    0x0, 0xc4, 0x0, 0x33, 0x0, 0x80, 0x62, 0x0,
    0x1b, 0x86, 0x0, 0x64, 0x1, 0x14, 0x83, 0x18,
    0x0, 0x6c, 0x18, 0xd, 0xc3, 0x31, 0x7c, 0x47,
    0x0, 0x8, 0xa4, 0x24, 0x28, 0xc0, 0x0,

    /* U+0210 "Ȑ" */
    0x3f, 0xf0, 0xc7, 0xd0, 0x7, 0x1c, 0x84, 0x41,
    0x14, 0xc0, 0x39, 0xa1, 0x8e, 0xcf, 0xc0, 0x3c,
    0xfa, 0x41, 0x9e, 0x1, 0xf1, 0x8, 0x0, 0xc0,
    0x31, 0x7f, 0xf7, 0x52, 0x0, 0x78, 0xcc, 0x42,
    0xb6, 0xe0, 0x1d, 0x98, 0xdf, 0x60, 0x81, 0x0,
    0xfd, 0x0, 0x2, 0x0, 0xff, 0x84, 0x3, 0xf5,
    0x81, 0x10, 0x3, 0x66, 0x37, 0xd4, 0xb0, 0x3,
    0x8c, 0xc4, 0x9, 0xa2, 0x1, 0xdf, 0xed, 0x4,
    0x20, 0xf, 0xc4, 0xc1, 0x20, 0x1f, 0xd0, 0x8,
    0xa0, 0x1f, 0x86, 0x2, 0xc0, 0x3f, 0x9c, 0x45,
    0x0, 0x1f, 0xd6, 0xe, 0x40,

    /* U+0211 "ȑ" */
    0xaf, 0x81, 0xef, 0x30, 0x5, 0x13, 0x85, 0x4,
    0x0, 0x58, 0x54, 0x94, 0x8a, 0x0, 0x1d, 0x80,
    0x5d, 0x70, 0x2, 0xfa, 0x8c, 0xe6, 0x88, 0x5,
    0xda, 0xc2, 0x2, 0x1, 0x39, 0x5f, 0xf8, 0x3,
    0xb5, 0x0, 0x3c, 0x46, 0x1, 0xf0, 0x80, 0x7f,
    0xf9, 0x80,

    /* U+0212 "Ȓ" */
    0x0, 0x89, 0xe5, 0x80, 0x3e, 0x3d, 0x86, 0x9d,
    0x0, 0xf7, 0xa7, 0x7e, 0x1b, 0x0, 0x75, 0x48,
    0x81, 0xd1, 0x0, 0x73, 0x10, 0x4, 0x88, 0x0,
    0x8b, 0xff, 0xba, 0x90, 0x3, 0xc6, 0x62, 0x15,
    0xb7, 0x0, 0xec, 0xc6, 0xfb, 0x4, 0x8, 0x7,
    0xe8, 0x0, 0x10, 0x7, 0xfc, 0x20, 0x1f, 0xac,
    0x8, 0x80, 0x1b, 0x31, 0xbe, 0xa5, 0x80, 0x1c,
    0x66, 0x20, 0x4d, 0x10, 0xe, 0xff, 0x68, 0x21,
    0x0, 0x7e, 0x26, 0x9, 0x0, 0xfe, 0x80, 0x45,
    0x0, 0xfc, 0x30, 0x16, 0x1, 0xfc, 0xe2, 0x28,
    0x0, 0xfe, 0xb0, 0x72,

    /* U+0213 "ȓ" */
    0x3, 0xbf, 0xea, 0x10, 0x1d, 0x55, 0x22, 0x28,
    0x10, 0xba, 0xa9, 0xac, 0xb, 0x80, 0x11, 0xe8,
    0x2f, 0xb0, 0xcf, 0x78, 0x80, 0x3b, 0x58, 0x40,
    0x40, 0xe, 0x57, 0xfe, 0x0, 0xda, 0x80, 0x1c,
    0x46, 0x1, 0xe1, 0x0, 0xff, 0xf0, 0x80,

    /* U+0214 "Ȕ" */
    0x2, 0xff, 0x13, 0xfe, 0x0, 0x71, 0x50, 0x43,
    0xa9, 0xa0, 0x7, 0x2c, 0xaa, 0x52, 0x48, 0x7,
    0x9b, 0x54, 0x2f, 0x80, 0x3e, 0x21, 0x0, 0x18,
    0x4, 0x7f, 0xe0, 0xf, 0x17, 0xf8, 0x3, 0xff,
    0xfe, 0x1, 0xff, 0xc9, 0x10, 0xf, 0xcc, 0x2,
    0x40, 0x5, 0x0, 0xed, 0x5, 0x6, 0xb, 0x40,
    0x9, 0x98, 0x1c, 0x12, 0x63, 0x7f, 0xdf, 0x20,
    0xea, 0x0, 0xc8, 0x30, 0x11, 0x2d, 0xc0, 0x0,

    /* U+0215 "ȕ" */
    0x3f, 0xe1, 0x9f, 0xa0, 0x8, 0xe4, 0x66, 0x46,
    0xa4, 0x1, 0x34, 0x39, 0x69, 0xf0, 0x6, 0x7d,
    0x31, 0xcf, 0x0, 0x3f, 0xd9, 0x8, 0x5, 0xfc,
    0x1, 0xff, 0xed, 0x70, 0xc, 0xe0, 0x18, 0xc0,
    0x6, 0x6, 0x20, 0x1, 0x90, 0x2, 0x10, 0x7c,
    0xcb, 0xcc, 0x2, 0xc6, 0x36, 0x77, 0x60, 0x80,

    /* U+0216 "Ȗ" */
    0x0, 0xc2, 0xf2, 0xe2, 0x1, 0xe2, 0xe8, 0x68,
    0xf1, 0x0, 0xe9, 0x3d, 0xfd, 0x39, 0x0, 0xed,
    0xe2, 0x2, 0x9c, 0x0, 0xe6, 0x20, 0x9, 0x10,
    0x0, 0x3f, 0xf0, 0x7, 0x8b, 0xfc, 0x1, 0xff,
    0xff, 0x0, 0xff, 0xe4, 0x88, 0x7, 0xe6, 0x1,
    0x20, 0x2, 0x80, 0x76, 0x82, 0x83, 0x5, 0xa0,
    0x4, 0xcc, 0xe, 0x9, 0x31, 0xbf, 0xef, 0x90,
    0x75, 0x0, 0x64, 0x18, 0x8, 0x96, 0xe0, 0x0,

    /* U+0217 "ȗ" */
    0x0, 0xa3, 0xbf, 0x54, 0x3, 0x4b, 0x92, 0x8d,
    0x18, 0x4, 0x57, 0x95, 0x8c, 0xa0, 0x15, 0xa0,
    0x5, 0x2c, 0xf, 0xf6, 0x1, 0x8f, 0xf8, 0x3,
    0xff, 0xda, 0xe0, 0x19, 0xc0, 0x31, 0x80, 0xc,
    0xc, 0x40, 0x3, 0x20, 0x4, 0x20, 0xf9, 0x97,
    0x98, 0x5, 0x8c, 0x6c, 0xee, 0xc1, 0x0,

    /* U+0218 "Ș" */
    0x1, 0x8d, 0xfe, 0xd9, 0x30, 0x2f, 0x72, 0x11,
    0x13, 0x50, 0x40, 0x9f, 0x73, 0xfa, 0x6c, 0x1c,
    0x24, 0x40, 0x2, 0xc4, 0xc, 0x1a, 0x1, 0xf7,
    0x83, 0xc9, 0x0, 0x72, 0x50, 0xb6, 0xda, 0x0,
    0x65, 0xe8, 0x24, 0xbb, 0x8, 0x6, 0x7d, 0xa1,
    0x4b, 0x0, 0xf2, 0xe8, 0x28, 0x7, 0xc4, 0x1,
    0x41, 0x80, 0x43, 0x60, 0x40, 0xf9, 0xfd, 0xd2,
    0x87, 0x4, 0x20, 0x8c, 0x4d, 0xa6, 0xf, 0x7d,
    0xfe, 0xd9, 0x20, 0xe, 0x13, 0x20, 0xf, 0xa3,
    0x10, 0x3, 0xe5, 0x16, 0x0, 0xf0, 0x9d, 0x80,
    0x70,

    /* U+0219 "ș" */
    0x0, 0x36, 0x77, 0xec, 0x98, 0x4c, 0x89, 0x50,
    0x19, 0x80, 0xc1, 0x97, 0x6d, 0xd2, 0x80, 0x82,
    0x0, 0x44, 0x0, 0x80, 0x9d, 0x60, 0xc, 0xd6,
    0x85, 0x3e, 0xe0, 0x12, 0x5e, 0xb0, 0x43, 0x80,
    0x62, 0x99, 0x5, 0x82, 0x80, 0x79, 0xc2, 0xbf,
    0x2f, 0x24, 0x38, 0x20, 0xcc, 0x84, 0x98, 0xa0,
    0xf9, 0xfe, 0xeb, 0x30, 0xe, 0x23, 0x0, 0xfb,
    0x30, 0x20, 0x1c, 0x42, 0xc2, 0x1, 0xca, 0x32,
    0x1, 0x0,

    /* U+021A "Ț" */
    0xbf, 0xff, 0xf0, 0x91, 0x42, 0x0, 0x22, 0xd5,
    0xbb, 0x48, 0x26, 0xee, 0x0, 0xff, 0xff, 0x80,
    0x7f, 0xf9, 0x9f, 0xec, 0x3, 0xf8, 0xcc, 0x1,
    0xf8, 0xb3, 0x80, 0x3f, 0x38, 0x40, 0x7, 0xef,
    0x45, 0x0, 0xc0,

    /* U+021B "ț" */
    0x0, 0x1b, 0x80, 0x7b, 0xe0, 0x3, 0x26, 0x18,
    0x7f, 0xc2, 0x4c, 0x0, 0x55, 0x85, 0xa0, 0x1,
    0x55, 0x0, 0x7f, 0xf7, 0x88, 0x0, 0x60, 0x1c,
    0x81, 0x98, 0xd2, 0x0, 0x52, 0x81, 0x81, 0x80,
    0x6, 0xbf, 0xda, 0x20, 0x18, 0xc8, 0x3, 0x97,
    0x20, 0x3, 0xb4, 0x24, 0x3, 0x95, 0xcc, 0x0,

    /* U+021C "Ȝ" */
    0x0, 0x35, 0xf7, 0xfb, 0x1c, 0x2, 0xe9, 0x40,
    0x32, 0x38, 0xb0, 0x3, 0x33, 0x7b, 0x36, 0xc1,
    0xc, 0x22, 0x48, 0x2, 0x43, 0x5, 0x0, 0xfc,
    0x40, 0x60, 0x1e, 0x1a, 0x12, 0x50, 0x8, 0x56,
    0xb9, 0x4f, 0xc0, 0x37, 0x52, 0x88, 0x8, 0x80,
    0x33, 0xce, 0xf3, 0x96, 0x88, 0x5, 0xc, 0x41,
    0x8, 0x30, 0x1, 0xfb, 0x1, 0x40, 0x3f, 0x78,
    0x38, 0x7, 0xe5, 0x3, 0x0, 0xfa, 0xc8, 0x24,
    0x3, 0x9b, 0x90, 0x28, 0x40, 0x9, 0x3d, 0x22,
    0x78, 0xa0, 0x3f, 0x6c, 0x29, 0x58, 0x60, 0x3,
    0x14, 0x9e, 0xb5, 0x0, 0xc5, 0xd6, 0xc2, 0x1,
    0xe0,

    /* U+021D "ȝ" */
    0x5, 0xbd, 0xfe, 0xa3, 0x0, 0xad, 0xc, 0xc0,
    0xb8, 0x40, 0xd, 0xee, 0x67, 0x20, 0x58, 0x0,
    0xc4, 0x2, 0xd0, 0x30, 0xf, 0xb4, 0x34, 0x3,
    0x92, 0xd0, 0x9c, 0x2, 0x6e, 0xb4, 0xb, 0x0,
    0xe2, 0x8a, 0x19, 0x50, 0x9, 0xb1, 0xd6, 0xc2,
    0x0, 0x3e, 0x40, 0x20, 0xf, 0x88, 0x3, 0xfa,
    0x1, 0x40, 0x38, 0xf1, 0x6, 0x0, 0x7, 0x1b,
    0x86, 0x6f, 0x20, 0x7c, 0x72, 0x4b, 0xc1, 0x0,
    0x13, 0x57, 0xda, 0x0, 0x60,

    /* U+021E "Ȟ" */
    0x0, 0xb7, 0x44, 0x3, 0x9a, 0x1, 0xef, 0x3c,
    0x4f, 0x3f, 0x0, 0xf1, 0x50, 0xd8, 0xd1, 0x0,
    0x7c, 0x92, 0xf2, 0xa0, 0x1f, 0xcd, 0xc, 0x1,
    0xc3, 0xfe, 0x10, 0xe, 0x2f, 0xf0, 0x7, 0xff,
    0xe7, 0xbf, 0xfb, 0x40, 0x3c, 0x45, 0xf0, 0x7,
    0xb3, 0x77, 0xbc, 0x3, 0xff, 0xf0,

    /* U+021F "ȟ" */
    0x9e, 0x40, 0x5, 0x79, 0x80, 0x69, 0x2b, 0x5b,
    0x5a, 0x30, 0xe, 0xd1, 0xa4, 0x65, 0x0, 0xf0,
    0xd3, 0xc4, 0x80, 0x7e, 0x48, 0x70, 0xf, 0xe5,
    0xfc, 0x0, 0xff, 0xf1, 0xb9, 0x5f, 0xf6, 0x28,
    0x7, 0x36, 0xa9, 0x81, 0xd3, 0x0, 0x62, 0x6e,
    0xce, 0x50, 0xa0, 0xe, 0x80, 0xa, 0x40, 0xc0,
    0x31, 0x8, 0x4, 0x20, 0x1e, 0x10, 0xf, 0xff,
    0xb8,

    /* U+0220 "Ƞ" */
    0x1f, 0xa0, 0x3a, 0xef, 0xe9, 0x10, 0xc, 0xee,
    0xc5, 0x0, 0xb, 0x79, 0x0, 0x45, 0xf, 0xfd,
    0xf8, 0x22, 0x90, 0xc, 0xb0, 0x1, 0x1d, 0x82,
    0x0, 0x6e, 0x0, 0xe4, 0x0, 0x8, 0x4, 0xc0,
    0x1c, 0x20, 0x3, 0x0, 0x8c, 0x3, 0xff, 0xfe,
    0x1, 0xff, 0xcd, 0x1f, 0xf0, 0x80, 0x7f, 0xfc,
    0x40,

    /* U+0221 "ȡ" */
    0x0, 0xf9, 0xbf, 0x0, 0x3f, 0xfc, 0x86, 0x1,
    0xff, 0x47, 0x7e, 0xb0, 0x7, 0xfd, 0x8e, 0x24,
    0x13, 0x20, 0xf, 0xe6, 0x30, 0xcd, 0xd6, 0x18,
    0x7, 0xf6, 0x83, 0x18, 0x0, 0xd8, 0x3, 0xf9,
    0x43, 0x0, 0x37, 0x80, 0x7f, 0x8, 0x8, 0x6,
    0x30, 0xf, 0xe1, 0x1, 0x0, 0xfc, 0x2d, 0xc,
    0x0, 0x50, 0xd0, 0xd, 0xa0, 0x29, 0xd2, 0xf3,
    0x81, 0xa0, 0xe6, 0x0, 0x37, 0x2, 0xb2, 0xdf,
    0x23, 0x16, 0x30, 0xcd, 0xd6, 0xc, 0x80, 0x5d,
    0xa4, 0x41, 0xc, 0x71, 0x23, 0x5f, 0x61, 0x11,
    0x9c, 0xbe, 0x1, 0x47, 0x7f, 0x50, 0x90, 0xa7,
    0x7f, 0x51, 0x0, 0x7f, 0x30, 0x10, 0x7, 0xff,
    0x9, 0x6e, 0x80, 0x3c,

    /* U+0222 "Ȣ" */
    0x2f, 0xf0, 0x7, 0xf, 0xf8, 0x40, 0x21, 0x0,
    0xfc, 0x40, 0x5, 0x0, 0xca, 0x0, 0x10, 0x50,
    0x92, 0x0, 0x1c, 0x83, 0x0, 0x2d, 0x4b, 0x7b,
    0x98, 0x4b, 0x20, 0x3, 0x10, 0x0, 0x88, 0x2,
    0x20, 0x2c, 0x45, 0xdf, 0xf6, 0x22, 0xe0, 0xd8,
    0x9d, 0x10, 0x0, 0xec, 0x86, 0x54, 0x10, 0x3,
    0xc8, 0x6, 0x1, 0xff, 0x3b, 0x2, 0x0, 0x79,
    0x1, 0x64, 0xe, 0x44, 0x0, 0x32, 0x41, 0x47,
    0x20, 0xdd, 0xd9, 0x82, 0x4c, 0x1b, 0x58, 0x84,
    0x44, 0xd8, 0xc0,

    /* U+0223 "ȣ" */
    0x6, 0xfc, 0x0, 0xd7, 0xee, 0x1, 0xff, 0xc2,
    0x30, 0xf, 0xf8, 0x40, 0x80, 0x33, 0x1, 0x0,
    0x10, 0x45, 0x2, 0x27, 0x20, 0x40, 0xb, 0x49,
    0xfb, 0x90, 0x36, 0x20, 0x15, 0x90, 0x11, 0x80,
    0xe0, 0x4, 0xce, 0x3b, 0xac, 0xd2, 0x77, 0x0,
    0x2c, 0x20, 0x80, 0x5, 0x1, 0x20, 0x2, 0x5,
    0x0, 0xce, 0x2, 0x20, 0xf, 0xfe, 0x9, 0x2,
    0x80, 0x67, 0x0, 0x8, 0x50, 0x41, 0x0, 0xa,
    0x1, 0x80, 0xe, 0x83, 0xbb, 0x88, 0xe0, 0x2,
    0xb9, 0x32, 0x2a, 0x30, 0x40,

    /* U+0224 "Ȥ" */
    0x1f, 0xff, 0xe9, 0x2, 0x2f, 0x80, 0x2, 0x2d,
    0xdf, 0x50, 0xc, 0x0, 0x78, 0xa0, 0x28, 0x3,
    0xee, 0x7, 0x40, 0xf, 0x41, 0x94, 0x0, 0x78,
    0xdc, 0x38, 0x3, 0xee, 0x8, 0x30, 0xf, 0x49,
    0x1b, 0x80, 0x79, 0x18, 0x38, 0x3, 0xc3, 0x41,
    0x24, 0x1, 0xeb, 0x14, 0x60, 0xf, 0x1a, 0x82,
    0xee, 0xfa, 0x98, 0x0, 0x24, 0x5e, 0x65, 0xff,
    0xfb, 0x0, 0x3f, 0xce, 0xe, 0x1, 0xe3, 0xdb,
    0x3, 0x0, 0xf8, 0x81, 0x60,

    /* U+0225 "ȥ" */
    0xf, 0xff, 0xa8, 0x19, 0x57, 0x0, 0x8, 0x26,
    0xaa, 0xf0, 0x19, 0x0, 0xc3, 0x61, 0x42, 0x1,
    0xa8, 0x59, 0x0, 0x33, 0x21, 0x48, 0x6, 0x29,
    0xe, 0x0, 0xee, 0x8, 0x30, 0xc, 0xe6, 0x67,
    0x0, 0xc5, 0x0, 0xa, 0xad, 0xc, 0x0, 0x35,
    0x5c, 0x88, 0xff, 0xee, 0x0, 0xfc, 0x60, 0xe0,
    0x1d, 0x98, 0x3, 0x0, 0xe2, 0x14, 0x90,

    /* U+0226 "Ȧ" */
    0x0, 0xe1, 0x61, 0x0, 0xff, 0xa2, 0x6c, 0x3,
    0xfe, 0xf0, 0xd0, 0xf, 0xf9, 0xbd, 0xc0, 0x3f,
    0xf9, 0xb9, 0xfa, 0x1, 0xfe, 0x23, 0x2, 0x30,
    0xf, 0xea, 0x5, 0xa, 0x0, 0xfe, 0x60, 0xb0,
    0x60, 0xf, 0xca, 0x28, 0x2a, 0xc, 0x1, 0xf7,
    0x7, 0x7, 0x5, 0x0, 0x78, 0x50, 0x14, 0x10,
    0x4c, 0x80, 0x39, 0x81, 0x80, 0x26, 0xa, 0x0,
    0xea, 0x6, 0xff, 0x9c, 0x18, 0x3, 0x21, 0x0,
    0x8f, 0x0, 0xa8, 0x5, 0xc0, 0xfd, 0xdc, 0xe1,
    0xc0, 0x1, 0x50, 0xa0, 0xe, 0xa0, 0x41, 0x7,
    0x2, 0x20, 0x7, 0x11, 0x83, 0x5, 0x5, 0x0,
    0x7d, 0x41, 0x40,

    /* U+0227 "ȧ" */
    0x0, 0xc7, 0xd4, 0x1, 0xf2, 0x8a, 0x0, 0x7c,
    0xd3, 0xa0, 0x1f, 0x98, 0xc0, 0x39, 0x2b, 0x7f,
    0xb1, 0x40, 0x2f, 0x50, 0x52, 0x3a, 0x40, 0x4,
    0x66, 0xd6, 0x28, 0x78, 0x0, 0xcc, 0x1, 0x70,
    0x30, 0x7, 0x84, 0x0, 0x60, 0x7, 0xdf, 0xf7,
    0x58, 0x5, 0x50, 0x71, 0x76, 0x90, 0x0, 0xa8,
    0x6b, 0xa2, 0x8, 0x0, 0x20, 0x1, 0x0, 0xbc,
    0x2, 0x40, 0xf8, 0x86, 0xb8, 0x5, 0x4c, 0x6e,
    0xcb, 0x86, 0x0,

    /* U+0228 "Ȩ" */
    0x1f, 0xff, 0xc0, 0x11, 0x17, 0x18, 0x5, 0x9b,
    0xbb, 0x0, 0x3f, 0xfa, 0x5d, 0xff, 0xa4, 0x2,
    0x22, 0xee, 0x0, 0xb3, 0x77, 0x38, 0x7, 0xff,
    0x4b, 0x37, 0x76, 0x0, 0x44, 0x5c, 0x63, 0xff,
    0x41, 0x7f, 0xc0, 0x1a, 0xca, 0x0, 0x3d, 0x90,
    0xe8, 0x1, 0x91, 0x1a, 0xe, 0x1, 0xbe, 0xde,
    0x4c, 0x0,

    /* U+0229 "ȩ" */
    0x0, 0x2e, 0x7f, 0xb1, 0x0, 0x29, 0xa3, 0x44,
    0x1d, 0xb0, 0x23, 0xe, 0xdd, 0xc1, 0x23, 0xc0,
    0xc4, 0x0, 0x43, 0x4, 0x70, 0x39, 0x9c, 0x20,
    0x46, 0x8, 0xcd, 0x88, 0x0, 0x61, 0x5f, 0xfe,
    0x77, 0x6, 0x0, 0x7d, 0xc0, 0xca, 0x1, 0x90,
    0x11, 0xc2, 0xb6, 0xf7, 0xec, 0x1, 0x16, 0x84,
    0x86, 0x69, 0x0, 0x92, 0xd1, 0xbb, 0x18, 0x3,
    0x9d, 0xa4, 0x3, 0xec, 0x66, 0x10, 0x7, 0x2a,
    0x28, 0x10, 0x7, 0x45, 0x8d, 0x80, 0x40,

    /* U+022A "Ȫ" */
    0x0, 0x86, 0x67, 0xa0, 0x3, 0xe2, 0x66, 0xf0,
    0x7, 0xc7, 0xff, 0xdc, 0x1, 0xfb, 0x6c, 0xb,
    0xa0, 0x3, 0xf1, 0xb0, 0x0, 0x48, 0x3, 0xf7,
    0x68, 0x17, 0xd0, 0x7, 0xff, 0x25, 0x2b, 0x7f,
    0xb6, 0x8, 0x3, 0xaa, 0xd4, 0x84, 0x9, 0xf5,
    0x40, 0x28, 0x50, 0x9f, 0xee, 0x94, 0x28, 0xc0,
    0x9c, 0x25, 0x80, 0x21, 0xa4, 0xf, 0x5, 0x2,
    0x60, 0xf, 0x40, 0x19, 0x68, 0x20, 0x7, 0xc6,
    0x20, 0xec, 0x2, 0x1, 0xf8, 0xc0, 0x80, 0x3f,
    0xf8, 0x4c, 0x2, 0x1, 0xf8, 0xc0, 0xb4, 0x1c,
    0x3, 0xe3, 0x10, 0x75, 0x1, 0x60, 0xf, 0x40,
    0x19, 0x11, 0xc2, 0x58, 0x2, 0x1a, 0x40, 0xf0,
    0x4, 0x28, 0x4f, 0xf7, 0x4a, 0x14, 0x60, 0x15,
    0x5a, 0x90, 0x81, 0x3e, 0xa8, 0x0,

    /* U+022B "ȫ" */
    0x0, 0x7f, 0xf8, 0xc0, 0x33, 0xb3, 0x71, 0x0,
    0x68, 0x99, 0xe1, 0x0, 0xd3, 0xc2, 0x19, 0x80,
    0xe, 0x31, 0x30, 0x12, 0x0, 0xea, 0xf2, 0xd,
    0xe0, 0xe, 0x5c, 0xff, 0x63, 0x80, 0x69, 0xa3,
    0x22, 0x1c, 0x58, 0x1, 0x18, 0x2f, 0x76, 0x14,
    0x70, 0xe0, 0x64, 0x0, 0x14, 0x4, 0x83, 0x86,
    0x0, 0x64, 0x1, 0x11, 0x80, 0x80, 0x62, 0x0,
    0x19, 0x80, 0x40, 0x31, 0x0, 0xd, 0xc3, 0x0,
    0x32, 0x0, 0x8a, 0x41, 0x8c, 0x0, 0x36, 0xc,
    0x6, 0xe1, 0x98, 0xbe, 0x23, 0x80, 0x4, 0x52,
    0x12, 0x14, 0x60, 0x0,

    /* U+022C "Ȭ" */
    0x0, 0x86, 0x67, 0xa0, 0x3, 0xe2, 0x66, 0xf0,
    0x7, 0xc7, 0xff, 0xe0, 0xf, 0xd9, 0xf8, 0xa7,
    0xc2, 0x1, 0xe6, 0x1a, 0x6a, 0xc5, 0x10, 0xf,
    0x27, 0xad, 0x76, 0x50, 0x7, 0xc4, 0x40, 0x0,
    0x98, 0x7, 0xe4, 0xad, 0xfe, 0xd8, 0x20, 0xe,
    0xab, 0x52, 0x10, 0x27, 0xd5, 0x0, 0xa1, 0x42,
    0x7f, 0xba, 0x50, 0xa3, 0x2, 0x70, 0x96, 0x0,
    0x86, 0x90, 0x3c, 0x14, 0x9, 0x80, 0x3d, 0x0,
    0x65, 0xa0, 0x80, 0x1f, 0x18, 0x83, 0xb0, 0x8,
    0x7, 0xe3, 0x2, 0x0, 0xff, 0xe1, 0x30, 0x8,
    0x7, 0xe3, 0x2, 0xd0, 0x70, 0xf, 0x8c, 0x41,
    0xd4, 0x5, 0x80, 0x3d, 0x0, 0x64, 0x47, 0x9,
    0x60, 0x8, 0x69, 0x3, 0xc0, 0x10, 0xa1, 0x3f,
    0xdd, 0x28, 0x51, 0x80, 0x55, 0x6a, 0x42, 0x4,
    0xfa, 0xa0, 0x0,

    /* U+022D "ȭ" */
    0x0, 0x7f, 0xf8, 0xc0, 0x33, 0xb3, 0x71, 0x0,
    0x68, 0x99, 0xa2, 0x44, 0x3, 0x5f, 0xfd, 0xde,
    0x80, 0x1b, 0xea, 0x97, 0x6e, 0x40, 0xc, 0x8a,
    0xa4, 0x40, 0x80, 0x72, 0xe7, 0xfb, 0x1c, 0x3,
    0x4d, 0x19, 0x10, 0xe2, 0xc0, 0x8, 0xc1, 0x7b,
    0xb0, 0xa3, 0x87, 0x3, 0x20, 0x0, 0xa0, 0x24,
    0x1c, 0x30, 0x3, 0x20, 0x8, 0x8c, 0x4, 0x3,
    0x10, 0x0, 0xcc, 0x2, 0x1, 0x88, 0x0, 0x6e,
    0x18, 0x1, 0x90, 0x4, 0x52, 0xc, 0x60, 0x1,
    0xb0, 0x60, 0x37, 0xc, 0xc5, 0xf1, 0x1c, 0x0,
    0x22, 0x90, 0x90, 0xa3, 0x0, 0x0,

    /* U+022E "Ȯ" */
    0x0, 0xf2, 0x98, 0x7, 0xfc, 0x95, 0x80, 0x1f,
    0xf3, 0x9, 0x80, 0x7f, 0xc5, 0xd8, 0x1, 0xff,
    0xcb, 0x4a, 0xdf, 0xed, 0x82, 0x0, 0xea, 0xb5,
    0x21, 0x2, 0x7d, 0x50, 0xa, 0x14, 0x27, 0xfb,
    0xa5, 0xa, 0x30, 0x27, 0x9, 0x60, 0x8, 0x69,
    0x3, 0xc1, 0x40, 0x98, 0x3, 0xd0, 0x6, 0x5a,
    0x8, 0x1, 0xf1, 0x88, 0x3b, 0x0, 0x80, 0x7e,
    0x30, 0x20, 0xf, 0xfe, 0x13, 0x0, 0x80, 0x7e,
    0x30, 0x2d, 0x7, 0x0, 0xf8, 0xc4, 0x1d, 0x40,
    0x58, 0x3, 0xd0, 0x6, 0x44, 0x70, 0x96, 0x0,
    0x86, 0x90, 0x3c, 0x1, 0xa, 0x13, 0xfd, 0xd2,
    0x85, 0x18, 0x5, 0x56, 0xa4, 0x20, 0x4f, 0xaa,
    0x0,

    /* U+022F "ȯ" */
    0x0, 0xd9, 0xc4, 0x1, 0xf8, 0xc5, 0x80, 0x3f,
    0x5d, 0x20, 0x7, 0xe4, 0x50, 0xf, 0x97, 0x3f,
    0xd8, 0xe0, 0x1a, 0x68, 0xc8, 0x87, 0x16, 0x0,
    0x46, 0xb, 0xdd, 0x85, 0x1c, 0x38, 0x19, 0x0,
    0x5, 0x1, 0x20, 0xe1, 0x80, 0x19, 0x0, 0x44,
    0x60, 0x20, 0x18, 0x80, 0x6, 0x60, 0x10, 0xc,
    0x40, 0x3, 0x70, 0xc0, 0xc, 0x80, 0x22, 0x90,
    0x63, 0x0, 0xd, 0x83, 0x1, 0xb8, 0x66, 0x2f,
    0x88, 0xe0, 0x1, 0x14, 0x84, 0x85, 0x18, 0x0,

    /* U+0230 "Ȱ" */
    0x0, 0x86, 0x67, 0xa0, 0x3, 0xe2, 0x66, 0xf0,
    0x7, 0xc7, 0xff, 0xdc, 0x1, 0xfc, 0x3d, 0x60,
    0x1f, 0xf1, 0x8b, 0x0, 0x7f, 0xc5, 0x98, 0x0,
    0xff, 0xe0, 0x18, 0x80, 0x7f, 0x25, 0x6f, 0xf6,
    0xc1, 0x0, 0x75, 0x5a, 0x90, 0x81, 0x3e, 0xa8,
    0x5, 0xa, 0x13, 0xfd, 0xd2, 0x85, 0x18, 0x13,
    0x84, 0xb0, 0x4, 0x34, 0x81, 0xe0, 0xa0, 0x4c,
    0x1, 0xe8, 0x3, 0x2d, 0x4, 0x0, 0xf8, 0xc4,
    0x1d, 0x80, 0x40, 0x3f, 0x18, 0x10, 0x7, 0xff,
    0x9, 0x80, 0x40, 0x3f, 0x18, 0x16, 0x83, 0x80,
    0x7c, 0x62, 0xe, 0xa0, 0x2c, 0x1, 0xe8, 0x3,
    0x22, 0x38, 0x4b, 0x0, 0x43, 0x48, 0x1e, 0x0,
    0x85, 0x9, 0xfe, 0xe9, 0x42, 0x8c, 0x2, 0xab,
    0x52, 0x10, 0x27, 0xd5, 0x0, 0x0,

    /* U+0231 "ȱ" */
    0x0, 0x7f, 0xf8, 0xc0, 0x33, 0xb3, 0x71, 0x0,
    0x68, 0x99, 0xe1, 0x0, 0xf6, 0x70, 0x80, 0x7e,
    0x21, 0x0, 0xfe, 0xcc, 0x8, 0x7, 0x97, 0x37,
    0x30, 0xe0, 0x1a, 0x68, 0xc8, 0x87, 0x16, 0x0,
    0x46, 0xb, 0xdd, 0x85, 0x1c, 0x38, 0x19, 0x0,
    0x5, 0x1, 0x20, 0xe1, 0x80, 0x19, 0x0, 0x44,
    0x60, 0x20, 0x18, 0x80, 0x6, 0x60, 0x10, 0xc,
    0x40, 0x3, 0x70, 0xc0, 0xc, 0x80, 0x22, 0x90,
    0x63, 0x0, 0xd, 0x83, 0x1, 0xb8, 0x66, 0x2f,
    0x88, 0xe0, 0x1, 0x14, 0x84, 0x85, 0x18, 0x0,

    /* U+0232 "Ȳ" */
    0x0, 0x1f, 0xff, 0x70, 0x7, 0xb, 0x37, 0x80,
    0x38, 0xa6, 0x7a, 0x0, 0x2b, 0xf9, 0x0, 0xf7,
    0x7b, 0x40, 0x31, 0x0, 0x67, 0x12, 0x63, 0x50,
    0x80, 0xd, 0x21, 0x20, 0xb, 0x5, 0x20, 0x3,
    0x8a, 0x20, 0x0, 0x2e, 0x12, 0x3, 0x1, 0x0,
    0x1a, 0x5, 0xe, 0x41, 0x4c, 0x3, 0xa4, 0x3d,
    0xc2, 0xc0, 0x3c, 0xe4, 0x60, 0xe2, 0x1, 0xf5,
    0x80, 0x20, 0x3, 0xf1, 0x0, 0x80, 0x7f, 0xfa,
    0x40,

    /* U+0233 "ȳ" */
    0x0, 0x3c, 0xcf, 0x18, 0x6, 0xb6, 0x6f, 0x0,
    0x6c, 0xff, 0xe5, 0x0, 0x67, 0xb8, 0x7, 0x6f,
    0xb5, 0x5, 0x80, 0x63, 0x20, 0x66, 0x1, 0x90,
    0x5, 0x60, 0xa0, 0x6, 0xa, 0x0, 0x98, 0x38,
    0x1, 0x40, 0xa0, 0x3, 0x11, 0x20, 0x0, 0xc8,
    0x86, 0x14, 0xc, 0x1, 0xa8, 0x28, 0x1c, 0x28,
    0x3, 0x30, 0x39, 0x89, 0x90, 0x6, 0x15, 0x19,
    0xa, 0x0, 0xf7, 0x2, 0x83, 0x80, 0x79, 0x4,
    0x10, 0x40, 0x3e, 0x30, 0xe0, 0xf, 0x8c, 0x85,
    0x40, 0x3e, 0xf0, 0x90, 0xe, 0x8c, 0xe3, 0x27,
    0x0, 0xe1, 0x30, 0x6c, 0x0, 0xf0,

    /* U+0234 "ȴ" */
    0x5, 0xfc, 0x0, 0xff, 0xfe, 0x88, 0x7, 0x1f,
    0xf6, 0x90, 0x6, 0x88, 0x14, 0x1, 0x0, 0xbb,
    0x80, 0x45, 0x0, 0x35, 0x40, 0x36, 0xc, 0x45,
    0x46, 0x87, 0xc3, 0xbf, 0xe9, 0x0,

    /* U+0235 "ȵ" */
    0x5f, 0x73, 0xbf, 0xf6, 0x28, 0x7, 0xd5, 0x8e,
    0xc6, 0x6a, 0x60, 0xf, 0x13, 0xe4, 0xe3, 0x5,
    0x0, 0x7d, 0x20, 0x16, 0x81, 0x0, 0x78, 0x44,
    0x1, 0x38, 0x7, 0xe2, 0x0, 0xfc, 0x20, 0x1f,
    0xf0, 0xff, 0x69, 0x80, 0x7c, 0x20, 0x7, 0x82,
    0xf0, 0xf, 0x9c, 0x1, 0xe, 0x44, 0x0, 0xfa,
    0xc0, 0x12, 0xc4, 0x80, 0x1e, 0x51, 0x85, 0x79,
    0x4b, 0x5f, 0xc0, 0x9, 0x21, 0xeb, 0xbe, 0xc4,

    /* U+0236 "ȶ" */
    0x0, 0x1c, 0x0, 0x7d, 0x2e, 0x1, 0xf2, 0x80,
    0x79, 0x78, 0x1, 0xff, 0x8, 0x1a, 0x80, 0x15,
    0x61, 0x6, 0x90, 0x5, 0x54, 0x1, 0xff, 0xcd,
    0x10, 0xf, 0xbf, 0xb8, 0x60, 0x3, 0x0, 0x3c,
    0x8f, 0x0, 0x10, 0x1, 0x2c, 0x64, 0x0, 0xb0,
    0x6, 0xc9, 0x98, 0x14, 0x69, 0x89, 0x93, 0x81,
    0x6d, 0x67, 0xbe, 0xc8, 0x0,

    /* U+0237 "ȷ" */
    0x0, 0x97, 0xf0, 0x3, 0xff, 0xff, 0x80, 0xc3,
    0xba, 0x60, 0xe1, 0x32, 0x24, 0xa0,

    /* U+0238 "ȸ" */
    0x0, 0xf9, 0xbf, 0x0, 0x3f, 0xfc, 0xe6, 0x1,
    0xff, 0xc0, 0x8e, 0xfd, 0x60, 0x3, 0x9d, 0xff,
    0xac, 0xc0, 0x2c, 0x71, 0x30, 0x99, 0x3, 0x62,
    0x98, 0x26, 0x18, 0x31, 0x86, 0x63, 0x70, 0xc0,
    0x9b, 0xb3, 0xd0, 0x38, 0x34, 0x18, 0xc0, 0x6,
    0xa0, 0x8, 0x0, 0xa4, 0x8, 0x8a, 0x18, 0x1,
    0xb4, 0x8, 0x40, 0x22, 0x0, 0x30, 0x80, 0x80,
    0x61, 0x1, 0x0, 0xe1, 0x1, 0x10, 0x8, 0x6,
    0x10, 0x10, 0xe, 0x10, 0x15, 0xc, 0x0, 0xd8,
    0x4, 0x20, 0x11, 0x80, 0x17, 0x41, 0x8c, 0x0,
    0xa8, 0x21, 0x40, 0x14, 0x1, 0x8b, 0x20, 0x66,
    0xf5, 0x6, 0x1a, 0x7e, 0xfa, 0xf, 0x0, 0x2e,
    0x8, 0x80, 0xba, 0x58, 0xe2, 0x42, 0xd8, 0x40,

    /* U+0239 "ȹ" */
    0x0, 0x36, 0x7f, 0x59, 0x80, 0x23, 0x7f, 0xa8,
    0x80, 0x2a, 0x93, 0x20, 0x4c, 0x3b, 0x72, 0x20,
    0xae, 0x10, 0x2a, 0x83, 0x37, 0xa8, 0x35, 0x11,
    0xfb, 0xe6, 0x3c, 0x1c, 0xe, 0x60, 0x5, 0x41,
    0x9, 0x0, 0xbc, 0xc, 0x54, 0x34, 0x3, 0x60,
    0x9, 0x0, 0x46, 0x0, 0x51, 0x1, 0x0, 0xc2,
    0x4, 0x1, 0xc2, 0x2, 0x20, 0x10, 0xc, 0x20,
    0x20, 0x1c, 0x20, 0x2a, 0x1a, 0x1, 0xb4, 0x8,
    0x40, 0x23, 0x0, 0x36, 0x83, 0x98, 0x1, 0x14,
    0x1, 0x0, 0x17, 0x81, 0x93, 0x18, 0x66, 0xea,
    0xcc, 0x9, 0xbb, 0x3c, 0xc3, 0xc0, 0x18, 0xc2,
    0x41, 0x32, 0x6, 0xc5, 0x30, 0x4c, 0x30, 0xa,
    0x7b, 0xf5, 0x80, 0xe, 0x77, 0xfe, 0xb3, 0x0,
    0xfe, 0x30, 0xf, 0xff, 0xa0,

    /* U+023A "Ⱥ" */
    0x0, 0xfc, 0xbe, 0x40, 0x1f, 0xb3, 0xf7, 0x88,
    0x80, 0x1f, 0x11, 0x81, 0x25, 0x0, 0x7e, 0xa0,
    0x50, 0x2, 0x80, 0x7e, 0x60, 0xb0, 0x1, 0x80,
    0x7c, 0xa2, 0x86, 0x0, 0x70, 0xf, 0xb8, 0x39,
    0x40, 0x16, 0x1, 0xe1, 0x40, 0x5a, 0x51, 0x23,
    0x0, 0xe6, 0x6, 0x32, 0xf6, 0xa, 0x0, 0xea,
    0x6, 0xc0, 0xa7, 0x7, 0x0, 0xc8, 0x40, 0x20,
    0x23, 0x0, 0xa8, 0x5, 0xc0, 0xf4, 0x15, 0xdc,
    0x70, 0xe0, 0x0, 0xa8, 0x57, 0xa, 0x0, 0x28,
    0x10, 0x41, 0xc0, 0x88, 0xae, 0x1, 0x11, 0x84,
    0x85, 0x5, 0x28, 0x50, 0x6, 0xa0, 0x60, 0xcf,
    0x7f, 0x13, 0x0, 0xcd, 0xfc, 0x1, 0xb6, 0xc0,
    0x3f, 0x80,

    /* U+023B "Ȼ" */
    0x0, 0xfc, 0xde, 0x40, 0x18, 0xa7, 0x7f, 0xd2,
    0xe, 0x1, 0x3e, 0xb1, 0x8, 0x80, 0x12, 0x0,
    0x68, 0x6, 0xee, 0x58, 0x4f, 0x80, 0xc8, 0x44,
    0x88, 0x71, 0xb1, 0x83, 0x80, 0xb8, 0x0, 0x52,
    0x80, 0x2c, 0x7, 0x0, 0x98, 0x1c, 0x2, 0x60,
    0xe0, 0xa, 0x94, 0x40, 0x3f, 0x19, 0x70, 0x6,
    0x60, 0xe0, 0x5, 0xa, 0x0, 0x6d, 0x4, 0x0,
    0x33, 0x0, 0x39, 0x40, 0x99, 0x42, 0x80, 0x38,
    0x98, 0x26, 0xc8, 0x80, 0x2, 0x30, 0x4, 0xa8,
    0x9, 0x77, 0x3f, 0x6c, 0x2, 0xa7, 0x2, 0x11,
    0x96, 0xc0, 0x31, 0x9b, 0x7f, 0xdd, 0x46, 0x1,
    0xb2, 0x0, 0x3e,

    /* U+023C "ȼ" */
    0x0, 0xfb, 0xa4, 0x3, 0xc8, 0x3a, 0x1, 0xee,
    0x24, 0x0, 0xf2, 0xa8, 0x2, 0x5b, 0xef, 0x3,
    0x0, 0x4d, 0x20, 0x80, 0x18, 0x11, 0x82, 0xb8,
    0x23, 0xc3, 0x81, 0x95, 0x81, 0x88, 0x1c, 0x30,
    0x29, 0x4, 0x0, 0x60, 0x26, 0x5c, 0x1, 0x18,
    0xd, 0xa, 0x80, 0x4c, 0x18, 0xee, 0x0, 0xdc,
    0xc, 0x34, 0x0, 0x40, 0x55, 0x0, 0x37, 0x5f,
    0x60, 0xb, 0x1, 0x2, 0x24, 0x0, 0x1c, 0x33,
    0xbf, 0x5c, 0x1, 0xa4, 0x40, 0xe, 0x14, 0xa0,
    0xf, 0x30, 0x30, 0x7, 0x80,

    /* U+023D "Ƚ" */
    0x2, 0xff, 0x0, 0x7f, 0xfc, 0xaf, 0x40, 0x1f,
    0xf1, 0x0, 0x46, 0x60, 0x1, 0x9e, 0x0, 0xa3,
    0x80, 0x19, 0x90, 0x80, 0x7f, 0xf7, 0x3b, 0xbc,
    0x20, 0x18, 0x47, 0xc6,

    /* U+023E "Ⱦ" */
    0x0, 0xfe, 0xe8, 0xbf, 0xff, 0xc2, 0xe2, 0x45,
    0x8, 0x0, 0x80, 0x4a, 0xb7, 0x69, 0x4, 0x80,
    0xcd, 0x0, 0xfa, 0x14, 0x80, 0x3e, 0x42, 0x80,
    0xf, 0xe5, 0x20, 0xf, 0xe8, 0x0, 0xfe, 0x32,
    0x0, 0xfe, 0x70, 0xf, 0xd6, 0x1, 0xfc, 0x86,
    0x1, 0xfd, 0x0, 0x1f, 0xc8, 0x68, 0x1, 0xfb,
    0xcf, 0x0, 0x3e, 0x34, 0x87, 0xfb, 0x0, 0xe7,
    0x84, 0x0, 0xf8,

    /* U+023F "ȿ" */
    0x0, 0x36, 0x77, 0xec, 0x98, 0x4c, 0x8d, 0x50,
    0xd9, 0x80, 0xc1, 0xb7, 0x6e, 0xc5, 0x1, 0x5,
    0x0, 0x8c, 0x1, 0x21, 0x18, 0xc0, 0x19, 0xec,
    0xcd, 0x3c, 0xe0, 0x12, 0x66, 0x14, 0x61, 0xc0,
    0x31, 0xd4, 0x5, 0x82, 0x0, 0x61, 0x7, 0xb,
    0xeb, 0x9b, 0x90, 0xe0, 0x61, 0x46, 0x53, 0xb5,
    0x9, 0xd0, 0x7, 0xe2, 0x0, 0x44, 0xa0, 0xe0,
    0x1e, 0xe0, 0xb0, 0xf, 0x21, 0x97, 0x65, 0x80,
    0x6d, 0x51, 0x31,

    /* U+0240 "ɀ" */
    0xf, 0xff, 0xa8, 0x0, 0xca, 0xb8, 0x0, 0x40,
    0x9, 0xaa, 0xbc, 0x6, 0x40, 0x38, 0x68, 0x28,
    0x40, 0x3a, 0x81, 0xd0, 0x3, 0x9d, 0xa, 0x0,
    0x38, 0xa0, 0x3c, 0x3, 0xdc, 0x10, 0x40, 0x1d,
    0x6, 0x8e, 0x1, 0xc4, 0xe0, 0x42, 0x1, 0xcc,
    0x0, 0x6c, 0x0, 0xe4, 0xfd, 0x32, 0x70, 0xf,
    0x17, 0x85, 0x0, 0x7c, 0x64, 0x46, 0x0, 0xfa,
    0x2, 0x77, 0x14, 0x3, 0x2c, 0x91, 0xc, 0x40,

    /* U+0241 "Ɂ" */
    0x18, 0xdf, 0xf6, 0xb8, 0x3, 0x5c, 0x84, 0x45,
    0x16, 0x11, 0x3d, 0xd4, 0x82, 0x24, 0xc2, 0x0,
    0x63, 0x3, 0x0, 0xf0, 0x80, 0x80, 0x72, 0x10,
    0x20, 0x6, 0x4a, 0x6, 0x20, 0x1, 0xd5, 0x8a,
    0x48, 0x5, 0x6a, 0x33, 0x60, 0x1e, 0x46, 0x0,
    0xff, 0xed, 0x80,

    /* U+0242 "ɂ" */
    0x7, 0xdf, 0xf6, 0x30, 0x2, 0x60, 0x8c, 0x8e,
    0x60, 0x2e, 0x3f, 0x36, 0x41, 0xc4, 0x9c, 0x2,
    0x60, 0x2, 0x80, 0x7f, 0xf0, 0x90, 0x0, 0x80,
    0x18, 0xa4, 0x18, 0x3, 0x3e, 0x11, 0xc8, 0x5,
    0x10, 0x17, 0xc0, 0xc, 0x20, 0xd0, 0x1, 0xff,
    0xc0,

    /* U+0243 "Ƀ" */
    0x2, 0xff, 0xee, 0xc7, 0x10, 0xf, 0x19, 0x88,
    0xe, 0x30, 0x3, 0xd9, 0x8d, 0xeb, 0x2, 0x60,
    0xf, 0xe4, 0x40, 0x70, 0x7, 0xf9, 0xc3, 0x80,
    0x3f, 0xb, 0x98, 0xb0, 0x7, 0x7f, 0xdd, 0xd,
    0xe0, 0x1e, 0x33, 0x88, 0x1a, 0xc4, 0x3, 0xb3,
    0x2d, 0xe2, 0x5b, 0xb, 0xd0, 0x7, 0xfb, 0x0,
    0x60, 0x14, 0x31, 0x0, 0xa, 0xa4, 0x0, 0x18,
    0x4, 0xf2, 0x0, 0xaa, 0x40, 0xd, 0x81, 0x80,
    0x76, 0x65, 0xbc, 0x41, 0xe0, 0x1c, 0x67, 0x11,
    0x1b, 0x4c, 0x0,

    /* U+0244 "Ʉ" */
    0x3, 0xff, 0x0, 0x78, 0xbf, 0xc0, 0x1f, 0xff,
    0x2d, 0xc0, 0x7, 0xff, 0xb4, 0x1, 0xf4, 0xc2,
    0x0, 0x22, 0xf8, 0x0, 0x44, 0xbd, 0x0, 0x6e,
    0xfb, 0xc0, 0x1b, 0x0, 0x1f, 0xfc, 0x41, 0x0,
    0xfc, 0xc0, 0x20, 0x11, 0x0, 0x14, 0x3, 0xb4,
    0x14, 0x3, 0x38, 0x5a, 0x0, 0x4c, 0xc0, 0xf0,
    0xd, 0x6, 0x37, 0xfd, 0xf2, 0x10, 0x80, 0x1d,
    0x92, 0x60, 0x22, 0x5b, 0x70, 0x8,

    /* U+0245 "Ʌ" */
    0x0, 0xc3, 0xfe, 0x80, 0xf, 0xe7, 0x0, 0x30,
    0x7, 0xf5, 0x2, 0x8a, 0x0, 0x7c, 0x46, 0x5c,
    0x1c, 0x1, 0xf5, 0x2, 0xa0, 0x28, 0x7, 0xca,
    0x14, 0xa, 0xc, 0x1, 0xc8, 0x45, 0x7, 0x5,
    0x0, 0x76, 0x85, 0x0, 0x10, 0xc, 0x80, 0x33,
    0x2, 0x80, 0x4a, 0xa, 0x1, 0x28, 0x19, 0x0,
    0x5c, 0x14, 0x1, 0x70, 0x58, 0x6, 0x41, 0x23,
    0x1, 0x40, 0x60, 0xe, 0x40, 0xa0, 0x60, 0x31,
    0x0, 0xee, 0x7, 0xa, 0xa, 0x0, 0xf2, 0x8,
    0x94,

    /* U+0246 "Ɇ" */
    0x0, 0xf2, 0x79, 0x8f, 0xff, 0x58, 0x60, 0x4,
    0x45, 0x0, 0xc, 0x2, 0xcd, 0xd0, 0x46, 0x0,
    0x72, 0x2, 0x0, 0x7b, 0x0, 0xc0, 0x3c, 0x88,
    0x0, 0xee, 0xf3, 0x4f, 0x90, 0x8, 0x84, 0x8,
    0x9c, 0x1, 0x63, 0x8e, 0xe9, 0xc0, 0x32, 0x20,
    0x3, 0xc6, 0x58, 0x1, 0xe5, 0x7, 0x0, 0xf4,
    0x6, 0x6e, 0xb0, 0x3, 0x88, 0xa3, 0x1f, 0xd0,
    0xaf, 0xfc, 0x1, 0x3a, 0x0, 0x60,

    /* U+0247 "ɇ" */
    0x0, 0xfc, 0x60, 0x12, 0xe7, 0xf5, 0xce, 0x20,
    0x4d, 0x1a, 0x2a, 0x31, 0xa2, 0x18, 0x76, 0xec,
    0x40, 0x41, 0xc0, 0xc4, 0x10, 0x42, 0x24, 0x70,
    0x39, 0x93, 0x89, 0x81, 0x98, 0x11, 0x98, 0x2,
    0x40, 0x3, 0xa, 0x50, 0xdf, 0xf9, 0xdc, 0x10,
    0xb2, 0x40, 0x1a, 0x40, 0x8d, 0x80, 0x24, 0x3,
    0x10, 0x3d, 0xbd, 0xfb, 0x8, 0x18, 0x43, 0x43,
    0x34, 0x84, 0x53, 0xdf, 0x7f, 0x63, 0x0,

    /* U+0248 "Ɉ" */
    0x0, 0x8f, 0xfc, 0x1, 0xff, 0xe0, 0xbd, 0x0,
    0x6c, 0x0, 0x18, 0x40, 0x4, 0x40, 0x6, 0xe0,
    0x3, 0xe8, 0x3, 0xff, 0xbe, 0xe0, 0x1f, 0x78,
    0x20, 0x2, 0x3b, 0xd0, 0x3c, 0x1, 0xc2, 0x7,
    0x68, 0x0,

    /* U+0249 "ɉ" */
    0x0, 0x8f, 0xe8, 0x3, 0x94, 0x10, 0x3, 0x9a,
    0x74, 0x3, 0xcc, 0x60, 0x1c, 0xbf, 0x80, 0x1f,
    0xfd, 0x8d, 0xa0, 0x3f, 0x40, 0x2, 0x98, 0xa,
    0xb0, 0x2, 0x24, 0xa, 0x88, 0x3, 0xff, 0xbf,
    0xa0, 0xe0, 0x2, 0xdd, 0x38, 0x70, 0x0, 0xcc,
    0x44, 0x85, 0x0, 0x0,

    /* U+024A "Ɋ" */
    0x0, 0x9b, 0x3b, 0xf5, 0xc1, 0xbe, 0x0, 0x36,
    0x49, 0x88, 0x8a, 0x37, 0xc0, 0x3a, 0x8c, 0x2b,
    0xfb, 0xec, 0x18, 0x3, 0x12, 0x85, 0x28, 0x4,
    0x9e, 0x1, 0xca, 0x4, 0xa0, 0x1c, 0x46, 0x1,
    0xb4, 0x10, 0x3, 0xe6, 0x0, 0xcc, 0x2, 0x1,
    0xff, 0xcf, 0x60, 0x10, 0xf, 0xfe, 0x6, 0x82,
    0x0, 0x7c, 0xe0, 0x19, 0x40, 0x94, 0x3, 0x88,
    0x80, 0x18, 0x94, 0x29, 0x40, 0x24, 0xc0, 0xf,
    0x59, 0x85, 0x7f, 0x7d, 0x9a, 0x80, 0x70, 0xe4,
    0x98, 0x9, 0x46, 0x80, 0x7e, 0x6c, 0xff, 0x6b,
    0x80, 0x7f, 0xf4, 0xcc, 0xc, 0x3, 0xff, 0x81,
    0xa0, 0x9d, 0x20, 0x1f, 0xe4, 0x92, 0x11, 0x0,

    /* U+024B "ɋ" */
    0x0, 0x47, 0x7e, 0xb0, 0x7e, 0x0, 0x58, 0xe2,
    0x47, 0x36, 0x1, 0x98, 0xc3, 0x37, 0xad, 0x0,
    0x36, 0x83, 0x18, 0x1, 0x14, 0x3, 0x28, 0x60,
    0x6, 0xc0, 0xc, 0x20, 0x20, 0x18, 0x80, 0x30,
    0x80, 0x80, 0x61, 0x0, 0xca, 0x1a, 0x1, 0xb4,
    0x3, 0x68, 0x39, 0x80, 0xd, 0xc0, 0x33, 0x18,
    0x66, 0xeb, 0xc, 0x3, 0xb1, 0x84, 0x82, 0x64,
    0x1, 0xe9, 0xef, 0xd6, 0x0, 0xff, 0xe6, 0x8,
    0x10, 0x7, 0xf2, 0x80, 0xed, 0x0, 0x7c, 0x36,
    0x44, 0x30,

    /* U+024C "Ɍ" */
    0x2, 0xff, 0xee, 0xa4, 0x0, 0xf8, 0xcc, 0x42,
    0xb6, 0xe0, 0x1e, 0xcc, 0x6f, 0xb0, 0x40, 0x80,
    0x7f, 0x40, 0x0, 0x80, 0x3f, 0xf8, 0x2, 0x1,
    0xf8, 0x6c, 0x8, 0x81, 0x5e, 0x0, 0xdd, 0xb9,
    0x4b, 0x0, 0xc, 0x40, 0x2, 0x28, 0x13, 0x44,
    0x1, 0x9a, 0x0, 0xff, 0x68, 0x21, 0x0, 0x7f,
    0x13, 0x4, 0x80, 0x7f, 0xa0, 0x11, 0x40, 0x3f,
    0x86, 0x2, 0xc0, 0x3f, 0xce, 0x22, 0x80, 0xf,
    0xf5, 0x83, 0x90,

    /* U+024D "ɍ" */
    0x0, 0xff, 0x2f, 0xb0, 0xd7, 0xf8, 0x40, 0x2f,
    0xc5, 0x22, 0x8, 0x4, 0xc3, 0xbb, 0x0, 0x77,
    0x10, 0x5, 0x1c, 0x0, 0xb9, 0x10, 0x2, 0xa0,
    0x1, 0x98, 0x40, 0xd, 0xa0, 0x3f, 0xf1, 0x80,
    0x7f, 0xf6, 0x80,

    /* U+024E "Ɏ" */
    0xaf, 0xa0, 0xe, 0x1e, 0xf5, 0xb0, 0x54, 0x0,
    0xd0, 0x28, 0xb8, 0x0, 0xbf, 0xfc, 0xc0, 0x90,
    0xe8, 0x20, 0x28, 0x80, 0x1, 0x27, 0x55, 0xc0,
    0x1d, 0xc0, 0x3, 0x2d, 0x80, 0xc, 0x44, 0x68,
    0x8, 0x10, 0xe, 0x80, 0x94, 0x17, 0x0, 0xf2,
    0x98, 0x2, 0x0, 0x3f, 0x48, 0x1, 0x80, 0x3f,
    0x8, 0x8, 0x7, 0xff, 0xa4,

    /* U+024F "ɏ" */
    0xdf, 0x60, 0xe, 0xdf, 0x6a, 0xa, 0x0, 0xc4,
    0x40, 0x76, 0x3, 0x10, 0x9, 0x41, 0x4, 0x46,
    0xe, 0x1, 0x58, 0x68, 0x61, 0x84, 0xff, 0xc6,
    0x12, 0xd6, 0xc0, 0x5, 0x62, 0x2, 0x65, 0x79,
    0x60, 0xd9, 0x10, 0x89, 0x30, 0x5, 0x85, 0x89,
    0x8a, 0x80, 0x62, 0x33, 0x30, 0x30, 0x7, 0xa4,
    0x20, 0x28, 0x3, 0xca, 0x20, 0x64, 0x1, 0xf1,
    0x5, 0x0, 0x7c, 0x46, 0xc, 0x1, 0xf7, 0x3,
    0x80, 0x74, 0x67, 0x19, 0x40, 0x7, 0x9, 0x82,
    0xe0, 0x7, 0x80,

    /* U+0370 "Ͱ" */
    0x2f, 0xf0, 0x7, 0xff, 0x93, 0xff, 0x18, 0x4,
    0x45, 0x80, 0x36, 0xee, 0x30, 0xf, 0xfe, 0xe0,

    /* U+0371 "ͱ" */
    0x5f, 0xc0, 0xf, 0xfe, 0x79, 0x5d, 0xc6, 0x0,
    0x14, 0x49, 0xc0, 0x7, 0xff, 0x20, 0x7, 0xff,
    0x40,

    /* U+0372 "Ͳ" */
    0xcf, 0xff, 0xf5, 0x0, 0x8, 0xa0, 0x1, 0x10,
    0x40, 0x36, 0xeb, 0xc0, 0x1b, 0xb0, 0x7, 0xff,
    0x6a, 0xa0, 0x3, 0xe2, 0x8e, 0x67, 0x0, 0xf8,
    0x5d, 0x0, 0x3f, 0xff, 0x80,

    /* U+0373 "ͳ" */
    0x5f, 0xff, 0xea, 0x0, 0x12, 0x98, 0xa, 0xa0,
    0x6, 0xaa, 0x81, 0x6a, 0x40, 0x3f, 0xf8, 0x22,
    0x42, 0x1, 0xe2, 0x22, 0x6b, 0x0, 0x71, 0x6c,
    0x0, 0x7f, 0xff, 0xc0, 0x3f, 0xf9, 0x80,

    /* U+0374 "ʹ" */
    0x5, 0xff, 0x8, 0x78, 0x38, 0x82, 0xc, 0x0,
    0x9c, 0x0, 0x0,

    /* U+0375 "͵" */
    0x0, 0x46, 0x0, 0x9, 0xdc, 0x0, 0x90, 0xc0,
    0x34, 0x4, 0x0,

    /* U+0376 "Ͷ" */
    0x1f, 0xe0, 0xf, 0xf, 0x7e, 0x0, 0x7f, 0x58,
    0x80, 0x7f, 0x91, 0x48, 0x3, 0xfd, 0x41, 0x20,
    0x1f, 0xd2, 0x2e, 0xc0, 0x1f, 0x8d, 0x8a, 0x0,
    0x3f, 0xb8, 0x24, 0x3, 0xfa, 0x9, 0x90, 0x4,
    0x3, 0xc6, 0xe3, 0x20, 0x1f, 0x18, 0x70, 0x58,
    0x7, 0xf3, 0x92, 0xa8, 0x3, 0xf1, 0xc0, 0xd8,
    0x7, 0xf0, 0x85, 0x88, 0x7, 0xf9, 0x14, 0x3,
    0xf0,

    /* U+0377 "ͷ" */
    0x5f, 0xb0, 0xc, 0x9f, 0xea, 0x0, 0xfa, 0x40,
    0x3f, 0xa0, 0x84, 0x3, 0xe3, 0x70, 0x80, 0xf,
    0xb8, 0x24, 0xc0, 0x30, 0x83, 0x91, 0xb0, 0x7,
    0x8a, 0x3, 0x80, 0x3c, 0x7c, 0xe, 0x40, 0x1e,
    0x73, 0x28, 0x0, 0xf8, 0x43, 0x80, 0x3f, 0x98,
    0xc0, 0x3c,

    /* U+037A "ͺ" */
    0x13, 0x10, 0x7c, 0x70, 0x30, 0xf1, 0x70, 0x6b,
    0x2e, 0xbb, 0x0,

    /* U+037B "ͻ" */
    0x2a, 0xdf, 0xec, 0x50, 0x1, 0xa9, 0x10, 0x4e,
    0xa0, 0x7, 0x3f, 0x7e, 0x1, 0xc8, 0xc, 0x2,
    0x72, 0xa, 0x0, 0xf2, 0x1, 0x0, 0x78, 0x40,
    0x40, 0x3c, 0x20, 0x40, 0x1e, 0x40, 0xf1, 0x30,
    0xa, 0x48, 0x1c, 0xb3, 0xf7, 0xd8, 0x28, 0x49,
    0x44, 0x85, 0x71, 0x40,

    /* U+037C "ͼ" */
    0x0, 0x2d, 0xf7, 0xec, 0x80, 0x26, 0x90, 0x8,
    0x88, 0x8, 0xc1, 0x5d, 0xbf, 0xe0, 0xe0, 0x65,
    0x0, 0x88, 0x1c, 0x30, 0x27, 0xd0, 0x0, 0x60,
    0x20, 0xa0, 0x60, 0x3, 0x1, 0xe, 0x97, 0x0,
    0x30, 0x60, 0x13, 0x0, 0x5c, 0xc, 0xa0, 0x12,
    0x2, 0xa8, 0x2b, 0xb7, 0xec, 0x1, 0x52, 0x62,
    0x44, 0x80,

    /* U+037D "ͽ" */
    0x2a, 0xdf, 0xec, 0x50, 0x1, 0xa9, 0x10, 0x4e,
    0xa0, 0x7, 0x7f, 0x7e, 0x1, 0xc8, 0x8, 0x2,
    0x72, 0xa, 0x0, 0x3f, 0xb0, 0x20, 0x10, 0x3,
    0x3, 0xc0, 0x40, 0x40, 0x15, 0x30, 0x2, 0x4,
    0x0, 0x16, 0x10, 0x40, 0xf1, 0x30, 0xa, 0x48,
    0x1c, 0xb3, 0xf7, 0xd8, 0x28, 0x49, 0x44, 0x85,
    0x71, 0x40,

    /* U+037E ";" */
    0x5, 0xfb, 0x0, 0x78, 0x20, 0x3, 0x89, 0x80,
    0x9, 0xb2, 0x1, 0xff, 0xcf, 0x7f, 0xc0, 0x6,
    0x85, 0x80, 0x1c, 0x14, 0x0, 0x46, 0x40, 0x63,
    0x20, 0x0,

    /* U+037F "Ϳ" */
    0x0, 0x8f, 0xfc, 0x1, 0xff, 0xff, 0x0, 0xf3,
    0x80, 0x80, 0x5c, 0xb, 0x1d, 0xea, 0x1f, 0xe1,
    0x3, 0xb4,

    /* U+0384 "΄" */
    0x1, 0x66, 0x8, 0x4c, 0xa8, 0x41, 0x43, 0x80,
    0x49, 0xc8, 0x0,

    /* U+0385 "΅" */
    0x0, 0xca, 0xc8, 0x1, 0x6e, 0x5, 0x49, 0x74,
    0x81, 0x92, 0x2, 0x20, 0x48, 0x3f, 0x8c, 0x20,
    0xba, 0xc0,

    /* U+0386 "Ά" */
    0xf, 0xf3, 0x80, 0xf, 0xfc, 0xc0, 0x1c, 0x80,
    0x4e, 0x0, 0xa0, 0x5, 0x80, 0x76, 0x87, 0x0,
    0x4e, 0x26, 0x46, 0x1, 0xb2, 0x8c, 0x0, 0xa2,
    0x94, 0x14, 0x1, 0x95, 0x40, 0x17, 0x7, 0xb8,
    0x30, 0x7, 0xe2, 0x41, 0x51, 0x40, 0x50, 0xf,
    0xa8, 0x1c, 0x1, 0xc1, 0xc0, 0x1f, 0x30, 0x50,
    0x1, 0x45, 0x8, 0x3, 0x90, 0x43, 0x3f, 0xe1,
    0xa, 0x0, 0xee, 0x1, 0x1f, 0x3, 0x0, 0x61,
    0x50, 0xce, 0xee, 0x11, 0x20, 0x4, 0xc0, 0x64,
    0x1, 0xcc, 0x1c, 0x1, 0x50, 0x50, 0x7, 0xa8,
    0x14, 0x40, 0xc8, 0x18, 0x3, 0xc4, 0x40, 0x60,

    /* U+0387 "·" */
    0x5f, 0xb0, 0xc0, 0x40, 0xd2, 0x60,

    /* U+0388 "Έ" */
    0xf, 0xf3, 0x3, 0xff, 0xfd, 0x28, 0x6, 0xc0,
    0x18, 0x8b, 0xbb, 0x43, 0x80, 0x32, 0x6e, 0xf3,
    0xe5, 0x90, 0x7, 0xfc, 0xa8, 0x1, 0xff, 0xd5,
    0x4f, 0xfe, 0x30, 0xf, 0xc4, 0x5c, 0x20, 0x1f,
    0x26, 0xef, 0x10, 0x7, 0xff, 0x95, 0x37, 0x79,
    0xc0, 0x3f, 0x11, 0x77, 0x0,

    /* U+0389 "Ή" */
    0xf, 0xf3, 0x3, 0xfd, 0x80, 0x79, 0xfe, 0xd0,
    0xd, 0x80, 0x3f, 0xf8, 0x3a, 0x1c, 0x1, 0xff,
    0xc2, 0xcb, 0x20, 0xf, 0xfe, 0x12, 0xa0, 0x7,
    0xff, 0x6d, 0x3f, 0xfd, 0x0, 0x1f, 0xe2, 0x2f,
    0x8, 0x7, 0xf2, 0x6e, 0xfa, 0x40, 0x3f, 0xff,
    0xe0, 0x1f, 0xfc, 0x0,

    /* U+038A "Ί" */
    0xf, 0xf3, 0x1f, 0xff, 0x2a, 0x1, 0xb1, 0xc1,
    0x0, 0xba, 0x68, 0x70, 0x1, 0xd4, 0x12, 0x7,
    0x2c, 0x80, 0x3f, 0x2a, 0x0, 0x7f, 0xff, 0xc0,
    0x3f, 0xf8, 0x8c, 0xa0, 0xee, 0x10, 0xc, 0x72,
    0x40, 0x50, 0x80,

    /* U+038C "Ό" */
    0xf, 0xf4, 0x0, 0x4d, 0x9d, 0xfd, 0x8c, 0x1,
    0x90, 0x6, 0x0, 0xb6, 0x4c, 0x46, 0x39, 0xd2,
    0x0, 0x60, 0x50, 0x3, 0xc8, 0x97, 0xfd, 0xf6,
    0x44, 0xf0, 0x7, 0xc2, 0x3, 0x90, 0xe2, 0x0,
    0x49, 0x80, 0x4e, 0xe, 0xe0, 0x5, 0x3, 0x8,
    0x7, 0xb, 0x85, 0x80, 0x71, 0x6, 0x0, 0x7d,
    0x80, 0x60, 0x18, 0x80, 0xc, 0x1, 0xf3, 0x0,
    0x4, 0x3, 0xff, 0x84, 0x20, 0x1e, 0x20, 0x3,
    0x0, 0x7c, 0xe0, 0x1, 0x0, 0xc4, 0x18, 0x1,
    0xf6, 0x1, 0x80, 0x75, 0x3, 0x8, 0x7, 0xb,
    0x85, 0x0, 0x73, 0x90, 0xe1, 0x80, 0x49, 0x80,
    0x4c, 0x1, 0xef, 0x22, 0x67, 0xf7, 0xd9, 0x1e,
    0x0, 0x7c, 0x5b, 0x26, 0x23, 0x24, 0xe0, 0x80,
    0x0,

    /* U+038E "Ύ" */
    0xf, 0xf3, 0x17, 0xf8, 0xc0, 0x39, 0x7f, 0xc2,
    0x80, 0x6c, 0x4e, 0x1e, 0x1, 0xd0, 0x10, 0x3a,
    0x1c, 0x0, 0x90, 0x34, 0x0, 0x94, 0x85, 0xc3,
    0x2c, 0x80, 0x3, 0x1, 0x0, 0x14, 0x5, 0x80,
    0x15, 0x0, 0x33, 0x89, 0xa0, 0x31, 0x1a, 0x80,
    0x7f, 0x40, 0x48, 0x40, 0x40, 0x7, 0xf9, 0x88,
    0x96, 0x28, 0x80, 0xf, 0xfa, 0x41, 0x2, 0x40,
    0x3f, 0xf8, 0x8, 0x60, 0xa4, 0x1, 0xff, 0xc1,
    0x60, 0x20, 0xf, 0xff, 0xe8,

    /* U+038F "Ώ" */
    0xf, 0xf4, 0x0, 0xa, 0x37, 0xbf, 0x64, 0xc0,
    0x24, 0x1, 0x80, 0x5d, 0x72, 0x1, 0x26, 0xc8,
    0x0, 0x60, 0x50, 0x25, 0x2, 0xef, 0x74, 0xe0,
    0xee, 0xf, 0x84, 0x9, 0x5, 0xa2, 0x0, 0xc,
    0x48, 0x40, 0xbb, 0x80, 0xc8, 0x20, 0x3, 0xcc,
    0x20, 0xc0, 0x12, 0x81, 0x10, 0x3, 0xe4, 0xd,
    0x0, 0x84, 0x4, 0x3, 0xf1, 0x0, 0x80, 0x42,
    0x2, 0x1, 0xf8, 0x40, 0x40, 0x25, 0x2, 0x0,
    0xfc, 0xa1, 0x80, 0x11, 0x90, 0x28, 0x7, 0x88,
    0xc1, 0xc0, 0x37, 0x5, 0x88, 0x7, 0x70, 0x48,
    0x80, 0x63, 0xa1, 0xc2, 0x0, 0xac, 0xe1, 0x80,
    0x34, 0x6c, 0x1, 0x78, 0x2, 0x90, 0x2b, 0x6c,
    0x2, 0x22, 0x80, 0x3f, 0x11, 0x18,

    /* U+0390 "ΐ" */
    0x0, 0x8b, 0xfc, 0x80, 0x2, 0xe8, 0x70, 0x40,
    0xe6, 0x11, 0x16, 0x4, 0x88, 0xc7, 0xd5, 0xb4,
    0x4b, 0xce, 0x2, 0xd7, 0xc0, 0x1, 0x0, 0xff,
    0xf6, 0x98, 0x7, 0xe1, 0x5, 0x0, 0xf2, 0x8,
    0xbb, 0x1c, 0x3, 0x62, 0x9, 0x80, 0x0,

    /* U+0391 "Α" */
    0x0, 0xec, 0xfd, 0x0, 0xff, 0x11, 0x81, 0x18,
    0x7, 0xf5, 0x2, 0x85, 0x0, 0x7f, 0x30, 0x58,
    0x30, 0x7, 0xe5, 0x14, 0x15, 0x6, 0x0, 0xfb,
    0x83, 0x83, 0x82, 0x80, 0x3c, 0x28, 0xa, 0x8,
    0x26, 0x40, 0x1c, 0xc0, 0xc0, 0x13, 0x5, 0x0,
    0x75, 0x3, 0x7f, 0xce, 0xc, 0x1, 0x90, 0x80,
    0x47, 0x80, 0x54, 0x2, 0xe0, 0x7e, 0xee, 0x70,
    0xe0, 0x0, 0xa8, 0x50, 0x7, 0x50, 0x20, 0x83,
    0x81, 0x10, 0x3, 0x88, 0xc1, 0x82, 0x82, 0x80,
    0x3e, 0xa0, 0xa0,

    /* U+0392 "Β" */
    0x2f, 0xfe, 0xec, 0x71, 0x0, 0xe3, 0x31, 0x1,
    0xc6, 0x0, 0x76, 0x63, 0x7a, 0xc0, 0x98, 0x3,
    0xf2, 0x20, 0x38, 0x3, 0xf9, 0xc3, 0x80, 0x3e,
    0x17, 0x31, 0x60, 0xd, 0xff, 0x74, 0x37, 0x80,
    0x72, 0x24, 0x60, 0xd6, 0x20, 0x1a, 0xee, 0xce,
    0x25, 0xb0, 0xf, 0xc3, 0x0, 0xa0, 0x1f, 0xc6,
    0x1, 0xfe, 0x1b, 0x3, 0x0, 0xd9, 0x96, 0xf1,
    0x7, 0x80, 0x63, 0x38, 0x88, 0xda, 0x60,

    /* U+0393 "Γ" */
    0x1f, 0xff, 0xa0, 0x2, 0x22, 0xef, 0x0, 0xb7,
    0x79, 0xc0, 0x3f, 0xff, 0xe0, 0x1f, 0xfc, 0xc0,

    /* U+0394 "Δ" */
    0x0, 0xed, 0xfc, 0x0, 0xfe, 0x32, 0x3, 0x30,
    0x7, 0xe9, 0x5, 0xa, 0x0, 0xf8, 0x54, 0x2c,
    0x18, 0x3, 0xe6, 0x6, 0x16, 0x6, 0x0, 0xf5,
    0x5, 0x5, 0x5, 0x0, 0x72, 0x11, 0xc, 0xc,
    0x8c, 0xc0, 0x1b, 0x82, 0x80, 0x2a, 0xa, 0x0,
    0x85, 0x41, 0x80, 0x26, 0x6, 0x0, 0x98, 0x14,
    0x40, 0x21, 0x40, 0x60, 0x5, 0x7, 0x0, 0x77,
    0x5, 0x82, 0x10, 0xa0, 0x7, 0x28, 0x91, 0xf0,
    0xf, 0x77, 0xc2, 0x14, 0xc0, 0x1, 0x1f, 0x80,
    0xa,

    /* U+0395 "Ε" */
    0x1f, 0xff, 0xc0, 0x11, 0x17, 0x18, 0x5, 0x9b,
    0xbb, 0x0, 0x3f, 0xfa, 0x5d, 0xff, 0xa4, 0x2,
    0x22, 0xee, 0x0, 0xb3, 0x77, 0x38, 0x7, 0xff,
    0x4b, 0x37, 0x76, 0x0, 0x44, 0x5c, 0x60,

    /* U+0396 "Ζ" */
    0x1f, 0xff, 0xe9, 0x2, 0x2f, 0x80, 0x2, 0x2d,
    0xdf, 0x50, 0xc, 0x0, 0x78, 0xa0, 0x28, 0x3,
    0xee, 0x7, 0x40, 0xf, 0x41, 0x94, 0x0, 0x78,
    0xdc, 0x38, 0x3, 0xee, 0x8, 0x30, 0xf, 0x49,
    0x1b, 0x80, 0x79, 0x18, 0x38, 0x3, 0xc3, 0x41,
    0x24, 0x1, 0xeb, 0x14, 0x60, 0xf, 0x1a, 0x82,
    0xee, 0xfa, 0x98, 0x0, 0x24, 0x5e, 0x60,

    /* U+0397 "Η" */
    0x1f, 0xf0, 0x80, 0x71, 0x7f, 0x80, 0x3f, 0xff,
    0x3d, 0xff, 0xda, 0x1, 0xe2, 0x2f, 0x80, 0x3d,
    0x9b, 0xbd, 0xe0, 0x1f, 0xff, 0x80,

    /* U+0398 "Θ" */
    0x0, 0x92, 0xb7, 0xfb, 0x60, 0x80, 0x3a, 0xad,
    0x48, 0x40, 0x9f, 0x54, 0x2, 0x85, 0x9, 0xfe,
    0xe9, 0x42, 0x8c, 0x9, 0xc2, 0x58, 0x2, 0x1a,
    0x40, 0xf0, 0x50, 0x26, 0x0, 0xf4, 0x1, 0x96,
    0x82, 0x0, 0x7c, 0x62, 0xe, 0xc0, 0x21, 0xff,
    0xd6, 0x6, 0x4, 0x1, 0x8c, 0xfc, 0x1, 0x98,
    0x4, 0x33, 0x3a, 0x0, 0xc0, 0xb4, 0x1c, 0x3,
    0xe3, 0x10, 0x75, 0x1, 0x60, 0xf, 0x40, 0x19,
    0x11, 0xc2, 0x58, 0x2, 0x1a, 0x40, 0xf0, 0x4,
    0x28, 0x4f, 0xf7, 0x4a, 0x14, 0x60, 0x15, 0x5a,
    0x90, 0x81, 0x3e, 0xa8, 0x0,

    /* U+0399 "Ι" */
    0x3f, 0xfe, 0x43, 0x82, 0x2, 0x85, 0x7, 0x50,
    0x77, 0x8, 0x7, 0xff, 0xd1, 0x94, 0x1d, 0xc2,
    0x72, 0x40, 0x50, 0xa0,

    /* U+039A "Κ" */
    0x1f, 0xf0, 0x80, 0x67, 0xfe, 0x20, 0xf, 0x96,
    0x3, 0x48, 0x3, 0xc7, 0x41, 0x66, 0x1, 0xe2,
    0xd0, 0xa4, 0x0, 0xf0, 0xf8, 0xc2, 0x80, 0x7d,
    0xa4, 0xce, 0x1, 0xf5, 0x18, 0x68, 0x7, 0xe4,
    0x30, 0xa1, 0x0, 0xfa, 0xb0, 0x86, 0x80, 0x3e,
    0x40, 0xf0, 0x46, 0x0, 0xfc, 0x52, 0x12, 0x40,
    0x1f, 0x99, 0x43, 0xc0, 0x3f, 0xac, 0x4a, 0x40,
    0x3f, 0xe, 0x83, 0x20,

    /* U+039B "Λ" */
    0x0, 0xc3, 0xfe, 0x80, 0xf, 0xe7, 0x0, 0x30,
    0x7, 0xf5, 0x2, 0x8a, 0x0, 0x7c, 0x46, 0x5c,
    0x1c, 0x1, 0xf5, 0x2, 0xa0, 0x28, 0x7, 0xca,
    0x14, 0xa, 0xc, 0x1, 0xc8, 0x45, 0x7, 0x5,
    0x0, 0x76, 0x85, 0x0, 0x10, 0xc, 0x80, 0x33,
    0x2, 0x80, 0x4a, 0xa, 0x1, 0x28, 0x19, 0x0,
    0x5c, 0x14, 0x1, 0x70, 0x58, 0x6, 0x41, 0x23,
    0x1, 0x40, 0x60, 0xe, 0x40, 0xa0, 0x60, 0x31,
    0x0, 0xee, 0x7, 0xa, 0xa, 0x0, 0xf2, 0x8,
    0x94,

    /* U+039C "Μ" */
    0x1f, 0xf8, 0x80, 0x3e, 0xdf, 0xf3, 0x80, 0x6a,
    0x0, 0xf1, 0x90, 0x7, 0x10, 0x30, 0x7, 0xa8,
    0xc, 0x3, 0xa, 0xa, 0x0, 0x73, 0x8a, 0x80,
    0x61, 0xe0, 0xd0, 0xc, 0xa2, 0xc0, 0x1e, 0x51,
    0x60, 0xd, 0xc1, 0x46, 0x1, 0xe7, 0x5, 0x0,
    0xa, 0x19, 0x0, 0x7d, 0x41, 0xc0, 0x6, 0xa,
    0x0, 0xfc, 0x64, 0x82, 0x14, 0xe, 0x1, 0xfc,
    0xa0, 0xc6, 0x4a, 0x20, 0x1f, 0xd4, 0x17, 0x41,
    0xc0, 0x1f, 0xe2, 0x33, 0x30, 0xa0, 0x7, 0xfd,
    0x40, 0x6, 0x0, 0xff, 0xe0, 0x38, 0x2, 0x80,
    0x3c,

    /* U+039D "Ν" */
    0x1f, 0xf6, 0x0, 0x79, 0xbe, 0x80, 0x23, 0x70,
    0xf, 0xfe, 0x4, 0x8, 0x7, 0xf2, 0x20, 0x28,
    0x3, 0xf9, 0xe8, 0x11, 0x40, 0x3f, 0x8, 0xa4,
    0x2c, 0x3, 0xfc, 0xc6, 0x32, 0x1, 0xfe, 0xe0,
    0x63, 0x3, 0x0, 0xf8, 0x9c, 0x3c, 0x3, 0xfd,
    0x4, 0x6e, 0x1, 0xfe, 0xe0, 0x83, 0x0, 0xfe,
    0x36, 0x8, 0x0, 0xff, 0x48, 0x88, 0x3, 0xfe,
    0xb0, 0x8,

    /* U+039E "Ξ" */
    0x6f, 0xff, 0xdc, 0x6, 0x23, 0xf8, 0x81, 0x7b,
    0xbf, 0x60, 0x7, 0xff, 0x5e, 0x7f, 0xfe, 0x10,
    0x0, 0x8f, 0xe0, 0xa, 0x3b, 0xbe, 0x10, 0xf,
    0xfe, 0xb5, 0xf7, 0x7f, 0x23, 0x88, 0xff, 0x0,

    /* U+039F "Ο" */
    0x0, 0x92, 0xb7, 0xfb, 0x60, 0x80, 0x3a, 0xad,
    0x48, 0x40, 0x9f, 0x54, 0x2, 0x85, 0x9, 0xfe,
    0xe9, 0x42, 0x8c, 0x9, 0xc2, 0x58, 0x2, 0x1a,
    0x40, 0xf0, 0x50, 0x26, 0x0, 0xf4, 0x1, 0x96,
    0x82, 0x0, 0x7c, 0x62, 0xe, 0xc0, 0x20, 0x1f,
    0x8c, 0x8, 0x3, 0xff, 0x84, 0xc0, 0x20, 0x1f,
    0x8c, 0xb, 0x41, 0xc0, 0x3e, 0x31, 0x7, 0x50,
    0x16, 0x0, 0xf4, 0x1, 0x91, 0x1c, 0x25, 0x80,
    0x21, 0xa4, 0xf, 0x0, 0x42, 0x84, 0xff, 0x74,
    0xa1, 0x46, 0x1, 0x55, 0xa9, 0x8, 0x13, 0xea,
    0x80, 0x0,

    /* U+03A0 "Π" */
    0x1f, 0xff, 0xf6, 0x80, 0x44, 0x5e, 0x10, 0xe,
    0xcd, 0xde, 0xa0, 0xf, 0xff, 0xf8, 0x7, 0xff,
    0xbc,

    /* U+03A1 "Ρ" */
    0x2f, 0xfe, 0xda, 0x20, 0xe, 0x22, 0x9, 0x2e,
    0xa0, 0x6, 0xdd, 0x76, 0x98, 0x50, 0x7, 0xc5,
    0xc0, 0x24, 0x1, 0xf1, 0x0, 0x7f, 0x90, 0x0,
    0x40, 0x1c, 0x2b, 0x40, 0xa0, 0x1b, 0xfd, 0xd4,
    0x27, 0x40, 0x18, 0x88, 0x6b, 0x58, 0x1, 0xdb,
    0xac, 0xa5, 0x0, 0xff, 0xf1, 0x80,

    /* U+03A3 "Σ" */
    0x2f, 0xff, 0xe9, 0x30, 0x8, 0x8b, 0xdc, 0x30,
    0x0, 0xed, 0xde, 0x70, 0x77, 0x6, 0x88, 0x7,
    0xd0, 0xa3, 0x82, 0x1, 0xf5, 0x19, 0x68, 0x7,
    0xed, 0x13, 0x70, 0xf, 0x90, 0x44, 0xc0, 0x1e,
    0x3a, 0xd, 0x10, 0xe, 0x1d, 0xb, 0x30, 0xf,
    0x68, 0xc2, 0x0, 0x7a, 0x8d, 0x9c, 0x3, 0xc8,
    0xa0, 0xfb, 0xbe, 0xa1, 0x0, 0x9, 0x17, 0x98,

    /* U+03A4 "Τ" */
    0xbf, 0xff, 0xf0, 0x91, 0x42, 0x0, 0x22, 0xd5,
    0xbb, 0x48, 0x26, 0xee, 0x0, 0xff, 0xff, 0x80,
    0x7f, 0xf8, 0x80,

    /* U+03A5 "Υ" */
    0xbf, 0x90, 0xf, 0x77, 0xb4, 0x3, 0x10, 0x6,
    0x71, 0x26, 0x35, 0x8, 0x0, 0xd2, 0x12, 0x0,
    0xb0, 0x52, 0x0, 0x38, 0xa2, 0x0, 0x2, 0xe1,
    0x20, 0x30, 0x10, 0x1, 0xa0, 0x50, 0xe4, 0x14,
    0xc0, 0x3a, 0x43, 0xdc, 0x2c, 0x3, 0xce, 0x46,
    0xe, 0x20, 0x1f, 0x58, 0x2, 0x0, 0x3f, 0x10,
    0x8, 0x7, 0xff, 0xa4,

    /* U+03A6 "Φ" */
    0x0, 0xf9, 0xfe, 0xc0, 0x3f, 0xc3, 0x19, 0xd0,
    0x9, 0xfb, 0x26, 0x1, 0xcb, 0xce, 0x66, 0x10,
    0x12, 0x23, 0x64, 0x0, 0x47, 0x40, 0xfd, 0xb2,
    0xb, 0xbf, 0x20, 0xec, 0x0, 0x90, 0x58, 0x10,
    0xf, 0x34, 0x84, 0x0, 0x10, 0x38, 0x3, 0xf9,
    0x80, 0x48, 0x4, 0x18, 0x3, 0xff, 0x80, 0x20,
    0x20, 0xc0, 0x1f, 0xc2, 0x0, 0x10, 0x40, 0xe0,
    0xf, 0xe6, 0x2, 0x20, 0x48, 0x2c, 0x88, 0x7,
    0x9a, 0x2, 0xc0, 0x7, 0x40, 0xdd, 0xb4, 0xb,
    0x9f, 0x20, 0xec, 0x1, 0x2f, 0x39, 0x98, 0x80,
    0x4c, 0x9b, 0x60, 0x3, 0x86, 0x33, 0xa0, 0x13,
    0xf6, 0x48, 0x3, 0xff, 0x90,

    /* U+03A7 "Χ" */
    0x4f, 0xf1, 0x0, 0x76, 0xfb, 0x82, 0x28, 0x48,
    0x6, 0x82, 0x37, 0x0, 0x58, 0xa2, 0x80, 0x9,
    0xc3, 0x80, 0x21, 0xb0, 0xb1, 0xe, 0x8, 0x20,
    0xc, 0xaa, 0x1b, 0x63, 0x27, 0x0, 0xf5, 0x8a,
    0xc8, 0x70, 0x7, 0xc3, 0x0, 0x6, 0x30, 0xf,
    0xda, 0x0, 0x40, 0xf, 0xca, 0x84, 0x65, 0x0,
    0x1e, 0x1b, 0x9, 0xe0, 0x73, 0x0, 0xeb, 0x15,
    0x42, 0x70, 0xf0, 0xc, 0x8a, 0x36, 0x0, 0x82,
    0x37, 0x0, 0xa8, 0x2c, 0x40, 0x29, 0x8, 0x20,
    0x91, 0x45, 0x0, 0xc8, 0xa1, 0xc0,

    /* U+03A8 "Ψ" */
    0x3f, 0xe0, 0xa, 0xbd, 0x80, 0x5, 0xfe, 0x0,
    0xff, 0xf6, 0x8, 0x8, 0x7, 0xe6, 0x1, 0x20,
    0x2, 0x0, 0x7d, 0x80, 0xa0, 0xc1, 0x24, 0x1,
    0xc8, 0xe1, 0xe1, 0x24, 0x4d, 0xc4, 0xb, 0xdb,
    0x6, 0x40, 0x6, 0xc1, 0x98, 0x40, 0x8d, 0x2a,
    0x40, 0x33, 0xe7, 0xa8, 0x4f, 0x5a, 0x80, 0x7f,
    0xf8, 0x0,

    /* U+03A9 "Ω" */
    0x0, 0x85, 0xf3, 0xbf, 0x69, 0x0, 0x3c, 0x9f,
    0x6, 0x22, 0x25, 0xbb, 0x0, 0x62, 0xb1, 0x3c,
    0xfe, 0xf9, 0x4, 0xa0, 0xa, 0x40, 0xb0, 0xc0,
    0x26, 0xb0, 0x54, 0x1, 0x40, 0x80, 0xf, 0x22,
    0x3, 0x80, 0x80, 0xa, 0x1, 0xf6, 0x3, 0x83,
    0x0, 0x7f, 0x88, 0xc, 0x4, 0x3, 0xfc, 0x40,
    0x60, 0x80, 0x3, 0x0, 0xfb, 0x81, 0x0, 0xa,
    0x16, 0x1, 0xf3, 0x5, 0x0, 0x2c, 0x5c, 0x80,
    0x3a, 0x41, 0x8c, 0x0, 0x3a, 0x38, 0x60, 0x14,
    0xb3, 0x24, 0x0, 0xdb, 0xc0, 0x38, 0x0, 0x76,
    0x4, 0xdd, 0x0, 0x91, 0x4, 0x3, 0xe2, 0x28,
    0x0,

    /* U+03AA "Ϊ" */
    0x2, 0x0, 0x88, 0x17, 0x60, 0x1f, 0x5c, 0x43,
    0x80, 0x80, 0x93, 0xd8, 0x17, 0xd4, 0x3, 0xe3,
    0xff, 0xe4, 0x38, 0x20, 0x28, 0x50, 0x75, 0x7,
    0x70, 0x80, 0x7f, 0xfd, 0x19, 0x41, 0xdc, 0x27,
    0x24, 0x5, 0xa,

    /* U+03AB "Ϋ" */
    0x0, 0x84, 0x2, 0x10, 0xf, 0xf, 0x68, 0x17,
    0x60, 0x7, 0x85, 0x80, 0xc5, 0x80, 0x38, 0x7a,
    0xc0, 0x7a, 0x80, 0x3f, 0xf8, 0x77, 0xf2, 0x1,
    0xee, 0xf6, 0x80, 0x62, 0x0, 0xce, 0x24, 0xc6,
    0xa1, 0x0, 0x1a, 0x42, 0x40, 0x16, 0xa, 0x40,
    0x7, 0x14, 0x40, 0x0, 0x5c, 0x24, 0x6, 0x2,
    0x0, 0x34, 0xa, 0x1c, 0x82, 0x98, 0x7, 0x48,
    0x7b, 0x85, 0x80, 0x79, 0xc8, 0xc1, 0xc4, 0x3,
    0xeb, 0x0, 0x40, 0x7, 0xe2, 0x1, 0x0, 0xff,
    0xf4, 0x80,

    /* U+03AC "ά" */
    0x0, 0xec, 0xf9, 0x0, 0xfc, 0x26, 0x30, 0x1,
    0xf9, 0xc2, 0xc4, 0x3, 0xf2, 0xd2, 0x80, 0x7d,
    0x1d, 0x90, 0xc3, 0xf8, 0x1, 0x63, 0x89, 0x4,
    0xd0, 0x6, 0x63, 0xc, 0xdd, 0x62, 0x0, 0x6d,
    0x6, 0x30, 0x1, 0xb0, 0x6, 0x60, 0xc0, 0xd,
    0xe0, 0x18, 0xc0, 0x40, 0x31, 0x80, 0x78, 0x40,
    0x3f, 0x94, 0x34, 0x3, 0x68, 0x6, 0xd0, 0x63,
    0x0, 0x13, 0x0, 0x80, 0x18, 0xc7, 0x31, 0xba,
    0x40, 0x2c, 0x20, 0xc6, 0x13, 0x9, 0xa8, 0x12,
    0x0,

    /* U+03AD "έ" */
    0x0, 0xe6, 0xfe, 0x10, 0xe, 0xd0, 0xb1, 0x0,
    0xe4, 0x42, 0x80, 0x70, 0xcd, 0x0, 0x65, 0xcf,
    0x9c, 0xb5, 0x6, 0xa3, 0x24, 0x4, 0xf0, 0xd0,
    0x8c, 0xbd, 0xe8, 0x1, 0x0, 0xe1, 0x20, 0x82,
    0x8b, 0x98, 0x0, 0x89, 0x41, 0x19, 0xc0, 0x2c,
    0x76, 0xdf, 0xf0, 0x0, 0x4c, 0x20, 0x80, 0x3e,
    0x40, 0xc, 0x62, 0xc1, 0x5b, 0x7b, 0xf0, 0x13,
    0x23, 0x24, 0x33, 0x70,

    /* U+03AE "ή" */
    0x0, 0xd3, 0xf8, 0x1, 0xf3, 0x87, 0x80, 0x78,
    0xc5, 0xcc, 0x3, 0xc3, 0x30, 0x1, 0x97, 0xd9,
    0x9b, 0xfd, 0x66, 0x1, 0x5d, 0x81, 0x89, 0x30,
    0xc0, 0x5, 0x17, 0x38, 0x81, 0x40, 0x13, 0x80,
    0x5c, 0xa, 0x0, 0x20, 0xc, 0x20, 0x18, 0x40,
    0x3f, 0xfd, 0xab, 0xf8, 0x1, 0xff, 0xe3,

    /* U+03AF "ί" */
    0x0, 0x77, 0xb8, 0x0, 0xc4, 0x9c, 0x1, 0x61,
    0xc0, 0x16, 0x51, 0x80, 0x1a, 0xf8, 0x3, 0xff,
    0xb6, 0x60, 0x1c, 0x20, 0xa0, 0x12, 0x8, 0xbb,
    0x1c, 0x31, 0x4, 0xc0,

    /* U+03B0 "ΰ" */
    0x0, 0xc3, 0xfe, 0x50, 0x8, 0xba, 0x10, 0xc,
    0x79, 0x80, 0x44, 0x58, 0x1e, 0x22, 0xe0, 0x3e,
    0xad, 0xa3, 0x5e, 0x87, 0xfa, 0x4, 0x50, 0xde,
    0x50, 0xf, 0x9c, 0x34, 0x3, 0xed, 0x3, 0x0,
    0xf8, 0x41, 0xc0, 0x3e, 0x20, 0x10, 0xf, 0xf0,
    0x80, 0x78, 0x81, 0x8c, 0x18, 0x3, 0x60, 0x1b,
    0x81, 0x18, 0x1, 0x14, 0x28, 0x90, 0x33, 0x2b,
    0x7, 0x20, 0xb7, 0x23, 0x3a, 0xa0, 0x0,

    /* U+03B1 "α" */
    0x0, 0x47, 0x7e, 0xb0, 0xfe, 0x0, 0x58, 0xe2,
    0x41, 0x34, 0x1, 0x98, 0xc3, 0x37, 0x58, 0x80,
    0x1b, 0x41, 0x8c, 0x0, 0x6c, 0x1, 0x98, 0x30,
    0x3, 0x78, 0x6, 0x30, 0x10, 0xc, 0x60, 0x1e,
    0x10, 0xf, 0xe5, 0xd, 0x0, 0xda, 0x1, 0xb4,
    0x18, 0xc0, 0x4, 0xc0, 0x20, 0x6, 0x31, 0xcc,
    0x6e, 0x90, 0xb, 0x8, 0x31, 0x84, 0xc2, 0x6a,
    0x4, 0x80,

    /* U+03B2 "β" */
    0x0, 0x1d, 0xf7, 0xec, 0x8, 0x4, 0xb8, 0x86,
    0x62, 0x7c, 0x0, 0xac, 0x27, 0x73, 0x44, 0x98,
    0xc, 0x44, 0xc0, 0x2, 0x70, 0xf0, 0x60, 0x20,
    0xc, 0x61, 0xc0, 0x1f, 0xa, 0x2, 0x80, 0x75,
    0x53, 0xcb, 0x8, 0x3, 0x95, 0x42, 0xec, 0x1,
    0xef, 0xf6, 0x3d, 0x38, 0x7, 0xc7, 0xa1, 0x2,
    0x1, 0xf0, 0x88, 0x14, 0x3, 0xf0, 0x83, 0x80,
    0x4, 0x80, 0x29, 0x1, 0x30, 0x1, 0x6e, 0xb3,
    0x98, 0x2c, 0x2, 0x26, 0x33, 0x2, 0x62, 0x80,
    0x43, 0x3d, 0xfd, 0x66, 0x1, 0xff, 0xe2,

    /* U+03B3 "γ" */
    0xdf, 0x50, 0xc, 0x5f, 0xea, 0xf, 0x0, 0xc2,
    0x2, 0xc0, 0xa0, 0x19, 0xc0, 0xc4, 0xc1, 0x40,
    0x22, 0x6, 0xa, 0xf, 0x0, 0xbc, 0x30, 0x1c,
    0x14, 0x2, 0x70, 0x40, 0x14, 0x5, 0x4, 0x13,
    0x30, 0x3, 0x83, 0xc2, 0x2, 0x40, 0x25, 0x5,
    0x83, 0x45, 0x0, 0xcc, 0xe, 0x34, 0x1, 0xda,
    0x0, 0xd1, 0x0, 0xe6, 0x0, 0x18, 0x7, 0xff,
    0x54,

    /* U+03B4 "δ" */
    0x0, 0x86, 0x7b, 0xfa, 0x90, 0x2, 0x1f, 0x63,
    0x43, 0x5b, 0x30, 0x3, 0x89, 0xed, 0xee, 0x31,
    0x80, 0x67, 0x0, 0x8e, 0x40, 0x27, 0x14, 0xa1,
    0x0, 0xf0, 0xf8, 0xaf, 0x38, 0x7, 0x16, 0x89,
    0x12, 0x34, 0x80, 0x5, 0xa7, 0x3b, 0xa6, 0x2f,
    0x10, 0x90, 0x86, 0x0, 0x4a, 0x14, 0x82, 0x3,
    0x0, 0x6e, 0x4, 0x10, 0x0, 0x80, 0x61, 0x1,
    0x10, 0x1, 0x0, 0x36, 0x3, 0x2, 0x84, 0x88,
    0x0, 0xdc, 0x38, 0x2c, 0x89, 0xd9, 0xb8, 0xa,
    0xa0, 0x1d, 0x72, 0x32, 0x39, 0xa0,

    /* U+03B5 "ε" */
    0x0, 0x2e, 0x77, 0xed, 0xa8, 0x35, 0x19, 0x20,
    0x27, 0x86, 0x84, 0x65, 0xef, 0x40, 0x8, 0x7,
    0x9, 0x4, 0x14, 0x5c, 0xc0, 0x4, 0x4a, 0x8,
    0xce, 0x1, 0x63, 0xb6, 0xff, 0x80, 0x2, 0x61,
    0x4, 0x1, 0xf2, 0x0, 0x63, 0x16, 0xa, 0xdb,
    0xdf, 0x80, 0x99, 0x19, 0x21, 0x9b, 0x80,

    /* U+03B6 "ζ" */
    0x6f, 0xff, 0x91, 0x59, 0xb2, 0x80, 0x18, 0xe6,
    0x73, 0x85, 0x10, 0x6, 0xa2, 0x65, 0x0, 0xce,
    0xa7, 0x20, 0x18, 0xe0, 0x78, 0x3, 0xe, 0x85,
    0x90, 0x6, 0xb1, 0x65, 0x0, 0xc6, 0xa3, 0x0,
    0x1d, 0x20, 0xc2, 0x1, 0xce, 0x18, 0x1, 0xe3,
    0x1, 0x0, 0xf2, 0x84, 0x88, 0x7, 0x40, 0x1f,
    0x53, 0x8, 0x0, 0xf5, 0x1, 0x67, 0xa0, 0x0,
    0x57, 0xd6, 0xa0, 0xe4, 0x1, 0xa, 0x50, 0x80,
    0x80, 0x78, 0x40, 0xc0, 0x39, 0xc1, 0x80, 0x3c,
    0xdd, 0x20,

    /* U+03B7 "η" */
    0x5f, 0x64, 0xbf, 0xeb, 0x30, 0xa, 0xec, 0xc,
    0x49, 0x86, 0x0, 0x28, 0xb9, 0xc4, 0xa, 0x0,
    0x9c, 0x2, 0xe0, 0x50, 0x1, 0x0, 0x61, 0x0,
    0xc2, 0x1, 0xff, 0xed, 0x5f, 0xc0, 0xf, 0xff,
    0x18,

    /* U+03B8 "θ" */
    0x0, 0x26, 0x77, 0xe2, 0x0, 0x4d, 0x66, 0x46,
    0x6b, 0x50, 0x19, 0xc, 0xca, 0xc2, 0xc1, 0xc1,
    0x4c, 0x0, 0x8a, 0x2d, 0x81, 0x80, 0x1b, 0x3,
    0x1c, 0x8, 0x3, 0x10, 0x39, 0x87, 0xcc, 0xef,
    0x3, 0x0, 0x23, 0x36, 0x40, 0x10, 0x6, 0x7f,
    0xec, 0x1, 0x20, 0x70, 0xc, 0xe0, 0x6c, 0x4,
    0x1, 0x88, 0x1f, 0x3, 0x0, 0x36, 0x6, 0x30,
    0x29, 0x80, 0x11, 0x41, 0xc2, 0x83, 0x32, 0xb0,
    0x91, 0x5, 0xb3, 0x31, 0x1d, 0xb0, 0x0,

    /* U+03B9 "ι" */
    0x6f, 0xb0, 0xf, 0xfe, 0xd9, 0x80, 0x70, 0x82,
    0x80, 0x48, 0x22, 0xec, 0x70, 0xc4, 0x13, 0x0,

    /* U+03BA "κ" */
    0x5f, 0xd0, 0x8, 0xbf, 0xca, 0x1, 0xe1, 0xf0,
    0x75, 0x0, 0xf5, 0x12, 0xc0, 0x7, 0xa5, 0xe,
    0x80, 0x38, 0x59, 0x83, 0xa0, 0x1e, 0x29, 0x0,
    0xfe, 0x13, 0x51, 0xd0, 0xf, 0xe, 0x51, 0x1c,
    0x0, 0x71, 0x80, 0x38, 0x1c, 0xc0, 0x3e, 0x38,
    0xd, 0x10, 0xf, 0x9c, 0xc6, 0x80,

    /* U+03BB "λ" */
    0xdf, 0xe8, 0x0, 0xf9, 0x8c, 0x5f, 0x0, 0x3d,
    0x79, 0xc4, 0x6c, 0x1, 0xf0, 0xc0, 0x58, 0x7,
    0xe5, 0x2, 0x30, 0xf, 0x94, 0x1, 0x40, 0x1f,
    0x70, 0xb, 0x0, 0x78, 0x51, 0x20, 0x60, 0xe,
    0x60, 0xcf, 0xa, 0x0, 0xea, 0x5, 0x50, 0x99,
    0x0, 0x46, 0x45, 0x3, 0x85, 0x0, 0x54, 0xa,
    0x0, 0xa0, 0x60, 0x9, 0xc2, 0xc0, 0x6, 0x42,
    0xa0, 0xa2, 0x23, 0x0, 0xa8, 0x2a, 0x38, 0x1c,
    0x3, 0x31, 0x80, 0x80,

    /* U+03BC "μ" */
    0x5f, 0xc0, 0xc, 0x7f, 0xc0, 0x1f, 0xff, 0x96,
    0x0, 0xf0, 0x80, 0x6d, 0x0, 0xf1, 0x28, 0x0,
    0xd8, 0x4, 0x3, 0xab, 0x75, 0x8a, 0x21, 0xa8,
    0x0, 0x35, 0x33, 0x35, 0xd8, 0x49, 0xc0, 0xf,
    0x5d, 0xc9, 0x5, 0xef, 0x30, 0x3, 0x80, 0x7f,
    0xf8, 0x40,

    /* U+03BD "ν" */
    0xdf, 0x50, 0xc, 0x5f, 0xea, 0xf, 0x0, 0xc2,
    0x2, 0xa0, 0xa0, 0x19, 0xc0, 0xc8, 0xc1, 0x40,
    0x22, 0x6, 0xb, 0xf, 0x0, 0xbc, 0xc, 0x18,
    0x14, 0x2, 0x40, 0xb0, 0x14, 0x4, 0x3, 0x22,
    0x18, 0x3, 0x43, 0x42, 0x2, 0xc0, 0x27, 0x7,
    0x54, 0x26, 0x0, 0x85, 0x6, 0x83, 0x80, 0x3b,
    0x80, 0x14, 0x60, 0x0,

    /* U+03BE "ξ" */
    0x5f, 0xff, 0x95, 0x98, 0xa0, 0x3, 0x56, 0x61,
    0xfa, 0xb7, 0xe5, 0x49, 0x8c, 0x8c, 0x80, 0x72,
    0x81, 0x80, 0x79, 0x40, 0x8c, 0x3, 0x86, 0x87,
    0x2e, 0x66, 0x0, 0x23, 0x2, 0x33, 0x40, 0x38,
    0xf1, 0xbf, 0xf0, 0x41, 0x33, 0x90, 0x6, 0x40,
    0xd0, 0xf, 0x18, 0x7, 0xe5, 0x8, 0x10, 0xe,
    0x80, 0x3e, 0xb6, 0x20, 0x1, 0xf3, 0x2, 0x4e,
    0xc8, 0x0, 0x67, 0xed, 0x81, 0x88, 0x3, 0x24,
    0x90, 0x8, 0x7, 0x88, 0xc, 0x3, 0x98, 0x14,
    0x3, 0xcd, 0xd4, 0x0,

    /* U+03BF "ο" */
    0x0, 0x2e, 0x7f, 0xb1, 0xc0, 0x34, 0xd1, 0x91,
    0xe, 0x2c, 0x0, 0x8c, 0x17, 0xbb, 0xa, 0x38,
    0x70, 0x32, 0x0, 0xa, 0x2, 0x41, 0xc3, 0x0,
    0x32, 0x0, 0x88, 0xc0, 0x40, 0x31, 0x0, 0xc,
    0xc0, 0x20, 0x18, 0x80, 0x6, 0xe1, 0x80, 0x19,
    0x0, 0x45, 0x20, 0xc6, 0x0, 0x1b, 0x6, 0x3,
    0x70, 0xcc, 0x5f, 0x11, 0xc0, 0x2, 0x29, 0x9,
    0xa, 0x30, 0x0,

    /* U+03C0 "π" */
    0xaf, 0xff, 0xfe, 0x1, 0x62, 0x98, 0xa, 0xae,
    0x0, 0x2a, 0x8d, 0xaa, 0xc1, 0x6a, 0xa8, 0x0,
    0x55, 0x4, 0x3, 0xff, 0xfe, 0x1, 0x18, 0x7,
    0xff, 0x4, 0x44, 0x1b, 0x60, 0x1f, 0xea, 0x22,
    0x0, 0x0,

    /* U+03C1 "ρ" */
    0x0, 0x26, 0x7f, 0xb1, 0xc0, 0x33, 0x59, 0x91,
    0xe, 0x2c, 0x0, 0x32, 0x15, 0xba, 0xc1, 0x46,
    0x7, 0x3, 0x50, 0x1, 0xc8, 0x50, 0x78, 0x28,
    0x6, 0x40, 0x30, 0x30, 0xe0, 0xc, 0x20, 0x1f,
    0xe1, 0x0, 0xff, 0x20, 0x18, 0x5, 0x82, 0x0,
    0x29, 0xa, 0x0, 0x93, 0xb3, 0x1a, 0x28, 0xc0,
    0x13, 0xa9, 0x19, 0x45, 0x80, 0x6e, 0xae, 0xfd,
    0x70, 0xe, 0x10, 0xf, 0xfe, 0xe8,

    /* U+03C2 "ς" */
    0x0, 0x2e, 0x7f, 0xb6, 0x40, 0x13, 0x46, 0x24,
    0x44, 0x4, 0x60, 0xae, 0xdf, 0xf0, 0x70, 0x32,
    0x80, 0x44, 0xe, 0x18, 0x1, 0xe3, 0x6, 0x0,
    0xfc, 0xc0, 0x1e, 0x50, 0xc0, 0xf, 0x70, 0x33,
    0x0, 0x39, 0x58, 0x27, 0xa9, 0x40, 0x29, 0xb4,
    0x15, 0xac, 0x0, 0x92, 0xfa, 0x40, 0xcc, 0x1,
    0x85, 0x84, 0x4, 0x3, 0x88, 0x44, 0x40, 0x1c,
    0x85, 0x0,

    /* U+03C3 "σ" */
    0x0, 0x25, 0x77, 0xff, 0x68, 0x45, 0xa9, 0xa9,
    0x81, 0x2a, 0x91, 0xc2, 0xf6, 0xb0, 0x4a, 0xe3,
    0x81, 0xd0, 0x2, 0x60, 0x90, 0x70, 0xc0, 0xd,
    0x80, 0xa0, 0x60, 0xe0, 0x19, 0xc0, 0xc0, 0xc1,
    0xc0, 0x33, 0x81, 0x83, 0x6, 0x0, 0x6c, 0x7,
    0xf, 0x6, 0x30, 0x1, 0xb8, 0x70, 0x23, 0xe,
    0x6e, 0xb0, 0x1d, 0x0, 0x13, 0x23, 0x23, 0x35,
    0x40, 0x0,

    /* U+03C4 "τ" */
    0xaf, 0xff, 0xcd, 0x8a, 0xa1, 0x3, 0x55, 0x89,
    0xaa, 0x84, 0x13, 0x55, 0x20, 0x7, 0xff, 0xa5,
    0xc3, 0x0, 0x3e, 0xd0, 0x6d, 0xbb, 0x0, 0x66,
    0x82, 0x22, 0x90, 0x0,

    /* U+03C5 "υ" */
    0x7f, 0xb0, 0xd, 0xbe, 0xa0, 0x1f, 0x38, 0x68,
    0x7, 0xda, 0x6, 0x1, 0xf0, 0x83, 0x80, 0x7c,
    0x40, 0x20, 0x1f, 0xe1, 0x0, 0xf1, 0x3, 0x18,
    0x30, 0x6, 0xc0, 0x37, 0x2, 0x30, 0x2, 0x28,
    0x51, 0x20, 0x66, 0x56, 0xe, 0x41, 0x6e, 0x46,
    0x75, 0x40, 0x0,

    /* U+03C6 "φ" */
    0x0, 0xe7, 0xf8, 0x0, 0xff, 0xed, 0x8, 0x7,
    0xc9, 0x7d, 0x0, 0xdd, 0x44, 0x1, 0x3d, 0xa1,
    0x98, 0x8, 0xd7, 0x54, 0xe, 0x2, 0x76, 0xc1,
    0x76, 0x42, 0x8e, 0x41, 0x58, 0x3, 0x99, 0x42,
    0x5c, 0x3c, 0x3, 0xef, 0x4, 0x30, 0x10, 0xf,
    0x98, 0x4, 0xc0, 0x40, 0x3e, 0x60, 0x14, 0xc,
    0x0, 0xfb, 0x1, 0x68, 0x19, 0x0, 0x39, 0x18,
    0x3c, 0xe4, 0x2e, 0xd8, 0x9, 0x76, 0x7, 0x40,
    0x6c, 0x44, 0x80, 0xd0, 0xea, 0x0, 0x23, 0xbf,
    0x60, 0x5e, 0xc5, 0x0, 0xfb, 0x80, 0x84, 0x3,
    0xff, 0xbe,

    /* U+03C7 "χ" */
    0x7f, 0xd3, 0x0, 0xe8, 0xfa, 0x2, 0x26, 0x80,
    0x61, 0x70, 0x87, 0xd3, 0x17, 0x0, 0xa4, 0x1c,
    0x80, 0x1e, 0x12, 0x0, 0x17, 0x18, 0x0, 0x8c,
    0xc2, 0xc1, 0x1, 0x0, 0x1d, 0x1, 0x4, 0xc4,
    0xc0, 0x1c, 0x86, 0x38, 0x12, 0x1, 0xf4, 0x80,
    0xa2, 0x0, 0x3e, 0x70, 0x6, 0x80, 0x7e, 0x90,
    0x5, 0x80, 0x7c, 0x88, 0x31, 0x24, 0x0, 0xf5,
    0x7, 0x48, 0x40, 0x7, 0x40, 0xb1, 0x38, 0x9a,
    0x0, 0x44, 0xe3, 0x0, 0x9, 0x8, 0x0, 0xb8,
    0x20, 0x40, 0xe, 0x27, 0xd8, 0xc6, 0x66, 0x0,
    0xda, 0x42, 0x20,

    /* U+03C8 "ψ" */
    0x0, 0xe5, 0xfb, 0x0, 0xff, 0xf2, 0x3f, 0xc8,
    0x7, 0xd1, 0xf0, 0x1, 0xff, 0x68, 0x18, 0x7,
    0xfc, 0xe0, 0xa0, 0x1f, 0xf1, 0x80, 0x80, 0x7f,
    0xc2, 0x0, 0x10, 0xf, 0xfe, 0x10, 0x81, 0x80,
    0x7c, 0x20, 0x1, 0x20, 0x70, 0xf, 0x9c, 0xc,
    0x10, 0x4a, 0x0, 0x39, 0x64, 0x28, 0x1, 0x40,
    0xfd, 0x0, 0x9d, 0x40, 0xac, 0x0, 0x4c, 0x50,
    0x20, 0x9, 0x2a, 0x80, 0x18, 0xeb, 0xa8, 0x13,
    0xad, 0x40, 0x3f, 0xfd, 0xe0,

    /* U+03C9 "ω" */
    0x4, 0xfc, 0x0, 0xf2, 0xfd, 0x80, 0x52, 0x1c,
    0x1, 0xe5, 0x34, 0x40, 0x21, 0x19, 0x0, 0x7d,
    0x21, 0xe1, 0x80, 0x80, 0x12, 0x30, 0x80, 0x10,
    0x10, 0xc, 0x34, 0x2, 0x89, 0x20, 0x0, 0x80,
    0x4, 0x3, 0xff, 0x80, 0x20, 0x60, 0x3, 0x0,
    0xfe, 0x10, 0x33, 0x7, 0x80, 0x44, 0xe, 0x0,
    0x20, 0x11, 0x58, 0x38, 0x81, 0x88, 0x70, 0x2,
    0x1, 0xc0, 0xd4, 0x7b, 0x30, 0x50, 0xbb, 0xa5,
    0x1b, 0x0, 0x53, 0x89, 0xa7, 0xbb, 0x8c, 0x93,
    0x8, 0x0,

    /* U+03CA "ϊ" */
    0x1e, 0xa0, 0x2e, 0x90, 0x0, 0xb0, 0x8, 0x88,
    0x7, 0xb0, 0xf, 0xac, 0x0, 0x2d, 0xf6, 0x20,
    0x1f, 0xfe, 0x83, 0x0, 0xf8, 0x41, 0x40, 0x39,
    0x4, 0x5d, 0x8e, 0x1, 0x62, 0x9, 0x80,

    /* U+03CB "ϋ" */
    0x1, 0xea, 0x2, 0xe9, 0x0, 0xc2, 0xc0, 0x22,
    0x20, 0x8, 0x7b, 0x0, 0xfa, 0xc0, 0xf, 0xf4,
    0x1, 0xe, 0xfa, 0x80, 0x7c, 0xe1, 0xa0, 0x1f,
    0x68, 0x18, 0x7, 0xc2, 0xe, 0x1, 0xf1, 0x0,
    0x80, 0x7f, 0x84, 0x3, 0xc4, 0xc, 0x60, 0xc0,
    0x1b, 0x0, 0xdc, 0x8, 0xc0, 0x8, 0xa1, 0x44,
    0x81, 0x99, 0x58, 0x39, 0x5, 0xb9, 0x19, 0xd5,
    0x0,

    /* U+03CC "ό" */
    0x0, 0xe9, 0xfc, 0x0, 0xfc, 0xe1, 0xe0, 0x1f,
    0x18, 0xb9, 0x80, 0x7c, 0x33, 0x0, 0x1e, 0x5c,
    0xd9, 0xc7, 0x0, 0xd3, 0x46, 0x44, 0x38, 0xb0,
    0x2, 0x30, 0x5e, 0xec, 0x28, 0xe1, 0xc0, 0xc8,
    0x0, 0x28, 0x9, 0x7, 0xc, 0x0, 0xc8, 0x2,
    0x23, 0x1, 0x0, 0xc4, 0x0, 0x33, 0x0, 0x80,
    0x62, 0x0, 0x1b, 0x86, 0x0, 0x64, 0x1, 0x14,
    0x83, 0x18, 0x0, 0x6c, 0x18, 0xd, 0xc3, 0x31,
    0x7c, 0x47, 0x0, 0x8, 0xa4, 0x24, 0x28, 0xc0,
    0x0,

    /* U+03CD "ύ" */
    0x0, 0xee, 0xf7, 0x0, 0xf1, 0x89, 0x38, 0x7,
    0xac, 0x38, 0x3, 0xec, 0xa3, 0x0, 0x9f, 0xec,
    0x11, 0x43, 0x7d, 0x40, 0x3e, 0x70, 0xd0, 0xf,
    0xb4, 0xc, 0x3, 0xe1, 0x7, 0x0, 0xf8, 0x80,
    0x40, 0x3f, 0xc2, 0x1, 0xe2, 0x6, 0x30, 0x60,
    0xd, 0x80, 0x6e, 0x4, 0x60, 0x4, 0x50, 0xa2,
    0x40, 0xcc, 0xac, 0x1c, 0x82, 0xdc, 0x8c, 0xea,
    0x80,

    /* U+03CE "ώ" */
    0x0, 0xf9, 0xff, 0x80, 0x3f, 0xf8, 0x16, 0x14,
    0x1, 0xff, 0x9, 0xaa, 0x0, 0x7f, 0xf0, 0x26,
    0xc0, 0x3e, 0x4f, 0xc0, 0x0, 0xb0, 0x82, 0xfd,
    0x80, 0x52, 0x1c, 0x1, 0xe5, 0x34, 0x40, 0x21,
    0x19, 0x0, 0x7d, 0x21, 0xe1, 0x80, 0x80, 0x12,
    0x30, 0x80, 0x10, 0x10, 0xc, 0x34, 0x2, 0x89,
    0x20, 0x0, 0x80, 0x4, 0x3, 0xff, 0x80, 0x20,
    0x60, 0x3, 0x0, 0xfe, 0x10, 0x33, 0x7, 0x80,
    0x44, 0xe, 0x0, 0x20, 0x11, 0x58, 0x38, 0x81,
    0x88, 0x70, 0x2, 0x1, 0xc0, 0xd4, 0x7b, 0x30,
    0x50, 0xbb, 0xa5, 0x1b, 0x0, 0x53, 0x89, 0xa7,
    0xbb, 0x8c, 0x93, 0x8, 0x0,

    /* U+03CF "Ϗ" */
    0x2f, 0xf0, 0x7, 0x3f, 0xf0, 0x80, 0x7c, 0xb0,
    0x18, 0x20, 0x1e, 0x3a, 0xb, 0x20, 0xf, 0x16,
    0x85, 0x20, 0x7, 0x87, 0xc6, 0x14, 0x3, 0xc3,
    0xa4, 0xce, 0x1, 0xf6, 0x98, 0x68, 0x7, 0xe3,
    0x30, 0x50, 0x80, 0x7d, 0x58, 0x43, 0x60, 0x1f,
    0x28, 0x78, 0x2b, 0x0, 0x7e, 0x29, 0x9, 0x20,
    0xf, 0xcc, 0x81, 0xc0, 0x1f, 0xd4, 0x27, 0x0,
    0x1f, 0x86, 0x81, 0xd0, 0xbf, 0xc0, 0x1c, 0x80,
    0x3, 0x0, 0xfc, 0xe0, 0x5, 0x9, 0x30, 0x8,
    0x5e, 0x1, 0x48, 0x1b, 0x3f, 0xba, 0x80, 0x4a,
    0x0, 0x5b, 0x10, 0x8, 0x92, 0xac, 0x0,

    /* U+03D0 "ϐ" */
    0x0, 0x8a, 0x77, 0xfa, 0x40, 0x32, 0x6b, 0x3b,
    0x95, 0xa8, 0x0, 0x36, 0x11, 0x71, 0x0, 0x70,
    0x4, 0x81, 0x47, 0x7e, 0x4, 0x0, 0x18, 0x33,
    0x10, 0xf3, 0xaa, 0x4, 0x23, 0x0, 0x4, 0x40,
    0x10, 0x80, 0x27, 0x21, 0xa3, 0x58, 0x18, 0x5,
    0x2f, 0xfa, 0x2, 0x50, 0x40, 0x75, 0x0, 0x5d,
    0x83, 0x9c, 0xc, 0x3, 0xb0, 0x1c, 0x80, 0x80,
    0x3e, 0x11, 0x80, 0xc0, 0x36, 0x3, 0x3, 0x7,
    0x80, 0x48, 0xc1, 0x21, 0x24, 0x7f, 0x9b, 0x60,
    0xe6, 0x3, 0x8e, 0x46, 0x64, 0xb8, 0x0,

    /* U+03D1 "ϑ" */
    0x0, 0x8f, 0x3f, 0xda, 0xc0, 0x1e, 0x1c, 0x33,
    0x8a, 0x68, 0x3, 0x9c, 0x13, 0x32, 0x15, 0x60,
    0xf, 0x8, 0x0, 0xe0, 0x2c, 0x3, 0x38, 0x2b,
    0x0, 0x18, 0x8, 0x40, 0x21, 0xa0, 0x9f, 0xcb,
    0x0, 0x6b, 0x8b, 0xc8, 0xf4, 0x21, 0x20, 0x0,
    0xf2, 0xe1, 0xac, 0x1e, 0xfb, 0xd0, 0x22, 0xed,
    0xc4, 0x6, 0x1, 0xf8, 0x44, 0x0, 0x30, 0xc,
    0xe0, 0x40, 0x11, 0x0, 0x80, 0x63, 0x7, 0x0,
    0xfe, 0x50, 0x12, 0x0, 0x88, 0x14, 0x0, 0x56,
    0x10, 0x1, 0xa8, 0x2b, 0x31, 0xa2, 0xcc, 0x0,
    0xcf, 0x4, 0x64, 0x75, 0x20, 0x10,

    /* U+03D2 "ϒ" */
    0xbf, 0x90, 0xf, 0x47, 0xf4, 0x3, 0x10, 0x6,
    0x67, 0x4, 0x35, 0x8, 0x0, 0xd0, 0x17, 0x41,
    0x60, 0xa6, 0x0, 0x71, 0x44, 0x0, 0x5, 0xc2,
    0x0, 0x60, 0x24, 0x3, 0x48, 0xa2, 0x20, 0x18,
    0x80, 0x30, 0xc8, 0x4b, 0x4, 0x0, 0x79, 0xc8,
    0x80, 0xe2, 0x1, 0xf5, 0x80, 0x20, 0x3, 0xf1,
    0x0, 0x80, 0x7f, 0xfa, 0x40,

    /* U+03D3 "ϓ" */
    0xf, 0xf3, 0x17, 0xf8, 0xc0, 0x38, 0xb3, 0xdd,
    0x0, 0xd8, 0x98, 0x20, 0x3, 0xbc, 0xcc, 0x5a,
    0x1c, 0x0, 0x80, 0x43, 0x0, 0x98, 0x89, 0x8b,
    0x96, 0x40, 0x1, 0x70, 0xf0, 0xa, 0x2, 0x40,
    0xa, 0x80, 0x1a, 0x4, 0xd0, 0x1c, 0x51, 0x0,
    0x1f, 0xd2, 0x10, 0x32, 0x10, 0x1, 0xfe, 0x72,
    0x3d, 0x15, 0x30, 0xf, 0xfa, 0x0, 0xc2, 0xc0,
    0x3f, 0xf8, 0xa, 0x40, 0xc2, 0x1, 0xff, 0xc1,
    0x60, 0xe0, 0xf, 0xff, 0xe8,

    /* U+03D4 "ϔ" */
    0x0, 0x84, 0x40, 0x1, 0x0, 0xfb, 0xbc, 0x7,
    0xb4, 0x3, 0xc4, 0x40, 0x0, 0xb0, 0x7, 0xb7,
    0x0, 0x7a, 0xc0, 0x3f, 0xf8, 0x77, 0xf2, 0x1,
    0xe8, 0xfe, 0x80, 0x62, 0x0, 0xcc, 0xe0, 0x86,
    0xa1, 0x0, 0x1a, 0x2, 0xe8, 0x2c, 0x14, 0xc0,
    0xe, 0x28, 0x80, 0x0, 0xb8, 0x40, 0xc, 0x4,
    0x80, 0x69, 0x14, 0x44, 0x3, 0x10, 0x6, 0x19,
    0x9, 0x60, 0x80, 0xf, 0x39, 0x10, 0x1c, 0x40,
    0x3e, 0xb0, 0x4, 0x0, 0x7e, 0x20, 0x10, 0xf,
    0xff, 0x48,

    /* U+03D5 "ϕ" */
    0x0, 0xe7, 0xf8, 0x0, 0xff, 0xed, 0x8, 0x7,
    0xc9, 0x7d, 0x0, 0xdd, 0x44, 0x1, 0x3d, 0xa1,
    0x98, 0x8, 0xd7, 0x54, 0xe, 0x2, 0x76, 0xc1,
    0x76, 0x42, 0x8e, 0x41, 0x58, 0x3, 0x99, 0x42,
    0x5c, 0x3c, 0x3, 0xef, 0x4, 0x30, 0x10, 0xf,
    0x98, 0x4, 0xc0, 0x40, 0x3e, 0x60, 0x14, 0xc,
    0x0, 0xfb, 0x1, 0x68, 0x19, 0x0, 0x39, 0x18,
    0x3c, 0xe4, 0x2e, 0xd8, 0x9, 0x76, 0x7, 0x40,
    0x6c, 0x44, 0x80, 0xd0, 0xea, 0x0, 0x23, 0xbf,
    0x60, 0x5e, 0xc5, 0x0, 0xfb, 0x80, 0x84, 0x3,
    0xff, 0xbe,

    /* U+03D6 "ϖ" */
    0x8f, 0xff, 0xfe, 0x24, 0xea, 0x18, 0x1, 0x13,
    0xf0, 0x81, 0xa7, 0xad, 0xd0, 0x35, 0xdf, 0xe6,
    0xb, 0xb3, 0x0, 0x34, 0x30, 0x2, 0x22, 0x0,
    0x58, 0x16, 0x1, 0x98, 0x18, 0x2, 0xdd, 0x0,
    0x4c, 0x4, 0x1, 0x8c, 0x4, 0x3, 0xf1, 0x80,
    0x80, 0x63, 0x1, 0x0, 0xfc, 0x60, 0x20, 0x19,
    0x81, 0x40, 0x38, 0x80, 0xe, 0x4, 0x1, 0xb4,
    0x2c, 0x0, 0xc0, 0x5, 0x0, 0x48, 0x58, 0x6,
    0x62, 0x27, 0x64, 0xab, 0x46, 0x71, 0x93, 0x80,
    0x76, 0x28, 0x1a, 0xdc, 0xa9, 0x82, 0xe0, 0x4,

    /* U+03D7 "ϗ" */
    0x5f, 0xd0, 0x8, 0xbf, 0xca, 0x1, 0xe1, 0xf0,
    0x75, 0x0, 0xf5, 0x12, 0xc0, 0x7, 0xa5, 0xe,
    0x80, 0x38, 0x59, 0x83, 0xa0, 0x1e, 0x29, 0x0,
    0xfe, 0x13, 0x51, 0xd0, 0xf, 0xe, 0x51, 0x1c,
    0x0, 0x71, 0x80, 0x38, 0x1c, 0xc0, 0x3e, 0x38,
    0xd, 0x10, 0xf, 0x9c, 0xc6, 0x81, 0x7f, 0x40,
    0x35, 0x82, 0x80, 0x7c, 0x32, 0xc, 0x7, 0xf7,
    0x31, 0x5c, 0x29, 0x0, 0x4e, 0xf9, 0x4e, 0x6c,
    0x0,

    /* U+03D8 "Ϙ" */
    0x0, 0x9a, 0xfb, 0xfb, 0x60, 0x80, 0x31, 0x6c,
    0xa0, 0x90, 0x13, 0xeb, 0x0, 0x5e, 0x44, 0xbf,
    0xde, 0xe3, 0x4, 0xa0, 0x31, 0x6, 0x20, 0x4,
    0x32, 0xa1, 0x1, 0x80, 0xc2, 0x1, 0xe9, 0x3,
    0x16, 0xe, 0x0, 0xf8, 0x80, 0x4, 0xe1, 0xe0,
    0x1f, 0x18, 0x0, 0x4c, 0x14, 0x3, 0xe4, 0x1,
    0x2a, 0x2, 0x80, 0xe, 0x28, 0x6, 0x2, 0x80,
    0x7d, 0x86, 0x7a, 0xd1, 0x38, 0x0, 0x3d, 0x11,
    0x1e, 0x61, 0x41, 0xb0, 0x3, 0x2e, 0xe9, 0x80,
    0xaf, 0xe4, 0x3, 0xe2, 0xf0, 0x14, 0x0, 0xff,
    0xe3, 0x80,

    /* U+03D9 "ϙ" */
    0x0, 0x2e, 0x7f, 0xb1, 0x80, 0x34, 0x51, 0x9e,
    0x9b, 0x0, 0x23, 0x86, 0x65, 0xc4, 0x8e, 0x1c,
    0xc, 0x60, 0x1, 0xb0, 0xa0, 0x70, 0xc0, 0xc,
    0x80, 0x42, 0x60, 0x20, 0x18, 0x80, 0x6, 0x0,
    0x10, 0xc, 0x20, 0x12, 0x81, 0x0, 0x65, 0x0,
    0x16, 0x85, 0x0, 0x6f, 0x5, 0x6, 0x32, 0xc6,
    0x5a, 0x40, 0x80, 0x6, 0xa9, 0xcd, 0x29, 0x61,
    0x0, 0x6, 0xb8, 0x1, 0x5a, 0x60, 0x1c, 0x20,
    0x6, 0x0, 0xff, 0xec, 0x80,

    /* U+03DA "Ϛ" */
    0x0, 0x9a, 0xfb, 0xfb, 0x69, 0x40, 0x5, 0xb2,
    0x82, 0x20, 0x25, 0x90, 0x7, 0x91, 0x2f, 0xfb,
    0x9f, 0x5e, 0xc, 0x41, 0x88, 0x1, 0x94, 0xc3,
    0x1, 0x84, 0x3, 0xf3, 0x7, 0x0, 0x7f, 0x38,
    0x78, 0x7, 0xf1, 0x83, 0x0, 0x7f, 0x48, 0xe,
    0x10, 0x7, 0xc3, 0x60, 0x7b, 0xab, 0x90, 0xe,
    0x4d, 0x61, 0x24, 0x40, 0x7, 0x8a, 0x7a, 0x80,
    0x3f, 0xfa, 0x40,

    /* U+03DB "ϛ" */
    0x0, 0x2e, 0x7f, 0xb6, 0x40, 0x13, 0x46, 0x24,
    0x44, 0x4, 0x60, 0xae, 0xdf, 0xf0, 0x70, 0x32,
    0x80, 0x44, 0xe, 0x18, 0x1, 0xe3, 0x6, 0x0,
    0xfc, 0xe0, 0x1e, 0x50, 0xc0, 0xf, 0x68, 0x3b,
    0x0, 0x73, 0x28, 0x4f, 0xd2, 0x0, 0x55, 0x68,
    0xb, 0x6e, 0x1, 0x25, 0xfc, 0x4, 0x80, 0x79,
    0x80, 0x40, 0x2c, 0x99, 0x60, 0x28, 0x4, 0x2c,
    0xc0, 0x7a, 0x0,

    /* U+03DC "Ϝ" */
    0x1f, 0xff, 0xb4, 0x2, 0x22, 0xe7, 0x0, 0xb7,
    0x7a, 0x80, 0x3f, 0xfa, 0x5b, 0xbc, 0xa0, 0x11,
    0x17, 0x18, 0x5, 0xff, 0x30, 0x7, 0xff, 0x17,
    0x5d, 0x40, 0x3c, 0x90, 0x60, 0x1f, 0xfc, 0x60,

    /* U+03DD "ϝ" */
    0x1f, 0xff, 0xb8, 0x2, 0x22, 0xf0, 0x5, 0xbb,
    0xd8, 0x1, 0xff, 0xd2, 0xff, 0xe5, 0x0, 0x88,
    0xa1, 0x0, 0xed, 0xd9, 0xc0, 0x3f, 0xf8, 0xb8,
    0xcc, 0x0, 0xf2, 0xc9, 0x80, 0x7f, 0xf6, 0x0,

    /* U+03DE "Ϟ" */
    0xd, 0xfd, 0x50, 0xf, 0x90, 0x89, 0x40, 0x1f,
    0x4e, 0x80, 0x4, 0x3, 0xe2, 0x2, 0x10, 0xf,
    0xa8, 0x14, 0x3, 0xf2, 0x83, 0x6e, 0xf1, 0x1,
    0x90, 0x9, 0x16, 0x32, 0x3, 0xff, 0xe7, 0x4,
    0x0, 0xfc, 0x81, 0xe0, 0x1f, 0x9, 0x82, 0x0,
    0x7c, 0xa0, 0x62, 0x1, 0xf1, 0x3, 0x80, 0x7e,
    0x50, 0x4c, 0x70, 0xf, 0x1c, 0x9, 0x80,

    /* U+03DF "ϟ" */
    0x7, 0xfe, 0x90, 0xf, 0x88, 0xc5, 0x98, 0x1,
    0xe5, 0xc7, 0xe, 0x0, 0xfc, 0x41, 0xa0, 0x1f,
    0x94, 0x10, 0x3, 0xe6, 0x4, 0x10, 0xf, 0xa8,
    0x3c, 0x3, 0xe2, 0x31, 0x40, 0x0, 0xa3, 0x88,
    0x50, 0x2b, 0xd6, 0xf5, 0xc0, 0x1, 0x81, 0x21,
    0x48, 0x80, 0x42, 0x31, 0x34, 0xe7, 0xa8, 0x50,
    0xf, 0xec, 0xb1, 0x83, 0x3, 0x0, 0x7c, 0x82,
    0x62, 0x1, 0xf7, 0x5, 0x0, 0x7e, 0x50, 0x70,
    0xf, 0x94, 0x14, 0x40, 0x3e, 0xf0, 0xc0, 0xf,
    0xcc, 0x6, 0x1, 0xf9, 0x42, 0xec, 0xc0, 0x1e,
    0x85, 0x4, 0x10,

    /* U+03E0 "Ϡ" */
    0x2, 0x9d, 0xff, 0x6c, 0x8, 0x6, 0xd6, 0x21,
    0x11, 0x3f, 0x18, 0x5, 0x32, 0xfe, 0xe5, 0x80,
    0x30, 0x40, 0xc, 0xc0, 0x4, 0x58, 0x8, 0x58,
    0x6, 0x6e, 0x74, 0xda, 0x5, 0x0, 0xde, 0x77,
    0x62, 0x50, 0x2, 0x0, 0x53, 0xa8, 0xd, 0xe0,
    0x3, 0x0, 0xe4, 0xd9, 0x22, 0x7, 0x80, 0x74,
    0x1d, 0x63, 0x0, 0x7d, 0xbc, 0xa0, 0x17, 0x80,
    0x70, 0x80, 0x4a, 0x4, 0x1, 0xf8, 0x44, 0xe,
    0x1, 0xf9, 0x0, 0x48, 0x3, 0xf7, 0x3, 0x0,

    /* U+03E1 "ϡ" */
    0x0, 0xff, 0xe0, 0x4f, 0x49, 0x80, 0x7e, 0x31,
    0x6c, 0xc1, 0x80, 0x7a, 0xba, 0x4, 0xf1, 0xc0,
    0x3c, 0x2f, 0xce, 0x11, 0x20, 0x1f, 0xa2, 0xc1,
    0x9c, 0x3, 0xf3, 0x18, 0x41, 0x80, 0x74, 0x6e,
    0x8c, 0x42, 0x0, 0x39, 0x86, 0x3b, 0x1, 0xc,
    0x3, 0x76, 0x38, 0x92, 0x5, 0x80, 0x7e, 0x57,
    0x5, 0x0, 0xe5, 0xbf, 0xa2, 0x2, 0x0, 0xe9,
    0x67, 0xce, 0x0, 0x8, 0x6, 0xdd, 0x41, 0x80,
    0x46, 0x1, 0x84, 0x3, 0xff, 0x8c, 0x60, 0x1f,
    0x88, 0x0, 0x20, 0x1f, 0x9c, 0xc, 0x3, 0xfb,
    0xc1, 0x0, 0x3f, 0x90, 0x2c, 0x3, 0xf2, 0x89,
    0x98, 0x0,

    /* U+03F0 "ϰ" */
    0x8f, 0xe9, 0x0, 0xe3, 0xff, 0x0, 0x31, 0x5,
    0xa4, 0x2, 0x1d, 0x6, 0x0, 0x25, 0xd8, 0x18,
    0x2, 0xd1, 0xd, 0x0, 0xc8, 0x20, 0x41, 0x26,
    0x0, 0x40, 0xe, 0x30, 0x2, 0xb1, 0x1, 0x80,
    0x78, 0xc1, 0xa8, 0x6c, 0x1c, 0x3, 0xc2, 0x14,
    0x1a, 0x60, 0x20, 0x1c, 0x40, 0x1, 0x93, 0x0,
    0x8, 0x7, 0x20, 0x1, 0x58, 0x1c, 0x14, 0x40,
    0x36, 0x81, 0x50, 0x0, 0x8c, 0x7e, 0xc8, 0x5,
    0x3, 0xc0, 0x36, 0xa0, 0xa8, 0x0,

    /* U+03F1 "ϱ" */
    0x0, 0x25, 0xff, 0xb1, 0x80, 0x33, 0x5a, 0x9,
    0x1c, 0xd0, 0x0, 0x64, 0x27, 0xb7, 0x5, 0x54,
    0xe, 0x4, 0xc0, 0x3, 0x90, 0x90, 0xf0, 0x40,
    0xc, 0x80, 0x60, 0x60, 0x20, 0x18, 0x40, 0x3f,
    0xc2, 0x1, 0xfe, 0x40, 0x30, 0x9, 0x4, 0x0,
    0x52, 0x14, 0x1, 0x1f, 0x6e, 0x68, 0xa3, 0x1,
    0x83, 0xa9, 0x98, 0xa2, 0xc0, 0x2, 0x0, 0xae,
    0xfd, 0x70, 0xb, 0x1, 0xd4, 0x40, 0x3c, 0x8c,
    0x15, 0xdf, 0xed, 0x30, 0xa, 0x72, 0x19, 0x44,
    0xa4, 0x3, 0x1b, 0xcd, 0x40, 0x18, 0x0,

    /* U+03F2 "ϲ" */
    0x0, 0x2d, 0xf7, 0xec, 0x80, 0x26, 0x90, 0x8,
    0x88, 0x8, 0xc1, 0x5d, 0xbf, 0xe0, 0xe0, 0x65,
    0x0, 0x88, 0x1c, 0x30, 0x3, 0xc6, 0x2, 0x1,
    0xe3, 0x1, 0x0, 0xf3, 0x6, 0x0, 0x7b, 0x81,
    0x94, 0x2, 0x40, 0x55, 0x5, 0x76, 0xfd, 0x80,
    0x2a, 0x4c, 0x48, 0x90, 0x0,

    /* U+03F3 "ϳ" */
    0x0, 0x93, 0xe8, 0x2, 0x30, 0x70, 0x9, 0xe7,
    0xc0, 0x33, 0x10, 0x4, 0xbf, 0x80, 0x1f, 0xff,
    0xfc, 0x6, 0x1d, 0xd3, 0x7, 0x9, 0x91, 0x25,
    0x0,

    /* U+03F4 "ϴ" */
    0x0, 0x92, 0xb7, 0xfb, 0x60, 0x80, 0x3a, 0xad,
    0x48, 0x86, 0x4f, 0xaa, 0x1, 0x42, 0x8d, 0x7e,
    0xeb, 0x9c, 0x28, 0xc0, 0x9c, 0x2d, 0x40, 0x21,
    0x85, 0xf, 0x5, 0x3, 0x50, 0xf, 0x40, 0x19,
    0x68, 0x20, 0x7, 0xc4, 0x20, 0xec, 0xf, 0xff,
    0xf8, 0x40, 0x80, 0x2, 0x67, 0xf8, 0x2, 0x60,
    0x7c, 0xcf, 0xc2, 0x5, 0xa0, 0xa0, 0x1f, 0x8,
    0x81, 0xd4, 0xd, 0x40, 0x3d, 0x60, 0x64, 0x47,
    0xb, 0x50, 0x8, 0x61, 0x43, 0xc0, 0x10, 0xa3,
    0x5f, 0xba, 0xe7, 0xa, 0x30, 0xa, 0xad, 0x48,
    0x86, 0x4f, 0xaa, 0x0,

    /* U+03F5 "ϵ" */
    0x0, 0x2d, 0xf7, 0xed, 0x10, 0x4d, 0x21, 0x9c,
    0xa6, 0x8c, 0x19, 0xb9, 0xdc, 0x1e, 0x8, 0x30,
    0x8, 0x41, 0xc3, 0x26, 0x70, 0x81, 0x82, 0x33,
    0x62, 0x3, 0xb, 0xff, 0xc6, 0xc, 0x18, 0x1,
    0xee, 0x7, 0x30, 0x8, 0x85, 0x54, 0x19, 0xb9,
    0xba, 0x20, 0xaa, 0x19, 0xe5, 0x20,

    /* U+03F6 "϶" */
    0x19, 0xdf, 0xec, 0x60, 0x0, 0xb1, 0x9e, 0x9a,
    0x0, 0x77, 0x33, 0x74, 0x2a, 0xa0, 0x10, 0x8,
    0xa4, 0x38, 0x6, 0x67, 0x60, 0x30, 0x13, 0x36,
    0x40, 0x30, 0x3f, 0xfd, 0x40, 0x60, 0x1e, 0xc0,
    0x71, 0x10, 0x4, 0xac, 0x1c, 0xfd, 0xb9, 0xb4,
    0xe, 0x89, 0x19, 0xc9, 0x70, 0x0,

    /* U+03F7 "Ϸ" */
    0x1f, 0xf0, 0x80, 0x7f, 0xf2, 0x73, 0x2a, 0x71,
    0x0, 0xe2, 0x33, 0x2c, 0x79, 0x80, 0x6e, 0xfe,
    0xb2, 0x1e, 0x0, 0xf0, 0xa7, 0x1, 0x10, 0x3,
    0xe3, 0x0, 0x8, 0x7, 0xc4, 0x0, 0x20, 0xf,
    0xf, 0x1, 0x88, 0x5, 0xb9, 0xdc, 0x31, 0xe0,
    0xc, 0x66, 0x2, 0x7f, 0x20, 0xd, 0xdf, 0xdb,
    0x2, 0x1, 0xff, 0xcc,

    /* U+03F8 "ϸ" */
    0x5f, 0xc0, 0xf, 0xff, 0x1, 0x5f, 0xfa, 0xcc,
    0x3, 0xe, 0x29, 0x82, 0x61, 0x80, 0x44, 0xfd,
    0x9e, 0x81, 0xe0, 0x1a, 0x40, 0x29, 0x3, 0x10,
    0x1, 0x0, 0x62, 0x0, 0x28, 0x0, 0x40, 0x38,
    0x80, 0x40, 0x2, 0x1, 0xc4, 0x2, 0x0, 0x21,
    0x0, 0x88, 0x0, 0xa0, 0x14, 0x0, 0x52, 0x6,
    0x20, 0x2, 0x6e, 0xcf, 0x40, 0xf0, 0x9, 0xb1,
    0x4c, 0x13, 0xc, 0x2, 0x73, 0xbf, 0xf5, 0x98,
    0x7, 0xff, 0x88,

    /* U+03F9 "Ϲ" */
    0x0, 0x8a, 0x77, 0xfd, 0xb4, 0xa0, 0x13, 0xeb,
    0x10, 0x88, 0x96, 0x40, 0xd, 0x0, 0xdd, 0xd7,
    0xd7, 0x80, 0xc8, 0x44, 0x88, 0x4, 0xa6, 0xe,
    0x2, 0xe0, 0x1f, 0xb0, 0x1c, 0x3, 0xf9, 0x83,
    0x80, 0x3f, 0xf9, 0x2c, 0x1c, 0x1, 0xfd, 0xa0,
    0xe0, 0x1f, 0xca, 0x2, 0xe0, 0x1f, 0x89, 0x82,
    0x20, 0x20, 0x11, 0x18, 0x2, 0x54, 0x1f, 0xba,
    0xfd, 0xb0, 0xa, 0xad, 0x48, 0x46, 0x5b, 0x0,

    /* U+03FA "Ϻ" */
    0x1f, 0xf7, 0x8, 0x7, 0xd5, 0xfe, 0x70, 0x8,
    0x60, 0x3, 0xc8, 0xa0, 0x1c, 0x62, 0xc6, 0x1,
    0xd2, 0x8, 0x1, 0xd6, 0x1e, 0x1, 0xa0, 0x9c,
    0x80, 0x30, 0xaa, 0x1b, 0x0, 0x9, 0xca, 0x0,
    0x3e, 0x90, 0x81, 0xe, 0x9, 0x3, 0x0, 0xf1,
    0x38, 0xc3, 0x1a, 0xa0, 0x7, 0xf4, 0xb, 0x48,
    0x58, 0x7, 0xfd, 0x60, 0x9, 0x10, 0xf, 0xf9,
    0x6e, 0xcc, 0x1, 0xff, 0xc1, 0x44, 0x0, 0x7f,
    0xfa, 0xc0,

    /* U+03FB "ϻ" */
    0x5f, 0xf5, 0x0, 0x73, 0xff, 0x98, 0x2, 0x54,
    0x0, 0x8a, 0x0, 0x38, 0x82, 0x40, 0x2e, 0x2,
    0x0, 0xce, 0xc5, 0x0, 0xc6, 0xa8, 0x1, 0xd2,
    0x2e, 0x92, 0x36, 0x1, 0xf5, 0x85, 0x85, 0x88,
    0x7, 0xca, 0xa0, 0x45, 0x0, 0xfe, 0xae, 0xb0,
    0xf, 0xf8, 0x40, 0x3f, 0xfb, 0xd3, 0xec, 0x1,
    0xff, 0xe8,

    /* U+03FC "ϼ" */
    0x0, 0x93, 0x3f, 0xd8, 0xe0, 0x1c, 0xd6, 0x64,
    0x43, 0x8b, 0x0, 0x86, 0x42, 0xb7, 0x58, 0x28,
    0xc0, 0x7, 0x3, 0x50, 0x1, 0xc8, 0x50, 0x3,
    0xc1, 0x40, 0x32, 0x1, 0x80, 0xc, 0x38, 0x3,
    0x8, 0x7, 0xfc, 0x20, 0x1f, 0xf2, 0x1, 0x80,
    0x6c, 0x10, 0x1, 0x48, 0x50, 0x6, 0x4e, 0xcc,
    0x68, 0xa3, 0x0, 0x67, 0x52, 0x32, 0x8b, 0x0,
    0xee, 0xae, 0xfd, 0x70, 0xf, 0x8, 0x7, 0xef,
    0x50, 0x8f, 0xf9, 0x0, 0x33, 0x90, 0x1b, 0x36,
    0x0, 0xd0, 0xe1, 0x73, 0x31, 0x0, 0x60,

    /* U+03FD "Ͻ" */
    0x16, 0xbd, 0xff, 0x6c, 0x90, 0x6, 0x94, 0x21,
    0x11, 0x36, 0xb0, 0x0, 0x67, 0x3f, 0xb9, 0xa8,
    0x12, 0x80, 0x6, 0x30, 0x8, 0xac, 0xc2, 0x40,
    0x3f, 0xbc, 0x8, 0x80, 0x1f, 0x8c, 0x41, 0x0,
    0x3f, 0x88, 0x4, 0x3, 0xff, 0x92, 0x40, 0x40,
    0x1f, 0x8c, 0x41, 0xc0, 0x3f, 0x78, 0x19, 0x2,
    0x8, 0x4, 0x78, 0x61, 0xc0, 0x9, 0xef, 0xef,
    0xc3, 0x1b, 0x20, 0x5, 0x98, 0x8c, 0x4f, 0xe8,
    0x0,

    /* U+03FE "Ͼ" */
    0x0, 0x8a, 0x77, 0xfd, 0xb4, 0xa0, 0x13, 0xeb,
    0x10, 0x88, 0x96, 0x40, 0xd, 0x0, 0xdd, 0xd7,
    0xdf, 0x0, 0xc8, 0x44, 0x88, 0x4, 0x84, 0xe,
    0x2, 0xe0, 0x1f, 0xb0, 0x1c, 0x0, 0x39, 0x81,
    0x0, 0x98, 0x38, 0x0, 0xa6, 0x67, 0x0, 0xfc,
    0xa4, 0x28, 0x1, 0x30, 0x70, 0x0, 0x77, 0x88,
    0x2, 0xd0, 0x70, 0xf, 0xe5, 0x1, 0x70, 0xf,
    0xc4, 0xc1, 0x10, 0x10, 0x8, 0xcc, 0x0, 0x95,
    0x7, 0xee, 0xbf, 0x2c, 0x2, 0xab, 0x52, 0x11,
    0x96, 0xc0,

    /* U+03FF "Ͽ" */
    0x16, 0xbd, 0xff, 0x6c, 0x90, 0x6, 0x94, 0x21,
    0x11, 0x36, 0xb0, 0x0, 0x6f, 0x7f, 0xb9, 0xa8,
    0x12, 0x80, 0x4, 0x20, 0x8, 0xac, 0xc2, 0x40,
    0x3f, 0xbc, 0x8, 0x80, 0x11, 0xed, 0x0, 0xc,
    0x41, 0x0, 0x2a, 0x25, 0x10, 0x1, 0x0, 0x80,
    0x5a, 0x8, 0x20, 0x1f, 0x93, 0xec, 0x2, 0x20,
    0x20, 0xf, 0xc6, 0x20, 0xe0, 0x1f, 0xbc, 0xc,
    0x81, 0x48, 0x2, 0x3c, 0x30, 0xe0, 0x4, 0x6f,
    0xf7, 0xe1, 0x8d, 0x90, 0x2, 0xcc, 0x46, 0x27,
    0xf4, 0x0, 0x0,

    /* U+0400 "Ѐ" */
    0x0, 0x47, 0xf0, 0x7, 0xa1, 0x46, 0x40, 0x3d,
    0x48, 0xc6, 0x1, 0xeb, 0x87, 0x0, 0xf9, 0xd0,
    0x0, 0x5f, 0xff, 0x80, 0x22, 0x2f, 0x0, 0x5b,
    0xbe, 0x0, 0xff, 0xe9, 0x7f, 0xf5, 0x0, 0x44,
    0x5e, 0x0, 0xb7, 0x7a, 0x0, 0x3f, 0xfa, 0x5b,
    0xbe, 0x0, 0x88, 0xbc,

    /* U+0401 "Ё" */
    0x0, 0x4f, 0x10, 0xf5, 0x80, 0x4a, 0x2c, 0x62,
    0xa0, 0x17, 0x52, 0x15, 0x68, 0x4, 0x4a, 0x0,
    0x53, 0x2, 0xff, 0xfc, 0x1, 0x11, 0x78, 0x2,
    0xdd, 0xf0, 0x7, 0xff, 0x4b, 0xff, 0xa8, 0x2,
    0x22, 0xf0, 0x5, 0xbb, 0xd0, 0x1, 0xff, 0xd2,
    0xdd, 0xf0, 0x4, 0x45, 0xe0,

    /* U+0402 "Ђ" */
    0xbf, 0xff, 0xe9, 0x0, 0x84, 0x88, 0x20, 0x2,
    0x2d, 0xc0, 0x15, 0x6e, 0xac, 0xf, 0x77, 0x38,
    0x7, 0xff, 0x60, 0xab, 0xbf, 0xd8, 0xc0, 0x1f,
    0xa, 0x81, 0x1, 0xcd, 0x0, 0x78, 0xbb, 0x9b,
    0xf0, 0xa, 0x80, 0x1e, 0x10, 0x9, 0xcc, 0x30,
    0x3, 0xfe, 0x50, 0x10, 0xf, 0xf8, 0x80, 0x40,
    0x3f, 0xca, 0x81, 0x80, 0x1f, 0x2e, 0xf5, 0x2,
    0x20, 0x3, 0xe3, 0x21, 0x28, 0xb0,

    /* U+0403 "Ѓ" */
    0x0, 0xe7, 0xfe, 0x20, 0xc, 0x30, 0x1a, 0x40,
    0x1a, 0xc2, 0xcc, 0x3, 0xb6, 0xd0, 0x3, 0xce,
    0x80, 0x10, 0xff, 0xfe, 0x0, 0x88, 0xbc, 0x1,
    0x66, 0xef, 0x0, 0x7f, 0xff, 0xc0, 0x3f, 0xf9,
    0x80,

    /* U+0404 "Є" */
    0x0, 0x8e, 0x77, 0xfd, 0xb4, 0xa0, 0x14, 0x63,
    0x10, 0x88, 0x96, 0x40, 0xe, 0xe1, 0x8f, 0xee,
    0x7d, 0xf0, 0xc, 0x6, 0xb8, 0x6, 0x42, 0x6,
    0x4, 0x30, 0xf, 0xd8, 0xb, 0xbb, 0xe2, 0x0,
    0x38, 0x9, 0x17, 0x84, 0x0, 0x20, 0xff, 0xfe,
    0x30, 0x3, 0x1, 0x0, 0x7f, 0x18, 0x28, 0x7,
    0xf5, 0x0, 0x24, 0x3, 0xf1, 0x28, 0x35, 0x10,
    0x4, 0x8c, 0x0, 0xa4, 0x5, 0xdf, 0xef, 0xbd,
    0x0, 0xae, 0x90, 0x40, 0x49, 0x7c, 0x0,

    /* U+0405 "Ѕ" */
    0x0, 0xc, 0xef, 0xf6, 0x49, 0x80, 0xb, 0xd8,
    0x84, 0x46, 0xd6, 0x0, 0x81, 0x3e, 0xe7, 0xf4,
    0xd0, 0x1, 0xc2, 0x44, 0x0, 0x2c, 0x40, 0x6,
    0xd, 0x0, 0xfd, 0xe0, 0xf2, 0x20, 0x1e, 0x49,
    0x16, 0xeb, 0x40, 0xe, 0x6e, 0x81, 0x4b, 0xb0,
    0x7, 0x9f, 0xa8, 0x52, 0x80, 0x3e, 0x5a, 0x5,
    0x0, 0xfc, 0xc0, 0x1a, 0xc, 0x2, 0x19, 0x3,
    0x0, 0x3e, 0x7f, 0x74, 0x81, 0xe0, 0x8, 0x41,
    0x18, 0x9b, 0x4c, 0x0,

    /* U+0406 "І" */
    0x2f, 0xf0, 0x7, 0xff, 0xa4,

    /* U+0407 "Ї" */
    0x6, 0x11, 0x30, 0x34, 0xc5, 0xcb, 0x10, 0x7e,
    0x82, 0xa7, 0xb3, 0xf9, 0x80, 0x7c, 0x3f, 0xe1,
    0x0, 0xff, 0xff, 0x80, 0x60,

    /* U+0408 "Ј" */
    0x0, 0x8f, 0xfc, 0x1, 0xff, 0xff, 0x0, 0xf3,
    0x80, 0x80, 0x5c, 0xb, 0x1d, 0xea, 0x1f, 0xe1,
    0x3, 0xb4,

    /* U+0409 "Љ" */
    0x0, 0xa7, 0xff, 0xf0, 0x80, 0x7f, 0x8c, 0x4,
    0x8b, 0x0, 0x7f, 0xf0, 0xef, 0x76, 0xc0, 0xf,
    0xfe, 0x8, 0x80, 0x80, 0x7f, 0xf1, 0x5c, 0x1c,
    0x3, 0xff, 0x8a, 0x20, 0x20, 0x1e, 0xef, 0xf6,
    0xd1, 0x80, 0x71, 0x81, 0x80, 0x78, 0x88, 0x24,
    0xb8, 0xa0, 0x18, 0x40, 0x40, 0x3d, 0x9b, 0xdc,
    0x50, 0xb0, 0xf, 0xfe, 0x20, 0xd0, 0xa, 0x0,
    0x8, 0x8, 0x3, 0xff, 0x80, 0x20, 0x20, 0x7,
    0x6, 0x0, 0xff, 0x84, 0x40, 0xc0, 0x32, 0x6,
    0x1, 0xfe, 0x3d, 0x1, 0x3e, 0xe1, 0x85, 0x0,
    0x7d, 0xdf, 0xec, 0x30, 0xa0, 0x30, 0x2b, 0x20,
    0xf, 0xf1, 0x36, 0xa0, 0x0,

    /* U+040A "Њ" */
    0x1f, 0xf0, 0x80, 0x75, 0xfb, 0x80, 0x7f, 0xff,
    0xc0, 0x3f, 0xec, 0xdd, 0xe4, 0x9, 0xdd, 0x64,
    0x98, 0x7, 0x11, 0x78, 0x0, 0x24, 0x43, 0x6c,
    0x90, 0xd, 0xdf, 0xfc, 0x81, 0x1f, 0xed, 0x70,
    0x65, 0x0, 0xff, 0xe1, 0x14, 0x20, 0x78, 0x7,
    0xff, 0x13, 0x0, 0x40, 0x3f, 0xf8, 0x9a, 0x2,
    0x1, 0xff, 0xc3, 0x65, 0xf, 0x0, 0xff, 0xa7,
    0x75, 0xf2, 0x8, 0xa0, 0x1f, 0xf0, 0x91, 0x5,
    0x26, 0xc0,

    /* U+040B "Ћ" */
    0xbf, 0xff, 0xe8, 0x0, 0x84, 0x88, 0x20, 0x2,
    0x2d, 0xe0, 0x15, 0x6e, 0xac, 0xb, 0x77, 0x38,
    0x7, 0xff, 0x60, 0xe2, 0xf3, 0x14, 0x80, 0x1f,
    0xb, 0xa1, 0x99, 0x6e, 0x0, 0x3c, 0x37, 0xdf,
    0xac, 0xe, 0x40, 0x1c, 0x68, 0x20, 0x52, 0x40,
    0x80, 0x1f, 0xf3, 0x80, 0x80, 0x7f, 0xf0, 0x7c,
    0x3, 0xff, 0xbc,

    /* U+040C "Ќ" */
    0x0, 0xf6, 0xfd, 0x0, 0x7e, 0x72, 0x4a, 0x0,
    0xf8, 0x60, 0xec, 0x3, 0xf1, 0x46, 0x80, 0x7f,
    0x1b, 0x88, 0x7, 0xf, 0xf8, 0x40, 0x32, 0xff,
    0x8, 0x7, 0xc3, 0x61, 0x42, 0x1, 0xf5, 0x8b,
    0x20, 0x7, 0xca, 0xa1, 0x90, 0xf, 0x86, 0xc2,
    0x80, 0x3f, 0x58, 0xb2, 0x0, 0x7b, 0xbd, 0x46,
    0x40, 0x3e, 0x22, 0x0, 0x98, 0x7, 0xd9, 0xac,
    0x1c, 0x1, 0xfd, 0x24, 0x49, 0x0, 0xfe, 0xe0,
    0x64, 0x0, 0xfc, 0x6e, 0x14, 0x20, 0x1f, 0xa0,
    0xc6, 0xc0, 0x3f, 0xb8, 0x15, 0x80,

    /* U+040D "Ѝ" */
    0x0, 0xd7, 0xf8, 0x1, 0xfe, 0xb3, 0x32, 0x80,
    0x7f, 0xb4, 0xac, 0x40, 0x3f, 0x87, 0x18, 0x80,
    0x3f, 0xc3, 0x6, 0x1, 0x87, 0xfc, 0x20, 0x1c,
    0xdf, 0xe6, 0x0, 0xfc, 0x30, 0x1, 0xff, 0x40,
    0x88, 0x3, 0xf8, 0xd9, 0x10, 0x1, 0xfd, 0xe1,
    0x22, 0x1, 0xf9, 0x8e, 0x8, 0x3, 0xf0, 0xc1,
    0x38, 0x38, 0x7, 0x8, 0x40, 0xc8, 0x7, 0xf1,
    0xb2, 0xa0, 0x7, 0xf7, 0x85, 0x80, 0x7f, 0x31,
    0xc0, 0x80, 0x7f, 0x41, 0x38, 0x7, 0xf8, 0x64,
    0x3, 0xfe, 0x54, 0x0, 0xfc,

    /* U+040E "Ў" */
    0x0, 0x96, 0x4, 0x0, 0xee, 0x0, 0xf6, 0xbc,
    0x13, 0xc6, 0x80, 0x7a, 0x11, 0xb6, 0xe, 0xc0,
    0x3e, 0xbd, 0xbd, 0xc1, 0x0, 0xfc, 0x48, 0x40,
    0x1d, 0x3f, 0x60, 0x1f, 0x7f, 0x92, 0x1, 0xc,
    0x3, 0x98, 0x9, 0x5, 0x82, 0x0, 0x3a, 0xc2,
    0x0, 0x10, 0x8, 0x60, 0x12, 0x10, 0xa8, 0x0,
    0x5c, 0x20, 0x2, 0xf0, 0x90, 0xd, 0x20, 0x86,
    0x4, 0x80, 0xe0, 0x18, 0x5c, 0x20, 0x2c, 0x1c,
    0x3, 0xd2, 0x28, 0x86, 0x9, 0x0, 0xf0, 0xc8,
    0x50, 0x28, 0x80, 0x7c, 0xe2, 0x20, 0x80, 0xf,
    0xe2, 0x5, 0x20, 0xf, 0x86, 0x4c, 0x20, 0x3,
    0xcf, 0xfc, 0xc1, 0x24, 0x1, 0xe1, 0x10, 0x1d,
    0xb0, 0x7, 0x80,

    /* U+040F "Џ" */
    0x1f, 0xf0, 0x80, 0x71, 0xff, 0x0, 0x7f, 0xff,
    0xc0, 0x3f, 0xfe, 0x19, 0xbb, 0xe0, 0xe, 0x22,
    0xf0, 0x80, 0x7, 0xff, 0x28, 0x47, 0xfd, 0xc0,
    0x1f, 0xfc, 0xc0,

    /* U+0410 "А" */
    0x0, 0xec, 0xfd, 0x0, 0xff, 0x11, 0x81, 0x18,
    0x7, 0xf5, 0x2, 0x85, 0x0, 0x7f, 0x30, 0x58,
    0x30, 0x7, 0xe5, 0x14, 0x15, 0x6, 0x0, 0xfb,
    0x83, 0x83, 0x82, 0x80, 0x3c, 0x28, 0xa, 0x8,
    0x26, 0x40, 0x1c, 0xc0, 0xc0, 0x13, 0x5, 0x0,
    0x75, 0x3, 0x7f, 0xce, 0xc, 0x1, 0x90, 0x80,
    0x47, 0x80, 0x54, 0x2, 0xe0, 0x7e, 0xee, 0x70,
    0xe0, 0x0, 0xa8, 0x50, 0x7, 0x50, 0x20, 0x83,
    0x81, 0x10, 0x3, 0x88, 0xc1, 0x82, 0x82, 0x80,
    0x3e, 0xa0, 0xa0,

    /* U+0411 "Б" */
    0x1f, 0xff, 0xd4, 0x1, 0x88, 0xbe, 0x0, 0xd9,
    0xbb, 0xd0, 0x1, 0xff, 0xce, 0xcd, 0xd5, 0xc1,
    0x0, 0x71, 0x14, 0x8f, 0xac, 0x1, 0xbb, 0xfd,
    0x88, 0x12, 0x20, 0x1e, 0x3b, 0x10, 0x70, 0xf,
    0xc4, 0x2, 0x1, 0xf8, 0x80, 0x40, 0x3e, 0x91,
    0x7, 0x0, 0xb3, 0x7b, 0xd8, 0x24, 0x40, 0x22,
    0x20, 0x89, 0x71, 0x80,

    /* U+0412 "В" */
    0x2f, 0xfe, 0xec, 0x71, 0x0, 0xe3, 0x38, 0xe,
    0x30, 0x40, 0x36, 0x65, 0xd6, 0x4, 0xe0, 0x1f,
    0x91, 0x1, 0xe0, 0x1f, 0xce, 0x1c, 0x1, 0xf0,
    0xb9, 0x8b, 0x0, 0x6f, 0xfb, 0xa1, 0xbc, 0x40,
    0x32, 0x24, 0x60, 0xd6, 0x20, 0x1a, 0xee, 0xce,
    0x35, 0xb0, 0xf, 0xc3, 0x20, 0xa0, 0x1f, 0xfc,
    0x82, 0x80, 0x30, 0xd, 0x99, 0x6e, 0x88, 0x3c,
    0x3, 0x19, 0xc4, 0x46, 0xd3, 0x0,

    /* U+0413 "Г" */
    0x1f, 0xff, 0xc0, 0x11, 0x17, 0x80, 0x2c, 0xdd,
    0xe0, 0xf, 0xff, 0xf8, 0x7, 0xff, 0x30,

    /* U+0414 "Д" */
    0x0, 0x87, 0xff, 0xf6, 0x0, 0x71, 0x80, 0x8,
    0xb0, 0x80, 0x7c, 0x20, 0x7b, 0xba, 0xc0, 0x3e,
    0x70, 0x70, 0xf, 0xfe, 0x0, 0x80, 0x80, 0x7f,
    0xf0, 0xc, 0xc, 0x3, 0xff, 0x80, 0x20, 0x20,
    0x1f, 0xfc, 0xe, 0xf, 0x0, 0xff, 0xe0, 0x10,
    0x10, 0x7, 0xff, 0x1, 0x1, 0x0, 0x3f, 0xe6,
    0x3, 0x10, 0xf, 0xfa, 0x2, 0x40, 0x3f, 0xd5,
    0xc2, 0x11, 0xbb, 0xd6, 0x7, 0xb2, 0xc2, 0x0,
    0x22, 0xf0, 0x80, 0x8, 0xc0, 0x17, 0xff, 0xfd,
    0x20, 0x1f, 0xfd, 0x4d, 0xe4, 0x0, 0xfe, 0x6e,
    0xb0,

    /* U+0415 "Е" */
    0x2f, 0xff, 0xc0, 0x11, 0x17, 0x80, 0x2d, 0xdf,
    0x0, 0x7f, 0xf4, 0xbf, 0xfa, 0x80, 0x22, 0x2f,
    0x0, 0x5b, 0xbd, 0x0, 0x1f, 0xfd, 0x2d, 0xdf,
    0x0, 0x44, 0x5e,

    /* U+0416 "Ж" */
    0x3f, 0xf0, 0x80, 0x6c, 0xf5, 0x0, 0xcf, 0xf8,
    0x6, 0xe1, 0x40, 0x1f, 0xe2, 0x80, 0xe0, 0x4,
    0x12, 0x28, 0x7, 0xf4, 0x83, 0x90, 0x5, 0xc1,
    0x62, 0x1, 0xf3, 0x21, 0x40, 0x6, 0x36, 0x1b,
    0x0, 0xf0, 0xc8, 0x70, 0x7, 0xa4, 0x55, 0x40,
    0x1d, 0x40, 0xe6, 0x1, 0xf5, 0x5, 0x79, 0x85,
    0x7a, 0xc, 0x0, 0x7e, 0xc0, 0x1, 0x0, 0x4,
    0x80, 0x48, 0x3, 0xe3, 0x70, 0xcd, 0x30, 0xbd,
    0x50, 0xf0, 0xf, 0xb8, 0x1c, 0xc0, 0x3a, 0xc4,
    0xa0, 0x3, 0xa4, 0x89, 0x0, 0x1e, 0x1a, 0x7,
    0x30, 0x8, 0xd8, 0x38, 0x3, 0xf2, 0x30, 0x70,
    0x5, 0xc0, 0xe6, 0x1, 0xfd, 0x22, 0x50, 0x12,
    0x44, 0x80, 0xf, 0xfa, 0x81, 0xcc,

    /* U+0417 "З" */
    0x5, 0xad, 0xef, 0xeb, 0x40, 0xa, 0x14, 0x80,
    0x44, 0x97, 0x0, 0xe, 0xcf, 0xee, 0x98, 0x1c,
    0x0, 0x66, 0x0, 0x86, 0x80, 0x3f, 0x86, 0x41,
    0x80, 0x24, 0xcc, 0x6f, 0x3c, 0x48, 0x4, 0x46,
    0x62, 0x0, 0x78, 0x6, 0x6f, 0xf7, 0x58, 0xbe,
    0x0, 0x78, 0x53, 0x40, 0xd0, 0x3, 0xe1, 0x30,
    0x30, 0xf, 0xc4, 0x2, 0x26, 0x10, 0x8, 0xa8,
    0x41, 0xca, 0x7b, 0xf7, 0xb5, 0x42, 0x44, 0x9c,
    0xc4, 0x84, 0x9b, 0x58, 0x0,

    /* U+0418 "И" */
    0x1f, 0xf0, 0x80, 0x73, 0x7f, 0x98, 0x3, 0xf0,
    0xc0, 0x7, 0xfd, 0x2, 0x20, 0xf, 0xe3, 0x64,
    0x40, 0x7, 0xf7, 0x84, 0x88, 0x7, 0xe6, 0x38,
    0x20, 0xf, 0xc3, 0x4, 0xe0, 0xe0, 0x1c, 0x21,
    0x3, 0x20, 0x1f, 0xc6, 0xca, 0x80, 0x1f, 0xde,
    0x16, 0x1, 0xfc, 0xc7, 0x2, 0x1, 0xfd, 0x4,
    0xe0, 0x1f, 0xe1, 0x90, 0xf, 0xf9, 0x50, 0x3,
    0xf0,

    /* U+0419 "Й" */
    0x0, 0x96, 0x8, 0x0, 0xee, 0x0, 0xf1, 0xbc,
    0x13, 0x45, 0x80, 0x79, 0x95, 0x5b, 0x25, 0xc0,
    0x1f, 0x57, 0x66, 0xe8, 0x80, 0x3f, 0x9, 0x90,
    0x7, 0xf, 0xf8, 0x40, 0x39, 0xbf, 0xcc, 0x1,
    0xf8, 0x60, 0x3, 0xfe, 0x81, 0x10, 0x7, 0xf1,
    0xb2, 0x20, 0x3, 0xfb, 0xc2, 0x44, 0x3, 0xf3,
    0x1c, 0x10, 0x7, 0xe1, 0x82, 0x70, 0x70, 0xe,
    0x10, 0x81, 0x90, 0xf, 0xe3, 0x65, 0x40, 0xf,
    0xef, 0xb, 0x0, 0xfe, 0x63, 0x81, 0x0, 0xfe,
    0x82, 0x70, 0xf, 0xf0, 0xc8, 0x7, 0xfc, 0xa8,
    0x1, 0xf8,

    /* U+041A "К" */
    0x1f, 0xf0, 0x80, 0x65, 0xfe, 0x10, 0xf, 0x86,
    0xc2, 0x84, 0x3, 0xeb, 0x16, 0x40, 0xf, 0x95,
    0x43, 0x20, 0x1f, 0xd, 0x85, 0x0, 0x7e, 0xb1,
    0x64, 0x0, 0xf7, 0x7a, 0x8c, 0x80, 0x7c, 0x44,
    0x1, 0x30, 0xf, 0xb3, 0x58, 0x38, 0x3, 0xfa,
    0x48, 0x92, 0x1, 0xfd, 0xc0, 0xc8, 0x1, 0xf8,
    0xdc, 0x28, 0x40, 0x3f, 0x41, 0x8d, 0x80, 0x7f,
    0x70, 0x2b, 0x0,

    /* U+041B "Л" */
    0x0, 0xa7, 0xff, 0xf2, 0x0, 0x46, 0x2, 0x45,
    0x80, 0x3c, 0x21, 0x7b, 0xb8, 0x40, 0x39, 0xc0,
    0x40, 0x3f, 0xf8, 0xe, 0x1, 0xfe, 0x10, 0x10,
    0xf, 0xf1, 0x81, 0x80, 0x7f, 0x84, 0x4, 0x3,
    0xf8, 0x40, 0x3f, 0xf8, 0x6, 0x4, 0x1, 0xfe,
    0x70, 0x60, 0xf, 0xe1, 0x90, 0x30, 0xf, 0xdd,
    0xc3, 0xa, 0x0, 0xfc, 0x40, 0x76, 0x40, 0x1f,
    0x80,

    /* U+041C "М" */
    0x1f, 0xf8, 0x80, 0x3e, 0xdf, 0xf3, 0x80, 0x6a,
    0x0, 0xf1, 0x90, 0x7, 0x10, 0x30, 0x7, 0xa8,
    0xc, 0x3, 0xa, 0xa, 0x0, 0x73, 0x8a, 0x80,
    0x61, 0xe0, 0xd0, 0xc, 0xa2, 0xc0, 0x1e, 0x51,
    0x60, 0xd, 0xc1, 0x46, 0x1, 0xe7, 0x5, 0x0,
    0xa, 0x19, 0x0, 0x7d, 0x41, 0xc0, 0x6, 0xa,
    0x0, 0xfc, 0x64, 0x82, 0x14, 0xe, 0x1, 0xfc,
    0xa0, 0xc6, 0x4a, 0x20, 0x1f, 0xd4, 0x17, 0x41,
    0xc0, 0x1f, 0xe2, 0x33, 0x30, 0xa0, 0x7, 0xfd,
    0x40, 0x6, 0x0, 0xff, 0xe0, 0x38, 0x2, 0x80,
    0x3c,

    /* U+041D "Н" */
    0x1f, 0xf0, 0x80, 0x7b, 0xfc, 0x40, 0x1f, 0xff,
    0x8e, 0xff, 0xf0, 0x7, 0x88, 0xbe, 0x0, 0xf6,
    0x6e, 0xf8, 0x3, 0xff, 0xf0,

    /* U+041E "О" */
    0x0, 0x92, 0xb7, 0xfb, 0x1c, 0x3, 0xd5, 0x6a,
    0x44, 0x3, 0x8e, 0x20, 0xa, 0x54, 0x27, 0xf7,
    0xb0, 0x87, 0xc0, 0x4, 0xc1, 0x4c, 0x1, 0x1e,
    0x9, 0x38, 0x50, 0x12, 0x80, 0x70, 0xb0, 0x50,
    0x18, 0x20, 0x7, 0xd8, 0x4, 0xe, 0x1c, 0x1,
    0xf3, 0x0, 0x4, 0x3, 0xff, 0x84, 0xe1, 0xc0,
    0x1f, 0x30, 0x0, 0x70, 0x10, 0x3, 0xec, 0x3,
    0x5, 0x2, 0x50, 0xe, 0x16, 0xb, 0x2, 0x70,
    0xa6, 0x0, 0x8f, 0x4, 0x9c, 0x1, 0xa, 0x13,
    0xfd, 0xf8, 0x44, 0xf0, 0xd, 0x56, 0xa2, 0x31,
    0xce, 0x90, 0x0,

    /* U+041F "П" */
    0x1f, 0xff, 0xf8, 0x2, 0x22, 0xf0, 0x80, 0x76,
    0x6e, 0xf8, 0x3, 0xff, 0xfe, 0x1, 0xff, 0xef,

    /* U+0420 "Р" */
    0x2f, 0xfe, 0xda, 0x20, 0xe, 0x22, 0x9, 0x2e,
    0xa0, 0x6, 0xdd, 0x76, 0x98, 0x50, 0x7, 0xc5,
    0xc0, 0x24, 0x1, 0xf1, 0x0, 0x7f, 0x90, 0x0,
    0x40, 0x1c, 0x2b, 0x40, 0xa0, 0x1b, 0xfd, 0xd4,
    0x27, 0x60, 0x18, 0x88, 0x6b, 0x58, 0x20, 0x1b,
    0x75, 0x94, 0xa0, 0x1f, 0xfe, 0x30,

    /* U+0421 "С" */
    0x0, 0x8e, 0x77, 0xfd, 0xb4, 0xa0, 0x14, 0x63,
    0x10, 0x88, 0x96, 0x40, 0xe, 0xe0, 0x7e, 0xeb,
    0xeb, 0xc0, 0x60, 0x22, 0x2, 0x1, 0x29, 0x83,
    0x0, 0xb8, 0x7, 0xec, 0x7, 0x0, 0xfe, 0x70,
    0xe0, 0xf, 0xe1, 0x0, 0xff, 0x98, 0x38, 0x3,
    0xf8, 0xc1, 0x0, 0x3f, 0xa8, 0x9, 0x80, 0x3f,
    0x12, 0x84, 0xc1, 0x0, 0x46, 0x80, 0xa, 0x40,
    0x7d, 0xfe, 0xfc, 0xe0, 0xa, 0xe9, 0x44, 0x4,
    0x97, 0x80,

    /* U+0422 "Т" */
    0xbf, 0xff, 0xf0, 0x91, 0x42, 0x0, 0x22, 0xd5,
    0xbb, 0x48, 0x26, 0xee, 0x0, 0xff, 0xff, 0x80,
    0x7f, 0xf8, 0x80,

    /* U+0423 "У" */
    0x9f, 0xb0, 0xf, 0xbf, 0xc9, 0x0, 0x86, 0x1,
    0xcc, 0x4, 0x82, 0xc1, 0x0, 0x1d, 0x61, 0x0,
    0x8, 0x4, 0x30, 0x9, 0x8, 0x54, 0x0, 0x2e,
    0x10, 0x1, 0x78, 0x48, 0x6, 0x90, 0x43, 0x2,
    0x40, 0x70, 0xc, 0x2e, 0x10, 0x16, 0xe, 0x1,
    0xe9, 0x14, 0x43, 0x4, 0x80, 0x78, 0x64, 0x28,
    0x14, 0x40, 0x3e, 0x71, 0x10, 0x40, 0x7, 0xf1,
    0x2, 0x90, 0x7, 0xc3, 0x26, 0x10, 0x1, 0xe7,
    0xfe, 0x60, 0x92, 0x0, 0xf0, 0x88, 0xe, 0xd8,
    0x3, 0xc0,

    /* U+0424 "Ф" */
    0x0, 0xf5, 0x7b, 0x80, 0x7e, 0x28, 0xdf, 0x50,
    0x8e, 0xc8, 0x10, 0x9, 0x75, 0xc8, 0x82, 0x4,
    0x66, 0x7f, 0x30, 0x2a, 0x7, 0xfd, 0x40, 0xad,
    0xe5, 0x1d, 0x1b, 0x4, 0x80, 0xf, 0xd, 0x18,
    0xb2, 0x6, 0x80, 0x7f, 0x58, 0x61, 0x82, 0x80,
    0x7f, 0x8, 0x39, 0x83, 0x0, 0x7f, 0x8, 0x32,
    0x7, 0x80, 0x7f, 0x50, 0x6d, 0x82, 0xc0, 0x7,
    0x86, 0x88, 0x58, 0xa8, 0x1f, 0xf5, 0x2, 0x77,
    0x94, 0x74, 0x41, 0x75, 0xc8, 0x82, 0x2, 0x66,
    0x8f, 0x30, 0x8, 0xa3, 0x7d, 0x42, 0x3b, 0x1c,
    0x40, 0x3f, 0xf8, 0xa0,

    /* U+0425 "Х" */
    0x4f, 0xf0, 0x80, 0x76, 0x7b, 0x82, 0x28, 0x50,
    0x6, 0x63, 0x33, 0x80, 0x2c, 0x51, 0x40, 0x3,
    0x21, 0xe0, 0x10, 0xd8, 0x58, 0x85, 0x3, 0x98,
    0x6, 0x55, 0xc, 0x2a, 0x14, 0x0, 0x7a, 0xc5,
    0xac, 0x38, 0x3, 0xe1, 0x80, 0x16, 0x30, 0xf,
    0xda, 0x0, 0x40, 0xf, 0xca, 0x84, 0x85, 0x0,
    0x1e, 0x1b, 0xe, 0x90, 0x73, 0x0, 0xeb, 0x16,
    0x32, 0x80, 0xe0, 0xc, 0x8a, 0x32, 0x0, 0x72,
    0x24, 0x0, 0x54, 0x14, 0x1, 0xb8, 0x1c, 0x82,
    0x45, 0x50, 0x3, 0x1b, 0x7, 0x0,

    /* U+0426 "Ц" */
    0x1f, 0xf0, 0x80, 0x72, 0x7f, 0x0, 0x7f, 0xff,
    0xc0, 0x3f, 0xff, 0xe0, 0x1f, 0xd9, 0xbb, 0xd4,
    0x3, 0xb6, 0x1, 0x11, 0x78, 0x40, 0x4, 0xc3,
    0xff, 0xfe, 0xb0, 0xf, 0xfe, 0xea, 0x76, 0x0,

    /* U+0427 "Ч" */
    0x8f, 0xa0, 0xe, 0x5f, 0xd0, 0xf, 0xff, 0x7,
    0x83, 0x80, 0x7e, 0x40, 0x28, 0x10, 0x14, 0xf0,
    0x1, 0xb0, 0x3f, 0x7f, 0x5a, 0x80, 0x53, 0x4a,
    0x66, 0x47, 0x70, 0x6, 0x5a, 0xcc, 0x5c, 0x68,
    0x7, 0xff, 0x88,

    /* U+0428 "Ш" */
    0x2f, 0xf0, 0x7, 0x57, 0xc0, 0x6, 0x2f, 0xf0,
    0x7, 0xff, 0xfc, 0x3, 0xff, 0xfe, 0x1, 0xff,
    0xf3, 0xee, 0xe5, 0x7, 0xee, 0xd8, 0x1, 0xe1,
    0x1e, 0x0, 0x84, 0x78, 0x2,

    /* U+0429 "Щ" */
    0x2f, 0xf0, 0x7, 0x67, 0xa8, 0x6, 0x7f, 0xb0,
    0xf, 0xff, 0xf8, 0x7, 0xff, 0xfc, 0x3, 0xff,
    0xff, 0xbb, 0xc6, 0x17, 0xbb, 0xa4, 0x13, 0x60,
    0x2, 0x22, 0xe0, 0x0, 0x91, 0x61, 0x0, 0x11,
    0x5f, 0xff, 0xfc, 0x48, 0x0, 0xff, 0xf7, 0xb6,
    0xd8,

    /* U+042A "Ъ" */
    0xbf, 0xfd, 0x80, 0x1f, 0x84, 0x88, 0x20, 0x1f,
    0xea, 0xdd, 0x58, 0x7, 0xff, 0x7c, 0xf7, 0x59,
    0x4c, 0x1, 0xfc, 0x44, 0x35, 0x9d, 0x10, 0xf,
    0x17, 0xfb, 0xa8, 0x4a, 0x80, 0x3f, 0x85, 0x6c,
    0x10, 0x3, 0xfe, 0x70, 0x0, 0x80, 0x7f, 0x98,
    0x0, 0x20, 0x1f, 0xc7, 0x20, 0x80, 0x1e, 0x2d,
    0xd7, 0x61, 0xc, 0x80, 0x7c, 0x44, 0x12, 0x7f,
    0x20,

    /* U+042B "Ы" */
    0x1f, 0xf0, 0x7, 0xf5, 0x7c, 0x0, 0x7f, 0xfc,
    0xff, 0xed, 0xa3, 0x0, 0xfe, 0x22, 0x9, 0x2e,
    0x28, 0x7, 0xec, 0xde, 0xe2, 0x5, 0x80, 0x7f,
    0xc3, 0x40, 0x26, 0x1, 0xff, 0x8, 0x81, 0x80,
    0x3f, 0xe1, 0x10, 0x30, 0x7, 0xf8, 0x68, 0x4,
    0xc0, 0x3e, 0xcd, 0xee, 0x20, 0x50, 0x7, 0xe2,
    0x20, 0x93, 0x6a, 0x0, 0x70,

    /* U+042C "Ь" */
    0x1f, 0xf0, 0x80, 0x7f, 0xfa, 0xb3, 0x72, 0xdc,
    0x40, 0x38, 0x88, 0x69, 0x1c, 0x80, 0x1b, 0xbf,
    0xb0, 0xc2, 0x80, 0x3c, 0x27, 0xa0, 0x28, 0x1,
    0xf0, 0x88, 0x4, 0x3, 0xf0, 0x80, 0x80, 0x78,
    0x68, 0x5, 0x0, 0x2c, 0xde, 0xe2, 0x85, 0x80,
    0x62, 0x20, 0x93, 0x6a, 0x80,

    /* U+042D "Э" */
    0x5, 0xad, 0xff, 0x6d, 0x18, 0x6, 0x85, 0x21,
    0x11, 0x2e, 0x48, 0x5, 0xd9, 0xfd, 0xcf, 0x91,
    0x68, 0x0, 0x19, 0x80, 0x33, 0x68, 0x39, 0x0,
    0x7e, 0x35, 0x5, 0x0, 0x16, 0xef, 0x90, 0x34,
    0x0, 0x24, 0x5e, 0x10, 0x60, 0x1, 0xff, 0xf9,
    0xc0, 0x3f, 0xe2, 0x6, 0x0, 0xfe, 0x50, 0xc0,
    0xf, 0xd0, 0x0, 0x70, 0x72, 0x0, 0x8a, 0x5c,
    0x20, 0x42, 0x37, 0xfb, 0x9a, 0xc0, 0xee, 0x0,
    0x4a, 0x8, 0xc4, 0xd9, 0x0, 0x0,

    /* U+042E "Ю" */
    0x1f, 0xf0, 0x80, 0x65, 0xbe, 0xfe, 0xc6, 0x0,
    0xff, 0x5d, 0x21, 0x2a, 0x8e, 0x70, 0x40, 0x3e,
    0xa4, 0x1c, 0xc5, 0x5f, 0x19, 0xa8, 0x3, 0xc4,
    0xa1, 0x46, 0x1, 0xe, 0x82, 0x20, 0x3, 0x94,
    0x5, 0x0, 0x38, 0x54, 0x34, 0x2, 0xcd, 0x90,
    0x40, 0xf, 0xb4, 0x14, 0x2, 0x22, 0x8, 0x18,
    0x7, 0xc4, 0x2, 0x1, 0x77, 0xb8, 0x7, 0xf1,
    0x80, 0x7d, 0xc0, 0x40, 0x1f, 0x8, 0x8, 0x7,
    0x28, 0x28, 0x7, 0xd8, 0xa, 0x1, 0xc6, 0x42,
    0xc0, 0x1c, 0x68, 0x1a, 0x1, 0xe9, 0x9, 0x60,
    0x9, 0x34, 0x11, 0x0, 0x1e, 0x48, 0x9, 0xfd,
    0xfb, 0x13, 0xa0, 0xf, 0xcf, 0x8a, 0x24, 0x27,
    0x38, 0x20,

    /* U+042F "Я" */
    0x0, 0x96, 0xfb, 0xff, 0x88, 0x1, 0x74, 0x82,
    0x45, 0x0, 0x64, 0x40, 0x4f, 0xee, 0xc0, 0x1b,
    0x0, 0xd8, 0x3, 0xf7, 0x80, 0x7f, 0xca, 0x6,
    0xe0, 0x1f, 0x8a, 0x42, 0x3f, 0x73, 0x0, 0x1c,
    0xda, 0x60, 0x46, 0x60, 0xf, 0x19, 0x82, 0xff,
    0xc0, 0x1e, 0xa0, 0x44, 0x0, 0x7c, 0x88, 0x9,
    0x0, 0xfd, 0x41, 0x4, 0x1, 0xf4, 0x9, 0x38,
    0x7, 0xc4, 0xe1, 0x20, 0x1f, 0x80,

    /* U+0430 "а" */
    0x1, 0x6b, 0xef, 0xeb, 0x30, 0xa, 0x50, 0x90,
    0xd3, 0xc, 0x7, 0x7f, 0x2f, 0x58, 0x24, 0x0,
    0x40, 0x1, 0x17, 0x83, 0x0, 0x1b, 0x3f, 0xb9,
    0x20, 0x14, 0x49, 0xbd, 0x5b, 0x80, 0x4e, 0x15,
    0xa, 0x9a, 0x0, 0x10, 0x2, 0x0, 0x5a, 0x0,
    0x10, 0x2, 0x0, 0xd, 0xc0, 0x25, 0xa, 0xbc,
    0xc2, 0x80, 0x54, 0xc2, 0x83, 0x34, 0x40,

    /* U+0431 "б" */
    0x0, 0xc4, 0xd3, 0x7a, 0x60, 0x11, 0x5e, 0xcb,
    0x21, 0x30, 0x0, 0xf5, 0x9, 0xeb, 0x3d, 0x40,
    0x1c, 0x13, 0xb0, 0xa6, 0x1, 0x29, 0x2b, 0x0,
    0x7d, 0x81, 0xef, 0xbf, 0xd4, 0x20, 0x5, 0x9,
    0x80, 0x31, 0x5f, 0x10, 0x20, 0x3c, 0xdc, 0xe2,
    0x18, 0x1, 0x6, 0x30, 0x0, 0xc0, 0x30, 0x5,
    0x80, 0x19, 0xc0, 0x2, 0x20, 0x10, 0xc, 0x60,
    0x3, 0x20, 0x20, 0xc, 0x60, 0x2, 0x40, 0xc0,
    0xc, 0x80, 0x41, 0x40, 0xa8, 0x0, 0x28, 0xb,
    0x2, 0x80, 0xbc, 0xc6, 0x8a, 0x30, 0x1, 0xec,
    0xcf, 0x4d, 0x80, 0x0,

    /* U+0432 "в" */
    0x5f, 0xfe, 0xea, 0x20, 0x8, 0x55, 0x60, 0x5c,
    0x0, 0x8a, 0xaa, 0xf0, 0x13, 0x0, 0xfe, 0x10,
    0x1, 0x4c, 0xab, 0xc2, 0x8, 0x0, 0x2c, 0xc5,
    0x14, 0x30, 0x8, 0xff, 0xdd, 0x49, 0x66, 0x1,
    0xc2, 0xaa, 0xb, 0x0, 0xf9, 0xc3, 0xc0, 0x5,
    0x54, 0xbe, 0x21, 0x60, 0x0, 0xaa, 0x90, 0x1b,
    0x4,

    /* U+0433 "г" */
    0x5f, 0xff, 0x48, 0x4, 0x67, 0xbc, 0x0, 0x79,
    0x99, 0x80, 0x3f, 0xfe, 0x80,

    /* U+0434 "д" */
    0x0, 0xf, 0xff, 0xd0, 0x1, 0xf2, 0x24, 0x20,
    0x1e, 0x30, 0x3b, 0xb9, 0xc0, 0x3c, 0x20, 0xe0,
    0x1f, 0xe7, 0x1, 0x0, 0xff, 0x8, 0x10, 0x7,
    0xf8, 0x83, 0x80, 0x3f, 0xd6, 0xa, 0x1, 0xfc,
    0x66, 0x13, 0x0, 0xfd, 0x3a, 0x0, 0xbb, 0xce,
    0xb, 0x62, 0x82, 0x2, 0x89, 0x84, 0x9, 0xc,
    0x1, 0x9f, 0xff, 0x8, 0x7, 0xff, 0xd, 0xcc,
    0x40, 0x3e, 0x53, 0x30,

    /* U+0435 "е" */
    0x0, 0x9b, 0x7f, 0xd6, 0x60, 0x1a, 0xe4, 0xd0,
    0xd3, 0x10, 0x0, 0xc8, 0x5f, 0x79, 0x21, 0x40,
    0xa, 0xb, 0x10, 0x3, 0x8, 0x8c, 0xc, 0x36,
    0x67, 0x0, 0x18, 0x2, 0x46, 0x6c, 0x20, 0x1d,
    0x9f, 0xfe, 0x50, 0x30, 0x40, 0xf, 0xd4, 0x10,
    0x80, 0x10, 0xa0, 0x1, 0x94, 0x2f, 0xb3, 0x7a,
    0x40, 0x2a, 0xa1, 0x81, 0x99, 0x20, 0x0,

    /* U+0436 "ж" */
    0x3f, 0xe1, 0x0, 0x17, 0xf0, 0x4, 0x5f, 0xc2,
    0x6e, 0x36, 0x1, 0xfb, 0xc2, 0xc4, 0x20, 0xd5,
    0x40, 0x1e, 0x82, 0x65, 0x0, 0xb8, 0x2c, 0x40,
    0x31, 0xb9, 0x48, 0x6, 0x28, 0x1c, 0x90, 0x1b,
    0xd0, 0xe0, 0xf, 0x8, 0x12, 0x0, 0x10, 0x40,
    0x3e, 0x18, 0xb, 0xd0, 0x1f, 0x80, 0xf0, 0xe,
    0xb1, 0x54, 0x0, 0xce, 0x46, 0xe0, 0x12, 0x28,
    0x58, 0x7, 0xa4, 0x20, 0x40, 0x12, 0x10, 0x20,
    0x1e, 0x45, 0xa, 0x8, 0x22, 0x38, 0x7, 0xeb,
    0x4, 0x50,

    /* U+0437 "з" */
    0x7, 0xce, 0xfe, 0xb4, 0x0, 0xa4, 0xc9, 0xd,
    0x2d, 0x40, 0x19, 0xf9, 0x7a, 0xc1, 0xe0, 0x2,
    0x0, 0xf1, 0x0, 0x4d, 0x35, 0x8c, 0x90, 0x1,
    0x6b, 0x29, 0x8e, 0x0, 0x6b, 0xff, 0x6a, 0xc5,
    0x0, 0x78, 0xa0, 0x14, 0x4, 0x80, 0x32, 0x0,
    0x82, 0xef, 0x65, 0xec, 0x4, 0x3, 0x30, 0xc9,
    0xd, 0x29, 0x80,

    /* U+0438 "и" */
    0x5f, 0xc0, 0xd, 0x9f, 0xe1, 0x0, 0xf2, 0x98,
    0x7, 0xf4, 0x0, 0x7f, 0x39, 0x38, 0x7, 0xc3,
    0x23, 0x0, 0x1f, 0x40, 0xd8, 0x7, 0x9c, 0x98,
    0xd4, 0x3, 0xe9, 0xf, 0x0, 0xf9, 0x91, 0x4c,
    0x3, 0xe2, 0xb, 0x0, 0xfe, 0x71, 0x0, 0xf0,

    /* U+0439 "й" */
    0x0, 0x6f, 0x80, 0x13, 0xe4, 0x3, 0x28, 0x41,
    0x78, 0x68, 0x6, 0x84, 0x7d, 0x48, 0x40, 0xe,
    0xbd, 0xce, 0x70, 0x9, 0x7f, 0x0, 0x8c, 0x73,
    0xfc, 0x20, 0x1e, 0x53, 0x0, 0xfe, 0x80, 0xf,
    0xe7, 0x27, 0x0, 0xf8, 0x64, 0x60, 0x3, 0xe8,
    0x1b, 0x0, 0xf3, 0x93, 0x1a, 0x80, 0x7d, 0x21,
    0xe0, 0x1f, 0x32, 0x29, 0x80, 0x7c, 0x41, 0x60,
    0x1f, 0xce, 0x20, 0x1e,

    /* U+043A "к" */
    0x5f, 0xc0, 0xd, 0xbe, 0xa0, 0x1e, 0x92, 0x65,
    0x0, 0xe5, 0x62, 0x90, 0xe, 0x1b, 0xe, 0x0,
    0xc7, 0x78, 0x30, 0x60, 0x1c, 0x84, 0x2, 0x1,
    0xc7, 0xf6, 0x12, 0x20, 0x1e, 0x45, 0xa, 0x0,
    0xfa, 0xc5, 0x14, 0x3, 0xc3, 0x1, 0x62, 0x1,
    0xe6, 0x41, 0xb0,

    /* U+043B "л" */
    0x0, 0x2f, 0xff, 0xca, 0x0, 0x30, 0x13, 0x38,
    0x3, 0x84, 0x27, 0x32, 0x30, 0xf, 0x8, 0x7,
    0xef, 0x3, 0x0, 0xfc, 0x20, 0x20, 0x1f, 0x88,
    0x1c, 0x3, 0xf3, 0x0, 0x80, 0x7c, 0x44, 0x2,
    0x0, 0xf7, 0x68, 0x28, 0x7, 0xf2, 0xd8, 0x7,
    0xc0,

    /* U+043C "м" */
    0x5f, 0xf6, 0x0, 0x7b, 0xbf, 0xc2, 0x1, 0x19,
    0x0, 0x65, 0x10, 0xe, 0x20, 0xb0, 0xd, 0x20,
    0x20, 0x19, 0x5, 0xc0, 0x22, 0x35, 0x30, 0xc,
    0x6c, 0x2a, 0x0, 0xb0, 0xe0, 0xf, 0x50, 0x70,
    0x1, 0xc9, 0xc, 0x3, 0x89, 0x10, 0x4a, 0x34,
    0x1, 0xfb, 0x82, 0xa4, 0x18, 0x3, 0xf2, 0x8b,
    0x1a, 0x88, 0x7, 0xf3, 0x88, 0x70, 0x7, 0xfa,
    0xc0, 0x50, 0x3, 0x80,

    /* U+043D "н" */
    0x5f, 0xc0, 0xc, 0x9f, 0xa0, 0x1f, 0xfd, 0x43,
    0xbb, 0xd0, 0x1, 0xc8, 0x98, 0xc0, 0x31, 0xff,
    0xeb, 0x0, 0xff, 0xef, 0x0,

    /* U+043E "о" */
    0x0, 0x9b, 0x3f, 0xd8, 0xc0, 0x1d, 0x52, 0x67,
    0xa6, 0x80, 0x26, 0x51, 0xdc, 0xc6, 0x8a, 0xb0,
    0x2, 0x82, 0x48, 0x0, 0x52, 0x14, 0x0, 0x30,
    0x40, 0xc, 0x80, 0x60, 0x18, 0x40, 0x31, 0x0,
    0x4, 0x2, 0x10, 0xc, 0x40, 0x1, 0x3, 0x4,
    0x0, 0xc8, 0x4, 0x0, 0x90, 0x92, 0x0, 0x14,
    0x85, 0x80, 0x15, 0x43, 0xb9, 0x8d, 0x14, 0x60,
    0xa, 0xa4, 0xcf, 0x4d, 0x80, 0x0,

    /* U+043F "п" */
    0x5f, 0xff, 0xd6, 0x1, 0x22, 0x62, 0x0, 0xc7,
    0x77, 0xc0, 0x1f, 0xff, 0xf0, 0xf, 0x80,

    /* U+0440 "р" */
    0x5f, 0x83, 0xbf, 0xf5, 0x98, 0x6, 0x5c, 0x76,
    0x44, 0x62, 0x0, 0x45, 0x19, 0x36, 0xe1, 0x20,
    0x19, 0xc0, 0x29, 0x2, 0x20, 0x0, 0x80, 0x30,
    0x88, 0x18, 0x3, 0xf1, 0x80, 0x80, 0xc, 0x3,
    0x8c, 0x4, 0x0, 0x22, 0x0, 0x8c, 0x41, 0x80,
    0x2b, 0x0, 0xa0, 0x8, 0x80, 0x2, 0x5e, 0xce,
    0x40, 0xe0, 0x8, 0x71, 0x4c, 0x53, 0xc, 0x3,
    0x1d, 0xff, 0xac, 0xc0, 0x3f, 0xfc, 0x40,

    /* U+0441 "с" */
    0x0, 0x97, 0x3f, 0xdb, 0x22, 0x0, 0xaa, 0x18,
    0x99, 0x9c, 0x41, 0x94, 0x2b, 0xb3, 0xb0, 0x1,
    0x40, 0xea, 0x1, 0x10, 0x0, 0xc3, 0x0, 0x3f,
    0x98, 0x3, 0xf8, 0x40, 0x3e, 0x20, 0xb0, 0xf,
    0xa8, 0x1d, 0x0, 0x21, 0x0, 0x3a, 0x5, 0xf6,
    0x6f, 0x0, 0x57, 0x6, 0x26, 0x66, 0x0,

    /* U+0442 "т" */
    0xbf, 0xff, 0xc8, 0x68, 0x83, 0x0, 0x22, 0x4d,
    0x17, 0x68, 0x3, 0xbb, 0x88, 0x3, 0xff, 0xfe,
    0x1, 0xc0,

    /* U+0443 "у" */
    0xcf, 0x70, 0xe, 0xef, 0x5a, 0xb, 0x0, 0xc6,
    0x20, 0xae, 0x6, 0x40, 0x15, 0x3, 0x0, 0xa8,
    0x50, 0x4, 0xe1, 0xa0, 0x9, 0x5, 0x0, 0x18,
    0x89, 0x0, 0x6, 0x44, 0x30, 0xa0, 0x60, 0xd,
    0x41, 0x40, 0xe1, 0x40, 0x19, 0x81, 0xcc, 0x4c,
    0x80, 0x30, 0xa0, 0xc8, 0x50, 0x7, 0xbc, 0x14,
    0x1c, 0x3, 0xc8, 0x20, 0xa2, 0x1, 0xf1, 0x7,
    0x0, 0x7c, 0x66, 0x14, 0x0, 0xf0, 0xf0, 0x48,
    0x7, 0x4f, 0x70, 0x8d, 0xc0, 0x38, 0x46, 0x6d,
    0x0, 0xf0,

    /* U+0444 "ф" */
    0x0, 0xf3, 0xfc, 0x80, 0x7f, 0xfa, 0x92, 0xfa,
    0x1, 0xba, 0xd4, 0x3, 0xa2, 0xd0, 0xcc, 0x4,
    0x44, 0xab, 0x0, 0x95, 0xc2, 0xb6, 0x81, 0x33,
    0x2, 0x8e, 0x0, 0x90, 0x75, 0x0, 0xe3, 0x80,
    0x90, 0x1, 0x86, 0x0, 0x7c, 0xe0, 0x24, 0x1,
    0x30, 0x7, 0xc2, 0x0, 0x10, 0x9, 0x80, 0x3e,
    0x10, 0x0, 0x81, 0x86, 0x80, 0x7c, 0xe0, 0x24,
    0x12, 0xc, 0xa0, 0x1c, 0x70, 0x12, 0x0, 0x57,
    0xa, 0xdb, 0x7, 0xdc, 0x15, 0x70, 0xa, 0x2d,
    0xc, 0x80, 0x4d, 0x2a, 0x80, 0x1c, 0x97, 0xd0,
    0xd, 0xd6, 0xa0, 0x1f, 0xff, 0x30,

    /* U+0445 "х" */
    0x5f, 0xf0, 0x80, 0x4f, 0xfc, 0xa, 0xa0, 0xa0,
    0x1, 0x40, 0x50, 0x2, 0xc5, 0x14, 0x24, 0x19,
    0x0, 0x3, 0x61, 0x6e, 0x85, 0x20, 0x19, 0x54,
    0x30, 0x1c, 0x1, 0xe9, 0x0, 0x19, 0x80, 0x3d,
    0xe0, 0x3, 0x60, 0xe, 0x73, 0x36, 0x4, 0x88,
    0x4, 0x50, 0x1c, 0x6c, 0x14, 0x1, 0x78, 0x39,
    0x4, 0x92, 0x30, 0x41, 0x12, 0x0, 0x29, 0x9,
    0x20,

    /* U+0446 "ц" */
    0x5f, 0xc0, 0xc, 0xff, 0x40, 0x1f, 0xff, 0xf0,
    0xf, 0xfe, 0x69, 0xe6, 0x6a, 0x4, 0xc3, 0x0,
    0x8c, 0xf1, 0x0, 0x9b, 0xaf, 0xff, 0xe3, 0x0,
    0xff, 0xe5, 0xa9, 0xb8,

    /* U+0447 "ч" */
    0xcf, 0x50, 0xd, 0x7e, 0xc0, 0x1f, 0xfd, 0x27,
    0x2, 0x0, 0xf8, 0xc2, 0x4c, 0x5, 0x18, 0x1,
    0x24, 0x39, 0xfd, 0x64, 0x0, 0x1d, 0x85, 0x46,
    0xa3, 0x0, 0xcf, 0x57, 0x2a, 0xe0, 0x1f, 0xfc,
    0xa0,

    /* U+0448 "ш" */
    0x6f, 0xb0, 0xd, 0xfe, 0x30, 0xa, 0x3e, 0x40,
    0x3f, 0xff, 0xe0, 0x1f, 0xfe, 0xb5, 0xbb, 0xc0,
    0xf, 0xbb, 0x94, 0x3, 0xa, 0x26, 0x0, 0x1a,
    0x24, 0x40, 0x0,

    /* U+0449 "щ" */
    0x5f, 0xc0, 0xd, 0xfe, 0x20, 0xa, 0xbd, 0xc0,
    0x3f, 0xff, 0xe0, 0x1f, 0xff, 0xd3, 0xbb, 0xc0,
    0xe, 0xbb, 0x90, 0x2a, 0xc0, 0x32, 0x26, 0x0,
    0x1a, 0x24, 0x20, 0x48, 0x2b, 0xff, 0xff, 0xc2,
    0x0, 0xff, 0xec, 0x21, 0x88,

    /* U+044A "ъ" */
    0xbf, 0xfc, 0xa0, 0x1e, 0x34, 0x40, 0x80, 0x7e,
    0x8b, 0xb1, 0x0, 0x7f, 0xf3, 0x6b, 0xfd, 0xd6,
    0x80, 0x1e, 0x34, 0x40, 0x25, 0xa0, 0x7, 0x4d,
    0xdb, 0x94, 0x3c, 0x3, 0xfb, 0xc1, 0x80, 0x3f,
    0xbc, 0x18, 0x3, 0xa6, 0xed, 0xca, 0x10, 0x1,
    0xc6, 0x88, 0x5, 0xc3,

    /* U+044B "ы" */
    0x5f, 0xc0, 0xf, 0xdf, 0xe1, 0x0, 0xff, 0xf0,
    0x1f, 0xfd, 0x8e, 0x1, 0xfc, 0x88, 0x33, 0x45,
    0x0, 0x7c, 0x77, 0x6c, 0xb0, 0x51, 0x0, 0xff,
    0x20, 0x0, 0x80, 0x3f, 0xca, 0x0, 0x20, 0xf,
    0x15, 0xdb, 0x28, 0x18, 0x40, 0x3c, 0x28, 0x83,
    0x34, 0xc8, 0x3, 0x80,

    /* U+044C "ь" */
    0x5f, 0xc0, 0xf, 0xfe, 0xd9, 0xff, 0xda, 0xe0,
    0x1c, 0x88, 0x32, 0x8b, 0x0, 0x8e, 0xed, 0x98,
    0x4, 0x20, 0xf, 0x18, 0x83, 0x0, 0x78, 0xc4,
    0x18, 0x0, 0x77, 0x6c, 0xc0, 0x29, 0x0, 0x48,
    0x83, 0x34, 0x50, 0x0,

    /* U+044D "э" */
    0x9, 0xdf, 0xf6, 0x38, 0x6, 0x43, 0x31, 0x1c,
    0x58, 0x5, 0x9d, 0x9b, 0xa1, 0x47, 0x0, 0x8,
    0x4, 0x56, 0x14, 0x1, 0x4c, 0xef, 0x2, 0x10,
    0x3, 0x36, 0x50, 0xe, 0xff, 0xda, 0x0, 0x10,
    0xf, 0x20, 0x10, 0x0, 0x80, 0x23, 0x80, 0xa0,
    0x3d, 0xec, 0xdc, 0x14, 0x70, 0x25, 0x33, 0x11,
    0xcd, 0x80, 0x0,

    /* U+044E "ю" */
    0x5f, 0xc0, 0x8, 0xab, 0xbf, 0xa4, 0x40, 0x3e,
    0x3d, 0x52, 0x62, 0x6f, 0x10, 0xf, 0x78, 0x36,
    0x4e, 0x38, 0xd8, 0x7, 0x9, 0x84, 0x0, 0x52,
    0xa, 0x20, 0x3, 0xbd, 0x1, 0x10, 0x4, 0x22,
    0x5, 0x0, 0x90, 0xc0, 0xc0, 0x38, 0xc0, 0x40,
    0x7, 0xf8, 0x4, 0x1, 0xc6, 0x2, 0x1, 0x8c,
    0x0, 0x40, 0x11, 0x8, 0x28, 0x7, 0x28, 0x48,
    0x5, 0x20, 0x82, 0x1, 0xd6, 0x29, 0xf9, 0xe8,
    0x32, 0x1, 0xe1, 0xf6, 0x13, 0x16, 0xf2, 0x0,

    /* U+044F "я" */
    0x0, 0x1d, 0xf7, 0xff, 0x8, 0x26, 0x21, 0x2a,
    0xc0, 0x1b, 0x81, 0x72, 0xaa, 0x0, 0xcc, 0x18,
    0x1, 0xf9, 0x83, 0x40, 0x3f, 0x40, 0x26, 0xd5,
    0x40, 0x18, 0xb4, 0xc9, 0x56, 0x0, 0xe3, 0x20,
    0xaf, 0xf0, 0x7, 0x58, 0xa2, 0x80, 0x79, 0x94,
    0x68, 0x3, 0xc5, 0x21, 0x62, 0x1, 0xe0,

    /* U+0450 "ѐ" */
    0x0, 0x9e, 0x10, 0x3, 0xf2, 0x3d, 0x90, 0x7,
    0xc7, 0x83, 0xe0, 0x1f, 0x8f, 0x14, 0x80, 0x3f,
    0x14, 0x10, 0x7, 0x9b, 0x7f, 0xd6, 0x60, 0x1a,
    0xe4, 0xd0, 0xd3, 0x10, 0x0, 0xc8, 0x5f, 0x79,
    0x21, 0x40, 0xa, 0xb, 0x10, 0x3, 0x8, 0x8c,
    0xc, 0x36, 0x67, 0x0, 0x18, 0x2, 0x46, 0x6c,
    0x20, 0x1d, 0x9f, 0xfe, 0x50, 0x30, 0x40, 0xf,
    0xd4, 0x10, 0x80, 0x10, 0xa0, 0x1, 0x94, 0x2f,
    0xb3, 0x7a, 0x40, 0x2a, 0xa1, 0x81, 0x99, 0x20,
    0x0,

    /* U+0451 "ё" */
    0x0, 0xb7, 0x0, 0xba, 0x40, 0x30, 0x91, 0x1,
    0x84, 0x80, 0x30, 0xef, 0x82, 0x65, 0x0, 0x72,
    0x67, 0xfa, 0x8, 0x3, 0x5c, 0x9a, 0x1a, 0x62,
    0x0, 0x19, 0xb, 0xef, 0x24, 0x28, 0x1, 0x41,
    0x62, 0x0, 0x61, 0x11, 0x81, 0x86, 0xcc, 0xe0,
    0x3, 0x0, 0x48, 0xcd, 0x84, 0x3, 0xb3, 0xff,
    0xca, 0x6, 0x8, 0x1, 0xfa, 0x82, 0x10, 0x2,
    0x14, 0x0, 0x32, 0x85, 0xf6, 0x6f, 0x48, 0x5,
    0x54, 0x30, 0x33, 0x24, 0x0,

    /* U+0452 "ђ" */
    0x0, 0x19, 0x0, 0x7e, 0x4c, 0xf0, 0xf, 0xa3,
    0xc0, 0xe6, 0x64, 0x0, 0x99, 0x0, 0x59, 0xa3,
    0x0, 0xba, 0xc0, 0xbf, 0xe7, 0x0, 0xf8, 0xab,
    0xbf, 0x14, 0x3, 0xb1, 0x48, 0x4e, 0x90, 0x2,
    0x25, 0xfc, 0xe5, 0xf, 0x0, 0xd0, 0x1, 0x48,
    0x28, 0x6, 0x30, 0x8, 0x40, 0x40, 0x22, 0x0,
    0xff, 0xf9, 0xa7, 0xe8, 0x7, 0xff, 0x39, 0x40,
    0xc0, 0x39, 0x37, 0x50, 0x12, 0x1, 0xce, 0x64,
    0x48, 0x50,

    /* U+0453 "ѓ" */
    0x0, 0xc2, 0xf0, 0x60, 0x1a, 0x20, 0x86, 0x1,
    0x1b, 0x1e, 0x0, 0x6f, 0x2d, 0x0, 0xec, 0xd1,
    0x0, 0x2f, 0xff, 0xa4, 0x2, 0x33, 0xde, 0x0,
    0x3c, 0xcc, 0xc0, 0x1f, 0xff, 0x40,

    /* U+0454 "є" */
    0x0, 0x97, 0x3f, 0xdb, 0x22, 0x0, 0xaa, 0x19,
    0x19, 0x9c, 0x41, 0x94, 0x73, 0x73, 0xbc, 0x1,
    0x41, 0x6, 0x1, 0x8, 0x0, 0xc3, 0x26, 0x70,
    0x7, 0x2b, 0x36, 0x10, 0xd, 0x9f, 0xf8, 0x40,
    0x4, 0x8, 0x1, 0xf5, 0x4, 0x20, 0x4, 0x20,
    0x7, 0x30, 0xbe, 0xcd, 0xe0, 0xb, 0x20, 0xc4,
    0xcc, 0xc0,

    /* U+0455 "ѕ" */
    0x0, 0x46, 0xff, 0xb6, 0x8, 0x31, 0xcd, 0xc,
    0xce, 0x4, 0x61, 0xd7, 0x9d, 0x84, 0x60, 0x4,
    0x0, 0x8c, 0x5, 0x82, 0xec, 0xa0, 0x1a, 0x68,
    0x92, 0xb9, 0x40, 0x25, 0xdc, 0x51, 0xa5, 0x0,
    0xc7, 0x4e, 0x1e, 0x28, 0x1, 0x84, 0xc, 0xaf,
    0xb2, 0xf5, 0x82, 0x8d, 0xc8, 0x88, 0xb, 0xa6,

    /* U+0456 "і" */
    0x3f, 0xa5, 0x7, 0x69, 0xf5, 0x9e, 0x0, 0xff,
    0xe9, 0x0,

    /* U+0457 "ї" */
    0x5f, 0x4b, 0xc0, 0x20, 0x25, 0x30, 0x69, 0x6a,
    0xb0, 0x13, 0xf8, 0x40, 0xf, 0xff, 0x88,

    /* U+0458 "ј" */
    0x0, 0x93, 0xe8, 0x2, 0x30, 0x70, 0x9, 0xe7,
    0xc0, 0x25, 0x9e, 0x0, 0xff, 0xff, 0xe0, 0x30,
    0xee, 0x98, 0x38, 0x4c, 0x89, 0x28,

    /* U+0459 "љ" */
    0x0, 0x27, 0xff, 0xc2, 0x1, 0xf8, 0x40, 0x51,
    0x20, 0xf, 0xf8, 0xc1, 0xae, 0xe0, 0xf, 0xfe,
    0xf, 0x80, 0x7f, 0xf0, 0x84, 0x4, 0x3, 0xbb,
    0xfd, 0xb2, 0x20, 0x17, 0x81, 0x80, 0x72, 0x20,
    0xc9, 0xbc, 0x40, 0x2, 0x2, 0x1, 0xd5, 0x79,
    0xc2, 0x27, 0x0, 0x28, 0x30, 0x7, 0xe1, 0x50,
    0xe0, 0x13, 0x2, 0x0, 0xfc, 0x6a, 0x1d, 0xbc,
    0xa, 0x1, 0xec, 0xde, 0xc1, 0x26, 0x30, 0x4b,
    0x0, 0xf1, 0x10, 0x49, 0xf0, 0x0,

    /* U+045A "њ" */
    0x5f, 0xc0, 0xc, 0xdf, 0x60, 0x1f, 0xff, 0x3,
    0xbb, 0xe0, 0x5b, 0xb5, 0x41, 0x0, 0x72, 0x26,
    0x20, 0x14, 0x42, 0xbe, 0xb0, 0x4, 0x7f, 0xfa,
    0x41, 0x3f, 0xdc, 0xc1, 0x20, 0x1f, 0xfc, 0x11,
    0x80, 0x0, 0x80, 0x7f, 0xf0, 0x50, 0x0, 0x20,
    0x1f, 0xcb, 0x76, 0xda, 0x7, 0x0, 0xff, 0xa,
    0x20, 0x8e, 0x60, 0x0,

    /* U+045B "ћ" */
    0x0, 0x19, 0x0, 0x7f, 0x26, 0x78, 0x7, 0xe8,
    0xf0, 0x39, 0x99, 0x80, 0x33, 0x20, 0xb, 0x35,
    0xa0, 0x1b, 0xac, 0xb, 0xfe, 0xb0, 0xf, 0xc3,
    0x5d, 0xfa, 0xa0, 0x1e, 0xf5, 0x21, 0x2a, 0x50,
    0xc, 0x4b, 0xf9, 0xca, 0x12, 0x1, 0xd0, 0x1,
    0x48, 0x18, 0x7, 0x18, 0x4, 0x40, 0x1e, 0x20,
    0xf, 0xff, 0xc0,

    /* U+045C "ќ" */
    0x0, 0xe1, 0x78, 0x30, 0xf, 0x44, 0x10, 0xc0,
    0x38, 0xd8, 0xf0, 0x3, 0xde, 0x5a, 0x1, 0xf6,
    0x68, 0x80, 0x4b, 0xf8, 0x1, 0xb7, 0xd4, 0x3,
    0xd2, 0x4c, 0xa0, 0x1c, 0xac, 0x52, 0x1, 0xc3,
    0x61, 0xc0, 0x18, 0xef, 0x6, 0xc, 0x3, 0x90,
    0x80, 0x40, 0x38, 0xfe, 0xc2, 0x44, 0x3, 0xc8,
    0xa1, 0x40, 0x1f, 0x58, 0xa2, 0x80, 0x78, 0x60,
    0x2c, 0x40, 0x3c, 0xc8, 0x36,

    /* U+045D "ѝ" */
    0x0, 0x1c, 0x38, 0x80, 0x7c, 0x69, 0x10, 0x0,
    0xfd, 0x84, 0xc6, 0x1, 0xfb, 0xb, 0xc0, 0x3f,
    0xe, 0xe0, 0x6, 0x5f, 0xc0, 0xd, 0x9f, 0xe1,
    0x0, 0xf2, 0x98, 0x7, 0xf4, 0x0, 0x7f, 0x39,
    0x38, 0x7, 0xc3, 0x23, 0x0, 0x1f, 0x40, 0xd8,
    0x7, 0x9c, 0x98, 0xd4, 0x3, 0xe9, 0xf, 0x0,
    0xf9, 0x91, 0x4c, 0x3, 0xe2, 0xb, 0x0, 0xfe,
    0x71, 0x0, 0xf0,

    /* U+045E "ў" */
    0x0, 0x34, 0x0, 0x6, 0x14, 0x3, 0x7b, 0xb8,
    0x61, 0xc8, 0x3, 0x41, 0xc7, 0x32, 0xb8, 0x6,
    0x1c, 0xdc, 0xea, 0x0, 0xb3, 0xdc, 0x8, 0xc4,
    0x3b, 0xd6, 0x82, 0xc0, 0x31, 0x88, 0x2b, 0x81,
    0x90, 0x5, 0x40, 0xc0, 0x2a, 0x14, 0x1, 0x38,
    0x68, 0x2, 0x41, 0x40, 0x6, 0x22, 0x40, 0x1,
    0x91, 0xc, 0x28, 0x18, 0x3, 0x50, 0x50, 0x38,
    0x50, 0x6, 0x60, 0x73, 0x13, 0x20, 0xc, 0x28,
    0x32, 0x14, 0x1, 0xef, 0x5, 0x7, 0x0, 0xf2,
    0x8, 0x28, 0x80, 0x7c, 0x41, 0xc0, 0x1f, 0x19,
    0x85, 0x0, 0x3c, 0x3c, 0x12, 0x1, 0xd3, 0xdc,
    0x23, 0x70, 0xe, 0x11, 0x9b, 0x40, 0x3c,

    /* U+045F "џ" */
    0x5f, 0xc0, 0xc, 0xdf, 0x60, 0x1f, 0xff, 0xf0,
    0xf, 0x8e, 0xef, 0x80, 0x39, 0x13, 0x10, 0x1,
    0x7f, 0xe2, 0xc, 0xff, 0x58, 0x7, 0xff, 0x20,

    /* U+0460 "Ѡ" */
    0x7f, 0xc0, 0xe, 0xff, 0x18, 0x6, 0x2f, 0xf0,
    0x8, 0x8, 0x7, 0xcc, 0x1, 0x84, 0x2, 0x20,
    0x20, 0xe, 0x20, 0x30, 0xc, 0xe0, 0x20, 0xc0,
    0x2, 0x0, 0xcc, 0x1e, 0x1, 0x84, 0xc, 0x8,
    0x0, 0xc0, 0x19, 0xc1, 0x40, 0x36, 0x83, 0x0,
    0x10, 0x30, 0x2, 0x23, 0x3, 0x0, 0xc4, 0x6,
    0x0, 0xc0, 0x40, 0xa, 0x80, 0x24, 0x0, 0x9c,
    0x30, 0x0, 0xa0, 0x62, 0x0, 0x60, 0x40, 0xd0,
    0x0, 0x90, 0x28, 0x0, 0x88, 0xe, 0x8, 0x29,
    0xc0, 0xe0, 0x4, 0x3, 0x10, 0xa, 0x82, 0x83,
    0x43, 0x94, 0x44, 0x81, 0xe1, 0x40, 0x19, 0x80,
    0xc9, 0xc1, 0x41, 0x83, 0x85, 0x41, 0xc0, 0x30,
    0xb0, 0x70, 0xa8, 0x2, 0x41, 0x6c, 0x18, 0x40,
    0x3a, 0x0, 0xc3, 0xc0, 0x2, 0xe0, 0xa1, 0x0,
    0x1e, 0x17, 0x0, 0x28, 0x5, 0x2, 0xe, 0x20,
    0x10,

    /* U+0461 "ѡ" */
    0x9f, 0x80, 0x8, 0xbf, 0xc0, 0x19, 0xbe, 0xc4,
    0x4, 0x2, 0x30, 0x0, 0x80, 0x42, 0x5, 0xc0,
    0xa0, 0x10, 0x80, 0x8, 0x2, 0xe0, 0xe4, 0x2,
    0x0, 0xc6, 0xa, 0x1, 0x28, 0x19, 0x8, 0x88,
    0x2, 0x10, 0xf0, 0x8, 0xc1, 0x1, 0x1, 0x40,
    0x8, 0x40, 0x80, 0x4, 0x3, 0x0, 0x70, 0x58,
    0x2, 0x4, 0x8a, 0xd, 0xa, 0x0, 0x20, 0x99,
    0x21, 0xcd, 0x5, 0x3, 0x83, 0x0, 0x52, 0x17,
    0x0, 0xcc, 0x5, 0x71, 0x70, 0xc, 0xe2, 0xc6,
    0xe2, 0x26, 0x28, 0x19, 0x0, 0xe8, 0x0, 0x48,
    0x2, 0x0, 0x10, 0x20, 0x0,

    /* U+0462 "Ѣ" */
    0x0, 0xbf, 0xc6, 0x1, 0xff, 0xc8, 0xef, 0xf0,
    0x3, 0x3f, 0xe2, 0x0, 0x91, 0x20, 0x1, 0xa2,
    0x46, 0x1, 0x55, 0xd8, 0x1, 0xf7, 0x70, 0x80,
    0x7f, 0xf2, 0x73, 0xfd, 0xd4, 0x80, 0x1f, 0x9,
    0x8, 0x96, 0xe0, 0x3, 0xdb, 0xae, 0xe4, 0x3,
    0x98, 0x7, 0xe1, 0x72, 0x5, 0x0, 0xff, 0xe5,
    0x39, 0x2, 0x0, 0x77, 0x66, 0xfc, 0x3, 0x10,
    0x7, 0x11, 0x90, 0xa5, 0x48, 0x0,

    /* U+0463 "ѣ" */
    0x0, 0x47, 0xd0, 0x7, 0xff, 0x1f, 0x7d, 0xc1,
    0x7f, 0xe1, 0x0, 0x95, 0x44, 0x4, 0xab, 0x8,
    0x5, 0x14, 0xa0, 0xf5, 0x50, 0x7, 0xff, 0x21,
    0xea, 0xa9, 0x60, 0xf, 0x12, 0xac, 0xd3, 0xc4,
    0x1, 0x97, 0xfe, 0xd4, 0x19, 0x0, 0xfc, 0x5e,
    0xc, 0x1, 0xfd, 0x80, 0xc0, 0x19, 0xea, 0xad,
    0x70, 0xf0, 0xc, 0x4a, 0xb1, 0xa5, 0xa0,

    /* U+0464 "Ѥ" */
    0x1f, 0xf0, 0x80, 0x72, 0xd6, 0xff, 0xb6, 0x98,
    0x3, 0xe1, 0xca, 0x50, 0x44, 0x2, 0xf8, 0x7,
    0xd8, 0x66, 0xdd, 0x5d, 0xb7, 0x50, 0x1, 0xe7,
    0x22, 0x69, 0x0, 0x62, 0x10, 0xf, 0x58, 0x50,
    0x80, 0x7f, 0xb3, 0x74, 0x61, 0x3b, 0xbd, 0x40,
    0x1c, 0x45, 0x0, 0x4, 0x8b, 0x98, 0x3, 0xbb,
    0xfc, 0x0, 0xbf, 0xfe, 0xc0, 0xf, 0xc4, 0x6,
    0x1, 0xff, 0xc2, 0x40, 0xb0, 0xf, 0xfe, 0x15,
    0x1, 0xa8, 0x7, 0xff, 0x4, 0xd4, 0x29, 0xc0,
    0x32, 0x18, 0x7, 0xd4, 0x81, 0x1f, 0xdc, 0xfb,
    0x40, 0xf, 0xd7, 0x48, 0x23, 0x12, 0xa0,

    /* U+0465 "ѥ" */
    0x5f, 0xc0, 0xc, 0x97, 0xdf, 0xd8, 0x80, 0x1e,
    0x7b, 0x45, 0x64, 0x25, 0x0, 0xe2, 0x80, 0xcb,
    0x9a, 0xe1, 0x0, 0xe5, 0x5, 0x30, 0xf, 0x8a,
    0xed, 0x20, 0xf7, 0x78, 0xc0, 0x21, 0x44, 0x8,
    0x12, 0x26, 0x60, 0x8, 0xff, 0xcc, 0xd, 0xff,
    0x94, 0x3, 0xde, 0xa, 0x1, 0xff, 0x38, 0x1b,
    0x80, 0x42, 0x20, 0xe, 0x1a, 0x8, 0xec, 0xde,
    0x40, 0xf, 0x2e, 0x28, 0x19, 0x95, 0xc0,

    /* U+0466 "Ѧ" */
    0x0, 0xe6, 0xff, 0x28, 0x7, 0xfa, 0xc0, 0x1c,
    0x1, 0xfc, 0x64, 0x86, 0x84, 0x1, 0xfa, 0x43,
    0xa8, 0x2c, 0x3, 0xe1, 0x50, 0x57, 0x6, 0x0,
    0xf9, 0x81, 0x80, 0x54, 0x18, 0x3, 0xd2, 0xd,
    0xfe, 0x50, 0xb0, 0xe, 0x51, 0x11, 0x80, 0xc,
    0x8, 0xc0, 0x37, 0x4, 0x60, 0x3, 0x20, 0x24,
    0x2, 0x24, 0x6, 0x0, 0xcc, 0xa, 0x20, 0xa,
    0x6, 0x0, 0xe1, 0x50, 0x60, 0x3, 0x5, 0x0,
    0x7b, 0x82, 0x41, 0x84, 0xcc, 0x1, 0xe4, 0x21,
    0x5a, 0xa, 0x0, 0xfd, 0x41, 0xc0,

    /* U+0467 "ѧ" */
    0x0, 0xd3, 0xfe, 0x60, 0xf, 0xcc, 0x41, 0x60,
    0x1f, 0x30, 0x2a, 0x11, 0x80, 0x7a, 0xc2, 0xb8,
    0x24, 0x3, 0x8c, 0x8c, 0x94, 0x54, 0x40, 0x34,
    0x81, 0xff, 0x84, 0x18, 0x2, 0x15, 0x5, 0x0,
    0x28, 0x48, 0x4, 0xc0, 0xd4, 0x5, 0x44, 0x2a,
    0x0, 0x90, 0xa0, 0xd, 0x61, 0xc0, 0xa2, 0x66,
    0x0, 0xcc, 0x28, 0x5c, 0x12, 0x1, 0xe6, 0xb,

    /* U+0468 "Ѩ" */
    0x1f, 0xf0, 0x80, 0x72, 0x7f, 0x9c, 0x3, 0xff,
    0x87, 0xe0, 0xa, 0x0, 0xff, 0xe1, 0xa, 0x12,
    0x12, 0x0, 0x7f, 0xf0, 0x64, 0x2b, 0x83, 0x80,
    0x3f, 0xf8, 0x2c, 0xc, 0xa0, 0xa2, 0x1, 0xff,
    0x28, 0xa0, 0x83, 0x4, 0x80, 0x7d, 0xdf, 0xf5,
    0x2, 0x7f, 0x98, 0x18, 0x3, 0xe2, 0x28, 0x40,
    0x4, 0x0, 0x20, 0x15, 0x0, 0xf6, 0x6e, 0x98,
    0x1b, 0x44, 0x36, 0x3, 0x80, 0x3f, 0x98, 0x2c,
    0x3, 0x30, 0x21, 0x0, 0x7c, 0xc2, 0x64, 0x1,
    0x85, 0x42, 0xc0, 0x3e, 0xb0, 0x90, 0xf, 0x48,
    0x30, 0x7, 0x90, 0x85, 0x40, 0x3c, 0x64, 0xc,
    0x1, 0xde, 0xc, 0x1, 0xfa, 0xc2, 0x80,

    /* U+0469 "ѩ" */
    0x5f, 0xa0, 0xc, 0x5f, 0xee, 0x0, 0xff, 0xe0,
    0x50, 0x18, 0xa0, 0x7, 0xfc, 0xe3, 0xc1, 0xe0,
    0x1f, 0xe6, 0x9, 0x24, 0x41, 0x0, 0x72, 0x5d,
    0xd0, 0x19, 0x6c, 0x14, 0x1, 0xc2, 0x89, 0x8,
    0x22, 0x8, 0x18, 0x3, 0x97, 0xfc, 0x81, 0x4c,
    0x14, 0xe2, 0xa0, 0x1e, 0x14, 0x15, 0x0, 0xa8,
    0x24, 0x3, 0xcc, 0xe, 0x1, 0x88, 0xce, 0x0,
    0xe9, 0xa, 0x0, 0xea, 0xa, 0x0, 0xc8, 0x24,
    0x60, 0x1c, 0xe0, 0xc2,

    /* U+046A "Ѫ" */
    0x6, 0xff, 0xff, 0x9c, 0x0, 0xa0, 0x1, 0x1f,
    0x80, 0x6, 0x0, 0x39, 0x2, 0xee, 0xe5, 0x8,
    0x40, 0x9, 0x98, 0x74, 0x1, 0x4a, 0x33, 0x80,
    0x74, 0xa2, 0xb8, 0x3b, 0x24, 0x80, 0x7d, 0x65,
    0x11, 0x1d, 0x80, 0x7c, 0xb8, 0x40, 0xe0, 0x78,
    0x80, 0x1c, 0xb4, 0x68, 0x40, 0x48, 0x76, 0xa0,
    0x1a, 0xc2, 0x6d, 0x1, 0x2e, 0x82, 0xc0, 0x24,
    0x11, 0x30, 0x7, 0x29, 0xa, 0x0, 0x34, 0x1c,
    0x3, 0xe5, 0xd, 0x0, 0x38, 0x68, 0x7, 0xd6,
    0xe, 0x6, 0x20, 0x80, 0x1f, 0x18, 0x89, 0x28,
    0x14, 0x3, 0xf9, 0xc3, 0x40,

    /* U+046B "ѫ" */
    0xb, 0xff, 0xfe, 0x60, 0x7, 0x80, 0x15, 0x71,
    0x80, 0xb8, 0x1, 0x24, 0x1, 0x54, 0xb1, 0xc,
    0x10, 0x9, 0x9d, 0x60, 0x34, 0xac, 0x80, 0x3a,
    0x85, 0xf0, 0xd5, 0x40, 0x1c, 0xda, 0x20, 0x60,
    0xbe, 0x40, 0x11, 0x48, 0xe2, 0x85, 0x48, 0xf0,
    0x5, 0x61, 0x6, 0x60, 0x16, 0x33, 0x80, 0xe,
    0xc, 0x1, 0xd2, 0x14, 0xa, 0x2a, 0x1, 0xe5,
    0x6, 0xf, 0xe, 0x0, 0xf9, 0x41, 0x40,

    /* U+046C "Ѭ" */
    0x1f, 0xf0, 0x81, 0x7f, 0xff, 0xd6, 0x1, 0xf1,
    0x8, 0x0, 0x47, 0xc0, 0x3, 0x0, 0xfd, 0xa0,
    0x3f, 0xdd, 0xa4, 0x12, 0x0, 0x3f, 0x1c, 0x8e,
    0x80, 0x49, 0x5, 0x40, 0x1f, 0xe6, 0x61, 0xd0,
    0x15, 0x7, 0x88, 0x7, 0xfd, 0x26, 0xaf, 0xe3,
    0x64, 0x1, 0xf7, 0x7f, 0xf1, 0x84, 0x10, 0x7a,
    0x80, 0x7c, 0x45, 0x80, 0x21, 0x0, 0xa, 0x53,
    0x80, 0x7b, 0x37, 0x54, 0x7, 0xd4, 0x5, 0xd6,
    0x10, 0x40, 0x1f, 0xa4, 0x3c, 0x40, 0x32, 0x28,
    0x50, 0x7, 0xc8, 0x22, 0x30, 0xf, 0x70, 0x28,
    0x7, 0xda, 0xe, 0x1, 0xf2, 0x9, 0x18, 0x7,
    0x9c, 0x28, 0x3, 0xf2, 0x5, 0x80, 0x72, 0x8,
    0x8c, 0x3, 0xf7, 0x2, 0x80,

    /* U+046D "ѭ" */
    0x5f, 0xa0, 0x3f, 0xff, 0xee, 0x0, 0xf1, 0x98,
    0x9, 0x57, 0x0, 0x24, 0x3, 0xed, 0x22, 0x4d,
    0x53, 0x41, 0x9c, 0x3, 0xe1, 0xc1, 0xd2, 0x68,
    0x49, 0x0, 0xe7, 0x99, 0xa0, 0x87, 0x24, 0x3c,
    0x3, 0xc4, 0xcd, 0x8c, 0x4, 0x1, 0x72, 0x1,
    0xcb, 0xfe, 0x40, 0x7d, 0x3, 0xe3, 0x65, 0x0,
    0xf1, 0x21, 0x41, 0x80, 0x7, 0xc3, 0x80, 0x3c,
    0xa0, 0xa0, 0x1c, 0x64, 0x82, 0x1, 0xd4, 0x14,
    0x1, 0xea, 0x6, 0x0, 0xc4, 0x43, 0x20, 0xf,
    0x28, 0x50, 0x0,

    /* U+046E "Ѯ" */
    0x0, 0xff, 0xe0, 0xd7, 0xa0, 0x2, 0xbe, 0xc0,
    0x2a, 0x4b, 0x6c, 0x59, 0x80, 0xd, 0x3, 0x27,
    0xc, 0x60, 0x7, 0xec, 0x10, 0x4, 0x72, 0x80,
    0x2c, 0x23, 0x37, 0x18, 0x68, 0xc3, 0x79, 0xcc,
    0x8e, 0x50, 0x28, 0x4, 0x3, 0xc2, 0x2, 0x1,
    0xf3, 0x28, 0xc8, 0x1, 0xb3, 0x1b, 0xf0, 0xbe,
    0x20, 0xe, 0x33, 0x10, 0x19, 0x80, 0x34, 0x7f,
    0xba, 0xdd, 0xb8, 0xc0, 0x38, 0x52, 0x9c, 0x3c,
    0x3, 0xf6, 0x1, 0x80, 0x7e, 0x20, 0x10, 0xf,
    0x8a, 0x1, 0xc0, 0xd, 0x37, 0x6d, 0xd0, 0x9c,
    0x86, 0x4b, 0x22, 0xc, 0xd1, 0x80, 0xa6, 0x39,
    0xfe, 0xec, 0x70, 0x1, 0x81, 0x90, 0x7, 0xce,
    0x25, 0xdf, 0xfd, 0xa0, 0x38, 0xe8, 0x67, 0xe1,
    0x2, 0x8b, 0xcc, 0xee, 0x10,

    /* U+046F "ѯ" */
    0x0, 0xff, 0x9b, 0xdc, 0x1, 0x1f, 0xc0, 0x6,
    0x88, 0xa9, 0xe2, 0x80, 0x9, 0xe0, 0xea, 0x68,
    0x80, 0x5, 0x38, 0x99, 0x1e, 0x30, 0x3, 0x3b,
    0x99, 0xb8, 0x10, 0x0, 0x21, 0x0, 0xe3, 0x0,
    0x86, 0x6b, 0x30, 0x5c, 0x1, 0x13, 0x29, 0x82,
    0x10, 0x4, 0x7f, 0xed, 0x76, 0xf0, 0xf, 0x14,
    0x10, 0xa0, 0x7, 0x88, 0x80, 0xe0, 0x2f, 0x35,
    0x9a, 0x8, 0x66, 0xe8, 0x65, 0x23, 0x8b, 0x9,
    0x8, 0xff, 0x76, 0x38, 0x6, 0x20, 0xf, 0xbc,
    0x2b, 0xff, 0xa8, 0x16, 0xd9, 0x57, 0x20, 0x4,
    0x93, 0x55, 0xae, 0x80,

    /* U+0470 "Ѱ" */
    0x3f, 0xe0, 0xa, 0xbd, 0x80, 0x5, 0xfe, 0x0,
    0xff, 0xf6, 0x8, 0x8, 0x7, 0xe6, 0x1, 0x20,
    0x2, 0x0, 0x7d, 0x80, 0xa0, 0xc1, 0x24, 0x1,
    0xc8, 0xe1, 0xe1, 0x24, 0x4d, 0xc4, 0xb, 0xdb,
    0x6, 0x40, 0x6, 0xc1, 0x98, 0x40, 0x8d, 0x2a,
    0x40, 0x33, 0xe7, 0xa8, 0x4f, 0x5a, 0x80, 0x7f,
    0xf8, 0x0,

    /* U+0471 "ѱ" */
    0x0, 0xe5, 0xfb, 0x0, 0xff, 0xf2, 0x3f, 0xc8,
    0x7, 0xd1, 0xf0, 0x1, 0xff, 0x68, 0x18, 0x7,
    0xfc, 0xe0, 0xa0, 0x1f, 0xf1, 0x80, 0x80, 0x7f,
    0xc2, 0x0, 0x10, 0xf, 0xfe, 0x10, 0x81, 0x80,
    0x7c, 0x20, 0x1, 0x20, 0x70, 0xf, 0x9c, 0xc,
    0x10, 0x4a, 0x0, 0x39, 0x64, 0x28, 0x1, 0x40,
    0xfd, 0x0, 0x9d, 0x40, 0xac, 0x0, 0x4c, 0x50,
    0x20, 0x9, 0x2a, 0x80, 0x18, 0xeb, 0xa8, 0x13,
    0xad, 0x40, 0x3f, 0xfd, 0xe0,

    /* U+0472 "Ѳ" */
    0x0, 0x92, 0xb7, 0xfb, 0x60, 0x80, 0x3a, 0xad,
    0x48, 0x86, 0x4f, 0xaa, 0x1, 0x42, 0x8d, 0x7e,
    0xeb, 0x9c, 0x28, 0xc0, 0x9c, 0x2d, 0x40, 0x21,
    0x85, 0xf, 0x5, 0x3, 0x50, 0xf, 0x40, 0x19,
    0x68, 0x20, 0x7, 0xc4, 0x20, 0xec, 0xf, 0xff,
    0xf8, 0x40, 0x80, 0x2, 0x67, 0xf8, 0x2, 0x60,
    0x7c, 0xcf, 0xc2, 0x5, 0xa0, 0xa0, 0x1f, 0x8,
    0x81, 0xd4, 0xd, 0x40, 0x3d, 0x60, 0x64, 0x47,
    0xb, 0x50, 0x8, 0x61, 0x43, 0xc0, 0x10, 0xa3,
    0x5f, 0xba, 0xe7, 0xa, 0x30, 0xa, 0xad, 0x48,
    0x86, 0x4f, 0xaa, 0x0,

    /* U+0473 "ѳ" */
    0x0, 0x2e, 0x7f, 0xb1, 0x80, 0x34, 0xd1, 0x91,
    0xe, 0x6c, 0x0, 0x8c, 0x3b, 0xb7, 0x12, 0x38,
    0x78, 0x49, 0x0, 0x6, 0x42, 0x81, 0x43, 0x2a,
    0xb7, 0x1, 0x0, 0x48, 0xab, 0xc0, 0x2, 0x30,
    0xaf, 0xfd, 0xa0, 0x3, 0x70, 0xc0, 0xc, 0x80,
    0x22, 0xe0, 0x64, 0x0, 0x14, 0x4, 0x82, 0x38,
    0x5e, 0xec, 0x26, 0xe0, 0x8, 0xa3, 0x22, 0xa3,
    0x0, 0x0,

    /* U+0474 "Ѵ" */
    0xdf, 0x60, 0xf, 0x9f, 0xbd, 0xe8, 0x34, 0x3,
    0xc9, 0x2, 0x82, 0xc0, 0x82, 0x1, 0xd0, 0x11,
    0x6c, 0x28, 0xc, 0x1, 0x88, 0xc1, 0xc0, 0x2d,
    0xb, 0x0, 0xca, 0xa, 0x1, 0x98, 0xc, 0x80,
    0x2b, 0xe, 0x0, 0xe5, 0xa, 0x0, 0x11, 0x82,
    0x0, 0x77, 0x2, 0x80, 0x14, 0x14, 0x3, 0xc8,
    0x24, 0x61, 0x61, 0xe0, 0x1f, 0x38, 0x58, 0x98,
    0x28, 0x7, 0xd4, 0xa, 0xe0, 0xa0, 0x1f, 0x8c,
    0x89, 0xa1, 0xe0, 0x1f, 0xd4, 0x8, 0xa, 0x1,
    0xfc, 0xc0, 0x5, 0x0, 0xf0,

    /* U+0475 "ѵ" */
    0xdf, 0x60, 0xe, 0x7e, 0xe0, 0xd0, 0x68, 0x6,
    0x38, 0x15, 0x6, 0x4, 0x10, 0xa, 0x82, 0x2c,
    0x44, 0x80, 0xe0, 0x13, 0x83, 0x0, 0x5c, 0x14,
    0x0, 0x41, 0x41, 0x0, 0x94, 0xc, 0x43, 0x43,
    0x40, 0x39, 0x81, 0xc1, 0xc1, 0xc0, 0x3a, 0x82,
    0x8c, 0x50, 0x40, 0x38, 0xc8, 0xec, 0x34, 0x3,
    0xe5, 0x7, 0x7, 0x0, 0xfa, 0x80, 0x8, 0x20,
    0x18,

    /* U+0476 "Ѷ" */
    0x2, 0xff, 0xc, 0x7d, 0x80, 0x7c, 0x54, 0x11,
    0x4, 0x41, 0x80, 0x7c, 0xb2, 0xc7, 0x69, 0xc0,
    0x1f, 0x9b, 0x48, 0x2f, 0x80, 0x3f, 0x88, 0x40,
    0x6, 0x1, 0xdb, 0xec, 0x1, 0xf3, 0xf7, 0xbd,
    0x6, 0x80, 0x79, 0x20, 0x50, 0x58, 0x10, 0x40,
    0x3a, 0x2, 0x2d, 0x85, 0x1, 0x80, 0x31, 0x18,
    0x38, 0x5, 0xa1, 0x60, 0x19, 0x41, 0x40, 0x33,
    0x1, 0x90, 0x5, 0x61, 0xc0, 0x1c, 0xa1, 0x40,
    0x2, 0x30, 0x40, 0xe, 0xe0, 0x50, 0x2, 0x82,
    0x80, 0x79, 0x4, 0x8c, 0x2c, 0x3c, 0x3, 0xe7,
    0xb, 0x13, 0x5, 0x0, 0xfa, 0x81, 0x5c, 0x14,
    0x3, 0xf1, 0x91, 0x34, 0x3c, 0x3, 0xfa, 0x81,
    0x1, 0x40, 0x3f, 0x98, 0x0, 0xa0, 0x1e,

    /* U+0477 "ѷ" */
    0x13, 0x20, 0x23, 0x10, 0xf, 0x6e, 0x8d, 0xf3,
    0x0, 0x1c, 0x38, 0x1e, 0xae, 0x4c, 0x1, 0xc5,
    0x84, 0xd0, 0xf0, 0x20, 0x1c, 0x7c, 0xc1, 0x1c,
    0x20, 0x16, 0xfb, 0x0, 0x73, 0xf7, 0x6, 0x83,
    0x40, 0x31, 0xc0, 0xa8, 0x30, 0x20, 0x80, 0x54,
    0x11, 0x62, 0x24, 0x7, 0x0, 0x9c, 0x18, 0x2,
    0xe0, 0xa0, 0x2, 0xa, 0x8, 0x4, 0xa0, 0x62,
    0x1a, 0x1a, 0x1, 0xcc, 0xe, 0xe, 0xe, 0x1,
    0xd4, 0x14, 0x62, 0x82, 0x1, 0xc6, 0x47, 0x61,
    0xa0, 0x1f, 0x28, 0x38, 0x38, 0x7, 0xd4, 0x0,
    0x41, 0x0, 0xc0,

    /* U+0478 "Ѹ" */
    0x0, 0x9b, 0x3b, 0xf6, 0xd0, 0x3, 0xff, 0x86,
    0x39, 0x26, 0x22, 0x24, 0xb9, 0x0, 0xff, 0xe1,
    0x59, 0x8d, 0xff, 0x7c, 0x83, 0x30, 0x3, 0xff,
    0x80, 0x6a, 0x1a, 0x80, 0x13, 0x40, 0x40, 0x37,
    0xe8, 0x7, 0x47, 0xda, 0x1, 0x98, 0x3, 0x98,
    0x4, 0xd8, 0x8, 0xc0, 0x32, 0x87, 0x68, 0x20,
    0x7, 0x84, 0x81, 0x41, 0x82, 0x80, 0x23, 0x20,
    0x56, 0xf, 0x0, 0xf9, 0x83, 0x82, 0x81, 0x80,
    0x2b, 0x5, 0x0, 0xff, 0x9c, 0x2, 0x33, 0x2,
    0x80, 0x18, 0x38, 0x18, 0x38, 0x3, 0xe1, 0xe,
    0x0, 0x50, 0x70, 0x18, 0x89, 0x3, 0x41, 0x0,
    0x3c, 0x24, 0xa, 0x0, 0x60, 0x41, 0xa0, 0x60,
    0x2, 0x1, 0x20, 0x7, 0x48, 0x9, 0x80, 0x4c,
    0xe, 0xe0, 0xa0, 0x1, 0xa8, 0x52, 0x0, 0x4c,
    0xe1, 0x60, 0x1a, 0x82, 0x84, 0xc8, 0x2, 0xb3,
    0x1b, 0xed, 0xf9, 0x7, 0x50, 0xc, 0x67, 0x5,
    0x80, 0x61, 0xc9, 0x30, 0x22, 0x2d, 0xc0, 0x7,
    0xa8, 0x0, 0xc0, 0x1e, 0x6c, 0xef, 0xda, 0x40,
    0xf, 0xb8, 0x10, 0x40, 0x3f, 0xf9, 0xc, 0x1c,
    0x1, 0xff, 0xc8, 0x81, 0x25, 0x0, 0xff, 0xe2,
    0x9e, 0x6b, 0x87, 0x0, 0x7f, 0xf1, 0xcc, 0x8f,
    0xc, 0x3, 0x80,

    /* U+0479 "ѹ" */
    0x0, 0x2e, 0x7f, 0xb1, 0xc0, 0x2e, 0xf4, 0x0,
    0xc3, 0xfe, 0x30, 0x9a, 0x32, 0x21, 0xc5, 0x80,
    0x18, 0x38, 0x3, 0x38, 0x11, 0xa3, 0x5, 0xee,
    0xc2, 0x8e, 0x14, 0xa, 0x1, 0xb4, 0x28, 0x38,
    0x19, 0x0, 0x5, 0x1, 0x20, 0x46, 0xa, 0x0,
    0x14, 0x6, 0x7, 0xc, 0x0, 0xc8, 0x2, 0x20,
    0x90, 0xe0, 0x3, 0x2, 0x8, 0x18, 0x8, 0x6,
    0x20, 0x1, 0x82, 0x8a, 0x8, 0x58, 0x70, 0x0,
    0xc0, 0x40, 0x31, 0x0, 0xc, 0x0, 0xe0, 0xc4,
    0x60, 0xa0, 0x7, 0xc, 0x0, 0xc8, 0x2, 0x20,
    0x5, 0x85, 0xa8, 0x30, 0x5, 0x20, 0xc6, 0x0,
    0x1b, 0x6, 0x0, 0x88, 0xcd, 0x61, 0x40, 0x11,
    0xb8, 0x66, 0x2f, 0x88, 0xe0, 0x3, 0x48, 0x19,
    0x18, 0x6, 0x8a, 0x42, 0x42, 0x8c, 0x0, 0xe5,
    0x0, 0x28, 0x7, 0x96, 0xfb, 0xf5, 0xc0, 0x3c,
    0x20, 0xa, 0x0, 0xff, 0xe3, 0x30, 0x19, 0x0,
    0x7f, 0xf1, 0x4a, 0x42, 0x0, 0x3f, 0xf8, 0x95,
    0x9a, 0x2a, 0x80, 0x1f, 0xfc, 0x41, 0x32, 0x7a,
    0x0, 0xf0,

    /* U+047A "Ѻ" */
    0x0, 0xf5, 0x62, 0x0, 0x7f, 0xb, 0xda, 0x9d,
    0x49, 0x80, 0x79, 0x7a, 0x10, 0x0, 0x2d, 0x94,
    0x1, 0x92, 0x80, 0xed, 0x6, 0x64, 0xb, 0x60,
    0x15, 0x2, 0x62, 0x5f, 0x33, 0x30, 0x11, 0x41,
    0x44, 0x28, 0x3, 0xc6, 0xc1, 0x21, 0x80, 0x82,
    0x1, 0xf6, 0x81, 0x8a, 0x81, 0x80, 0x7e, 0x50,
    0x1, 0x0, 0x3c, 0x3, 0xf0, 0x80, 0x1d, 0xc1,
    0xe0, 0x1f, 0x84, 0x0, 0xe4, 0x4, 0x1, 0xf8,
    0x80, 0x5, 0x80, 0xa2, 0x1, 0xf5, 0x1, 0x8a,
    0x88, 0x48, 0x7, 0x89, 0x82, 0x80, 0x16, 0xf,
    0x25, 0x58, 0x8b, 0x80, 0x6c, 0x0, 0x59, 0x6,
    0xd5, 0x3b, 0xa1, 0x4c, 0x0, 0xcd, 0xce, 0x60,
    0x12, 0xdd, 0x80, 0x3c, 0x31, 0x88, 0x35, 0x44,
    0x0, 0xc0,

    /* U+047B "ѻ" */
    0x0, 0xcb, 0xd4, 0x1, 0xf2, 0xe5, 0xa, 0xeb,
    0x80, 0x68, 0xa3, 0x10, 0x1, 0x46, 0x0, 0x11,
    0xc3, 0x3e, 0x33, 0x88, 0xe4, 0x38, 0x18, 0xc5,
    0xcc, 0x64, 0x18, 0x1c, 0x30, 0x3, 0x90, 0x0,
    0x66, 0x1, 0x0, 0xfc, 0xe6, 0x2, 0x1, 0xf9,
    0xdc, 0x18, 0x1, 0xc8, 0x0, 0x39, 0x6, 0x31,
    0x74, 0x19, 0x6, 0x3, 0x80, 0xcf, 0x8b, 0xe2,
    0x39, 0x0, 0x3d, 0xa0, 0x80, 0xa, 0x30, 0x3,
    0x25, 0xd0, 0x36, 0xb8, 0x4,

    /* U+047C "Ѽ" */
    0x0, 0xf3, 0x77, 0xe4, 0x29, 0x0, 0x7f, 0xf0,
    0x24, 0xd9, 0xdd, 0x5a, 0x80, 0x1f, 0xf5, 0xe0,
    0x3e, 0xea, 0xd4, 0x3, 0xfe, 0x41, 0x23, 0x52,
    0x41, 0x0, 0xff, 0xe0, 0xd8, 0x10, 0x7, 0xff,
    0x12, 0xd1, 0x40, 0x3f, 0xf8, 0x9f, 0x60, 0x1f,
    0xf0, 0xce, 0xfe, 0xba, 0x0, 0xc7, 0x7e, 0xc0,
    0x80, 0x45, 0xec, 0x45, 0x41, 0x1, 0x38, 0x11,
    0x1f, 0x4, 0x1, 0xc2, 0x9d, 0xbf, 0x84, 0x7,
    0x7d, 0xbc, 0x65, 0x60, 0x66, 0xa, 0x10, 0x1,
    0x80, 0x48, 0x0, 0x1e, 0x5, 0x2b, 0x5, 0x10,
    0xf, 0xf8, 0x8c, 0x10, 0xc3, 0x40, 0x3f, 0xf8,
    0x2a, 0x1e, 0xe0, 0x20, 0x1f, 0xfc, 0x11, 0x3,
    0x70, 0x10, 0xe, 0x69, 0x40, 0xe, 0x10, 0x0,
    0x87, 0x0, 0x76, 0x36, 0x0, 0x71, 0x81, 0x68,
    0x20, 0x7, 0xff, 0x5, 0x3, 0x54, 0x9, 0x0,
    0x3f, 0xe6, 0x10, 0x42, 0x50, 0xa5, 0x0, 0x1b,
    0x82, 0x10, 0x1, 0xa4, 0x1c, 0x42, 0xcc, 0x6b,
    0xfd, 0x84, 0x27, 0xbf, 0xe9, 0x4, 0x80, 0x0,
    0xe4, 0x18, 0x0, 0xeb, 0xa4, 0xc0, 0x4e, 0x6c,
    0x0,

    /* U+047D "ѽ" */
    0x0, 0xc3, 0x7f, 0xd6, 0xe8, 0x40, 0x1f, 0xcc,
    0x8a, 0xed, 0x17, 0x80, 0x1f, 0xcb, 0x70, 0x88,
    0xec, 0xa0, 0xf, 0xe2, 0x43, 0x6, 0x3, 0x40,
    0xf, 0xf8, 0x68, 0x84, 0x3, 0xff, 0x82, 0xb9,
    0xe0, 0x1f, 0xfc, 0x25, 0xb2, 0x0, 0xff, 0x46,
    0xfe, 0xb8, 0x1, 0x33, 0xfa, 0x84, 0x2, 0xb7,
    0x22, 0x1f, 0x80, 0x46, 0x42, 0xbe, 0x20, 0xa8,
    0x3b, 0xae, 0x80, 0x2, 0x76, 0xf9, 0x8d, 0x87,
    0x83, 0x90, 0x7, 0x84, 0x1, 0x0, 0xa0, 0xe1,
    0xe0, 0x1f, 0xe5, 0x0, 0x11, 0x81, 0x80, 0x6a,
    0xb2, 0x0, 0x84, 0x2, 0x30, 0x30, 0xc, 0x88,
    0x10, 0x8, 0x40, 0x27, 0xc, 0x0, 0xff, 0x20,
    0x0, 0xbc, 0x15, 0x0, 0x8, 0x21, 0x60, 0x2,
    0x80, 0x50, 0x54, 0xb, 0xdd, 0x58, 0x9b, 0xf6,
    0xe8, 0x86, 0xc0, 0x17, 0x4, 0x43, 0x5c, 0xc3,
    0x81, 0xb, 0x78, 0x80,

    /* U+047E "Ѿ" */
    0x0, 0xe9, 0xff, 0xf9, 0x40, 0x3f, 0xd4, 0x7b,
    0x65, 0xb8, 0x2a, 0x1, 0xfe, 0x3d, 0x24, 0xc2,
    0x3f, 0x0, 0xff, 0xe0, 0x8, 0x0, 0x40, 0x2,
    0x1, 0xe7, 0xfc, 0x0, 0xef, 0xf1, 0x80, 0x62,
    0xff, 0x0, 0x80, 0x80, 0x7c, 0xc0, 0x18, 0x40,
    0x22, 0x2, 0x0, 0xe2, 0x3, 0x0, 0xce, 0x2,
    0xc, 0x0, 0x20, 0xc, 0xc1, 0xe0, 0x18, 0x40,
    0xc0, 0x80, 0xc, 0x1, 0x9c, 0x14, 0x3, 0x68,
    0x30, 0x1, 0x3, 0x0, 0x22, 0x30, 0x30, 0xc,
    0x40, 0x60, 0xc, 0x4, 0x0, 0xa8, 0x2, 0x40,
    0x9, 0xc3, 0x0, 0xa, 0x6, 0x20, 0x6, 0x4,
    0xd, 0x0, 0x9, 0x2, 0x80, 0x8, 0x80, 0xe0,
    0x82, 0x9c, 0xe, 0x0, 0x40, 0x31, 0x0, 0xa8,
    0x28, 0x34, 0x39, 0x44, 0x48, 0x1e, 0x14, 0x1,
    0x98, 0xc, 0x9c, 0x14, 0x18, 0x38, 0x54, 0x1c,
    0x3, 0xb, 0x7, 0xa, 0x80, 0x24, 0x16, 0xc1,
    0x84, 0x3, 0xa0, 0xc, 0x3c, 0x0, 0x2e, 0xa,
    0x10, 0x1, 0xe1, 0x70, 0x2, 0x80, 0x50, 0x20,
    0xe2, 0x1, 0x0,

    /* U+047F "ѿ" */
    0x0, 0xdf, 0xff, 0x80, 0x3f, 0x34, 0x6b, 0x3e,
    0xbb, 0x80, 0x3f, 0x4b, 0x94, 0xc1, 0x44, 0x0,
    0x34, 0xfc, 0x0, 0x45, 0xfe, 0x0, 0xcd, 0xf6,
    0x20, 0x20, 0x11, 0x80, 0x4, 0x2, 0x10, 0x2e,
    0x5, 0x0, 0x84, 0x0, 0x40, 0x17, 0x7, 0x20,
    0x10, 0x6, 0x30, 0x50, 0x9, 0x40, 0xc8, 0x44,
    0x40, 0x10, 0x87, 0x80, 0x46, 0x8, 0x8, 0xa,
    0x0, 0x42, 0x4, 0x0, 0x20, 0x18, 0x3, 0x82,
    0xc0, 0x10, 0x24, 0x50, 0x68, 0x50, 0x1, 0x4,
    0xc9, 0xe, 0x68, 0x28, 0x1c, 0x18, 0x2, 0x90,
    0xb8, 0x6, 0x60, 0x2b, 0x8b, 0x80, 0x67, 0x16,
    0x37, 0x11, 0x31, 0x40, 0xc8, 0x7, 0x40, 0x2,
    0x40, 0x10, 0x0, 0x81, 0x0, 0x0,

    /* U+0480 "Ҁ" */
    0x0, 0x8a, 0x33, 0xbf, 0x6d, 0x84, 0x0, 0xda,
    0xe6, 0x2, 0x49, 0x26, 0xb, 0x20, 0xbb, 0xdc,
    0xfb, 0x92, 0x1a, 0x7, 0xa2, 0x0, 0x91, 0x81,
    0xc0, 0x60, 0x3, 0xf6, 0x3, 0x80, 0x7f, 0x30,
    0x70, 0x7, 0xff, 0x25, 0x83, 0x80, 0x3f, 0xb4,
    0x1c, 0x3, 0xf9, 0x40, 0x58, 0x3, 0xf1, 0x38,
    0x4c, 0x8, 0x7, 0xd0, 0xc0, 0xfd, 0xfd, 0xea,
    0x1, 0xa7, 0x18, 0x84, 0x40, 0x1f, 0x1c, 0xef,
    0x18, 0x7, 0xff, 0xa0,

    /* U+0481 "ҁ" */
    0x0, 0x2d, 0xf7, 0xed, 0x10, 0x4d, 0x20, 0x11,
    0x14, 0xd5, 0x82, 0xbb, 0x7f, 0x7, 0xc1, 0xd4,
    0x2, 0x30, 0x70, 0xc0, 0xf, 0x18, 0x38, 0x7,
    0xe6, 0x0, 0xf2, 0x86, 0x80, 0x7b, 0x41, 0xd0,
    0x3, 0x99, 0x2, 0xf7, 0x39, 0x40, 0x17, 0x6,
    0x46, 0x20, 0x19, 0xf3, 0xcc, 0x3, 0xff, 0xb6,

    /* U+0482 "҂" */
    0x0, 0xf8, 0x90, 0x3, 0xfa, 0x68, 0x3, 0xf,
    0x38, 0x22, 0x2c, 0x3, 0xb, 0x46, 0xc9, 0xa8,
    0x7, 0x46, 0x81, 0x1, 0x0, 0x78, 0xcc, 0x83,
    0xb0, 0x6, 0x20, 0x8, 0x1a, 0xd9, 0x20, 0xfe,
    0x73, 0x68, 0x10, 0x6a, 0xc, 0x88, 0x60, 0xb8,
    0x7, 0x9e, 0x40, 0x6c, 0x80, 0x3d, 0x9, 0x6d,
    0xa8, 0x1, 0x9c, 0x65, 0x36, 0x90, 0x3, 0x73,
    0x10, 0x1, 0x40, 0x3a, 0x64, 0x1, 0xf8,

    /* U+0483 "҃" */
    0x0, 0xf4, 0x60, 0xf, 0x7f, 0xe7, 0x31, 0x1,
    0x6d, 0xdd, 0xc2, 0x2f, 0x92, 0x2c, 0x20,

    /* U+0484 "҄" */
    0x0, 0xc6, 0xec, 0x20, 0x2, 0x6c, 0xc4, 0x4e,
    0x1, 0x6c, 0x8c, 0xf4, 0x91, 0x95, 0xee, 0x98,
    0x5a, 0x88,

    /* U+0485 "҅" */
    0x7f, 0x6b, 0x24, 0xa0, 0x16, 0xe5,

    /* U+0486 "҆" */
    0x8f, 0x5c, 0x1f, 0x0, 0x71, 0xe2, 0x0,

    /* U+0487 "҇" */
    0x3, 0x76, 0x10, 0x9, 0x72, 0x27, 0xa5, 0x7,
    0xc7, 0xb5, 0x99, 0x75, 0x3a, 0x25, 0x3f, 0x90,

    /* U+0488 "҈" */
    0x0, 0xff, 0xeb, 0x5f, 0xf3, 0x80, 0x7f, 0xf1,
    0xdc, 0x72, 0xa8, 0x60, 0x1f, 0xfc, 0x67, 0xa3,
    0x4d, 0x30, 0xf, 0xfe, 0x3, 0x77, 0xc8, 0x7,
    0xf0, 0xe7, 0xea, 0x0, 0x70, 0xdd, 0x59, 0x30,
    0x7, 0xe8, 0x4c, 0xba, 0x0, 0xf7, 0x22, 0x29,
    0x40, 0x3f, 0x54, 0x1b, 0x50, 0x7, 0x9, 0x80,
    0x4, 0xc0, 0x3f, 0x18, 0x4, 0x80, 0x1f, 0xfe,
    0x88, 0xff, 0x48, 0x7, 0xff, 0xa, 0xbf, 0x9c,
    0xd, 0x6e, 0xca, 0xa0, 0xf, 0xfe, 0x3, 0xd,
    0xda, 0x88, 0x9e, 0x88, 0xd7, 0x0, 0xff, 0xe0,
    0x25, 0x22, 0xf9, 0x89, 0x0, 0x4, 0x80, 0x3f,
    0xf8, 0x4, 0x20, 0x2, 0x10, 0xf, 0xff, 0x3b,
    0xf7, 0xd0, 0x7, 0xf1, 0x67, 0xea, 0x0, 0x71,
    0x55, 0x2c, 0x1c, 0x3, 0xf4, 0x26, 0x45, 0x0,
    0x71, 0x62, 0x22, 0x98, 0x3, 0xf5, 0xc1, 0xaf,
    0x80, 0x78, 0x40, 0x21, 0x0, 0x5f, 0xf9, 0xc0,
    0x2, 0x1, 0x8, 0x7, 0xff, 0x1, 0x87, 0x2a,
    0x84, 0x1, 0xff, 0xc6, 0x7b, 0x35, 0xf3, 0x0,
    0xfe,

    /* U+0489 "҉" */
    0x0, 0xff, 0xf, 0x90, 0x7, 0xff, 0x1d, 0x80,
    0x80, 0x3f, 0xf8, 0x22, 0x1, 0xd4, 0x60, 0x1f,
    0xfc, 0x18, 0xa0, 0xc, 0x44, 0x50, 0xf, 0x18,
    0x7, 0xad, 0x14, 0x2, 0x2d, 0x90, 0xc, 0xbb,
    0x8a, 0x1, 0xc6, 0x6b, 0x10, 0x8, 0x80, 0x35,
    0xd0, 0xea, 0x80, 0x7a, 0xc, 0x3, 0xfa, 0x63,
    0x8, 0x3, 0xe4, 0xc1, 0x0, 0xfc, 0x4e, 0x1,
    0xfe, 0x10, 0xf, 0xfe, 0x21, 0x0, 0x7f, 0xf1,
    0x48, 0x2, 0xde, 0xb8, 0x0, 0xff, 0xe0, 0x96,
    0xe3, 0x8f, 0x4b, 0x39, 0x0, 0x7f, 0xf0, 0x9,
    0x82, 0x38, 0x5f, 0x74, 0x40, 0x1f, 0xfc, 0x19,
    0xcf, 0xc0, 0x8, 0x80, 0x3f, 0xf8, 0xa6, 0x1,
    0xff, 0xda, 0x60, 0xf, 0xe4, 0xe7, 0x0, 0xfc,
    0x72, 0xe0, 0x1e, 0x1a, 0xb3, 0x20, 0xc, 0x40,
    0x11, 0xa4, 0x80, 0x79, 0x5a, 0xb5, 0x40, 0x28,
    0xd2, 0x0, 0xa8, 0x58, 0x3, 0x93, 0x14, 0x3,
    0x8c, 0x88, 0x1, 0xc, 0x90, 0x7, 0xff, 0x5,
    0x28, 0x3, 0x99, 0x0, 0x3f, 0xf8, 0x4, 0xc,
    0x1, 0xfe,

    /* U+048A "Ҋ" */
    0x0, 0xa1, 0x80, 0x21, 0x86, 0x0, 0xfc, 0xd2,
    0xa2, 0x56, 0xfe, 0x1, 0xfa, 0x86, 0xbb, 0x55,
    0x24, 0x3, 0xf2, 0x76, 0xe6, 0x3a, 0xc0, 0x3f,
    0xe2, 0x33, 0x8, 0x7, 0xc3, 0xfc, 0x1, 0xe1,
    0xef, 0xc0, 0xf, 0xfe, 0x5, 0x8, 0x7, 0xff,
    0x5, 0x50, 0x3, 0xff, 0x82, 0x36, 0x12, 0x1,
    0xff, 0xc0, 0xb1, 0x54, 0x0, 0xff, 0x95, 0x43,
    0x60, 0x1f, 0xf0, 0xd8, 0x58, 0x88, 0x3, 0xe3,
    0x0, 0x58, 0xa2, 0x80, 0x7f, 0xc8, 0xa3, 0x40,
    0x1f, 0xfc, 0xa, 0xb, 0x10, 0xf, 0xf0, 0xc8,
    0xa2, 0x80, 0x7f, 0xc4, 0xc3, 0x40, 0x1f, 0xfc,
    0x1, 0xb, 0x10, 0xf, 0x1e, 0x60, 0x3, 0x22,
    0x80, 0x7e, 0x30, 0x0, 0xff, 0xac, 0x3, 0xc7,
    0xf2, 0x8, 0x1, 0xff, 0xc1, 0xb0, 0xb0, 0xf,
    0xfe, 0x1, 0x90, 0x18, 0x7, 0xff, 0x2, 0x41,
    0x0, 0x0,

    /* U+048B "ҋ" */
    0x1, 0x86, 0x0, 0x86, 0x18, 0x3, 0x9e, 0x0,
    0x24, 0x7c, 0x0, 0xc2, 0x62, 0xe2, 0x70, 0x1c,
    0x1, 0xdc, 0x51, 0xd8, 0x50, 0x80, 0x1c, 0x5b,
    0xac, 0xc7, 0xb8, 0x6, 0x5f, 0xb0, 0x23, 0x3b,
    0xfd, 0x40, 0x1f, 0xdc, 0x1, 0xff, 0x39, 0x10,
    0x3, 0xf8, 0xa0, 0x6c, 0x3, 0xfa, 0x42, 0xcc,
    0x3, 0xc2, 0xa, 0x88, 0x50, 0xf, 0xeb, 0x9,
    0x0, 0xfc, 0x70, 0x30, 0x40, 0x1f, 0x89, 0xcd,
    0xc0, 0x3f, 0x90, 0x3c, 0x3, 0x99, 0xd4, 0x2,
    0x73, 0x0, 0xe3, 0x8c, 0x5f, 0xf4, 0x0, 0x65,
    0xf7, 0xc, 0x0, 0xff, 0x28, 0x20, 0x7, 0xf1,
    0x14, 0x20, 0x1f, 0xca, 0x8, 0x0,

    /* U+048C "Ҍ" */
    0x1, 0xff, 0x8, 0x7, 0xcf, 0x80, 0xc, 0xdd,
    0x18, 0x6, 0xf2, 0x0, 0x11, 0x40, 0x1d, 0x1c,
    0x0, 0xef, 0xf1, 0x80, 0x7f, 0xf5, 0x3b, 0xfd,
    0xb4, 0x60, 0x1e, 0x22, 0x9, 0x2e, 0x38, 0x7,
    0x66, 0xf7, 0x1c, 0x20, 0x80, 0x3e, 0x18, 0x10,
    0x40, 0xf, 0xfe, 0x44, 0x8, 0x20, 0x6, 0xdc,
    0xdf, 0x70, 0x72, 0x0, 0xc6, 0x62, 0x15, 0xb8,
    0x0,

    /* U+048D "ҍ" */
    0x5, 0xfc, 0x0, 0xff, 0xe4, 0x6d, 0x1, 0xff,
    0xc0, 0x1d, 0x4a, 0x2, 0xee, 0x80, 0xe, 0x7f,
    0x2, 0x88, 0x38, 0x7, 0xff, 0x80, 0xaa, 0xa9,
    0x71, 0x0, 0xe1, 0x55, 0x9a, 0x39, 0x0, 0x31,
    0xff, 0xda, 0xc1, 0x20, 0x1f, 0x8a, 0xc0, 0x80,
    0x3f, 0x90, 0x4, 0x3, 0x14, 0xca, 0xb2, 0x42,
    0x40, 0x30, 0xb3, 0x14, 0xcd, 0x4e, 0x0,

    /* U+048E "Ҏ" */
    0x1f, 0xfe, 0xea, 0x30, 0xe, 0x22, 0x8, 0x97,
    0x18, 0x3, 0x66, 0xf7, 0x10, 0x24, 0x3, 0xe1,
    0xb0, 0x2, 0x0, 0x7e, 0x10, 0xf, 0xb2, 0x8,
    0x41, 0x80, 0x39, 0x9f, 0x0, 0xc8, 0x2, 0xef,
    0x50, 0x12, 0xe0, 0xc, 0x44, 0x35, 0x7, 0x20,
    0xd, 0x9b, 0x95, 0x2a, 0x40, 0x1f, 0x9b, 0x88,
    0x3, 0xf8, 0x40, 0x3f, 0xf9, 0x80,

    /* U+048F "ҏ" */
    0x5f, 0x73, 0xbf, 0xf5, 0x98, 0x6, 0xac, 0x6,
    0x34, 0xc4, 0x0, 0x8a, 0x2e, 0x71, 0xc2, 0x40,
    0x33, 0x80, 0x52, 0x4, 0x40, 0x1, 0x0, 0x61,
    0x10, 0x30, 0x0, 0x40, 0x38, 0xc0, 0x40, 0x4,
    0x1, 0x8, 0x18, 0x8, 0x0, 0x44, 0x13, 0x86,
    0x20, 0xa0, 0x15, 0x86, 0x96, 0x1, 0x88, 0x0,
    0x97, 0xe0, 0x2, 0xf0, 0x9, 0xb1, 0xc, 0x46,
    0x20, 0x9, 0xce, 0xff, 0xb0, 0x64, 0x3, 0xf1,
    0x64, 0x0, 0x7f, 0x18, 0x7, 0xff, 0x30,

    /* U+0490 "Ґ" */
    0x0, 0xf9, 0x20, 0xc0, 0x3e, 0xc7, 0x40, 0xf,
    0xfe, 0x41, 0x7f, 0xf9, 0xc0, 0x38, 0x47, 0xe0,
    0xb, 0xbb, 0xcc, 0x1, 0xff, 0xff, 0x0, 0xff,
    0xeb, 0x80,

    /* U+0491 "ґ" */
    0x0, 0xe5, 0xfa, 0x0, 0xff, 0xe2, 0x2f, 0xfe,
    0xa0, 0xc, 0x2a, 0xbb, 0x0, 0x5, 0x55, 0x98,
    0x3, 0xff, 0xe8,

    /* U+0492 "Ғ" */
    0x1, 0xff, 0xfc, 0xa0, 0x18, 0x8b, 0xc2, 0x1,
    0xb3, 0x77, 0x90, 0x3, 0xff, 0xab, 0x1c, 0x0,
    0xef, 0xf8, 0x80, 0x1e, 0x40, 0x2, 0x2c, 0x60,
    0x7, 0xc0, 0x6, 0x6e, 0xc2, 0x1, 0xff, 0xed,

    /* U+0493 "ғ" */
    0x6, 0xff, 0xf4, 0x80, 0x42, 0x67, 0xb8, 0x2,
    0x5c, 0xcc, 0xe0, 0x1f, 0xfc, 0x6e, 0x90, 0x4f,
    0xf8, 0x0, 0xc6, 0x2, 0xab, 0x0, 0x22, 0x81,
    0x6a, 0xa0, 0xf, 0xfe, 0x88,

    /* U+0494 "Ҕ" */
    0x1f, 0xff, 0xcc, 0x1, 0xc4, 0x5e, 0x30, 0xe,
    0xcd, 0xde, 0x50, 0xf, 0xfe, 0xee, 0xf7, 0x32,
    0x4c, 0x3, 0xc6, 0x22, 0x36, 0xc9, 0x0, 0xed,
    0xff, 0x62, 0x83, 0x40, 0x6, 0x30, 0x1, 0xd4,
    0x3, 0x88, 0x7, 0xe7, 0x20, 0x60, 0xf, 0xe4,
    0xe, 0x0, 0xfe, 0x10, 0x30, 0xf, 0xe1, 0x3,
    0x1f, 0xf0, 0x80, 0x72, 0x80, 0x80, 0x7e, 0x33,
    0x5, 0x80, 0x44, 0x20, 0x3, 0xe0, 0x33, 0x0,
    0x4b, 0xdf, 0xec, 0x21, 0xe0, 0xc, 0x66, 0x0,
    0x13, 0xf9, 0x0,

    /* U+0495 "ҕ" */
    0x5f, 0xff, 0x58, 0x7, 0x19, 0xf0, 0x6, 0x3c,
    0xcd, 0x0, 0x1f, 0xfc, 0xc3, 0xff, 0x6c, 0x88,
    0x7, 0x8, 0x13, 0x79, 0x0, 0x47, 0xdf, 0x86,
    0x3c, 0x1, 0xe3, 0xe0, 0x32, 0x0, 0xf1, 0x10,
    0x10, 0x3, 0xe6, 0x0, 0x2f, 0xe0, 0x6, 0x70,
    0x30, 0xf, 0x8c, 0x18, 0x0, 0x42, 0x0, 0x90,
    0x13, 0x0, 0x2f, 0x73, 0xd8, 0x28, 0x2, 0x43,
    0x10, 0x4c, 0x40,

    /* U+0496 "Җ" */
    0x5f, 0xd1, 0x0, 0x8f, 0xf4, 0x3, 0x2f, 0xf0,
    0x82, 0xb1, 0x50, 0x7, 0xf1, 0x50, 0x68, 0x80,
    0x24, 0xd1, 0xc0, 0x3f, 0x78, 0x49, 0x80, 0x6d,
    0x18, 0x40, 0xf, 0x51, 0x33, 0x0, 0x38, 0x74,
    0x28, 0x40, 0x33, 0xa9, 0xc8, 0x7, 0xc7, 0x23,
    0xa0, 0x11, 0xc0, 0xe8, 0x7, 0xf3, 0x21, 0xf8,
    0x3, 0x42, 0x84, 0x3, 0xf8, 0x54, 0x10, 0x0,
    0xa1, 0xc0, 0x1f, 0xed, 0x17, 0xb0, 0x5, 0xa,
    0xb0, 0x7, 0xe8, 0x33, 0x40, 0x4, 0x3a, 0x12,
    0x60, 0x1e, 0x47, 0x1d, 0x0, 0xe3, 0x80, 0xd1,
    0x0, 0xc5, 0x41, 0x42, 0x1, 0xe7, 0x41, 0xa0,
    0xd, 0xc2, 0xe8, 0x1, 0xfa, 0x85, 0x3b, 0x8d,
    0x26, 0x68, 0x0, 0xfe, 0x1d, 0x1, 0x1a, 0x7f,
    0x0, 0x31, 0xfe, 0x80, 0x63, 0xf5, 0x0, 0xff,
    0xf7, 0x80,

    /* U+0497 "җ" */
    0x3f, 0xf1, 0x0, 0xb, 0xf8, 0x2, 0x5f, 0xe1,
    0x3, 0x90, 0xf0, 0xf, 0x8a, 0x83, 0x44, 0x0,
    0xcc, 0x2a, 0x0, 0xf7, 0x85, 0x18, 0x6, 0x93,
    0x56, 0x0, 0xd4, 0x4e, 0xa0, 0x1e, 0xd1, 0x97,
    0x0, 0x3a, 0xa4, 0x0, 0x7c, 0x2c, 0x10, 0x0,
    0x90, 0xf0, 0xf, 0xc8, 0xe3, 0xc0, 0xa, 0xa,
    0x10, 0xf, 0x15, 0x86, 0x88, 0x1, 0x20, 0x74,
    0x3, 0x87, 0xc2, 0x4c, 0x3, 0x3a, 0x9d, 0x0,
    0x6a, 0x26, 0x60, 0x7, 0xa8, 0xd7, 0x2d, 0x25,
    0xe, 0x40, 0x3f, 0x68, 0x9a, 0x1c, 0xfe, 0x0,
    0x45, 0xfc, 0x1, 0xf, 0x30, 0x7, 0xff, 0xa4,

    /* U+0498 "Ҙ" */
    0x5, 0xad, 0xef, 0xea, 0x30, 0xa, 0x14, 0x80,
    0x44, 0xb8, 0xa0, 0x9, 0xaf, 0xee, 0x8c, 0x2c,
    0x0, 0x8a, 0x1, 0xf, 0x80, 0x80, 0x7e, 0x70,
    0x10, 0xf, 0x8a, 0x2, 0x40, 0x24, 0xcc, 0x6e,
    0x86, 0x5c, 0x2, 0x23, 0x31, 0x0, 0x3c, 0x40,
    0x26, 0xff, 0x76, 0x33, 0x3c, 0x3, 0xc2, 0x76,
    0x22, 0x60, 0xf, 0xc6, 0x2, 0x24, 0x10, 0x8,
    0x60, 0x81, 0xa, 0xfb, 0x9b, 0xdc, 0x70, 0x63,
    0x27, 0x30, 0x21, 0x25, 0xb9, 0x1, 0x8c, 0xed,
    0xb, 0xa4, 0x0, 0xf1, 0x3c, 0x88, 0x7, 0xed,
    0x5, 0x0, 0xf9, 0xf8, 0x1c, 0x3, 0xe9, 0x47,
    0x30, 0x8,

    /* U+0499 "ҙ" */
    0x7, 0xce, 0xfe, 0xa3, 0x0, 0xa0, 0xc9, 0xd,
    0x70, 0xc0, 0x19, 0xf9, 0x7a, 0xa1, 0x20, 0x3,
    0x0, 0xda, 0x1, 0xf9, 0x24, 0x38, 0x2, 0xbf,
    0xf5, 0x85, 0xa0, 0x5, 0xac, 0xc4, 0x1a, 0x40,
    0x9, 0xa6, 0x57, 0x43, 0x40, 0x1f, 0x18, 0x4,
    0x9f, 0x97, 0x59, 0x20, 0xc0, 0xca, 0x48, 0xa6,
    0x69, 0x80, 0x2a, 0xef, 0x27, 0xc6, 0x0, 0xf4,
    0x39, 0x80, 0x7c, 0xe0, 0x80, 0x1e, 0x68, 0x2,
    0x0, 0xf5, 0x2a, 0xc0, 0x10,

    /* U+049A "Қ" */
    0x1f, 0xf0, 0x80, 0x66, 0xfe, 0x10, 0xf, 0xcb,
    0x23, 0x82, 0x1, 0xf1, 0xd0, 0x51, 0x0, 0x7c,
    0x5a, 0x14, 0x80, 0x1f, 0xf, 0x8c, 0x28, 0x7,
    0xed, 0x26, 0x70, 0xf, 0xd4, 0x66, 0x90, 0xf,
    0xec, 0x3, 0x20, 0xf, 0xe6, 0x70, 0xc1, 0x0,
    0xfe, 0x84, 0x1c, 0x0, 0xff, 0x59, 0x95, 0x80,
    0x7f, 0xb4, 0x52, 0x40, 0x3f, 0x87, 0x41, 0xbb,
    0x90, 0x1, 0xf1, 0xd8, 0x8, 0xef, 0xf0, 0x80,
    0x64, 0xf7, 0x0, 0xff, 0xee, 0x80,

    /* U+049B "қ" */
    0x5f, 0xc0, 0x8, 0xff, 0xc6, 0x1, 0xe1, 0xd0,
    0xa3, 0x0, 0xf6, 0x8c, 0x28, 0x7, 0xa8, 0xd5,
    0xc0, 0x3c, 0xea, 0x74, 0x1, 0xe1, 0x80, 0x80,
    0xf, 0x86, 0x42, 0x44, 0x3, 0xe6, 0x61, 0x68,
    0x7, 0xe9, 0x43, 0x90, 0xf, 0xd6, 0x6d, 0x30,
    0x60, 0x1e, 0xd1, 0x67, 0x45, 0xfc, 0x0, 0x87,
    0x9c, 0x3, 0xff, 0xae,

    /* U+049C "Ҝ" */
    0x2f, 0xf0, 0x7, 0x3f, 0xe8, 0x80, 0x7c, 0xb0,
    0x1e, 0x20, 0x1b, 0x20, 0xe8, 0x2c, 0x80, 0x3c,
    0x5a, 0x12, 0x80, 0x1f, 0x28, 0xbb, 0x0, 0x78,
    0x44, 0x9, 0x0, 0x1f, 0x59, 0x12, 0xc0, 0x3f,
    0xc6, 0x20, 0x1f, 0xac, 0x87, 0x40, 0x3f, 0x8,
    0x80, 0xec, 0x3, 0xf9, 0x45, 0x24, 0x3, 0xe5,
    0xcd, 0x6, 0x70, 0xf, 0x4b, 0x1d, 0x84, 0x28,
    0x7, 0xe4, 0xa0, 0xa3,

    /* U+049D "ҝ" */
    0x5f, 0xc0, 0x8, 0xff, 0xc4, 0x1, 0x17, 0x9e,
    0x85, 0x90, 0x7, 0x70, 0xc2, 0x0, 0x78, 0x99,
    0xc0, 0x39, 0x41, 0x24, 0x3, 0x86, 0x3, 0xc0,
    0x3c, 0x32, 0x14, 0x40, 0x1e, 0x40, 0x1f, 0x10,
    0xf, 0x8c, 0xa8, 0x3, 0xef, 0x34, 0x90, 0xc,
    0x5e, 0x7a, 0x2c, 0xe0,

    /* U+049E "Ҟ" */
    0x1, 0xff, 0x8, 0x6, 0x5f, 0xe1, 0x7c, 0x0,
    0x66, 0x0, 0x3, 0x61, 0x43, 0xc4, 0x0, 0x22,
    0x0, 0x2c, 0x59, 0x2, 0x78, 0x1, 0xdc, 0x5,
    0x50, 0xc8, 0x7, 0xe1, 0xb0, 0xa0, 0xf, 0xeb,
    0x16, 0x40, 0xf, 0xbb, 0xd4, 0x64, 0x3, 0xf1,
    0x10, 0x4, 0xc0, 0x3f, 0x66, 0xb0, 0x70, 0x7,
    0xfa, 0x48, 0x92, 0x1, 0xfe, 0xe0, 0x64, 0x0,
    0xfe, 0x37, 0xa, 0x10, 0xf, 0xe8, 0x31, 0xb0,
    0xf, 0xf7, 0x2, 0xb0,

    /* U+049F "ҟ" */
    0x1, 0x32, 0x0, 0xfc, 0x99, 0xc0, 0x1f, 0x9,
    0x80, 0x91, 0x40, 0x1b, 0x24, 0xb, 0x76, 0x30,
    0xa, 0x5c, 0xa, 0xaa, 0x20, 0x9, 0x34, 0x5,
    0x56, 0x2f, 0xf1, 0x80, 0x78, 0x74, 0x28, 0xc0,
    0x3d, 0xa3, 0xa, 0x1, 0xea, 0x36, 0x70, 0xf,
    0x42, 0xa4, 0x80, 0x78, 0x5c, 0x38, 0x3, 0xe1,
    0xb0, 0xa2, 0x0, 0xf9, 0x20, 0x30, 0x40, 0x3e,
    0x76, 0x1d, 0x0, 0xfd, 0x28, 0x74, 0x1, 0xfa,
    0x89, 0x60,

    /* U+04A0 "Ҡ" */
    0xef, 0xfd, 0x0, 0x18, 0x7b, 0xd8, 0x8, 0x44,
    0x1, 0xf6, 0x8b, 0xb0, 0x67, 0x71, 0x40, 0x3a,
    0xcd, 0x60, 0x3, 0xfd, 0x28, 0x74, 0x1, 0xfe,
    0x76, 0x2d, 0x0, 0xff, 0x2c, 0xf, 0x88, 0x7,
    0xf1, 0xd0, 0x69, 0x0, 0x7f, 0x88, 0x42, 0xc0,
    0x3f, 0xe1, 0xd0, 0x76, 0x0, 0xff, 0x8e, 0xc2,
    0x50, 0x3, 0xfe, 0x49, 0xb, 0x20, 0xf, 0xf9,
    0x9c, 0x30, 0x40, 0x3f, 0xe8, 0x41, 0xd0, 0xf,
    0xfe, 0x5, 0x99, 0xa8, 0x0,

    /* U+04A1 "ҡ" */
    0xbf, 0xfd, 0x60, 0x11, 0xff, 0x9, 0xa2, 0xc,
    0x3, 0x16, 0x86, 0x8c, 0x5d, 0xa0, 0x3, 0x78,
    0xd1, 0x80, 0x7e, 0xb2, 0x85, 0x0, 0xfd, 0x28,
    0xce, 0x1, 0xf9, 0x98, 0x14, 0x1, 0xfc, 0xd4,
    0x1c, 0x20, 0x1f, 0xca, 0xe5, 0xa0, 0x1f, 0xe8,
    0x53, 0xa0, 0xf, 0xf5, 0x1a, 0xc0, 0x7, 0xfb,
    0x45, 0xd8,

    /* U+04A2 "Ң" */
    0x1f, 0xf0, 0x80, 0x70, 0xff, 0x80, 0x3f, 0xff,
    0xe0, 0x1e, 0xef, 0xfe, 0xe0, 0xf, 0xc4, 0x5f,
    0x0, 0x7e, 0xcd, 0xde, 0xc0, 0xf, 0xff, 0x97,
    0xf8, 0x80, 0x3f, 0xf8, 0x63, 0xfe, 0x10, 0xe,
    0x1f, 0xf0, 0x7, 0xff, 0x84, 0xce,

    /* U+04A3 "ң" */
    0x5f, 0xc0, 0xe, 0xef, 0x30, 0xf, 0xfe, 0xf9,
    0x5d, 0xf0, 0x80, 0x78, 0x51, 0x38, 0x3, 0xe3,
    0xff, 0xe1, 0x0, 0xff, 0xee, 0x53, 0x88, 0x7,
    0xf9, 0xa0, 0xd7, 0xf0, 0x3, 0xbb, 0xc4, 0x3,
    0xff, 0xba,

    /* U+04A4 "Ҥ" */
    0x1f, 0xf0, 0x80, 0x71, 0x7f, 0xf2, 0x0, 0x7f,
    0xf0, 0x4, 0x60, 0xf, 0xfe, 0xf, 0x74, 0x80,
    0x1f, 0xfe, 0x7e, 0xff, 0xed, 0x0, 0xfe, 0x22,
    0xf8, 0x3, 0xfb, 0x37, 0x7b, 0xc0, 0x3f, 0xff,
    0xe0, 0x1f, 0xf0,

    /* U+04A5 "ҥ" */
    0x5f, 0xc0, 0xe, 0xef, 0xfd, 0x40, 0x1f, 0xe3,
    0x44, 0x68, 0x7, 0xfb, 0xee, 0xce, 0x1, 0xff,
    0xc4, 0x2b, 0xbe, 0x10, 0xf, 0x85, 0x13, 0x80,
    0x3f, 0x1f, 0xff, 0x8, 0x7, 0xff, 0xc4,

    /* U+04A6 "Ҧ" */
    0x1f, 0xff, 0xf2, 0x80, 0x7f, 0xc2, 0x3e, 0x0,
    0xff, 0xe1, 0x7f, 0x77, 0x10, 0x7, 0xff, 0xfc,
    0x3, 0xd7, 0xba, 0xc9, 0x30, 0xf, 0xfe, 0x10,
    0x91, 0xd, 0xb2, 0x40, 0x3f, 0xf8, 0x33, 0xfe,
    0xc6, 0x6, 0x80, 0xf, 0xfe, 0x1, 0x80, 0xe,
    0x64, 0xe, 0x20, 0x1f, 0xfc, 0x46, 0x20, 0x60,
    0xf, 0xfe, 0x2a, 0x7, 0x0, 0x7f, 0xf1, 0x44,
    0x8, 0x3, 0xff, 0x8a, 0x20, 0x22, 0xff, 0x8,
    0x7, 0x6f, 0xa8, 0x7, 0x28, 0x10, 0x7, 0xff,
    0x10, 0xcc, 0x16, 0x1, 0xff, 0x10, 0x80, 0xf,
    0x80, 0xcc, 0x1, 0xff, 0x2f, 0x7f, 0xb0, 0x87,
    0x80, 0x3f, 0xf8, 0x6, 0x60, 0x1, 0x37, 0x90,
    0x0,

    /* U+04A7 "ҧ" */
    0x5f, 0xff, 0xd4, 0x1, 0xf8, 0x51, 0x31, 0x0,
    0x7f, 0x8a, 0xef, 0x28, 0x7, 0xff, 0x95, 0x7f,
    0xad, 0x0, 0x3f, 0xf8, 0x2, 0x24, 0xb6, 0x0,
    0xff, 0x2f, 0x7c, 0x4, 0x90, 0x7, 0xff, 0x1,
    0xd0, 0x28, 0x3, 0xff, 0x83, 0x80, 0x60, 0x1f,
    0xfc, 0x12, 0x7, 0x5f, 0xc0, 0xd, 0x1f, 0x40,
    0x11, 0x83, 0x80, 0x7f, 0xf0, 0x7c, 0x8, 0x3,
    0xf8, 0xc0, 0x6, 0xc1, 0xa0, 0x1f, 0xdf, 0xee,
    0xc0, 0x54, 0x0, 0xfe, 0xb2, 0x12, 0x8a, 0x0,

    /* U+04A8 "Ҩ" */
    0x0, 0x9a, 0xfb, 0xf9, 0xc0, 0x3e, 0xc9, 0x41,
    0x21, 0x20, 0xf, 0x51, 0x8d, 0xfe, 0xfa, 0x80,
    0x71, 0x28, 0x52, 0x0, 0x17, 0x7f, 0xa0, 0x0,
    0xa0, 0x68, 0x0, 0x5a, 0x23, 0x7, 0x90, 0xd0,
    0x50, 0xa, 0x41, 0xf3, 0x0, 0xc2, 0xc1, 0xc0,
    0x11, 0x85, 0x1, 0x10, 0x14, 0x3, 0xf1, 0x80,
    0x18, 0x5, 0x83, 0x80, 0x3f, 0x38, 0xe, 0x82,
    0x0, 0x46, 0x8, 0x2, 0x60, 0xaa, 0x2, 0x50,
    0x5, 0x4, 0x84, 0x2, 0x9, 0x38, 0x53, 0x83,
    0x11, 0xe3, 0x4, 0x80, 0x21, 0x82, 0x3f, 0x88,
    0xc, 0x20, 0x88, 0x0, 0x9b, 0x52, 0x10, 0x21,
    0x8, 0xfe, 0x0, 0x92, 0xb7, 0xfd, 0xbe, 0xe6,
    0x48,

    /* U+04A9 "ҩ" */
    0x0, 0x36, 0xff, 0x30, 0x7, 0xaa, 0x48, 0xc9,
    0x40, 0x39, 0x54, 0x3b, 0x9b, 0x1d, 0xc7, 0x0,
    0x78, 0x31, 0x6, 0xa2, 0x84, 0x38, 0x38, 0x60,
    0x11, 0x9a, 0xf4, 0x2c, 0xc, 0x1c, 0x18, 0x14,
    0xc, 0x8, 0xc, 0x1c, 0x2, 0x30, 0x10, 0x20,
    0x70, 0xc0, 0x50, 0x50, 0x60, 0xb0, 0xe0, 0x73,
    0x16, 0xc, 0x82, 0x70, 0x46, 0xc, 0xd4, 0x3,
    0x6, 0xa2, 0x9, 0xa3, 0x22, 0x23, 0x12, 0x28,
    0x80,

    /* U+04AA "Ҫ" */
    0x0, 0x8a, 0x37, 0xbf, 0x69, 0x40, 0x26, 0xd7,
    0x20, 0x12, 0x59, 0x0, 0x2c, 0x83, 0x77, 0x5f,
    0x5e, 0x0, 0xb0, 0x89, 0x10, 0x9, 0x4c, 0x14,
    0x44, 0xe0, 0x1f, 0xb0, 0x1c, 0x3, 0xf8, 0x83,
    0x80, 0x3f, 0x9c, 0x3, 0xfe, 0x70, 0xe0, 0xf,
    0xe2, 0x7, 0x0, 0xfe, 0xc0, 0x17, 0x0, 0xfc,
    0xa2, 0x11, 0x1, 0x0, 0x88, 0xc0, 0x16, 0x0,
    0x7e, 0xeb, 0xf6, 0xc0, 0xb, 0x42, 0x0, 0x11,
    0x96, 0xc0, 0x25, 0xe9, 0x20, 0xce, 0xa3, 0x0,
    0xe6, 0xc1, 0xe0, 0xf, 0xe1, 0x72, 0x10, 0xf,
    0x89, 0x90, 0x4, 0x3, 0xe1, 0x93, 0xa0, 0xc,

    /* U+04AB "ҫ" */
    0x0, 0x25, 0xf7, 0xec, 0x80, 0x22, 0xd0, 0x8,
    0x88, 0x6, 0xe1, 0x5d, 0xbf, 0xe0, 0xa0, 0x65,
    0x0, 0x88, 0x10, 0x30, 0x3, 0xc6, 0x2, 0x1,
    0xf8, 0x40, 0x3c, 0x41, 0x80, 0x1e, 0x40, 0x65,
    0x0, 0x90, 0x24, 0x1, 0x5d, 0xbf, 0x60, 0x38,
    0x20, 0x24, 0x47, 0x0, 0x1f, 0x48, 0x2e, 0xc0,
    0x6, 0x68, 0x55, 0x0, 0x79, 0x83, 0x40, 0x39,
    0x60, 0x3c, 0x3, 0xb9, 0x91, 0xc0, 0x0,

    /* U+04AC "Ҭ" */
    0xcf, 0xff, 0xf3, 0x8, 0xe0, 0x0, 0x8c, 0x55,
    0xdd, 0x48, 0x27, 0x75, 0xa0, 0x1f, 0xff, 0xf0,
    0xf, 0xfe, 0x92, 0x7e, 0x0, 0x7f, 0xf1, 0x5f,
    0xec, 0x3, 0xff, 0xa8, 0xe6, 0xa0, 0x0,

    /* U+04AD "ҭ" */
    0x9f, 0xff, 0xd1, 0xe8, 0x90, 0x1, 0x12, 0xd6,
    0xbb, 0x50, 0x2, 0xee, 0x50, 0xf, 0xff, 0xb3,
    0xb0, 0x7, 0xe8, 0x80, 0x7, 0xf, 0xf0, 0x7,
    0xff, 0x58,

    /* U+04AE "Ү" */
    0xbf, 0x90, 0xf, 0x77, 0xb4, 0x3, 0x10, 0x6,
    0x71, 0x26, 0x35, 0x8, 0x0, 0xd2, 0x12, 0x0,
    0xb0, 0x52, 0x0, 0x38, 0xa2, 0x0, 0x2, 0xe1,
    0x20, 0x30, 0x10, 0x1, 0xa0, 0x50, 0xe4, 0x14,
    0xc0, 0x3a, 0x43, 0xdc, 0x2c, 0x3, 0xce, 0x46,
    0xe, 0x20, 0x1f, 0x58, 0x2, 0x0, 0x3f, 0x10,
    0x8, 0x7, 0xff, 0xa4,

    /* U+04AF "ү" */
    0xcf, 0x70, 0xe, 0xef, 0x5a, 0xb, 0x0, 0xc6,
    0x20, 0xae, 0x6, 0x40, 0x15, 0x3, 0x0, 0xa8,
    0x50, 0x4, 0xc1, 0x40, 0xe, 0x6, 0x0, 0x28,
    0x11, 0x80, 0x10, 0x44, 0x81, 0xc1, 0x40, 0x19,
    0x83, 0x41, 0x1, 0x80, 0x35, 0x3, 0xa8, 0x20,
    0x80, 0x62, 0x31, 0x90, 0xe0, 0xf, 0x50, 0x18,
    0xa8, 0x7, 0x98, 0x0, 0xe0, 0x1f, 0x8c, 0x30,
    0x3, 0xff, 0xc8,

    /* U+04B0 "Ұ" */
    0xbf, 0x90, 0xf, 0x77, 0xb4, 0x83, 0x10, 0x6,
    0x71, 0x26, 0x26, 0x9, 0x0, 0x86, 0x2, 0x40,
    0x10, 0x8, 0x60, 0x9, 0x4, 0x40, 0x0, 0x5c,
    0x3c, 0x5, 0xc2, 0x40, 0x34, 0x9, 0xa4, 0x3,
    0x10, 0x7, 0x40, 0x4b, 0x4, 0x0, 0x79, 0x88,
    0x81, 0x2, 0x1, 0xf4, 0x0, 0x1c, 0x3, 0x93,
    0xfd, 0x40, 0xf, 0xf7, 0x0, 0x4e, 0x23, 0x0,
    0x4, 0x44, 0x1, 0x1f, 0x72, 0x80, 0x7b, 0x98,
    0x1, 0xff, 0xce,

    /* U+04B1 "ұ" */
    0xcf, 0x70, 0xe, 0xef, 0x5a, 0xb, 0x0, 0xc6,
    0x20, 0xae, 0x6, 0x40, 0x15, 0x3, 0x0, 0xa8,
    0x50, 0x4, 0xc1, 0x40, 0xe, 0x6, 0x0, 0x28,
    0x11, 0x80, 0x10, 0x44, 0x81, 0xc1, 0x40, 0x19,
    0x83, 0x41, 0x1, 0x80, 0x35, 0x3, 0xa8, 0x20,
    0x80, 0x62, 0x31, 0x90, 0xf0, 0xf, 0x48, 0x18,
    0xa0, 0x7, 0x94, 0x0, 0xc0, 0x1d, 0x3f, 0xe0,
    0x3, 0xff, 0x84, 0x1, 0x8c, 0xc1, 0x4, 0x66,
    0x8, 0x1, 0x66, 0x44, 0x1d, 0x32, 0x0, 0xff,
    0xe6, 0x0,

    /* U+04B2 "Ҳ" */
    0x4f, 0xf1, 0x0, 0x76, 0x7b, 0x82, 0x28, 0x48,
    0x6, 0x73, 0x33, 0x80, 0x2c, 0x51, 0x40, 0x5,
    0x1, 0xc0, 0x10, 0xd0, 0x58, 0x84, 0x84, 0x10,
    0x6, 0x45, 0x18, 0x54, 0x37, 0x0, 0xf5, 0x8b,
    0x50, 0x70, 0x7, 0xc3, 0x0, 0x7, 0x20, 0xf,
    0xda, 0x0, 0x50, 0xf, 0xcc, 0x86, 0x85, 0x20,
    0x1e, 0x18, 0xe, 0xa0, 0x63, 0x0, 0xeb, 0x17,
    0x21, 0x80, 0xe0, 0xc, 0xaa, 0x28, 0x0, 0x39,
    0x12, 0x40, 0x3, 0x61, 0x20, 0x1b, 0x81, 0xbf,
    0xd0, 0x2a, 0x80, 0x18, 0xd8, 0x2, 0x9f, 0xa0,
    0xf, 0x4e, 0x80, 0x7f, 0xf6, 0x8c, 0xe0,

    /* U+04B3 "ҳ" */
    0x3f, 0xf1, 0x80, 0x49, 0xfe, 0x20, 0x37, 0xe,
    0x0, 0xa4, 0x20, 0x80, 0x10, 0x44, 0x80, 0x82,
    0x37, 0x0, 0xdc, 0xe, 0xae, 0x1c, 0x1, 0xc6,
    0xe1, 0x41, 0x4, 0x1, 0xe8, 0x0, 0xb, 0x80,
    0x7d, 0x0, 0x1, 0x60, 0xf, 0x1b, 0x85, 0x4,
    0x90, 0x7, 0x68, 0x42, 0xc0, 0x70, 0x6, 0xa1,
    0x47, 0x7, 0x33, 0x54, 0xa, 0xa8, 0x28, 0x2,
    0xe0, 0x57, 0x25, 0xff, 0x8, 0x4, 0x5e, 0x60,
    0x1f, 0xfd, 0xa0,

    /* U+04B4 "Ҵ" */
    0xcf, 0xff, 0xeb, 0x1, 0xff, 0x8, 0x1, 0x84,
    0x60, 0x0, 0x8f, 0x0, 0x7d, 0x5d, 0xd1, 0x85,
    0xf7, 0x54, 0x1, 0xff, 0xff, 0x0, 0xff, 0xff,
    0x80, 0x7f, 0xf3, 0x6f, 0xbb, 0xbc, 0x1, 0xfc,
    0x40, 0x1e, 0x11, 0xf8, 0x0, 0x23, 0x0, 0x6c,
    0xff, 0xff, 0x10, 0x7, 0xff, 0xb0,

    /* U+04B5 "ҵ" */
    0x9f, 0xff, 0xac, 0x23, 0xe4, 0x1, 0xe8, 0x81,
    0x2, 0x44, 0x18, 0x7, 0x9a, 0xec, 0xa1, 0x77,
    0x40, 0x7, 0xff, 0xfc, 0x3, 0xff, 0x9d, 0x77,
    0xca, 0xf, 0x6c, 0x1, 0xc4, 0x89, 0x88, 0x5,
    0x38, 0x2, 0xbf, 0xff, 0xd0, 0x1, 0xff, 0xe0,
    0x23, 0xe0,

    /* U+04B6 "Ҷ" */
    0x9f, 0x90, 0xf, 0x77, 0x98, 0x7, 0xff, 0xb8,
    0x40, 0xc0, 0x3f, 0xee, 0x5, 0x30, 0x8, 0xdc,
    0x40, 0x33, 0x88, 0x67, 0x73, 0xf2, 0x0, 0x38,
    0x7d, 0x88, 0x40, 0xda, 0xc4, 0x3, 0x86, 0x77,
    0xfb, 0x25, 0x0, 0x3f, 0xfc, 0x19, 0xea, 0x1,
    0xff, 0xcb, 0xef, 0x30, 0xf, 0xfe, 0xea, 0x9b,
    0x0,

    /* U+04B7 "ҷ" */
    0x9f, 0x80, 0xc, 0x9f, 0xa0, 0x1f, 0xfd, 0xa1,
    0x1, 0x0, 0xfe, 0xd0, 0x73, 0x2, 0x7a, 0x0,
    0xca, 0x63, 0x9f, 0xb0, 0x40, 0x1d, 0x92, 0xcc,
    0x8e, 0x80, 0xf, 0x34, 0xc9, 0xc4, 0x3, 0xff,
    0x84, 0x6e, 0xa0, 0x1f, 0xc3, 0x12, 0x1, 0xf2,
    0x7d, 0x80, 0x7f, 0xf6, 0x80,

    /* U+04B8 "Ҹ" */
    0x8f, 0xb0, 0xf, 0x77, 0xa8, 0x7, 0xff, 0x77,
    0x20, 0x3, 0xbc, 0x1c, 0x3, 0xf8, 0x80, 0xd4,
    0x2, 0x26, 0x10, 0x2, 0x90, 0x57, 0x9b, 0xec,
    0x80, 0x6c, 0x83, 0x10, 0x15, 0xa1, 0x0, 0x85,
    0xf3, 0x8d, 0xa9, 0x40, 0x3f, 0xfa, 0x9b, 0x20,
    0x1f, 0xe1, 0x10, 0x7, 0x0,

    /* U+04B9 "ҹ" */
    0xaf, 0x80, 0xc, 0xbf, 0x80, 0x1f, 0xfc, 0xcb,
    0x80, 0xc, 0x60, 0x1f, 0xde, 0xc, 0x40, 0x2f,
    0x40, 0x6, 0x21, 0xd4, 0x68, 0x20, 0xb, 0x61,
    0x45, 0x36, 0x0, 0x33, 0xd2, 0x99, 0x0, 0x7d,
    0x9a, 0x1, 0xf9, 0xd4, 0x3, 0x0,

    /* U+04BA "Һ" */
    0x2f, 0xf0, 0x7, 0xff, 0x90, 0x9a, 0x6f, 0x6d,
    0xc0, 0x3b, 0x65, 0x90, 0x92, 0x34, 0x3, 0x24,
    0xef, 0x7d, 0x1, 0x30, 0x5, 0x6c, 0x42, 0xa,
    0xa0, 0xc0, 0xf, 0xe2, 0x1, 0x0, 0xff, 0xf8,
    0x0,

    /* U+04BB "һ" */
    0x13, 0x20, 0xf, 0x93, 0x38, 0x3, 0xff, 0xb6,
    0xe5, 0x7f, 0xd8, 0xa0, 0x13, 0x6a, 0x98, 0x1d,
    0x30, 0x0, 0x9b, 0xb3, 0x94, 0x28, 0x2, 0x80,
    0xa, 0x40, 0xc0, 0x4, 0x20, 0x10, 0x80, 0x61,
    0x0, 0xff, 0xf6, 0x80,

    /* U+04BC "Ҽ" */
    0x0, 0xf1, 0xce, 0xff, 0xb6, 0x90, 0x3, 0xf3,
    0xe3, 0x10, 0x9, 0x2d, 0xc0, 0x7, 0x96, 0x1,
    0xfb, 0xfb, 0xe4, 0x1d, 0x41, 0xfd, 0x42, 0xc1,
    0xe0, 0x40, 0x26, 0x80, 0x90, 0xe0, 0x1, 0x88,
    0x48, 0x7, 0x94, 0xc, 0x7c, 0x2b, 0x40, 0x19,
    0xbb, 0xef, 0x0, 0x1b, 0x38, 0x88, 0x0, 0x45,
    0xf8, 0x0, 0x21, 0x1d, 0x40, 0x3f, 0xff, 0xe3,
    0x0, 0x98, 0x4, 0x40, 0x1f, 0xfc, 0x13, 0x10,
    0x70, 0xf, 0xfe, 0x13, 0x4, 0x8, 0x7, 0xff,
    0x6, 0x44, 0x58, 0x80, 0x10, 0xa4, 0xa8, 0x7,
    0xe, 0x9, 0x5f, 0xf7, 0x56, 0xc6, 0x1, 0xe2,
    0xe8, 0x31, 0x18, 0x96, 0x58, 0x0,

    /* U+04BD "ҽ" */
    0x0, 0xe5, 0xcf, 0xf6, 0x28, 0x7, 0xa6, 0x8d,
    0x10, 0x74, 0xe0, 0x70, 0x26, 0xc1, 0xb7, 0x6c,
    0x8, 0x19, 0x70, 0xa0, 0x72, 0x0, 0x1a, 0x3,
    0x98, 0x6b, 0x82, 0x4c, 0xe6, 0xe, 0x85, 0x21,
    0x3, 0x66, 0xc4, 0x2, 0x2a, 0xe2, 0x9, 0xff,
    0xf4, 0x80, 0x4e, 0x1e, 0x1, 0xfe, 0xe0, 0x65,
    0x0, 0xc8, 0x1, 0x91, 0xc2, 0xb6, 0xf3, 0xac,
    0x3, 0xa2, 0xd0, 0xd0, 0xca, 0x0,

    /* U+04BE "Ҿ" */
    0x0, 0xf0, 0xc6, 0xff, 0xb6, 0x48, 0x3, 0xf2,
    0xf3, 0x90, 0x88, 0x9b, 0x54, 0x3, 0xc7, 0x40,
    0xbb, 0xdc, 0xf8, 0xa, 0x20, 0x6f, 0x50, 0x80,
    0x3a, 0x20, 0x9, 0xd4, 0x20, 0x3c, 0x4, 0x48,
    0x1e, 0x1, 0xe9, 0x4, 0x1, 0x3, 0x50, 0x1,
    0x80, 0x78, 0x80, 0x45, 0x61, 0x16, 0x0, 0xff,
    0xfb, 0x80, 0x4, 0x74, 0x82, 0x0, 0x22, 0xff,
    0x0, 0x16, 0xec, 0x0, 0xdd, 0xff, 0x18, 0x4,
    0x80, 0x3, 0x0, 0xff, 0xe0, 0x8a, 0x4, 0x0,
    0x7f, 0xf0, 0xa0, 0x12, 0x88, 0x3, 0x13, 0xa0,
    0x7, 0x1d, 0x2, 0xef, 0x66, 0xfe, 0xc1, 0x0,
    0x79, 0x75, 0xc8, 0x4c, 0x85, 0x21, 0xc0, 0x3e,
    0x28, 0xd2, 0xc, 0xeb, 0x71, 0x0, 0xff, 0xf0,
    0x5b, 0x90, 0x7, 0x0,

    /* U+04BF "ҿ" */
    0x0, 0xe5, 0xcf, 0xf6, 0x28, 0x7, 0xa6, 0x8d,
    0x10, 0x74, 0xe0, 0x70, 0x26, 0xc1, 0xb7, 0x6c,
    0x8, 0x19, 0x70, 0xa0, 0x72, 0x0, 0x1a, 0x3,
    0x98, 0x6b, 0x82, 0x4c, 0xe6, 0xe, 0x84, 0x21,
    0x3, 0x66, 0xc4, 0x2, 0x2b, 0xe3, 0x9, 0xff,
    0xf4, 0x80, 0x4a, 0x1e, 0x1, 0xfe, 0xa0, 0x64,
    0x0, 0xc6, 0x1, 0x8d, 0xc2, 0xf2, 0xaf, 0xb0,
    0x3, 0xa2, 0x90, 0xd5, 0xd, 0xc0, 0x3c, 0xb6,
    0x21, 0xdb, 0x0, 0x1f, 0xfd, 0x69, 0x71, 0x0,
    0x80,

    /* U+04C0 "Ӏ" */
    0x3f, 0xfe, 0x43, 0x82, 0x2, 0x85, 0x7, 0x50,
    0x77, 0x8, 0x7, 0xff, 0xd1, 0x94, 0x1d, 0xc2,
    0x72, 0x40, 0x50, 0xa0,

    /* U+04C1 "Ӂ" */
    0x0, 0xf3, 0xb8, 0x0, 0x30, 0xa0, 0x1f, 0xfc,
    0xc, 0x87, 0x2b, 0x72, 0x0, 0xff, 0xe0, 0x51,
    0x46, 0xaa, 0x38, 0x7, 0xff, 0x0, 0x77, 0x59,
    0xb6, 0x1, 0xff, 0xc3, 0x23, 0x20, 0xf, 0xc7,
    0xfe, 0x10, 0xd, 0x9e, 0xa0, 0x19, 0xff, 0x0,
    0xdc, 0x28, 0x3, 0xfc, 0x50, 0x1c, 0x0, 0x82,
    0x45, 0x0, 0xfe, 0x90, 0x72, 0x0, 0xb8, 0x2c,
    0x40, 0x3e, 0x64, 0x28, 0x0, 0xc6, 0xc3, 0x60,
    0x1e, 0x19, 0xe, 0x0, 0xf4, 0x8a, 0xa8, 0x3,
    0xa8, 0x1c, 0xc0, 0x3e, 0xa0, 0xaf, 0x30, 0xaf,
    0x41, 0x80, 0xf, 0xd8, 0x0, 0x20, 0x0, 0x90,
    0x9, 0x0, 0x7c, 0x6e, 0x19, 0xa6, 0x17, 0xaa,
    0x1e, 0x1, 0xf7, 0x3, 0x98, 0x7, 0x58, 0x94,
    0x0, 0x74, 0x91, 0x20, 0x3, 0xc3, 0x40, 0xe6,
    0x1, 0x1b, 0x7, 0x0, 0x7e, 0x46, 0xe, 0x0,
    0xb8, 0x1c, 0xc0, 0x3f, 0xa4, 0x4a, 0x2, 0x48,
    0x90, 0x1, 0xff, 0x50, 0x39, 0x80,

    /* U+04C2 "ӂ" */
    0x0, 0xc9, 0xf2, 0x0, 0xbf, 0x10, 0xf, 0xc8,
    0x2e, 0x68, 0x83, 0x10, 0xf, 0xea, 0xc, 0xb2,
    0xe0, 0xf, 0xf2, 0x76, 0x6e, 0x88, 0x3, 0x8f,
    0xf8, 0x40, 0x5, 0x98, 0x0, 0x8b, 0xf8, 0x4d,
    0xc6, 0xc0, 0x3f, 0x78, 0x58, 0x84, 0x1a, 0xa8,
    0x3, 0xd0, 0x4c, 0xa0, 0x17, 0x5, 0x88, 0x6,
    0x37, 0x29, 0x0, 0xc5, 0x3, 0x92, 0x3, 0x7a,
    0x1c, 0x1, 0xe1, 0x2, 0x40, 0x2, 0x8, 0x7,
    0xc3, 0x1, 0x7a, 0x3, 0xf0, 0x1e, 0x1, 0xd6,
    0x2a, 0x80, 0x19, 0xc8, 0xdc, 0x2, 0x45, 0xb,
    0x0, 0xf4, 0x84, 0x8, 0x2, 0x42, 0x4, 0x3,
    0xc8, 0xa1, 0x41, 0x4, 0x47, 0x0, 0xfd, 0x60,
    0x8a,

    /* U+04C3 "Ӄ" */
    0x1f, 0xf0, 0x80, 0x67, 0xfe, 0x20, 0xf, 0xcd,
    0x3, 0x84, 0x1, 0xf2, 0xc8, 0xe1, 0x0, 0x7c,
    0x94, 0x1a, 0x40, 0x1f, 0x1d, 0x86, 0x18, 0x7,
    0xc5, 0xa1, 0x66, 0x1, 0xfb, 0x44, 0x5f, 0x28,
    0x1, 0xf0, 0x80, 0xa3, 0x5e, 0x98, 0x7, 0x67,
    0xfb, 0x64, 0x4b, 0x44, 0x3, 0x10, 0x0, 0x9b,
    0xc8, 0x6c, 0x3, 0xf8, 0x64, 0x14, 0x3, 0xfc,
    0x80, 0x2, 0x0, 0xff, 0x8, 0x8, 0x7, 0xf8,
    0x40, 0x45, 0xfe, 0x10, 0xe, 0x20, 0x1, 0x80,
    0x7f, 0x58, 0x18, 0x80, 0x63, 0x0, 0xa1, 0x82,
    0x0, 0x3b, 0x3f, 0xe7, 0x7, 0x40, 0xe, 0x51,
    0x1, 0x4b, 0x80, 0x0,

    /* U+04C4 "ӄ" */
    0x5f, 0xc0, 0x8, 0xff, 0xc8, 0x1, 0xe1, 0xd0,
    0xa4, 0x0, 0xe1, 0xc1, 0x95, 0x0, 0xf5, 0x13,
    0xb0, 0x7, 0xa9, 0x1a, 0x0, 0x3c, 0x6a, 0xd,
    0xae, 0x1, 0xe3, 0x42, 0x24, 0x60, 0x6, 0x3c,
    0xbd, 0xc1, 0x37, 0x0, 0xf8, 0xe0, 0x2c, 0x3,
    0xf2, 0x1, 0x0, 0x7e, 0x30, 0x10, 0x5f, 0xc0,
    0xc, 0x60, 0x20, 0x1f, 0x90, 0x14, 0x3, 0x10,
    0x0, 0xe0, 0x34, 0x3, 0x77, 0x37, 0x5, 0x18,
    0x3, 0x58, 0x11, 0x1e, 0xc0, 0x0,

    /* U+04C5 "Ӆ" */
    0x0, 0xd9, 0xff, 0xf3, 0x80, 0x78, 0x80, 0x8b,
    0x0, 0x7f, 0x8, 0x6e, 0xe4, 0x0, 0xf8, 0x80,
    0x80, 0x3f, 0xf8, 0xc, 0xc, 0x1, 0xff, 0xc0,
    0x30, 0x20, 0xf, 0xfe, 0x7, 0x7, 0x0, 0x7f,
    0xf0, 0x14, 0xc, 0x3, 0xff, 0x80, 0x40, 0xc0,
    0x1f, 0xf0, 0x88, 0x8, 0x3, 0xfe, 0x40, 0x40,
    0xf, 0xfe, 0x7, 0x6, 0x0, 0x7f, 0xaa, 0xd0,
    0x58, 0x3, 0xe8, 0xfa, 0x44, 0x1e, 0x88, 0x7,
    0xf6, 0x77, 0xe1, 0x80, 0x7a, 0xfd, 0x1, 0x0,
    0x3f, 0xe2, 0x41, 0x20, 0xf, 0xfa, 0xc1, 0xc0,
    0x3f, 0xf8, 0xa, 0x7a, 0x0,

    /* U+04C6 "ӆ" */
    0x0, 0xaf, 0xff, 0xc8, 0x1, 0xcc, 0x8, 0x90,
    0x7, 0xe3, 0xb, 0xb8, 0x80, 0x3e, 0x10, 0xf,
    0xf8, 0x80, 0x80, 0x3f, 0xcc, 0xe, 0x1, 0xfe,
    0x30, 0x20, 0xf, 0xf5, 0x86, 0x0, 0x7f, 0x19,
    0x81, 0x0, 0x3f, 0x56, 0x3, 0x80, 0x7a, 0x2c,
    0xd0, 0x1a, 0x0, 0x3c, 0x68, 0x3d, 0xf2, 0x1,
    0xdb, 0xe2, 0x22, 0x0, 0xfe, 0x31, 0x40, 0xf,
    0xf5, 0x6, 0x0, 0x7f, 0x8c, 0xc8, 0x0,

    /* U+04C7 "Ӈ" */
    0x1f, 0xf0, 0x80, 0x70, 0xff, 0x80, 0x3f, 0xff,
    0x3d, 0xff, 0xdc, 0x1, 0xe2, 0x2f, 0x80, 0x3d,
    0x9b, 0xbd, 0x80, 0x1f, 0xff, 0x43, 0x0, 0x87,
    0xfc, 0x20, 0x1c, 0xc0, 0x20, 0x1f, 0xee, 0x4,
    0x0, 0xe3, 0x0, 0xa1, 0x42, 0x40, 0x31, 0x67,
    0xf7, 0xb8, 0x41, 0x80, 0x63, 0x41, 0x19, 0x2d,
    0xc0, 0x0,

    /* U+04C8 "ӈ" */
    0x5f, 0xc0, 0xe, 0xef, 0x30, 0xf, 0xff, 0x11,
    0xff, 0xf0, 0x80, 0x61, 0x44, 0xe0, 0xe, 0x2b,
    0xbe, 0x10, 0xf, 0xfe, 0xba, 0xfe, 0x0, 0x70,
    0x80, 0x80, 0x7c, 0x40, 0x2, 0x0, 0x84, 0x40,
    0x9, 0x4, 0x0, 0xc9, 0xdc, 0xf4, 0x9, 0x0,
    0xce, 0x62, 0x9, 0x84, 0x0,

    /* U+04C9 "Ӊ" */
    0x1f, 0xf0, 0x80, 0x70, 0xff, 0x80, 0x3f, 0xff,
    0xe0, 0x1e, 0xef, 0xfe, 0xe0, 0xf, 0xc4, 0x5f,
    0x0, 0x7e, 0xcd, 0xde, 0xc0, 0xf, 0xff, 0x97,
    0xf9, 0x0, 0x3f, 0xf8, 0x48, 0x3f, 0xe1, 0x0,
    0xe1, 0xfd, 0x4, 0x0, 0xff, 0xe0, 0x58, 0x60,
    0x7, 0xfc, 0x2c, 0x8, 0x1, 0xff, 0x21, 0x9c,
    0x0,

    /* U+04CA "ӊ" */
    0x5f, 0xc0, 0xe, 0xef, 0x30, 0xf, 0xfe, 0xf9,
    0x5d, 0xf0, 0x80, 0x78, 0x51, 0x38, 0x3, 0xe3,
    0xff, 0xe1, 0x0, 0xff, 0xee, 0x53, 0x90, 0x7,
    0xf9, 0xa0, 0x17, 0xf0, 0x3, 0xbb, 0xc4, 0x44,
    0x1, 0xfc, 0x82, 0x80, 0x1f, 0xed, 0xc, 0x0,
    0xff, 0x38, 0x20, 0x0,

    /* U+04CB "Ӌ" */
    0x8f, 0xb0, 0xf, 0x6f, 0xa8, 0x7, 0xff, 0x93,
    0xc1, 0xc0, 0x3f, 0x88, 0xd, 0x0, 0x22, 0x72,
    0x0, 0x29, 0x5, 0xff, 0x7e, 0xc0, 0x6, 0xc7,
    0x20, 0x1, 0xb5, 0x88, 0x4, 0x31, 0xbf, 0xd9,
    0x28, 0x60, 0x1f, 0xfd, 0x59, 0xc2, 0x0, 0xfe,
    0x53, 0x0, 0xff, 0xe0, 0x57, 0xa8, 0x7, 0xff,
    0x60,

    /* U+04CC "ӌ" */
    0x9f, 0x80, 0xc, 0x9f, 0xa0, 0x1f, 0xfd, 0x21,
    0x1, 0x0, 0xfb, 0x41, 0xcc, 0x9, 0xe8, 0x0,
    0xa6, 0x39, 0xfb, 0x4, 0x1, 0x64, 0xb3, 0x23,
    0xa0, 0x3, 0x34, 0xc9, 0xc4, 0x3, 0xf9, 0xf4,
    0x3, 0xf4, 0x30, 0x7, 0xfb, 0xf4, 0x3, 0xff,
    0xa4,

    /* U+04CD "Ӎ" */
    0x1f, 0xf8, 0x80, 0x3e, 0xdf, 0xf3, 0x80, 0x7a,
    0x80, 0x3c, 0x64, 0x1, 0xf1, 0x3, 0x0, 0x7a,
    0x80, 0xc0, 0x3c, 0x28, 0x28, 0x1, 0xce, 0x2a,
    0x1, 0xe1, 0xe0, 0xe0, 0xc, 0xa2, 0xc0, 0x1f,
    0x94, 0x54, 0x3, 0x70, 0x51, 0x80, 0x7e, 0x70,
    0x60, 0x0, 0xa1, 0x90, 0x7, 0xf5, 0x5, 0x0,
    0x18, 0x28, 0x3, 0xfc, 0x64, 0x64, 0x14, 0xe,
    0x1, 0xff, 0x28, 0x29, 0x92, 0x88, 0x7, 0xfd,
    0x41, 0x54, 0xe, 0x0, 0xff, 0xe0, 0x11, 0x93,
    0xa, 0x0, 0x7f, 0xf0, 0x68, 0x0, 0xc0, 0x1d,
    0x1f, 0x40, 0x1e, 0x70, 0x5, 0x0, 0x7d, 0x83,
    0xfa, 0x1, 0xf, 0xf8, 0x80, 0x2a, 0xf3, 0x4,
    0x0, 0xff, 0xe1, 0x19, 0x88, 0x80, 0x1f, 0xfc,
    0x29, 0x4, 0x0, 0xff, 0xe1, 0xb1, 0xe8, 0x0,

    /* U+04CE "ӎ" */
    0x5f, 0xf5, 0x80, 0x71, 0xff, 0xb4, 0x3, 0x90,
    0x40, 0x35, 0x0, 0x7c, 0x20, 0xc0, 0x19, 0xc4,
    0x3, 0xce, 0x14, 0x1, 0x28, 0xb0, 0x7, 0xcc,
    0x46, 0x0, 0xe0, 0xb0, 0xf, 0xa8, 0x28, 0x5,
    0x10, 0x40, 0x1f, 0x19, 0x38, 0x30, 0x70, 0x7,
    0xf5, 0xa, 0x50, 0xa8, 0x7, 0xf3, 0x4, 0x93,
    0x0, 0x7f, 0x85, 0x8, 0x28, 0x2, 0x37, 0x60,
    0xe, 0xe0, 0x32, 0x0, 0x86, 0x29, 0x7e, 0x40,
    0xb, 0xf8, 0x0, 0x1f, 0xa0, 0x40, 0xf, 0xfe,
    0x7, 0x86, 0x0, 0x7f, 0xf0, 0x14, 0x10, 0x3,
    0xfe, 0x40, 0x30,

    /* U+04CF "ӏ" */
    0x3f, 0xfe, 0x43, 0x82, 0x2, 0x85, 0x7, 0x50,
    0x77, 0x8, 0x7, 0xff, 0xd1, 0x94, 0x1d, 0xc2,
    0x72, 0x40, 0x50, 0xa0,

    /* U+04D0 "Ӑ" */
    0x0, 0x96, 0x4, 0x0, 0xee, 0x0, 0xfb, 0x5e,
    0x9, 0xe3, 0x40, 0x3e, 0x84, 0x6d, 0x83, 0xb0,
    0xf, 0xd7, 0xb9, 0xb8, 0x20, 0x1f, 0xc4, 0x64,
    0x1, 0xff, 0x67, 0xe8, 0x7, 0xf8, 0x8c, 0x8,
    0xc0, 0x3f, 0xa8, 0x14, 0x28, 0x3, 0xf9, 0x82,
    0xc1, 0x80, 0x3f, 0x28, 0xa0, 0xa8, 0x30, 0x7,
    0xdc, 0x1c, 0x1c, 0x14, 0x1, 0xe1, 0x40, 0x50,
    0x41, 0x32, 0x0, 0xe6, 0x6, 0x0, 0x98, 0x28,
    0x3, 0xa8, 0x1b, 0xfe, 0x70, 0x60, 0xc, 0x84,
    0x2, 0x3c, 0x2, 0xa0, 0x17, 0x3, 0xf7, 0x73,
    0x87, 0x0, 0x5, 0x42, 0x80, 0x3a, 0x81, 0x4,
    0x1c, 0x8, 0x80, 0x1c, 0x46, 0xc, 0x14, 0x14,
    0x1, 0xf5, 0x5, 0x0,

    /* U+04D1 "ӑ" */
    0x0, 0x27, 0xc8, 0x2, 0xfc, 0x80, 0x8, 0x2c,
    0x68, 0x82, 0x20, 0x5, 0x43, 0x96, 0x5c, 0x1,
    0x93, 0xb3, 0x74, 0x60, 0x12, 0x56, 0xe6, 0x4a,
    0x1, 0x7a, 0x82, 0x91, 0xd2, 0x0, 0x23, 0x36,
    0xb1, 0x43, 0xc0, 0x6, 0x60, 0xb, 0x81, 0x80,
    0x3c, 0x20, 0x3, 0x0, 0x3e, 0xff, 0xba, 0xc0,
    0x2a, 0x83, 0x8b, 0xb4, 0x80, 0x5, 0x43, 0x5d,
    0x10, 0x40, 0x1, 0x0, 0x8, 0x5, 0xe0, 0x12,
    0x7, 0xc4, 0x35, 0xc0, 0x2a, 0x63, 0x76, 0x5c,
    0x30,

    /* U+04D2 "Ӓ" */
    0x0, 0xc4, 0x1, 0x10, 0x7, 0xe6, 0xd8, 0x7,
    0xd7, 0x0, 0xf8, 0x83, 0x80, 0x80, 0x80, 0x3e,
    0x4f, 0x60, 0x5f, 0x50, 0xf, 0xfe, 0x5e, 0x7e,
    0x80, 0x7f, 0x88, 0xc0, 0x8c, 0x3, 0xfa, 0x81,
    0x42, 0x80, 0x3f, 0x98, 0x2c, 0x18, 0x3, 0xf2,
    0x8a, 0xa, 0x83, 0x0, 0x7d, 0xc1, 0xc1, 0xc1,
    0x40, 0x1e, 0x14, 0x5, 0x4, 0x13, 0x20, 0xe,
    0x60, 0x60, 0x9, 0x82, 0x80, 0x3a, 0x81, 0xbf,
    0xe7, 0x6, 0x0, 0xc8, 0x40, 0x23, 0xc0, 0x2a,
    0x1, 0x70, 0x3f, 0x77, 0x38, 0x70, 0x0, 0x54,
    0x28, 0x3, 0xa8, 0x10, 0x41, 0xc0, 0x88, 0x1,
    0xc4, 0x60, 0xc1, 0x41, 0x40, 0x1f, 0x50, 0x50,
    0x0,

    /* U+04D3 "ӓ" */
    0x0, 0x17, 0x48, 0x1f, 0xc0, 0x4, 0x22, 0x20,
    0x70, 0x20, 0x8, 0xfa, 0xc1, 0x36, 0x80, 0x24,
    0xbd, 0xfe, 0xe2, 0x80, 0x5e, 0xa0, 0xa4, 0x74,
    0x80, 0x8, 0xcd, 0xac, 0x50, 0xf0, 0x1, 0x98,
    0x2, 0xe0, 0x60, 0xf, 0x8, 0x0, 0xc0, 0xf,
    0xbf, 0xee, 0xb0, 0xa, 0xa0, 0xe2, 0xed, 0x20,
    0x1, 0x50, 0xd7, 0x44, 0x10, 0x0, 0x40, 0x2,
    0x1, 0x78, 0x4, 0x81, 0xf1, 0xd, 0x70, 0xa,
    0x98, 0xdd, 0x97, 0xc, 0x0,

    /* U+04D4 "Ӕ" */
    0x0, 0xfa, 0x7f, 0xff, 0xb4, 0x3, 0xc2, 0xc0,
    0x40, 0x1, 0x22, 0xcc, 0x1, 0xe9, 0x6, 0xd1,
    0xd, 0xde, 0xb0, 0xe, 0x17, 0xb, 0x0, 0xff,
    0xe1, 0x30, 0x29, 0x0, 0x7f, 0xf0, 0xa4, 0x20,
    0x3, 0xff, 0x84, 0xe2, 0xa4, 0x1, 0xb3, 0xff,
    0x38, 0x6, 0x90, 0x90, 0xe, 0x22, 0xe1, 0x0,
    0x98, 0x43, 0x3f, 0xe1, 0xe, 0xdd, 0xcc, 0x1,
    0x58, 0x8, 0xf0, 0x7, 0xf9, 0x48, 0x9d, 0xdc,
    0x20, 0x1f, 0xd0, 0x16, 0x1, 0xff, 0xc2, 0x42,
    0x16, 0x0, 0xfb, 0x77, 0xac, 0x20, 0x24, 0x3,
    0xf0, 0x91, 0x66,

    /* U+04D5 "ӕ" */
    0x0, 0x2d, 0x77, 0xf5, 0x8, 0xa7, 0xbf, 0x58,
    0x3, 0x5a, 0x9a, 0x2, 0xe6, 0x18, 0xd0, 0xa6,
    0x0, 0x2d, 0xed, 0xbe, 0x32, 0x24, 0x6d, 0xe8,
    0x39, 0x0, 0xc, 0x40, 0x2b, 0x1, 0x70, 0x1,
    0x28, 0x28, 0x4, 0x6c, 0xf1, 0x80, 0x8, 0x8c,
    0xc1, 0xc0, 0x7b, 0x93, 0xe, 0x80, 0x2e, 0xf8,
    0xc0, 0xc3, 0x89, 0x37, 0xfd, 0x0, 0x7f, 0xfe,
    0xa1, 0x20, 0x92, 0x0, 0x70, 0x18, 0x7, 0xc2,
    0x0, 0x60, 0x1, 0xb0, 0x2, 0x40, 0x31, 0x80,
    0x14, 0x2f, 0x37, 0xb, 0x45, 0xbb, 0x31, 0xd8,
    0x21, 0x4c, 0x26, 0xf, 0xa5, 0xec, 0x67, 0x14,
    0x8,

    /* U+04D6 "Ӗ" */
    0x1, 0x85, 0x0, 0x24, 0x18, 0xb, 0xd9, 0x94,
    0xb8, 0x80, 0x28, 0x33, 0x4a, 0x48, 0x0, 0xbd,
    0x98, 0xe6, 0x0, 0xe3, 0x30, 0x80, 0x7, 0xff,
    0xf0, 0x4, 0x45, 0xc6, 0x1, 0x66, 0xee, 0xc0,
    0xf, 0xfe, 0x97, 0x7f, 0xe9, 0x0, 0x88, 0xbb,
    0x80, 0x2c, 0xdd, 0xce, 0x1, 0xff, 0xd2, 0xcd,
    0xdd, 0x80, 0x11, 0x17, 0x18,

    /* U+04D7 "ӗ" */
    0x2, 0xfc, 0x22, 0x6f, 0x90, 0x0, 0xa0, 0xf7,
    0x45, 0x4, 0x1, 0x3f, 0x66, 0x3d, 0xc0, 0x38,
    0x4c, 0xc0, 0x1e, 0x5c, 0xff, 0x62, 0x0, 0x53,
    0x46, 0x88, 0x3b, 0x60, 0x46, 0x1d, 0xbb, 0x82,
    0x47, 0x81, 0x88, 0x0, 0x86, 0x8, 0xe0, 0x73,
    0x38, 0x40, 0x8c, 0x11, 0x9b, 0x10, 0x0, 0xc2,
    0xbf, 0xfc, 0xee, 0xc, 0x0, 0xfb, 0x81, 0x94,
    0x3, 0x20, 0x23, 0x85, 0x6d, 0xef, 0xd8, 0x2,
    0x2d, 0xd, 0xc, 0xd2, 0x0,

    /* U+04D8 "Ә" */
    0x2, 0x7b, 0xef, 0xf6, 0xd2, 0x0, 0x77, 0xc2,
    0x8, 0xc4, 0xb7, 0x40, 0x19, 0x6b, 0x7f, 0xb9,
    0xf4, 0x2b, 0x40, 0x14, 0x29, 0x0, 0x65, 0xc0,
    0x54, 0x0, 0xff, 0x13, 0x7, 0x0, 0x7f, 0xda,
    0xe, 0x17, 0xff, 0xfd, 0x60, 0x40, 0x20, 0x1,
    0x1f, 0xc0, 0x11, 0x2, 0xf7, 0x7d, 0x0, 0x21,
    0xa0, 0xc0, 0x1f, 0x60, 0x20, 0x20, 0x19, 0x80,
    0x38, 0xd4, 0x3c, 0x5, 0xc3, 0x8c, 0x2, 0x5d,
    0x4, 0x50, 0x4, 0x21, 0x67, 0xf7, 0xd0, 0x9d,
    0x0, 0x6b, 0xa4, 0x11, 0x92, 0xb0, 0x40, 0x0,

    /* U+04D9 "ә" */
    0x2, 0x9d, 0xff, 0x6c, 0x0, 0x65, 0x63, 0x31,
    0x11, 0xf8, 0x40, 0x9, 0xbd, 0x9b, 0xc6, 0x34,
    0x0, 0x32, 0x0, 0x87, 0x41, 0x8, 0x3, 0xe1,
    0x20, 0x70, 0xff, 0xf8, 0x80, 0xc0, 0x25, 0x66,
    0xc0, 0x3, 0x2, 0xe, 0x99, 0xc0, 0x7, 0x5,
    0xf, 0x0, 0xa4, 0x10, 0x82, 0x49, 0x36, 0xb5,
    0x86, 0x40, 0x3, 0x8c, 0x6a, 0x6d, 0xe4, 0x0,

    /* U+04DA "Ӛ" */
    0x0, 0xc4, 0x1, 0x8, 0x7, 0xe9, 0xd5, 0xa,
    0xe4, 0x0, 0xfb, 0x81, 0x80, 0x85, 0x80, 0x3e,
    0x7f, 0x30, 0x8e, 0x20, 0xf, 0xfe, 0x39, 0x3d,
    0xf7, 0xfb, 0x69, 0x0, 0x3b, 0xe1, 0x4, 0x62,
    0x5b, 0xa0, 0xc, 0xb5, 0xbf, 0xdc, 0xfa, 0x15,
    0xa0, 0xa, 0x14, 0x80, 0x32, 0xe0, 0x2a, 0x0,
    0x7f, 0x89, 0x83, 0x80, 0x3f, 0xed, 0x7, 0xb,
    0xff, 0xfe, 0xb0, 0x20, 0x10, 0x0, 0x8f, 0xe0,
    0x8, 0x81, 0x7b, 0xbe, 0x80, 0x10, 0xd0, 0x60,
    0xf, 0xb0, 0x10, 0x10, 0xc, 0xc0, 0x1c, 0x6a,
    0x1e, 0x2, 0xe1, 0xc6, 0x1, 0x2e, 0x82, 0x28,
    0x2, 0x10, 0xb3, 0xfb, 0xe8, 0x4e, 0x80, 0x35,
    0xd2, 0x8, 0xc9, 0x58, 0x20, 0x0,

    /* U+04DB "ӛ" */
    0x0, 0x1f, 0xb8, 0x27, 0xb0, 0x6, 0x60, 0xe0,
    0x20, 0x10, 0xc, 0xbb, 0x20, 0xda, 0xe0, 0x11,
    0x4f, 0xfd, 0xb4, 0x1, 0x95, 0x8c, 0xc4, 0x47,
    0xe1, 0x0, 0x26, 0xf6, 0x6f, 0x18, 0xd0, 0x0,
    0xc8, 0x2, 0x1d, 0x4, 0x20, 0xf, 0x84, 0x81,
    0xc3, 0xff, 0xe2, 0x3, 0x0, 0x95, 0x9b, 0x0,
    0xc, 0x8, 0x3a, 0x67, 0x0, 0x1c, 0x14, 0x3c,
    0x2, 0x90, 0x42, 0x9, 0x24, 0xda, 0xd6, 0x19,
    0x0, 0xe, 0x31, 0xa9, 0xb7, 0x90, 0x0,

    /* U+04DC "Ӝ" */
    0x0, 0xf8, 0x80, 0x21, 0x0, 0xff, 0xe0, 0xce,
    0xa0, 0x5f, 0x18, 0x7, 0xff, 0x3, 0x81, 0xc0,
    0x84, 0x40, 0x1f, 0xfc, 0x7, 0xf3, 0x9, 0xe2,
    0x0, 0xff, 0xe6, 0x9f, 0xf8, 0x40, 0x36, 0x7a,
    0x80, 0x67, 0xfc, 0x3, 0x70, 0xa0, 0xf, 0xf1,
    0x40, 0x70, 0x2, 0x9, 0x14, 0x3, 0xfa, 0x41,
    0xc8, 0x2, 0xe0, 0xb1, 0x0, 0xf9, 0x90, 0xa0,
    0x3, 0x1b, 0xd, 0x80, 0x78, 0x64, 0x38, 0x3,
    0xd2, 0x2a, 0xa0, 0xe, 0xa0, 0x73, 0x0, 0xfa,
    0x82, 0xbc, 0xc2, 0xbd, 0x6, 0x0, 0x3f, 0x60,
    0x0, 0x80, 0x2, 0x40, 0x24, 0x1, 0xf1, 0xb8,
    0x66, 0x98, 0x5e, 0xa8, 0x78, 0x7, 0xdc, 0xe,
    0x60, 0x1d, 0x62, 0x50, 0x1, 0xd2, 0x44, 0x80,
    0xf, 0xd, 0x3, 0x98, 0x4, 0x6c, 0x1c, 0x1,
    0xf9, 0x18, 0x38, 0x2, 0xe0, 0x73, 0x0, 0xfe,
    0x91, 0x28, 0x9, 0x22, 0x40, 0x7, 0xfd, 0x40,
    0xe6,

    /* U+04DD "ӝ" */
    0x0, 0xed, 0xc0, 0x1e, 0xb0, 0xf, 0xf1, 0x10,
    0x0, 0x2c, 0x1, 0xfe, 0xef, 0x1, 0xed, 0x0,
    0xe3, 0xfe, 0x10, 0x13, 0xfe, 0x10, 0x1, 0x7f,
    0x9, 0xb8, 0xd8, 0x7, 0xef, 0xb, 0x10, 0x83,
    0x55, 0x0, 0x7a, 0x9, 0x94, 0x2, 0xe0, 0xb1,
    0x0, 0xc6, 0xe5, 0x20, 0x18, 0xa0, 0x72, 0x40,
    0x6f, 0x43, 0x80, 0x3c, 0x20, 0x48, 0x0, 0x41,
    0x0, 0xf8, 0x60, 0x2f, 0x40, 0x7e, 0x3, 0xc0,
    0x3a, 0xc5, 0x50, 0x3, 0x39, 0x1b, 0x80, 0x48,
    0xa1, 0x60, 0x1e, 0x90, 0x81, 0x0, 0x48, 0x40,
    0x80, 0x79, 0x14, 0x28, 0x20, 0x88, 0xe0, 0x1f,
    0xac, 0x11, 0x40,

    /* U+04DE "Ӟ" */
    0x0, 0x88, 0x2, 0x10, 0xe, 0x9d, 0x40, 0xbe,
    0x30, 0xd, 0xc0, 0xe0, 0x42, 0x20, 0xc, 0xfe,
    0x61, 0x3c, 0x40, 0x1f, 0xfc, 0x25, 0xad, 0xef,
    0xeb, 0x40, 0xa, 0x14, 0x80, 0x44, 0x97, 0x0,
    0xe, 0xcf, 0xee, 0x98, 0x1c, 0x0, 0x66, 0x0,
    0x86, 0x80, 0x3f, 0x86, 0x41, 0x80, 0x24, 0xcc,
    0x6f, 0x3c, 0x48, 0x4, 0x46, 0x62, 0x0, 0x78,
    0x6, 0x6f, 0xf7, 0x58, 0xbe, 0x0, 0x78, 0x53,
    0x40, 0xd0, 0x3, 0xe1, 0x30, 0x30, 0xf, 0xc4,
    0x2, 0x26, 0x10, 0x8, 0xa8, 0x41, 0xca, 0x7b,
    0xf7, 0xb5, 0x42, 0x44, 0x9c, 0xc4, 0x84, 0x9b,
    0x58, 0x0,

    /* U+04DF "ӟ" */
    0x1, 0xea, 0x2, 0xe8, 0x0, 0x8c, 0x58, 0x4,
    0x44, 0x1, 0x17, 0x60, 0x1f, 0x50, 0x4, 0xfb,
    0xdf, 0xd4, 0x80, 0x14, 0x99, 0x21, 0xa5, 0xa8,
    0x3, 0x3f, 0x2f, 0x58, 0x3c, 0x0, 0x40, 0x1e,
    0x20, 0x9, 0xa6, 0xb1, 0x92, 0x0, 0x2d, 0x65,
    0x31, 0xc0, 0xd, 0x7f, 0xed, 0x58, 0xa0, 0xf,
    0x14, 0x2, 0x80, 0x90, 0x6, 0x40, 0x10, 0x5d,
    0xec, 0xbd, 0x80, 0x80, 0x66, 0x19, 0x21, 0xa5,
    0x30, 0x0,

    /* U+04E0 "Ӡ" */
    0xe, 0xff, 0xfc, 0x20, 0x45, 0xe0, 0x0, 0x88,
    0x33, 0x77, 0x28, 0x16, 0x0, 0x70, 0xdb, 0xa6,
    0x90, 0x6, 0x2c, 0x47, 0xb0, 0xf, 0x69, 0x10,
    0x14, 0x3, 0x84, 0x0, 0x4f, 0x5c, 0xa0, 0x10,
    0xff, 0xba, 0xd0, 0x68, 0xc0, 0x38, 0x52, 0xcc,
    0x28, 0x3, 0xf2, 0x1, 0x0, 0x7e, 0x30, 0x23,
    0x71, 0x0, 0xce, 0x81, 0x4d, 0x1d, 0xcc, 0xc7,
    0xc0, 0x41, 0xa4, 0x18, 0x19, 0x89, 0xb1, 0xc0,

    /* U+04E1 "ӡ" */
    0x5f, 0xff, 0xc6, 0xc8, 0x9c, 0x40, 0x1, 0x3b,
    0xbd, 0x46, 0x16, 0x40, 0x18, 0x70, 0x65, 0x0,
    0x3b, 0x4a, 0x18, 0x3, 0xac, 0xdd, 0xc0, 0x1c,
    0xe8, 0x4, 0xc0, 0x1d, 0xe0, 0x5, 0x9e, 0x30,
    0xa, 0x3f, 0xd8, 0x83, 0x82, 0x1, 0xc7, 0x66,
    0x12, 0x1, 0xf5, 0x81, 0x0, 0x7f, 0xf1, 0x6c,
    0x9, 0x4c, 0x3, 0x41, 0x84, 0xfe, 0x7e, 0xe7,
    0xb8, 0x50, 0xca, 0x91, 0xc, 0x9b, 0x54, 0x0,

    /* U+04E2 "Ӣ" */
    0x0, 0x9b, 0xff, 0xac, 0x3, 0xca, 0xcd, 0xda,
    0x1, 0xe3, 0x99, 0xe6, 0x0, 0x87, 0xfc, 0x20,
    0x1c, 0xdf, 0xe6, 0x0, 0xfc, 0x30, 0x1, 0xff,
    0x40, 0x88, 0x3, 0xf8, 0xd9, 0x10, 0x1, 0xfd,
    0xe1, 0x22, 0x1, 0xf9, 0x8e, 0x8, 0x3, 0xf0,
    0xc1, 0x38, 0x38, 0x7, 0x8, 0x40, 0xc8, 0x7,
    0xf1, 0xb2, 0xa0, 0x7, 0xf7, 0x85, 0x80, 0x7f,
    0x31, 0xc0, 0x80, 0x7f, 0x41, 0x38, 0x7, 0xf8,
    0x64, 0x3, 0xfe, 0x54, 0x0, 0xfc,

    /* U+04E3 "ӣ" */
    0x0, 0x34, 0xcf, 0x20, 0x6, 0xd6, 0x6e, 0x30,
    0xd, 0x7f, 0xfc, 0xe0, 0x5, 0xfc, 0x0, 0xd9,
    0xfe, 0x10, 0xf, 0x29, 0x80, 0x7f, 0x40, 0x7,
    0xf3, 0x93, 0x80, 0x7c, 0x32, 0x30, 0x1, 0xf4,
    0xd, 0x80, 0x79, 0xc9, 0x8d, 0x40, 0x3e, 0x90,
    0xf0, 0xf, 0x99, 0x14, 0xc0, 0x3e, 0x20, 0xb0,
    0xf, 0xe7, 0x10, 0xf, 0x0,

    /* U+04E4 "Ӥ" */
    0x0, 0xc4, 0x1, 0x10, 0x7, 0xc9, 0xb4, 0xb,
    0xb2, 0x1, 0xe7, 0x2, 0x1, 0xe, 0x0, 0xf1,
    0xfc, 0x2, 0x7b, 0x80, 0x7f, 0xf1, 0x7, 0xfc,
    0x20, 0x1c, 0xdf, 0xe6, 0x0, 0xfc, 0x30, 0x1,
    0xff, 0x40, 0x88, 0x3, 0xf8, 0xd9, 0x10, 0x1,
    0xfd, 0xe1, 0x22, 0x1, 0xf9, 0x8e, 0x8, 0x3,
    0xf0, 0xc1, 0x38, 0x38, 0x7, 0x8, 0x40, 0xc8,
    0x7, 0xf1, 0xb2, 0xa0, 0x7, 0xf7, 0x85, 0x80,
    0x7f, 0x31, 0xc0, 0x80, 0x7f, 0x41, 0x38, 0x7,
    0xf8, 0x64, 0x3, 0xfe, 0x54, 0x0, 0xfc,

    /* U+04E5 "ӥ" */
    0x0, 0x3f, 0xa0, 0x47, 0x18, 0x6, 0xf0, 0x10,
    0x11, 0x38, 0x6, 0x8d, 0x50, 0x9e, 0x40, 0x2,
    0xfe, 0x10, 0x5, 0xbf, 0xe1, 0x0, 0xf2, 0x98,
    0x7, 0xf4, 0x0, 0x7f, 0x39, 0x38, 0x7, 0xc3,
    0x23, 0x0, 0x1f, 0x40, 0xd8, 0x7, 0x9c, 0x98,
    0xd4, 0x3, 0xe9, 0xf, 0x0, 0xf9, 0x91, 0x4c,
    0x3, 0xe2, 0xb, 0x0, 0xfe, 0x71, 0x0, 0xf0,

    /* U+04E6 "Ӧ" */
    0x0, 0xc2, 0x1, 0x8, 0x7, 0xe1, 0xed, 0x2,
    0xec, 0x0, 0xfc, 0x2c, 0x6, 0x2c, 0x1, 0xf0,
    0xf5, 0x80, 0xf5, 0x0, 0x7f, 0xf2, 0x52, 0xb7,
    0xfb, 0x60, 0x80, 0x3a, 0xad, 0x48, 0x40, 0x9f,
    0x54, 0x2, 0x85, 0x9, 0xfe, 0xe9, 0x42, 0x8c,
    0x9, 0xc2, 0x58, 0x2, 0x1a, 0x40, 0xf0, 0x50,
    0x26, 0x0, 0xf4, 0x1, 0x96, 0x82, 0x0, 0x7c,
    0x62, 0xe, 0xc0, 0x20, 0x1f, 0x8c, 0x8, 0x3,
    0xff, 0x84, 0xc0, 0x20, 0x1f, 0x8c, 0xb, 0x41,
    0xc0, 0x3e, 0x31, 0x7, 0x50, 0x16, 0x0, 0xf4,
    0x1, 0x91, 0x1c, 0x25, 0x80, 0x21, 0xa4, 0xf,
    0x0, 0x42, 0x84, 0xff, 0x74, 0xa1, 0x46, 0x1,
    0x55, 0xa9, 0x8, 0x13, 0xea, 0x80, 0x0,

    /* U+04E7 "ӧ" */
    0x0, 0x57, 0x8, 0x66, 0x80, 0x73, 0x8, 0x0,
    0x88, 0x20, 0x1b, 0x38, 0x43, 0xf8, 0x40, 0x32,
    0xef, 0xfb, 0x58, 0x3, 0x4d, 0x19, 0x10, 0xe2,
    0xc0, 0x8, 0xc1, 0x7b, 0xb0, 0xa3, 0x87, 0x3,
    0x20, 0x0, 0xa0, 0x24, 0x1c, 0x30, 0x3, 0x20,
    0x8, 0x8c, 0x4, 0x3, 0x10, 0x0, 0xcc, 0x2,
    0x1, 0x88, 0x0, 0x6e, 0x18, 0x1, 0x90, 0x4,
    0x52, 0xc, 0x60, 0x1, 0xb0, 0x60, 0x37, 0xc,
    0xc5, 0xf1, 0x1c, 0x0, 0x22, 0x90, 0x90, 0xa3,
    0x0, 0x0,

    /* U+04E8 "Ө" */
    0x0, 0x92, 0xb7, 0xfb, 0x60, 0x80, 0x3a, 0xad,
    0x48, 0x86, 0x4f, 0xaa, 0x1, 0x42, 0x8d, 0x7e,
    0xeb, 0x9c, 0x28, 0xc0, 0x9c, 0x2d, 0x40, 0x21,
    0x85, 0xf, 0x5, 0x3, 0x50, 0xf, 0x40, 0x19,
    0x68, 0x20, 0x7, 0xc4, 0x20, 0xec, 0xf, 0xff,
    0xf8, 0x40, 0x80, 0x2, 0x67, 0xf8, 0x2, 0x60,
    0x7c, 0xcf, 0xc2, 0x5, 0xa0, 0xa0, 0x1f, 0x8,
    0x81, 0xd4, 0xd, 0x40, 0x3d, 0x60, 0x64, 0x47,
    0xb, 0x50, 0x8, 0x61, 0x43, 0xc0, 0x10, 0xa3,
    0x5f, 0xba, 0xe7, 0xa, 0x30, 0xa, 0xad, 0x48,
    0x86, 0x4f, 0xaa, 0x0,

    /* U+04E9 "ө" */
    0x0, 0x2e, 0x7f, 0xb1, 0x80, 0x34, 0xd1, 0x91,
    0xe, 0x6c, 0x0, 0x8c, 0x3b, 0xb7, 0x12, 0x38,
    0x78, 0x49, 0x0, 0x6, 0x42, 0x81, 0x43, 0x2a,
    0xb7, 0x1, 0x0, 0x48, 0xab, 0xc0, 0x2, 0x30,
    0xaf, 0xfd, 0xa0, 0x3, 0x70, 0xc0, 0xc, 0x80,
    0x22, 0xe0, 0x64, 0x0, 0x14, 0x4, 0x82, 0x38,
    0x5e, 0xec, 0x26, 0xe0, 0x8, 0xa3, 0x22, 0xa3,
    0x0, 0x0,

    /* U+04EA "Ӫ" */
    0x0, 0xc2, 0x1, 0x8, 0x7, 0xe1, 0xed, 0x2,
    0xec, 0x0, 0xfc, 0x2c, 0x6, 0x2c, 0x1, 0xf0,
    0xf5, 0x80, 0xf5, 0x0, 0x7f, 0xf2, 0x52, 0xb7,
    0xfb, 0x60, 0x80, 0x3a, 0xad, 0x48, 0x86, 0x4f,
    0xaa, 0x1, 0x42, 0x8d, 0x7e, 0xeb, 0x9c, 0x28,
    0xc0, 0x9c, 0x2d, 0x40, 0x21, 0x85, 0xf, 0x5,
    0x3, 0x50, 0xf, 0x40, 0x19, 0x68, 0x20, 0x7,
    0xc4, 0x20, 0xec, 0xf, 0xff, 0xf8, 0x40, 0x80,
    0x2, 0x67, 0xf8, 0x2, 0x60, 0x7c, 0xcf, 0xc2,
    0x5, 0xa0, 0xa0, 0x1f, 0x8, 0x81, 0xd4, 0xd,
    0x40, 0x3d, 0x60, 0x64, 0x47, 0xb, 0x50, 0x8,
    0x61, 0x43, 0xc0, 0x10, 0xa3, 0x5f, 0xba, 0xe7,
    0xa, 0x30, 0xa, 0xad, 0x48, 0x86, 0x4f, 0xaa,
    0x0,

    /* U+04EB "ӫ" */
    0x0, 0x5f, 0x8, 0x66, 0x80, 0x73, 0x8, 0x0,
    0x88, 0x1, 0xdb, 0xc2, 0x1f, 0xc0, 0x1c, 0xbb,
    0xfe, 0xd7, 0x0, 0xd3, 0x46, 0x44, 0x39, 0xb0,
    0x2, 0x30, 0xee, 0xdc, 0x48, 0xe1, 0xe1, 0x24,
    0x0, 0x19, 0xa, 0x5, 0xc, 0xaa, 0xdc, 0x4,
    0x1, 0x22, 0xaf, 0x0, 0x8, 0xc2, 0xbf, 0xf6,
    0x80, 0xd, 0xc3, 0x0, 0x32, 0x0, 0x8b, 0x81,
    0x90, 0x0, 0x50, 0x12, 0x8, 0xe1, 0x7b, 0xb0,
    0x9b, 0x80, 0x22, 0x8c, 0x8a, 0x8c, 0x0, 0x0,

    /* U+04EC "Ӭ" */
    0x0, 0x84, 0x2, 0x10, 0xf, 0x5f, 0x18, 0x67,
    0x10, 0x7, 0x10, 0x88, 0x18, 0x4c, 0x3, 0xa7,
    0x88, 0x2b, 0x84, 0x3, 0xff, 0x88, 0xb5, 0xbf,
    0xed, 0xa3, 0x0, 0xd0, 0xa4, 0x22, 0x25, 0xc9,
    0x0, 0xbb, 0x3f, 0xb9, 0xf2, 0x2d, 0x0, 0x3,
    0x30, 0x6, 0x6d, 0x7, 0x20, 0xf, 0xc6, 0xa0,
    0xa0, 0x2, 0xdd, 0xf2, 0x6, 0x80, 0x4, 0x8b,
    0xc2, 0xc, 0x0, 0x3f, 0xff, 0x38, 0x7, 0xfc,
    0x40, 0xc0, 0x1f, 0xca, 0x18, 0x1, 0xfa, 0x0,
    0xe, 0xe, 0x40, 0x11, 0x4b, 0x84, 0x8, 0x46,
    0xff, 0x73, 0x58, 0x1d, 0xc0, 0x9, 0x41, 0x18,
    0x9b, 0x20, 0x0,

    /* U+04ED "ӭ" */
    0x6, 0xf4, 0x7, 0xf3, 0x0, 0xb8, 0x8, 0x38,
    0x18, 0x2, 0x8d, 0x60, 0x9d, 0x50, 0xa, 0x7f,
    0xec, 0x50, 0xc, 0x86, 0x62, 0x38, 0xb0, 0xb,
    0x3b, 0x37, 0x42, 0x8e, 0x0, 0x10, 0x8, 0xac,
    0x28, 0x2, 0x99, 0xde, 0x4, 0x20, 0x6, 0x6c,
    0xa0, 0x1d, 0xff, 0xb4, 0x0, 0x20, 0x1e, 0x40,
    0x20, 0x1, 0x0, 0x47, 0x1, 0x40, 0x7b, 0xd9,
    0xb8, 0x28, 0xe0, 0x4a, 0x66, 0x23, 0x9b, 0x0,
    0x0,

    /* U+04EE "Ӯ" */
    0x0, 0x9e, 0x67, 0x8c, 0x3, 0xd6, 0xcd, 0xca,
    0x1, 0xec, 0xff, 0xe6, 0x0, 0xff, 0xe2, 0x4f,
    0xd8, 0x7, 0xdf, 0xe4, 0x80, 0x43, 0x0, 0xe6,
    0x2, 0x41, 0x60, 0x80, 0xe, 0xb0, 0x80, 0x4,
    0x2, 0x18, 0x4, 0x84, 0x2a, 0x0, 0x17, 0x8,
    0x0, 0xbc, 0x24, 0x3, 0x48, 0x21, 0x81, 0x20,
    0x38, 0x6, 0x17, 0x8, 0xb, 0x7, 0x0, 0xf4,
    0x8a, 0x21, 0x82, 0x40, 0x3c, 0x32, 0x14, 0xa,
    0x20, 0x1f, 0x38, 0x88, 0x20, 0x3, 0xf8, 0x81,
    0x48, 0x3, 0xe1, 0x93, 0x8, 0x0, 0xf3, 0xff,
    0x30, 0x49, 0x0, 0x78, 0x44, 0x7, 0x6c, 0x1,
    0xe0,

    /* U+04EF "ӯ" */
    0x0, 0x3c, 0xcf, 0x18, 0x6, 0xb6, 0x6f, 0x0,
    0x6c, 0xff, 0xe5, 0x0, 0x67, 0xb8, 0x7, 0x77,
    0xad, 0x5, 0x80, 0x63, 0x10, 0x57, 0x3, 0x20,
    0xa, 0x81, 0x80, 0x54, 0x28, 0x2, 0x70, 0xd0,
    0x4, 0x82, 0x80, 0xc, 0x44, 0x80, 0x3, 0x22,
    0x18, 0x50, 0x30, 0x6, 0xa0, 0xa0, 0x70, 0xa0,
    0xc, 0xc0, 0xe6, 0x26, 0x40, 0x18, 0x50, 0x64,
    0x28, 0x3, 0xde, 0xa, 0xe, 0x1, 0xe4, 0x10,
    0x51, 0x0, 0xf8, 0x83, 0x80, 0x3e, 0x33, 0xa,
    0x0, 0x78, 0x78, 0x24, 0x3, 0xa7, 0xb8, 0x46,
    0xe0, 0x1c, 0x23, 0x36, 0x80, 0x78,

    /* U+04F0 "Ӱ" */
    0x0, 0xc4, 0x1, 0x8, 0x7, 0xd3, 0xa8, 0x17,
    0xc6, 0x1, 0xee, 0x7, 0x2, 0x11, 0x0, 0x79,
    0xfc, 0xc2, 0x78, 0x80, 0x3f, 0xf8, 0x93, 0xf6,
    0x1, 0xf7, 0xf9, 0x20, 0x10, 0xc0, 0x39, 0x80,
    0x90, 0x58, 0x20, 0x3, 0xac, 0x20, 0x1, 0x0,
    0x86, 0x1, 0x21, 0xa, 0x80, 0x5, 0xc2, 0x0,
    0x2f, 0x9, 0x0, 0xd2, 0x8, 0x60, 0x48, 0xe,
    0x1, 0x85, 0xc2, 0x2, 0xc1, 0xc0, 0x3d, 0x22,
    0x88, 0x60, 0x90, 0xf, 0xc, 0x85, 0x2, 0x88,
    0x7, 0xce, 0x22, 0x8, 0x0, 0xfe, 0x20, 0x52,
    0x0, 0xf8, 0x64, 0xc2, 0x0, 0x3c, 0xff, 0xcc,
    0x12, 0x40, 0x1e, 0x11, 0x1, 0xdb, 0x0, 0x78,

    /* U+04F1 "ӱ" */
    0x0, 0x47, 0x10, 0x4f, 0x10, 0x6, 0x21, 0x60,
    0x21, 0x0, 0xea, 0xe4, 0xb, 0xe2, 0x0, 0x67,
    0xb8, 0x80, 0x43, 0xde, 0xb4, 0x16, 0x1, 0x8c,
    0x41, 0x5c, 0xc, 0x80, 0x2a, 0x6, 0x1, 0x50,
    0xa0, 0x9, 0xc3, 0x40, 0x12, 0xa, 0x0, 0x31,
    0x12, 0x0, 0xc, 0x88, 0x61, 0x40, 0xc0, 0x1a,
    0x82, 0x81, 0xc2, 0x80, 0x33, 0x3, 0x98, 0x99,
    0x0, 0x61, 0x41, 0x90, 0xa0, 0xf, 0x78, 0x28,
    0x38, 0x7, 0x90, 0x41, 0x44, 0x3, 0xe2, 0xe,
    0x0, 0xf8, 0xcc, 0x28, 0x1, 0xe1, 0xe0, 0x90,
    0xe, 0x9e, 0xe1, 0x1b, 0x80, 0x70, 0x8c, 0xda,
    0x1, 0xe0,

    /* U+04F2 "Ӳ" */
    0x0, 0xe8, 0xfc, 0xd, 0xf6, 0x0, 0xe1, 0x72,
    0xd6, 0x26, 0x60, 0x7, 0x51, 0x60, 0x4b, 0x48,
    0x7, 0xa3, 0x44, 0x36, 0x40, 0x3e, 0x30, 0x0,
    0x90, 0x6, 0x9f, 0xb0, 0xf, 0xbf, 0xc9, 0x0,
    0x86, 0x1, 0xcc, 0x4, 0x82, 0xc1, 0x0, 0x1d,
    0x61, 0x0, 0x8, 0x4, 0x30, 0x9, 0x8, 0x54,
    0x0, 0x2e, 0x10, 0x1, 0x78, 0x48, 0x6, 0x90,
    0x43, 0x2, 0x40, 0x70, 0xc, 0x2e, 0x10, 0x16,
    0xe, 0x1, 0xe9, 0x14, 0x43, 0x4, 0x80, 0x78,
    0x64, 0x28, 0x14, 0x40, 0x3e, 0x71, 0x10, 0x40,
    0x7, 0xf1, 0x2, 0x90, 0x7, 0xc3, 0x26, 0x10,
    0x1, 0xe7, 0xfe, 0x60, 0x92, 0x0, 0xf0, 0x88,
    0xe, 0xd8, 0x3, 0xc0,

    /* U+04F3 "ӳ" */
    0x0, 0xc4, 0x62, 0x6, 0x60, 0xc, 0x3b, 0x84,
    0xd9, 0xe0, 0x1a, 0xc2, 0x8a, 0xb, 0x40, 0x24,
    0x5a, 0x5b, 0x2c, 0x10, 0x9, 0x3d, 0x42, 0xb0,
    0x40, 0x19, 0xee, 0x1, 0xdb, 0xed, 0x41, 0x60,
    0x18, 0xc8, 0x19, 0x80, 0x64, 0x1, 0x58, 0x28,
    0x1, 0x82, 0x80, 0x26, 0xe, 0x0, 0x50, 0x28,
    0x0, 0xc4, 0x48, 0x0, 0x32, 0x21, 0x85, 0x3,
    0x0, 0x6a, 0xa, 0x7, 0xa, 0x0, 0xcc, 0xe,
    0x62, 0x64, 0x1, 0x85, 0x46, 0x42, 0x80, 0x3d,
    0xc0, 0xa0, 0xe0, 0x1e, 0x41, 0x4, 0x10, 0xf,
    0x8c, 0x38, 0x3, 0xe3, 0x21, 0x50, 0xf, 0xbc,
    0x24, 0x3, 0xa3, 0x38, 0xc9, 0xc0, 0x38, 0x4c,
    0x1b, 0x0, 0x3c,

    /* U+04F4 "Ӵ" */
    0x0, 0x84, 0x2, 0x20, 0xe, 0x3e, 0xa0, 0x5d,
    0x90, 0xc, 0x22, 0x20, 0x60, 0xe0, 0xc, 0x5d,
    0x0, 0x7e, 0xe0, 0x1f, 0xfc, 0x18, 0xfa, 0x0,
    0xe5, 0xfd, 0x0, 0xff, 0xf0, 0x78, 0x38, 0x7,
    0xe4, 0x2, 0x81, 0x1, 0x4f, 0x0, 0x1b, 0x3,
    0xf7, 0xf5, 0xa8, 0x5, 0x34, 0xa6, 0x64, 0x77,
    0x0, 0x65, 0xac, 0xc5, 0xc6, 0x80, 0x7f, 0xf8,
    0x80,

    /* U+04F5 "ӵ" */
    0x1, 0xea, 0x2, 0xe9, 0x0, 0xc2, 0xc0, 0x22,
    0x20, 0x8, 0x7b, 0x0, 0xfa, 0xc0, 0x19, 0xe8,
    0x1, 0xd, 0xfb, 0x0, 0x7f, 0xf4, 0x9c, 0x8,
    0x3, 0xe3, 0x9, 0x30, 0x14, 0x60, 0x4, 0x90,
    0xe7, 0xf5, 0x90, 0x0, 0x76, 0x15, 0x1a, 0x8c,
    0x3, 0x3d, 0x5c, 0xab, 0x80, 0x7f, 0xf2, 0x80,

    /* U+04F6 "Ӷ" */
    0x1f, 0xff, 0xca, 0x1, 0x11, 0x78, 0x40, 0x2c,
    0xdd, 0xe4, 0x0, 0xff, 0xff, 0x80, 0x7f, 0xf1,
    0xbb, 0xc8, 0x3, 0xff, 0x84, 0x3f, 0xe0, 0xf,
    0xfe, 0x92, 0x19, 0x80, 0x30,

    /* U+04F7 "ӷ" */
    0x5f, 0xff, 0x38, 0x0, 0x51, 0x31, 0x0, 0xa,
    0xef, 0x28, 0x7, 0xff, 0x98, 0x9d, 0x0, 0x38,
    0x63, 0xc0, 0x25, 0xfa, 0x0, 0xff, 0xe8, 0x80,

    /* U+04F8 "Ӹ" */
    0x0, 0xe1, 0x0, 0x88, 0x3, 0xf8, 0xfa, 0x81,
    0x36, 0x40, 0x3f, 0x8, 0x88, 0x1c, 0x38, 0x3,
    0xf1, 0x74, 0x1, 0xfb, 0x80, 0x7f, 0xf1, 0xc7,
    0xfc, 0x1, 0xfd, 0x5f, 0x0, 0x1f, 0xff, 0x3f,
    0xfb, 0x68, 0xc0, 0x3f, 0x88, 0x82, 0x4b, 0x8a,
    0x1, 0xfb, 0x37, 0xb8, 0x81, 0x60, 0x1f, 0xf0,
    0xd0, 0x9, 0x80, 0x7f, 0xc2, 0x20, 0x60, 0xf,
    0xf8, 0x44, 0xc, 0x1, 0xfe, 0x1a, 0x1, 0x30,
    0xf, 0xb3, 0x7b, 0x88, 0x14, 0x1, 0xf8, 0x88,
    0x24, 0xda, 0x80, 0x1c,

    /* U+04F9 "ӹ" */
    0x0, 0xdd, 0x60, 0x3d, 0x40, 0x1f, 0x8, 0x98,
    0xc, 0x58, 0x3, 0xe1, 0xed, 0x2, 0xec, 0x0,
    0xcb, 0xf8, 0x2, 0x1, 0x8, 0x3, 0xfc, 0x20,
    0x1f, 0xfe, 0x3, 0xff, 0xb1, 0xc0, 0x3f, 0x91,
    0x6, 0x68, 0xa0, 0xf, 0x8e, 0xed, 0x96, 0xa,
    0x20, 0x1f, 0xe4, 0x0, 0x10, 0x7, 0xf9, 0x40,
    0x4, 0x1, 0xe2, 0xbb, 0x65, 0x3, 0x8, 0x7,
    0x85, 0x10, 0x66, 0x99, 0x0, 0x70,

    /* U+04FA "Ӻ" */
    0x1, 0xff, 0xfc, 0xa0, 0x18, 0x8b, 0xc2, 0x1,
    0xb3, 0x77, 0x90, 0x3, 0xff, 0xab, 0x1c, 0x0,
    0xef, 0xf8, 0x80, 0x1e, 0x40, 0x2, 0x2c, 0x60,
    0x7, 0xc0, 0x6, 0x6e, 0xc2, 0x1, 0xff, 0xdb,
    0xfe, 0x0, 0xfe, 0x11, 0x80, 0x38, 0x7f, 0xc2,
    0x1, 0xfe, 0x10, 0x10, 0xf, 0x6f, 0x1, 0x80,
    0x7c, 0x62, 0x7c, 0x1, 0xc0,

    /* U+04FB "ӻ" */
    0x6, 0xff, 0xf4, 0x80, 0x42, 0x67, 0xb8, 0x2,
    0x5c, 0xcc, 0xe0, 0x1f, 0xfc, 0x6e, 0x90, 0x4f,
    0xf8, 0x0, 0xc6, 0x2, 0xab, 0x0, 0x22, 0x81,
    0x6a, 0xa0, 0xf, 0xfe, 0x12, 0xca, 0x0, 0x78,
    0x5b, 0x0, 0x33, 0x7d, 0x0, 0x7f, 0xbc, 0x3,
    0x1d, 0xd0, 0x18, 0x7, 0x20, 0xb2, 0x0, 0x40,

    /* U+04FC "Ӽ" */
    0x5f, 0xf1, 0x0, 0x76, 0xfb, 0x82, 0xa8, 0x24,
    0x3, 0x41, 0x1b, 0x80, 0x2c, 0x51, 0x40, 0x4,
    0xe1, 0xc0, 0x10, 0xd8, 0x58, 0x87, 0x4, 0x10,
    0x6, 0x55, 0xd, 0xb1, 0x93, 0x80, 0x7a, 0xc5,
    0x64, 0x38, 0x3, 0xe1, 0x80, 0x3, 0x18, 0x7,
    0xec, 0x0, 0x20, 0x7, 0xe5, 0x51, 0x19, 0x40,
    0x7, 0x86, 0xc2, 0x78, 0x1c, 0x80, 0x3a, 0xc5,
    0x50, 0x9c, 0x38, 0x3, 0x22, 0x8d, 0x80, 0x20,
    0x8d, 0xc0, 0x2a, 0xb, 0x10, 0xa, 0x42, 0x36,
    0xa4, 0x51, 0x40, 0x32, 0x28, 0x13, 0x4f, 0xd8,
    0x7, 0xab, 0x0, 0x3f, 0xf8, 0xe, 0xe, 0x1,
    0xf9, 0x36, 0xc0, 0xc0, 0x3f, 0x39, 0xa, 0xc0,

    /* U+04FD "ӽ" */
    0x3f, 0xf1, 0x80, 0x4b, 0xfe, 0x10, 0x37, 0xe,
    0x0, 0xd, 0x84, 0x88, 0x2, 0x8, 0x8e, 0x10,
    0x28, 0xc0, 0x1b, 0xc2, 0x1d, 0x86, 0x80, 0x38,
    0xa0, 0x20, 0x2c, 0x40, 0x3c, 0xc0, 0x1, 0x50,
    0xf, 0xac, 0x0, 0x2e, 0x1, 0xe5, 0x50, 0xe0,
    0x41, 0x80, 0x61, 0xb0, 0xb3, 0x80, 0xe0, 0xd,
    0x42, 0xaa, 0x7, 0x32, 0xca, 0x16, 0x41, 0xb0,
    0xb, 0x80, 0xd4, 0xdb, 0xf8, 0x40, 0x22, 0xf4,
    0x0, 0xff, 0x9c, 0xc, 0x3, 0xe8, 0xc3, 0x11,
    0x0, 0x7c, 0x26, 0x54, 0x0,

    /* U+04FE "Ӿ" */
    0x5f, 0xf0, 0x80, 0x76, 0xfb, 0x82, 0xa0, 0x50,
    0x6, 0x72, 0x23, 0x80, 0x28, 0x11, 0x0, 0x1,
    0x80, 0xe0, 0x8, 0x64, 0x24, 0x1, 0x60, 0xc6,
    0x1, 0x98, 0xca, 0x11, 0x46, 0x40, 0x3d, 0xc0,
    0xf2, 0x16, 0x1, 0xdb, 0xfa, 0x0, 0x20, 0xaf,
    0xf0, 0x4, 0xc4, 0x40, 0xc, 0x45, 0x0, 0x57,
    0xbc, 0x0, 0x10, 0x8d, 0xd0, 0x7, 0x70, 0x4d,
    0x5, 0x88, 0x7, 0x49, 0x23, 0x22, 0x8d, 0x0,
    0x63, 0x60, 0xa0, 0x5, 0x8a, 0x30, 0x5, 0xc1,
    0x22, 0x0, 0x1b, 0x9, 0x20, 0x92, 0x46, 0x0,
    0xca, 0xa0, 0xe0,

    /* U+04FF "ӿ" */
    0x3f, 0xf1, 0x80, 0x4b, 0xfc, 0x27, 0x1, 0xc0,
    0x1, 0xb0, 0xb1, 0x7, 0x32, 0x80, 0xb1, 0x55,
    0x0, 0x5c, 0xf, 0xa, 0x54, 0x1, 0x45, 0x90,
    0x38, 0xc, 0xb8, 0x1, 0x98, 0x40, 0x11, 0xb5,
    0x80, 0x3b, 0xcc, 0x4, 0x1b, 0xf0, 0x2, 0x63,
    0x2f, 0x16, 0x40, 0x8, 0xa4, 0x24, 0x60, 0x28,
    0x2, 0x90, 0x54, 0x6, 0x31, 0x90, 0x64, 0x1b,
    0x0, 0xb8, 0x19, 0x0,

    /* U+0500 "Ԁ" */
    0x0, 0xf9, 0xfe, 0xc0, 0x3f, 0xfd, 0xd, 0x9d,
    0xfe, 0x80, 0xb, 0x24, 0xc4, 0x88, 0x20, 0x8,
    0x31, 0xbf, 0xdd, 0x48, 0x1, 0x2, 0x50, 0x3,
    0xc2, 0x1, 0xfc, 0x81, 0x26, 0x1, 0xeb, 0x11,
    0x67, 0xee, 0xa4, 0x0, 0x5e, 0xe4, 0x4, 0x41,
    0x0, 0x0,

    /* U+0501 "ԁ" */
    0x0, 0xf8, 0x99, 0x40, 0x3e, 0x79, 0x90, 0x7,
    0xff, 0x52, 0x3b, 0xf5, 0xc0, 0x36, 0x38, 0x90,
    0x44, 0x80, 0x18, 0xc3, 0x37, 0x58, 0x60, 0xd,
    0x6, 0x30, 0x1, 0xb0, 0x1, 0x43, 0x0, 0x37,
    0x80, 0x61, 0x0, 0xc6, 0x1, 0x84, 0x3, 0xe5,
    0xd, 0x0, 0xda, 0x0, 0xd0, 0x73, 0x0, 0x1b,
    0x0, 0x18, 0xc3, 0x37, 0x58, 0xa0, 0x16, 0x30,
    0x90, 0x4d, 0x80, 0x0,

    /* U+0502 "Ԃ" */
    0x0, 0xfb, 0xbd, 0x0, 0x3f, 0xff, 0x84, 0xf5,
    0x76, 0x10, 0xe, 0x8b, 0x40, 0x7d, 0x85, 0x44,
    0x0, 0x78, 0xd0, 0x92, 0x1, 0xf7, 0xfc, 0x20,
    0x1f, 0xbc, 0x1a, 0x8, 0x3, 0xfe, 0x60, 0xf0,
    0xf, 0xfe, 0x8, 0x80, 0x80, 0x61, 0x0, 0xe6,
    0x3, 0x50, 0x92, 0x0, 0x38, 0x3, 0x80, 0x8,
    0x40, 0xf0, 0x22, 0xde, 0xf8, 0x22, 0x2f, 0xf5,
    0x82, 0x90, 0xe2, 0x88, 0xcb, 0x98, 0x51, 0x11,
    0x3d, 0x0,

    /* U+0503 "ԃ" */
    0x0, 0xf9, 0x60, 0xc0, 0x3f, 0xf8, 0x3c, 0xe8,
    0x1, 0xff, 0xe1, 0x10, 0xf, 0xe1, 0x9e, 0xfc,
    0x40, 0xf, 0xf6, 0xb0, 0x91, 0x2d, 0xc0, 0x3f,
    0x31, 0x8e, 0xeb, 0xa0, 0x80, 0x3f, 0x50, 0x31,
    0x0, 0x1c, 0x40, 0x3f, 0x10, 0x60, 0x6, 0x50,
    0xe, 0x8e, 0x81, 0x7, 0x0, 0xc4, 0x1, 0xc2,
    0x38, 0x1c, 0x3, 0x18, 0x7, 0xe2, 0x3, 0x0,
    0xce, 0x1e, 0x1, 0x18, 0xd, 0x4, 0x90, 0x1,
    0x88, 0x14, 0x0, 0x28, 0x1c, 0xc6, 0x3b, 0x9d,
    0x22, 0xa5, 0xd9, 0xc2, 0x26, 0xc, 0x72, 0x30,
    0x6f, 0xa6, 0x3, 0x26, 0xf0,

    /* U+0504 "Ԅ" */
    0x2, 0x8d, 0xff, 0x6d, 0x18, 0x7, 0xe2, 0xd7,
    0x23, 0x31, 0x2e, 0x20, 0x7, 0xc5, 0x37, 0xf9,
    0x8f, 0x40, 0x80, 0xf, 0xcc, 0x80, 0x1b, 0x41,
    0xc0, 0x3f, 0xf8, 0x27, 0x61, 0xc0, 0x1f, 0xd5,
    0x98, 0xec, 0x1b, 0x50, 0xd, 0x38, 0x80, 0x4,
    0x33, 0x8, 0x38, 0x7, 0x94, 0xc4, 0x1, 0xdf,
    0xed, 0x84, 0xb6, 0x0, 0xff, 0xe0, 0x13, 0xc8,
    0x40, 0x7, 0xff, 0x9, 0xc0, 0x48, 0x3, 0xff,
    0x82, 0x20, 0x6, 0x0, 0x84, 0x3, 0xfc, 0x61,
    0xc0, 0x5, 0x20, 0x70, 0xf, 0xd0, 0xb, 0xfd,
    0x40, 0xa4, 0x1, 0xf9, 0x2d, 0x0, 0x4a, 0x28,
    0x0,

    /* U+0505 "ԅ" */
    0x17, 0xcf, 0xf7, 0x59, 0x80, 0x7c, 0x30, 0x66,
    0x43, 0x4c, 0x30, 0xf, 0xb7, 0xf2, 0xf5, 0x82,
    0xc0, 0x3e, 0x20, 0xf, 0x70, 0x7, 0xe4, 0x9a,
    0xd6, 0x56, 0x0, 0x8b, 0xfc, 0x0, 0x36, 0x52,
    0x12, 0x0, 0xfe, 0x7f, 0xf6, 0x1b, 0xd0, 0x7,
    0xfc, 0x72, 0x8, 0x1, 0x8, 0x8, 0x7, 0x94,
    0x5, 0x0, 0x14, 0x4, 0x1, 0xe1, 0x40, 0xbd,
    0xe6, 0x9, 0x0, 0xfa, 0xe0, 0x88, 0x7, 0x6a,

    /* U+0506 "Ԇ" */
    0x1, 0x8c, 0xef, 0xeb, 0x40, 0xc, 0x5c, 0xe6,
    0x70, 0x25, 0xb8, 0x4, 0x4f, 0x1f, 0xb9, 0xce,
    0x10, 0x1, 0xa1, 0xc0, 0x34, 0x0, 0x4, 0x3,
    0xf8, 0xc0, 0x44, 0x1, 0xf0, 0xae, 0x85, 0x0,
    0x77, 0x7f, 0xba, 0x9f, 0x90, 0x3, 0x9d, 0x54,
    0x60, 0xd8, 0x60, 0x1d, 0x35, 0x4c, 0xf9, 0x2c,
    0x10, 0xf, 0xe6, 0x40, 0x70, 0xf, 0xf0, 0x80,
    0x80, 0x7f, 0xf3, 0x63, 0xa4, 0x3, 0xfe, 0x13,
    0x0, 0xfd, 0x5f, 0x0, 0x1f, 0xfd, 0xd0,

    /* U+0507 "ԇ" */
    0x7, 0xbe, 0xff, 0x62, 0x80, 0x74, 0xa1, 0x2a,
    0x1d, 0x38, 0x6, 0xcf, 0xca, 0xbc, 0xa, 0x0,
    0xc4, 0x1, 0x9c, 0x18, 0x3, 0x8e, 0xa9, 0x96,
    0x72, 0x1, 0xca, 0xb1, 0x82, 0x10, 0x7, 0x37,
    0xfb, 0x59, 0xec, 0x3, 0xf1, 0x48, 0xa1, 0x0,
    0x7f, 0x18, 0x8, 0x7, 0xfd, 0x4e, 0x20, 0x1f,
    0xcd, 0x6, 0x1, 0xf6, 0xf9, 0x0, 0x7f, 0xf6,
    0x80,

    /* U+0508 "Ԉ" */
    0x0, 0xd9, 0xff, 0xf0, 0x80, 0x7f, 0x88, 0x4,
    0x70, 0x7, 0xff, 0x4, 0x43, 0xba, 0xf0, 0xf,
    0xfe, 0x1, 0x1, 0x0, 0x7f, 0xf1, 0x1c, 0x18,
    0x3, 0xff, 0x88, 0x40, 0x40, 0x1f, 0xe2, 0x30,
    0xd, 0xa1, 0xc0, 0x1f, 0xec, 0xc1, 0x80, 0x4e,
    0x6, 0x1, 0xff, 0xc4, 0x20, 0x60, 0xf, 0xfe,
    0x19, 0x80, 0x8, 0x3, 0xff, 0x86, 0x80, 0x80,
    0x18, 0x40, 0x6, 0x1, 0x8, 0x6, 0xa0, 0xc0,
    0xe, 0x10, 0xa0, 0x3, 0x80, 0xf, 0x78, 0x85,
    0x80, 0x3a, 0x1, 0xff, 0xa0, 0x18, 0x0, 0x27,
    0xa2, 0x1, 0xcd, 0x46, 0x2, 0x73, 0x20,

    /* U+0509 "ԉ" */
    0x0, 0xaf, 0xff, 0xc2, 0x1, 0xfc, 0xc0, 0x89,
    0x0, 0x7f, 0xf0, 0xc, 0x2e, 0xe0, 0xf, 0xfe,
    0x0, 0x80, 0x7f, 0xf0, 0xc8, 0x8, 0x3, 0xf0,
    0xff, 0x84, 0x0, 0xc0, 0xe0, 0x1f, 0xfc, 0x2c,
    0x2, 0x0, 0xff, 0xe1, 0x20, 0x60, 0x7, 0x18,
    0x0, 0xc0, 0x2, 0x8, 0x60, 0x80, 0x11, 0x2,
    0x80, 0x28, 0x4, 0x2e, 0xc0, 0xe0, 0x1a, 0xc2,
    0x37, 0x4e, 0x12, 0xc, 0x2d, 0x0, 0x19, 0xa8,
    0xcc, 0x47, 0x4e, 0x0,

    /* U+050A "Ԋ" */
    0x1f, 0xf0, 0x80, 0x74, 0x7d, 0x0, 0x7f, 0xff,
    0xc0, 0x3d, 0xb9, 0x9c, 0xc0, 0x1c, 0xb9, 0x0,
    0x11, 0x9f, 0x84, 0x3, 0x8c, 0xe0, 0xb, 0xbf,
    0xf9, 0xc0, 0x3f, 0xfa, 0xfe, 0x1, 0xff, 0xc7,
    0x10, 0xb, 0x80, 0x40, 0x3f, 0x8c, 0x10, 0x80,
    0x54, 0x34, 0x3, 0xf9, 0xc, 0x37, 0xb8, 0x42,
    0xc0, 0x1f, 0xed, 0x61, 0x11, 0x37, 0x88,

    /* U+050B "ԋ" */
    0x5f, 0xc0, 0xc, 0x3f, 0xe0, 0xf, 0xff, 0x41,
    0x8, 0x0, 0xae, 0xf5, 0x0, 0x71, 0x6f, 0x0,
    0x5, 0x13, 0x80, 0x3f, 0xc7, 0xff, 0xb8, 0x3,
    0xff, 0x86, 0x20, 0x1, 0x0, 0x8, 0x8, 0x7,
    0xe1, 0x7, 0x0, 0x50, 0x10, 0x7, 0xe8, 0x9,
    0xde, 0x60, 0x90, 0xf, 0xcd, 0x46, 0x60, 0x3b,
    0x50,

    /* U+050C "Ԍ" */
    0x0, 0x85, 0xf3, 0xbf, 0xb2, 0x4c, 0x3, 0x2f,
    0x41, 0x80, 0x88, 0xda, 0x0, 0x25, 0xa0, 0x6d,
    0xee, 0x7f, 0x54, 0x0, 0x54, 0xf, 0x24, 0x1,
    0xa, 0x98, 0x1, 0x80, 0x60, 0x3, 0xfd, 0x80,
    0xe0, 0x1f, 0xf0, 0x87, 0x0, 0x69, 0xdd, 0xe4,
    0x0, 0xf8, 0xc8, 0xb8, 0x4, 0x38, 0x3, 0x57,
    0xfc, 0x0, 0x6c, 0x7, 0x0, 0xf8, 0x80, 0x4,
    0xe0, 0x2e, 0x1, 0xea, 0x4, 0x1, 0x80, 0x88,
    0x8, 0x4, 0xee, 0xf, 0x0, 0x3c, 0x3, 0xf7,
    0x5f, 0x1, 0x8, 0x1, 0x3e, 0xb1, 0x8, 0x89,
    0x71, 0xc0, 0x0,

    /* U+050D "ԍ" */
    0x0, 0x14, 0xef, 0xfb, 0x69, 0x40, 0xd, 0xac,
    0x46, 0x72, 0xf8, 0x1c, 0x84, 0x7e, 0x63, 0xb6,
    0x2, 0x41, 0x1c, 0x3, 0x11, 0x1, 0xc3, 0x80,
    0x3f, 0x18, 0x8, 0x1, 0x7f, 0xf8, 0x0, 0x20,
    0x1, 0x44, 0x18, 0xa, 0x7, 0x80, 0x12, 0xed,
    0x20, 0xbc, 0xa, 0xa0, 0x8, 0xa0, 0x35, 0x1c,
    0x2b, 0x6f, 0x74, 0x48, 0xc1, 0x16, 0xa6, 0x86,
    0x69, 0xb0,

    /* U+050E "Ԏ" */
    0xcf, 0xff, 0xee, 0x0, 0x30, 0x8c, 0x1, 0x8,
    0xc4, 0x0, 0xae, 0xe9, 0x81, 0xbb, 0xac, 0x0,
    0xff, 0xed, 0x9, 0x90, 0x7, 0xf9, 0x33, 0x80,
    0x3f, 0xfb, 0xe2, 0x6, 0x1, 0x10, 0x38, 0x6,
    0xe0, 0x41, 0x1, 0xb0, 0x20, 0xc, 0xc4, 0x3d,
    0xd1, 0x85, 0x80, 0x76, 0x30, 0x8c, 0xba, 0x40,

    /* U+050F "ԏ" */
    0x9f, 0xff, 0xcc, 0x0, 0xf4, 0x48, 0x0, 0x89,
    0x10, 0x1, 0xae, 0xd2, 0x0, 0xbb, 0x90, 0x3,
    0xff, 0x96, 0x3f, 0xe0, 0xf, 0xfe, 0x79, 0x80,
    0x71, 0x80, 0x70, 0x80, 0x18, 0x1, 0x40, 0x40,
    0x19, 0xc2, 0x77, 0x4e, 0x10, 0x1, 0xa2, 0x8c,
    0xf5, 0xa8,

    /* U+0510 "Ԑ" */
    0x0, 0x3e, 0x7f, 0xbb, 0x1c, 0x40, 0x76, 0xc,
    0x48, 0xcd, 0x1e, 0x2c, 0x43, 0x9d, 0xba, 0xe9,
    0xb1, 0x0, 0x21, 0x80, 0x42, 0xca, 0xa, 0xa,
    0xa0, 0xf, 0x8b, 0x52, 0xbf, 0x32, 0x60, 0x8,
    0xc8, 0x80, 0x67, 0x70, 0x0, 0xf9, 0x9e, 0xfb,
    0xfd, 0x0, 0xf, 0x7, 0xa4, 0x10, 0xe, 0x30,
    0xc0, 0xf, 0xc2, 0x4, 0x1, 0xf9, 0xc2, 0x54,
    0x3, 0x1c, 0x14, 0x18, 0x57, 0xef, 0x7e, 0x38,
    0x8b, 0x24, 0xc4, 0x84, 0x92, 0xc,

    /* U+0511 "ԑ" */
    0x0, 0x25, 0xf7, 0xf6, 0x40, 0x82, 0xda, 0x12,
    0x11, 0xb8, 0x3, 0xc2, 0x72, 0xf3, 0xf0, 0x40,
    0xc0, 0x40, 0x31, 0x80, 0x20, 0xe3, 0x2a, 0x50,
    0x2, 0x1b, 0x13, 0x56, 0x20, 0xa, 0xe1, 0xf7,
    0xfc, 0xc0, 0x1, 0x40, 0x92, 0x0, 0xfc, 0x80,
    0x18, 0xc8, 0x58, 0x2f, 0x6f, 0x3b, 0x1c, 0x26,
    0x46, 0x64, 0x33, 0x32, 0x0,

    /* U+0512 "Ԓ" */
    0x0, 0xd9, 0xff, 0xf3, 0x80, 0x78, 0x80, 0x48,
    0xa0, 0xf, 0xe1, 0xe, 0xdd, 0x90, 0x3, 0xe2,
    0x1, 0x0, 0xff, 0xe0, 0x30, 0x10, 0x7, 0xff,
    0x0, 0xc1, 0x40, 0x3f, 0xf8, 0x1c, 0x1c, 0x1,
    0xff, 0xc0, 0x50, 0x20, 0xf, 0xfe, 0x1, 0x3,
    0x80, 0x7f, 0xc4, 0x20, 0x40, 0x1f, 0xf3, 0x81,
    0x80, 0x7f, 0xf0, 0x38, 0x2c, 0x3, 0xfd, 0x34,
    0x80, 0xc0, 0x1f, 0x47, 0x33, 0xa9, 0xe0, 0x80,
    0x7e, 0x11, 0x77, 0xe1, 0x80, 0x7a, 0xfd, 0xc0,
    0x3f, 0xf8, 0x44, 0x2, 0x1, 0xfe, 0x8d, 0x50,
    0x40, 0xf, 0xf8, 0x86, 0x48,

    /* U+0513 "ԓ" */
    0x0, 0xaf, 0xff, 0xc8, 0x1, 0xcc, 0x8, 0x90,
    0x7, 0xe3, 0xb, 0xb8, 0x80, 0x3e, 0x10, 0xf,
    0xf8, 0x80, 0x80, 0x3f, 0xcc, 0xc, 0x1, 0xfe,
    0x30, 0x30, 0xf, 0xf6, 0x6, 0x0, 0x7f, 0x12,
    0x2, 0x0, 0x7e, 0x8c, 0x7, 0x0, 0xf7, 0xc8,
    0xb0, 0x34, 0x0, 0x79, 0x18, 0xfb, 0x92, 0x1,
    0xdb, 0xe8, 0x1, 0xff, 0xc0, 0x70, 0x30, 0xf,
    0xd1, 0x86, 0x22, 0x0, 0xfc, 0x26, 0x54, 0x0,

    /* U+0514 "Ԕ" */
    0x0, 0xd9, 0xff, 0xc6, 0x1, 0xd7, 0xf2, 0x1,
    0xc4, 0x2, 0x30, 0x70, 0x6, 0x54, 0x19, 0x0,
    0xe1, 0xe, 0xe8, 0x88, 0xe0, 0x1, 0xb0, 0xa0,
    0xe, 0x30, 0x10, 0xb, 0x82, 0x8, 0x20, 0x59,
    0x0, 0x39, 0x80, 0x80, 0x23, 0x70, 0xe3, 0x61,
    0x90, 0xf, 0x10, 0x28, 0x6, 0x82, 0x3c, 0xa,
    0x0, 0xfb, 0x43, 0x80, 0x3a, 0x40, 0xa, 0x80,
    0x1f, 0x38, 0x10, 0x7, 0x70, 0x1, 0x44, 0x3,
    0xe2, 0x7, 0x0, 0xc8, 0xa4, 0xc1, 0x40, 0x1e,
    0x30, 0x1, 0x0, 0x69, 0x9, 0x90, 0xa2, 0x80,
    0x72, 0x2, 0x0, 0x68, 0x25, 0x40, 0xb0, 0xb1,
    0x0, 0xd4, 0x18, 0x1, 0x1b, 0x85, 0x80, 0x15,
    0x6, 0xc0, 0x1b, 0xc4, 0x2c, 0x1, 0x70, 0x48,
    0x80, 0x52, 0xa, 0x80, 0x1, 0x3d, 0x10, 0x3,
    0x91, 0xb0, 0x6, 0x27, 0xa, 0x0,

    /* U+0515 "ԕ" */
    0x0, 0xaf, 0xff, 0x68, 0x6, 0x9f, 0xc0, 0xc,
    0xc0, 0x88, 0x22, 0x48, 0x0, 0xd8, 0x38, 0x3,
    0x18, 0x5d, 0xbc, 0x19, 0x3, 0x82, 0x48, 0x3,
    0x8, 0x4, 0x52, 0x13, 0x22, 0x46, 0x0, 0xc4,
    0x4, 0x1, 0x32, 0x13, 0x5, 0x0, 0x73, 0x3,
    0x0, 0x6e, 0x0, 0x28, 0x80, 0x76, 0x1, 0x80,
    0x6b, 0x0, 0x2a, 0x0, 0x72, 0x6, 0x0, 0x52,
    0x2b, 0x41, 0x40, 0x18, 0xcc, 0x8, 0x0, 0x46,
    0x1b, 0x55, 0xc, 0x80, 0x2f, 0x1, 0xc0, 0x3,
    0x41, 0x2, 0x16, 0xc, 0x80, 0xc2, 0xd0, 0x0,
    0xb1, 0x46, 0x0, 0xc, 0x85, 0x8,

    /* U+0516 "Ԗ" */
    0x1f, 0xfe, 0xea, 0x30, 0x9, 0xbf, 0x40, 0x31,
    0x10, 0x44, 0xb8, 0x80, 0x32, 0x1c, 0x1, 0xb3,
    0x7b, 0x50, 0x20, 0x28, 0x1c, 0xc0, 0x3e, 0x2a,
    0x3, 0x64, 0x28, 0x0, 0xfe, 0x10, 0x4, 0x87,
    0x0, 0x7f, 0x8c, 0x2, 0x73, 0x0, 0xfc, 0x2b,
    0xa0, 0x1, 0x80, 0xf, 0xbb, 0xfa, 0x84, 0x80,
    0x4c, 0x3, 0xe2, 0x21, 0xad, 0x6b, 0x7, 0x0,
    0x7d, 0x9b, 0x94, 0xa1, 0x22, 0x4e, 0x1, 0xff,
    0xc1, 0xa0, 0x82, 0x0, 0xff, 0xe0, 0x22, 0x87,
    0x0, 0x7f, 0xf0, 0x6c, 0x4d, 0xc0, 0x3f, 0xf8,
    0x3, 0x1, 0x4,

    /* U+0517 "ԗ" */
    0x5f, 0x74, 0xcf, 0xeb, 0x30, 0xa, 0x7f, 0x0,
    0x2a, 0xb0, 0x62, 0x4c, 0x30, 0x46, 0xe, 0x0,
    0x8a, 0x32, 0x71, 0x83, 0xc2, 0x42, 0x48, 0x3,
    0x38, 0x5, 0x60, 0x74, 0x48, 0xc0, 0x18, 0x80,
    0x31, 0x0, 0x14, 0x28, 0x3, 0x84, 0x3, 0x88,
    0x0, 0xa2, 0x1, 0xc2, 0x1, 0xc4, 0x0, 0x54,
    0x0, 0xe2, 0x0, 0xc4, 0x0, 0x70, 0xa0, 0xf,
    0x38, 0x5, 0x0, 0x70, 0x63, 0x20, 0x18, 0x62,
    0xe7, 0x14, 0x38, 0x38, 0x19, 0x0, 0x25, 0xb7,
    0x63, 0x4c, 0x20, 0x28, 0xa, 0x10, 0x3, 0xa6,
    0x7f, 0xac, 0xc0, 0x27, 0xfe, 0x10, 0xf, 0xff,
    0xa0,

    /* U+0518 "Ԙ" */
    0x0, 0x96, 0xfb, 0xff, 0xfd, 0xc0, 0x9, 0xa4,
    0x11, 0x11, 0x0, 0x4, 0x5e, 0x3, 0x60, 0x8f,
    0xed, 0xc0, 0x6, 0xef, 0x60, 0x20, 0x13, 0x80,
    0x7f, 0xf0, 0x44, 0xc, 0x3, 0xff, 0x84, 0xa0,
    0x32, 0x1, 0xff, 0xc1, 0x34, 0x6, 0xfe, 0xdc,
    0x0, 0x7f, 0xf4, 0x0, 0x2e, 0x0, 0x2, 0x44,
    0x0, 0x11, 0x77, 0x80, 0x4a, 0x0, 0xdf, 0xe0,
    0x6, 0xef, 0x38, 0x5, 0x20, 0xe4, 0x1, 0xff,
    0xc0, 0x64, 0x28, 0x0, 0xff, 0xe0, 0xc, 0x84,
    0x80, 0x7f, 0xf0, 0x68, 0x11, 0x0, 0x1e, 0xee,
    0xec, 0x54, 0x9, 0x0, 0xf8, 0x47, 0x88,

    /* U+0519 "ԙ" */
    0x0, 0x36, 0xff, 0xf4, 0x57, 0x7e, 0xb8, 0x5,
    0x32, 0x7, 0x88, 0x18, 0x3a, 0xbb, 0x82, 0x28,
    0x0, 0xc1, 0x90, 0xee, 0x50, 0x6, 0x4c, 0x68,
    0xaa, 0x8, 0x0, 0x40, 0x38, 0xcc, 0x1, 0x30,
    0x68, 0x88, 0x24, 0x40, 0x30, 0xcc, 0xe4, 0x2,
    0xa, 0x6, 0xef, 0xf3, 0x1, 0x33, 0x63, 0x7,
    0x4, 0xe0, 0x2, 0x29, 0x83, 0x7f, 0xfb, 0x0,
    0xc, 0x7, 0x75, 0x0, 0x80, 0x1f, 0x8a, 0x3,
    0x80, 0x8, 0x25, 0x20, 0x19, 0x4, 0x38, 0x1c,
    0x80, 0x2a, 0x6, 0xfc, 0xdf, 0xb2, 0x73, 0x18,
    0x0, 0xc9, 0xaa, 0x26, 0x44, 0x72,

    /* U+051A "Ԛ" */
    0x0, 0x92, 0xb7, 0xfb, 0x60, 0x80, 0x3a, 0xad,
    0x48, 0x40, 0x9f, 0x54, 0x2, 0x85, 0x9, 0xfe,
    0xe9, 0x42, 0x8c, 0x9, 0xc2, 0x58, 0x2, 0x1a,
    0x40, 0xf0, 0x50, 0x26, 0x0, 0xf4, 0x1, 0x96,
    0x82, 0x0, 0x7c, 0x62, 0xe, 0xc0, 0x20, 0x1f,
    0x8c, 0x8, 0x3, 0xff, 0x84, 0xc0, 0x20, 0x1f,
    0x8c, 0xb, 0x41, 0xc0, 0x3e, 0x31, 0x7, 0x50,
    0x16, 0x0, 0xf4, 0x2, 0x11, 0x1c, 0x25, 0x80,
    0x21, 0xa4, 0x8, 0x0, 0x42, 0x84, 0xff, 0x74,
    0xa1, 0x46, 0x1, 0x55, 0xa9, 0x8, 0x80, 0xb9,
    0x40, 0x39, 0x2b, 0x7e, 0xc0, 0x98, 0x3, 0xfc,
    0x94, 0x10, 0xe0, 0x1f, 0xe5, 0x80, 0x87, 0x0,

    /* U+051B "ԛ" */
    0x0, 0x47, 0x7e, 0xb0, 0xfe, 0x6, 0x38, 0x98,
    0x4d, 0x0, 0x18, 0xc3, 0x31, 0xb8, 0x80, 0xd,
    0x6, 0x30, 0x1, 0xb0, 0x1, 0x43, 0x0, 0x37,
    0x80, 0x61, 0x0, 0xc4, 0x1, 0x84, 0x3, 0x8,
    0x1, 0x43, 0x40, 0x36, 0x80, 0x34, 0x1c, 0xc0,
    0x6, 0xe0, 0x6, 0x30, 0xcd, 0xd6, 0x18, 0x5,
    0x8c, 0x24, 0x13, 0x20, 0xd, 0x3d, 0xfa, 0xc0,
    0x1f, 0xfd, 0xf0,

    /* U+051C "Ԝ" */
    0xbf, 0x80, 0xe, 0xdf, 0x90, 0xe, 0xbf, 0x8c,
    0x4, 0x0, 0xc4, 0x40, 0x70, 0xe, 0x50, 0xb5,
    0x3, 0x0, 0xca, 0x0, 0x12, 0x0, 0x8c, 0x40,
    0xc8, 0x41, 0x0, 0x2c, 0x6, 0x5, 0x0, 0x90,
    0x10, 0x0, 0x81, 0x80, 0x12, 0xd, 0x85, 0x80,
    0x58, 0x1a, 0x0, 0xf0, 0x40, 0x2, 0x2, 0x10,
    0x98, 0x80, 0x10, 0x10, 0x0, 0x80, 0x60, 0xd,
    0xf, 0x7, 0x4, 0x3, 0x1, 0x20, 0x0, 0x90,
    0x20, 0x20, 0x20, 0x60, 0x78, 0x20, 0x38, 0x6,
    0x40, 0xc2, 0x21, 0x88, 0x28, 0x28, 0x60, 0x60,
    0x6, 0xd0, 0x44, 0x2, 0x0, 0x48, 0x6, 0xa0,
    0x80, 0x19, 0x0, 0xf0, 0x2c, 0x2, 0xc0, 0xa1,
    0x21, 0x0, 0xe3, 0x4, 0x13, 0x0, 0x94, 0x1c,
    0x14, 0x3, 0xd6, 0x2, 0x80, 0x18, 0x88, 0x21,
    0x80, 0x1e, 0x40, 0x7, 0x80, 0x72, 0x0, 0x10,
    0x2,

    /* U+051D "ԝ" */
    0xaf, 0x70, 0x8, 0xff, 0xca, 0x1, 0x2f, 0xe6,
    0x2, 0xc0, 0x2b, 0x0, 0x78, 0x5, 0x80, 0x8e,
    0x6, 0x1, 0x20, 0x9a, 0x0, 0x48, 0x16, 0x24,
    0x8, 0x2, 0x68, 0xa2, 0x60, 0x24, 0x6, 0x8,
    0x18, 0xe, 0x19, 0x80, 0xb0, 0x70, 0x40, 0x6,
    0x82, 0x6, 0x2, 0x20, 0x10, 0x30, 0x34, 0x0,
    0x80, 0x60, 0xa4, 0x41, 0x33, 0xa, 0x2, 0x0,
    0x48, 0xc, 0x8, 0x0, 0x40, 0x71, 0x22, 0x0,
    0x58, 0x14, 0x1a, 0x0, 0xb0, 0xa0, 0x40, 0xc,
    0x80, 0x60, 0x80, 0x3, 0x13, 0xc, 0x0, 0xc6,
    0x20, 0x80, 0x19, 0x0, 0xa, 0x0,

    /* U+051E "Ԟ" */
    0x1f, 0xf0, 0x82, 0x30, 0x2f, 0xf0, 0x80, 0x74,
    0x4b, 0xd8, 0x50, 0x80, 0x76, 0x94, 0xb, 0x20,
    0x7, 0x86, 0xc0, 0x1e, 0x1, 0xf0, 0xc0, 0xc,
    0xb0, 0x7, 0xac, 0x5b, 0xcb, 0xc0, 0x37, 0x7a,
    0x8c, 0x8e, 0x48, 0x6, 0x22, 0x0, 0x98, 0x8,
    0x7, 0x66, 0xb0, 0x70, 0x7, 0xf4, 0x91, 0x24,
    0x3, 0xfb, 0x81, 0x90, 0x3, 0xf1, 0xb8, 0x50,
    0x80, 0x7e, 0x83, 0x1b, 0x0, 0xfe, 0xe0, 0x56,

    /* U+051F "ԟ" */
    0x0, 0xff, 0x2f, 0xe0, 0x26, 0x96, 0xfa, 0x80,
    0x66, 0xd, 0x26, 0x50, 0xc, 0x56, 0x0, 0xb0,
    0xe, 0x18, 0x2, 0xc2, 0x0, 0x1d, 0xe0, 0xc6,
    0x39, 0x0, 0x48, 0x40, 0x22, 0x90, 0x8, 0xfe,
    0xc2, 0x44, 0x3, 0xc8, 0xa1, 0x40, 0x1f, 0x58,
    0xa2, 0x80, 0x78, 0x60, 0x2c, 0x40, 0x3c, 0xc8,
    0x36,

    /* U+0520 "Ԡ" */
    0x0, 0xd9, 0xff, 0xe9, 0x0, 0xff, 0xe0, 0x10,
    0x9, 0x10, 0x3, 0xff, 0x86, 0x21, 0xdb, 0xa6,
    0x0, 0xff, 0xe0, 0x90, 0x8, 0x7, 0xff, 0x15,
    0xc0, 0x80, 0x3f, 0xf8, 0xa4, 0xa, 0x1, 0xff,
    0xc5, 0xe0, 0xe0, 0xe, 0x6e, 0xfd, 0xb6, 0x0,
    0xf2, 0x81, 0x80, 0x78, 0x40, 0x92, 0x74, 0x80,
    0x31, 0x83, 0x0, 0x73, 0x7f, 0xb6, 0x0, 0xbc,
    0x2, 0x20, 0x1, 0x0, 0x7e, 0x27, 0xd0, 0x26,
    0x0, 0x20, 0x20, 0x7, 0xfc, 0x4c, 0x1a, 0x0,
    0xd0, 0xc0, 0xf, 0xfe, 0x6, 0x82, 0xd5, 0xa0,
    0xb0, 0x7, 0xff, 0x1, 0xc0, 0x51, 0x7, 0xa2,
    0x1, 0xff, 0xc0, 0x60, 0x1e, 0xfc, 0x30, 0xe,
    0x9f, 0x90, 0xe, 0x20, 0x20, 0xf, 0xfe, 0x2c,
    0x82, 0x0, 0x7f, 0xc2, 0x40, 0x1, 0xa1, 0x9,
    0x0, 0xff, 0x8b, 0x7f, 0xdc, 0xa1, 0x42, 0x1,
    0xff, 0x12, 0x8, 0xa, 0xe2, 0x80,

    /* U+0521 "ԡ" */
    0x0, 0xaf, 0xff, 0xac, 0x3, 0xfc, 0xc0, 0x88,
    0x20, 0xf, 0xfe, 0x1, 0x85, 0xda, 0x80, 0x3f,
    0xf8, 0x2, 0x1, 0xff, 0xc3, 0x20, 0x20, 0xf,
    0xfe, 0x13, 0x3, 0x80, 0x64, 0xff, 0x63, 0x0,
    0x71, 0x81, 0x0, 0x70, 0x81, 0xcd, 0x80, 0x6c,
    0xc, 0x0, 0xc9, 0xdf, 0x40, 0x8e, 0x0, 0x24,
    0x4, 0x0, 0xf9, 0x60, 0x28, 0x23, 0x1, 0xc0,
    0x3f, 0x94, 0x8, 0x18, 0x5a, 0x0, 0x3f, 0x8c,
    0x2, 0xef, 0x90, 0xc, 0xff, 0x60, 0x11, 0x80,
    0x7f, 0xf1, 0x1c, 0x8, 0x3, 0xfc, 0x60, 0x2,
    0x80, 0x50, 0xf, 0xf7, 0x7f, 0x69, 0x12, 0x0,
    0x3f, 0xd4, 0x42, 0x26, 0xc0, 0x0,

    /* U+0522 "Ԣ" */
    0x1f, 0xf0, 0x80, 0x71, 0xff, 0x80, 0x3f, 0xff,
    0xe0, 0x1f, 0xfd, 0xee, 0xff, 0xec, 0x0, 0x77,
    0xf6, 0x41, 0x0, 0x78, 0x8b, 0xc2, 0x0, 0x10,
    0x13, 0x7d, 0x50, 0xe, 0xcd, 0xdf, 0x0, 0x3f,
    0xdd, 0x66, 0x14, 0x60, 0x1f, 0xfc, 0x31, 0x4c,
    0x40, 0xf0, 0xf, 0xfe, 0x34, 0x81, 0x88, 0x7,
    0xff, 0x14, 0x84, 0x14, 0x3, 0xff, 0x8c, 0x60,
    0x20, 0x1f, 0xfc, 0x63, 0x1, 0x17, 0xf8, 0x40,
    0x38, 0xff, 0xc0, 0x1c, 0x22, 0x6, 0x0, 0xff,
    0xe2, 0xc8, 0x9, 0x0, 0x7f, 0xf0, 0xc, 0x2,
    0x67, 0x9, 0x0, 0xff, 0xe0, 0xff, 0xe9, 0x4,
    0x70, 0xf, 0xfe, 0xa, 0x10, 0x0, 0xe6, 0xc0,
    0x0,

    /* U+0523 "ԣ" */
    0x5f, 0xc0, 0xc, 0xff, 0x40, 0x1f, 0xff, 0xf0,
    0x1, 0xff, 0xe8, 0x4, 0xff, 0x63, 0x80, 0x70,
    0xa2, 0x62, 0x1, 0x0, 0x1c, 0x58, 0x6, 0x2b,
    0xbd, 0x40, 0xbf, 0xb0, 0x8, 0xe0, 0x1f, 0xfc,
    0x2, 0x77, 0x5, 0x80, 0x7f, 0xf0, 0xac, 0xc,
    0x3, 0xff, 0x84, 0x40, 0x12, 0xfe, 0x0, 0x67,
    0xfa, 0x0, 0xff, 0xe4, 0x20, 0x10, 0x7, 0xf8,
    0xc0, 0x5, 0x1, 0x40, 0x1f, 0xee, 0xfe, 0xd2,
    0x23, 0x80, 0x7f, 0x94, 0x84, 0x4f, 0xa0, 0x0,

    /* U+0524 "Ԥ" */
    0x1f, 0xff, 0xf6, 0x0, 0x71, 0x17, 0x84, 0x3,
    0xec, 0xdd, 0xeb, 0x0, 0xff, 0xff, 0x80, 0x7f,
    0xfd, 0x8f, 0xf4, 0x3, 0xff, 0x84, 0x3f, 0xe1,
    0x0, 0xe5, 0xfc, 0x0, 0xff, 0xee, 0x89, 0xb8,

    /* U+0525 "ԥ" */
    0x5f, 0xff, 0xe0, 0xe, 0x33, 0xe0, 0xf, 0x1e,
    0x66, 0xe0, 0xf, 0xff, 0xf8, 0x7, 0xfc, 0xec,
    0x1, 0xfe, 0x8b, 0x5f, 0xc0, 0xc, 0x5f, 0x80,
    0x1f, 0xfd, 0xa0,

    /* U+0526 "Ԧ" */
    0x1f, 0xf0, 0x80, 0x7f, 0xfe, 0x56, 0x33, 0xbf,
    0x68, 0x80, 0x3d, 0x6e, 0x62, 0x22, 0x5d, 0x20,
    0xe, 0x7c, 0xff, 0x76, 0x88, 0x58, 0x7, 0x49,
    0x80, 0x44, 0xc0, 0x40, 0x1f, 0xf7, 0x80, 0x7f,
    0xf7, 0xd3, 0xf0, 0x3, 0xff, 0x84, 0x3f, 0xe1,
    0x0, 0xe7, 0xfa, 0x0, 0xff, 0xee, 0x89, 0x28,

    /* U+0527 "ԧ" */
    0x13, 0x20, 0xf, 0xe4, 0xce, 0x0, 0xff, 0xf1,
    0xb9, 0x5f, 0xf6, 0x28, 0x7, 0x36, 0xa9, 0x81,
    0xd2, 0x80, 0x62, 0x6e, 0xce, 0x50, 0x90, 0xe,
    0x80, 0xa, 0x40, 0xc0, 0x31, 0x8, 0x4, 0x20,
    0x1e, 0x10, 0xf, 0xff, 0x5b, 0xb0, 0x7, 0xfa,
    0x2d, 0x7f, 0x0, 0x31, 0x7e, 0x0, 0x7f, 0xf6,
    0x80,

    /* U+0528 "Ԩ" */
    0x0, 0x1f, 0xf8, 0x3, 0xc7, 0xfe, 0x0, 0xff,
    0xff, 0xff, 0xfb, 0x0, 0x3e, 0x22, 0xf0, 0x80,
    0x7d, 0xbb, 0xf0, 0x7, 0xff, 0xfc, 0x3, 0xf1,
    0xff, 0x80, 0xc, 0x2, 0x1, 0xfc, 0xd9, 0x40,
    0x80, 0x1f, 0xc6, 0x61, 0x5b, 0x0, 0xfe,

    /* U+0529 "ԩ" */
    0x0, 0x37, 0xd8, 0x6, 0x1f, 0xf0, 0x80, 0x7f,
    0xfb, 0x13, 0xff, 0x70, 0x7, 0xc2, 0xab, 0xc0,
    0x1f, 0x2d, 0x56, 0xb0, 0xf, 0xff, 0x38, 0xff,
    0x84, 0x3, 0xff, 0x87, 0xe0, 0x40, 0x1f, 0xaf,
    0x58, 0x34, 0x3, 0xf8, 0x89, 0x8, 0x1, 0xf8,

    /* U+052A "Ԫ" */
    0x0, 0x87, 0xff, 0xf6, 0x0, 0x62, 0xff, 0x0,
    0x73, 0x7e, 0x80, 0x63, 0x0, 0x11, 0x61, 0x0,
    0xff, 0xe0, 0x8c, 0x87, 0x0, 0x61, 0x3, 0xdd,
    0xd6, 0x1, 0xff, 0xc1, 0xa0, 0x73, 0x0, 0xce,
    0xe, 0x1, 0xff, 0xc5, 0x64, 0x38, 0x0, 0xe1,
    0x1, 0x0, 0xff, 0xe2, 0xc, 0x87, 0x0, 0x78,
    0xc0, 0xc0, 0x3f, 0xf8, 0x94, 0x10, 0x40, 0x1e,
    0x10, 0x10, 0xf, 0x1f, 0xfe, 0xd0, 0x7, 0xf9,
    0x9, 0xc0, 0x3e, 0xe0, 0xf0, 0xf, 0xa, 0xae,
    0x40, 0x2, 0xa8, 0x9, 0x0, 0x3e, 0x20, 0x20,
    0xf, 0x15, 0x56, 0x90, 0x5, 0x51, 0xc2, 0x84,
    0x3, 0xc8, 0x8, 0x1, 0xff, 0xc4, 0x82, 0x1b,
    0x0, 0xe6, 0x3, 0x10, 0xf, 0xfe, 0x2f, 0x2,
    0xa8, 0x3, 0x40, 0x48, 0x7, 0xff, 0x18, 0xdc,
    0x2c, 0x42, 0xb8, 0x42, 0x37, 0x7a, 0xc0, 0xf6,
    0x40, 0x3f, 0xa0, 0xc6, 0xc1, 0x84, 0x0, 0x45,
    0xe1, 0x0, 0x11, 0x80, 0x7f, 0xb8, 0x15, 0x40,
    0xb, 0xff, 0xfe, 0x90, 0xc, 0x5f, 0xe0, 0xe,
    0x2f, 0xf2, 0x80, 0x7f, 0xfb, 0xb7, 0x90, 0x3,
    0xf9, 0xba, 0xc0, 0x3f, 0xf8, 0x40,

    /* U+052B "ԫ" */
    0x0, 0xf, 0xff, 0xd0, 0x1, 0xb3, 0xd4, 0x2,
    0x4f, 0xd0, 0xf, 0x22, 0x42, 0x1, 0xff, 0xd,
    0x7, 0x0, 0x46, 0x7, 0x77, 0x38, 0x7, 0xfd,
    0x43, 0x6, 0x1, 0x8, 0x38, 0x7, 0xff, 0x9,
    0xd0, 0xdc, 0x3, 0x38, 0x8, 0x7, 0x36, 0x66,
    0x30, 0x8c, 0x81, 0xd0, 0xe, 0x10, 0x20, 0xe,
    0x13, 0x3c, 0x0, 0x23, 0x0, 0xfc, 0x41, 0xc0,
    0x1c, 0xff, 0xf8, 0xc2, 0xbd, 0x6, 0xc0, 0x3a,
    0xc1, 0x40, 0x3f, 0xf8, 0x52, 0xa, 0x80, 0x11,
    0x98, 0x4c, 0x3, 0xff, 0x84, 0x50, 0x14, 0x0,
    0x9d, 0x0, 0x5d, 0xe7, 0x5, 0xb1, 0x0, 0xf9,
    0xcc, 0x64, 0x10, 0x40, 0x51, 0x30, 0x81, 0x21,
    0x80, 0x7e, 0xf0, 0x63, 0x0, 0x67, 0xff, 0xc2,
    0x1, 0xb3, 0xd4, 0x2, 0x3f, 0xf1, 0x80, 0x7f,
    0xf3, 0x5c, 0xc4, 0x3, 0xe5, 0x33, 0x0, 0x7f,
    0xf0, 0x0,

    /* U+052C "Ԭ" */
    0x1f, 0xf0, 0x0, 0xff, 0xfc, 0x60, 0x1e, 0x70,
    0x12, 0x20, 0x7, 0xf1, 0x4, 0x6e, 0x80, 0x3f,
    0xbc, 0x8, 0x3, 0xfe, 0x40, 0x50, 0xf, 0xf0,
    0x91, 0x4, 0x3, 0xc2, 0x20, 0x87, 0x4, 0x0,
    0x20, 0x7, 0x48, 0x3c, 0x82, 0x6f, 0xd8, 0x7,
    0x3c, 0x90, 0x0, 0xc1, 0xac, 0x3, 0xcd, 0x40,
    0xbd, 0xb2, 0x80, 0x1f, 0x48, 0x70, 0x7, 0xf9,
    0x84, 0xd0, 0x3, 0xf5, 0xec, 0x81, 0x6e, 0xf0,
    0x3, 0x6d, 0x48, 0x0, 0x24, 0x5c, 0x0, 0x15,
    0x0, 0x67, 0xff, 0xec, 0x0, 0xff, 0xe9, 0x18,
    0x7, 0xff, 0x0, 0xc0,

    /* U+052D "ԭ" */
    0x7f, 0x50, 0x7f, 0xfe, 0x70, 0xe, 0xe0, 0x44,
    0x8, 0x7, 0xc6, 0x17, 0x64, 0x0, 0xf9, 0x84,
    0x3, 0xc4, 0x4, 0x6, 0x40, 0x1e, 0x70, 0x96,
    0x5, 0x29, 0x50, 0x8, 0x98, 0x64, 0x1b, 0x5c,
    0x80, 0x34, 0xd0, 0x1, 0xeb, 0x9c, 0x3, 0xb4,
    0x1e, 0x14, 0x3, 0x9e, 0xdc, 0xe, 0xee, 0x40,
    0xab, 0xd4, 0x0, 0x22, 0x61, 0x2, 0x40, 0x5,
    0xff, 0xfc, 0x1, 0xff, 0xce, 0x23, 0x70, 0xf,
    0x90, 0xc0,

    /* U+052E "Ԯ" */
    0x0, 0xa7, 0xff, 0xf2, 0x0, 0x71, 0x80, 0x91,
    0x60, 0xf, 0xc2, 0x17, 0xbb, 0x84, 0x3, 0xe7,
    0x1, 0x0, 0xff, 0xe1, 0x38, 0x7, 0xff, 0x0,
    0x40, 0x40, 0x3f, 0xf8, 0x6, 0x6, 0x1, 0xff,
    0xc0, 0x10, 0x10, 0xf, 0xf8, 0x40, 0x3f, 0xf8,
    0x46, 0x4, 0x1, 0xff, 0xc0, 0x70, 0x60, 0xf,
    0xf8, 0x64, 0xc, 0x3, 0xfd, 0xdc, 0x30, 0xa0,
    0xf, 0xaf, 0xc8, 0x80, 0x76, 0x40, 0x1f, 0xec,
    0xfc, 0x40, 0xf, 0x77, 0x80, 0x7f, 0xf8, 0x51,
    0x6,

    /* U+052F "ԯ" */
    0x0, 0x2f, 0xff, 0xca, 0x1, 0x18, 0x9, 0x9c,
    0x1, 0xe1, 0x9, 0xcc, 0x8c, 0x3, 0xe1, 0x0,
    0xfe, 0xf0, 0x30, 0xf, 0xe1, 0x1, 0x0, 0xfe,
    0x20, 0x70, 0xf, 0xe6, 0x1, 0x0, 0xfc, 0x44,
    0x2, 0x0, 0xfb, 0xb4, 0x14, 0x3, 0xd7, 0x60,
    0x2, 0xd8, 0x7, 0x85, 0xbb, 0xe8, 0x40, 0x36,
    0x70, 0x7, 0xff, 0x5c, 0x55, 0x40,

    /* U+1E80 "Ẁ" */
    0x0, 0xf2, 0x7f, 0x90, 0x3, 0xff, 0x86, 0x92,
    0x12, 0x1, 0xff, 0xc4, 0x68, 0x27, 0x0, 0xff,
    0xe2, 0x3d, 0x0, 0x7f, 0xf1, 0x95, 0xc0, 0x3f,
    0x5f, 0xc0, 0x7, 0x6f, 0xc8, 0x7, 0x5f, 0xc6,
    0x2, 0x0, 0x62, 0x20, 0x38, 0x7, 0x28, 0x5a,
    0x81, 0x80, 0x65, 0x0, 0x9, 0x0, 0x46, 0x20,
    0x64, 0x20, 0x80, 0x16, 0x3, 0x2, 0x80, 0x48,
    0x8, 0x0, 0x40, 0xc0, 0x9, 0x6, 0xc2, 0xc0,
    0x2c, 0xd, 0x0, 0x78, 0x20, 0x1, 0x1, 0x8,
    0x4c, 0x40, 0x8, 0x8, 0x0, 0x40, 0x30, 0x6,
    0x87, 0x83, 0x82, 0x1, 0x80, 0x90, 0x0, 0x48,
    0x10, 0x10, 0x10, 0x30, 0x3c, 0x10, 0x1c, 0x3,
    0x20, 0x61, 0x10, 0xc4, 0x14, 0x14, 0x30, 0x30,
    0x3, 0x68, 0x22, 0x1, 0x0, 0x24, 0x3, 0x50,
    0x40, 0xc, 0x80, 0x78, 0x16, 0x1, 0x60, 0x50,
    0x90, 0x80, 0x71, 0x82, 0x9, 0x80, 0x4a, 0xe,
    0xa, 0x1, 0xeb, 0x1, 0x40, 0xc, 0x44, 0x10,
    0xc0, 0xf, 0x20, 0x3, 0xc0, 0x39, 0x0, 0x8,
    0x1, 0x0,

    /* U+1E81 "ẁ" */
    0x0, 0xe5, 0xff, 0x10, 0x7, 0xff, 0x1, 0x6c,
    0x3c, 0x3, 0xff, 0x82, 0x9a, 0x30, 0x1, 0xff,
    0xc1, 0x2c, 0x80, 0xf, 0x57, 0xb8, 0x4, 0x7f,
    0xe5, 0x0, 0x97, 0xf3, 0x1, 0x60, 0x15, 0x80,
    0x3c, 0x2, 0xc0, 0x47, 0x3, 0x0, 0x90, 0x4d,
    0x0, 0x24, 0xb, 0x12, 0x4, 0x1, 0x34, 0x51,
    0x30, 0x12, 0x3, 0x4, 0xc, 0x7, 0xc, 0xc0,
    0x58, 0x38, 0x20, 0x3, 0x41, 0x3, 0x1, 0x10,
    0x8, 0x18, 0x1a, 0x0, 0x40, 0x30, 0x52, 0x20,
    0x99, 0x85, 0x1, 0x0, 0x24, 0x6, 0x4, 0x0,
    0x20, 0x38, 0x91, 0x0, 0x2c, 0xa, 0xd, 0x0,
    0x58, 0x50, 0x20, 0x6, 0x40, 0x30, 0x40, 0x1,
    0x89, 0x86, 0x0, 0x63, 0x10, 0x40, 0xc, 0x80,
    0x5, 0x0, 0x0,

    /* U+1E82 "Ẃ" */
    0x0, 0xfe, 0x3f, 0xf2, 0x80, 0x7f, 0xf0, 0xfc,
    0x21, 0x40, 0x3f, 0xf8, 0x4e, 0x6e, 0xe0, 0xf,
    0xfe, 0x25, 0x40, 0x7, 0xff, 0x11, 0xd4, 0x3,
    0xfa, 0xfe, 0x0, 0x3b, 0x7e, 0x40, 0x3a, 0xfe,
    0x30, 0x10, 0x3, 0x11, 0x1, 0xc0, 0x39, 0x42,
    0xd4, 0xc, 0x3, 0x28, 0x0, 0x48, 0x2, 0x31,
    0x3, 0x21, 0x4, 0x0, 0xb0, 0x18, 0x14, 0x2,
    0x40, 0x40, 0x2, 0x6, 0x0, 0x48, 0x36, 0x16,
    0x1, 0x60, 0x68, 0x3, 0xc1, 0x0, 0x8, 0x8,
    0x42, 0x62, 0x0, 0x40, 0x40, 0x2, 0x1, 0x80,
    0x34, 0x3c, 0x1c, 0x10, 0xc, 0x4, 0x80, 0x2,
    0x40, 0x80, 0x80, 0x81, 0x81, 0xe0, 0x80, 0xe0,
    0x19, 0x3, 0x8, 0x86, 0x20, 0xa0, 0xa1, 0x81,
    0x80, 0x1b, 0x41, 0x10, 0x8, 0x1, 0x20, 0x1a,
    0x82, 0x0, 0x64, 0x3, 0xc0, 0xb0, 0xb, 0x2,
    0x84, 0x84, 0x3, 0x8c, 0x10, 0x4c, 0x2, 0x50,
    0x70, 0x50, 0xf, 0x58, 0xa, 0x0, 0x62, 0x20,
    0x86, 0x0, 0x79, 0x0, 0x1e, 0x1, 0xc8, 0x0,
    0x40, 0x8,

    /* U+1E83 "ẃ" */
    0x0, 0xfc, 0xff, 0xc4, 0x1, 0xff, 0x1c, 0x16,
    0x10, 0x7, 0xfd, 0xb, 0xa4, 0x1, 0xff, 0xc0,
    0xba, 0x0, 0xfa, 0xbd, 0xc0, 0x23, 0xff, 0x28,
    0x4, 0xbf, 0x98, 0xb, 0x0, 0xac, 0x1, 0xe0,
    0x16, 0x2, 0x38, 0x18, 0x4, 0x82, 0x68, 0x1,
    0x20, 0x58, 0x90, 0x20, 0x9, 0xa2, 0x89, 0x80,
    0x90, 0x18, 0x20, 0x60, 0x38, 0x66, 0x2, 0xc1,
    0xc1, 0x0, 0x1a, 0x8, 0x18, 0x8, 0x80, 0x40,
    0xc0, 0xd0, 0x2, 0x1, 0x82, 0x91, 0x4, 0xcc,
    0x28, 0x8, 0x1, 0x20, 0x30, 0x20, 0x1, 0x1,
    0xc4, 0x88, 0x1, 0x60, 0x50, 0x68, 0x2, 0xc2,
    0x81, 0x0, 0x32, 0x1, 0x82, 0x0, 0xc, 0x4c,
    0x30, 0x3, 0x18, 0x82, 0x0, 0x64, 0x0, 0x28,
    0x0,

    /* U+1E84 "Ẅ" */
    0x0, 0xf8, 0x80, 0x22, 0x0, 0xff, 0xe0, 0xc6,
    0xb0, 0x4e, 0xa8, 0x7, 0xff, 0x3, 0x80, 0x83,
    0x81, 0x80, 0x3f, 0xf8, 0xd, 0xe8, 0xf, 0xe6,
    0x1, 0xff, 0xcd, 0xbf, 0x80, 0xe, 0xdf, 0x90,
    0xe, 0xbf, 0x8c, 0x4, 0x0, 0xc4, 0x40, 0x70,
    0xe, 0x50, 0xb5, 0x3, 0x0, 0xca, 0x0, 0x12,
    0x0, 0x8c, 0x40, 0xc8, 0x41, 0x0, 0x2c, 0x6,
    0x5, 0x0, 0x90, 0x10, 0x0, 0x81, 0x80, 0x12,
    0xd, 0x85, 0x80, 0x58, 0x1a, 0x0, 0xf0, 0x40,
    0x2, 0x2, 0x10, 0x98, 0x80, 0x10, 0x10, 0x0,
    0x80, 0x60, 0xd, 0xf, 0x7, 0x4, 0x3, 0x1,
    0x20, 0x0, 0x90, 0x20, 0x20, 0x20, 0x60, 0x78,
    0x20, 0x38, 0x6, 0x40, 0xc2, 0x21, 0x88, 0x28,
    0x28, 0x60, 0x60, 0x6, 0xd0, 0x44, 0x2, 0x0,
    0x48, 0x6, 0xa0, 0x80, 0x19, 0x0, 0xf0, 0x2c,
    0x2, 0xc0, 0xa1, 0x21, 0x0, 0xe3, 0x4, 0x13,
    0x0, 0x94, 0x1c, 0x14, 0x3, 0xd6, 0x2, 0x80,
    0x18, 0x88, 0x21, 0x80, 0x1e, 0x40, 0x7, 0x80,
    0x72, 0x0, 0x10, 0x2,

    /* U+1E85 "ẅ" */
    0x0, 0xeb, 0xe1, 0xc, 0xd0, 0xf, 0xf3, 0x8,
    0x0, 0x88, 0x1, 0xfe, 0xde, 0x10, 0xfe, 0x0,
    0xea, 0xf7, 0x0, 0x8b, 0xfc, 0x82, 0x0, 0x5f,
    0xcc, 0x5, 0x80, 0x56, 0x0, 0xf0, 0xb, 0x1,
    0x1c, 0xc, 0x2, 0x41, 0x34, 0x0, 0x90, 0x2c,
    0x48, 0x10, 0x4, 0xd1, 0x44, 0xc0, 0x48, 0xc,
    0x10, 0x30, 0x1c, 0x33, 0x1, 0x60, 0xe0, 0x80,
    0xd, 0x4, 0xc, 0x4, 0x40, 0x20, 0x60, 0x68,
    0x1, 0x0, 0xc1, 0x48, 0x82, 0x66, 0x14, 0x4,
    0x0, 0x90, 0x18, 0x10, 0x0, 0x80, 0xe2, 0x44,
    0x0, 0xb0, 0x28, 0x34, 0x1, 0x61, 0x40, 0x80,
    0x19, 0x0, 0xc1, 0x0, 0x6, 0x26, 0x18, 0x1,
    0x8c, 0x41, 0x0, 0x32, 0x0, 0x14, 0x0,

    /* U+1E9E "ẞ" */
    0x0, 0x9b, 0x3b, 0xf6, 0x8c, 0x3, 0xb2, 0x4c,
    0x44, 0x4b, 0x8a, 0x1, 0x49, 0x8d, 0xff, 0x7b,
    0x85, 0x8, 0x1, 0x82, 0xd0, 0x2, 0xf0, 0x20,
    0x1, 0x0, 0x14, 0x2, 0xa8, 0x4c, 0x10, 0x10,
    0x10, 0xa, 0xd4, 0xc, 0x80, 0x3f, 0x30, 0x1,
    0xf2, 0x40, 0x3e, 0xdf, 0xd7, 0x6, 0x50, 0xf,
    0xc5, 0xc, 0x1c, 0x1, 0xfe, 0xf0, 0x70, 0xf,
    0xf7, 0x3, 0x80, 0x67, 0x20, 0x8, 0xdc, 0x34,
    0x3, 0x46, 0xf6, 0x76, 0x2, 0x30, 0x6, 0xa4,
    0x3, 0x3, 0x8b, 0x0,

    /* U+1EF2 "Ỳ" */
    0x0, 0xab, 0xf4, 0x3, 0xfa, 0x8c, 0x98, 0x3,
    0xfb, 0x4a, 0x48, 0x3, 0xf0, 0xec, 0x30, 0x7,
    0xf9, 0xd0, 0x3, 0x5f, 0xc8, 0x7, 0xbb, 0xda,
    0x1, 0x88, 0x3, 0x38, 0x93, 0x1a, 0x84, 0x0,
    0x69, 0x9, 0x0, 0x58, 0x29, 0x0, 0x1c, 0x51,
    0x0, 0x1, 0x70, 0x90, 0x18, 0x8, 0x0, 0xd0,
    0x28, 0x72, 0xa, 0x60, 0x1d, 0x21, 0xee, 0x16,
    0x1, 0xe7, 0x23, 0x7, 0x10, 0xf, 0xac, 0x1,
    0x0, 0x1f, 0x88, 0x4, 0x3, 0xff, 0xd2,

    /* U+1EF3 "ỳ" */
    0x0, 0x1f, 0xf9, 0x40, 0x3e, 0x3d, 0x1a, 0x20,
    0xf, 0x8b, 0xd6, 0x40, 0x3f, 0xd, 0x58, 0x6,
    0xcf, 0x70, 0xe, 0xdf, 0x6a, 0xb, 0x0, 0xc6,
    0x40, 0xcc, 0x3, 0x20, 0xa, 0xc1, 0x40, 0xc,
    0x14, 0x1, 0x30, 0x70, 0x2, 0x81, 0x40, 0x6,
    0x22, 0x40, 0x1, 0x91, 0xc, 0x28, 0x18, 0x3,
    0x50, 0x50, 0x38, 0x50, 0x6, 0x60, 0x73, 0x13,
    0x20, 0xc, 0x2a, 0x32, 0x14, 0x1, 0xee, 0x5,
    0x7, 0x0, 0xf2, 0x8, 0x20, 0x80, 0x7c, 0x61,
    0xc0, 0x1f, 0x19, 0xa, 0x80, 0x7d, 0xe1, 0x20,
    0x1d, 0x19, 0xc6, 0x4e, 0x1, 0xc2, 0x60, 0xd8,
    0x1, 0xe0,

    /* U+2010 "‐" */
    0x3d, 0xdd, 0x2e, 0x45, 0xc0,

    /* U+2011 "‑" */
    0x3d, 0xdd, 0x2e, 0x45, 0xc0,

    /* U+2012 "‒" */
    0x2b, 0xbf, 0xe7, 0x14, 0x4f, 0xec,

    /* U+2013 "–" */
    0x2c, 0xcf, 0xc4, 0x26, 0x7f, 0x84,

    /* U+2014 "—" */
    0x2c, 0xcf, 0xfe, 0x31, 0x9, 0x9f, 0xff, 0x18,
    0x40,

    /* U+2015 "―" */
    0x2c, 0xcf, 0xfe, 0x31, 0x9, 0x9f, 0xff, 0x18,
    0x40,

    /* U+2016 "‖" */
    0xaf, 0x0, 0xbe, 0x80, 0x3f, 0xff, 0xe0, 0x1f,
    0xfe, 0xe0,

    /* U+2017 "‗" */
    0x0, 0xff, 0xbf, 0xff, 0x20, 0x66, 0x7e, 0x40,
    0x22, 0xfc, 0x0, 0xee, 0xfc, 0x81, 0x99, 0xf9,
    0x0,

    /* U+2018 "‘" */
    0x4, 0xf6, 0xe, 0x4, 0x15, 0x12, 0x70, 0x50,
    0xf1, 0x30,

    /* U+2019 "’" */
    0xd, 0xf6, 0x2, 0x7, 0x30, 0x31, 0x40, 0x90,
    0xe2, 0x50,

    /* U+201A "‚" */
    0x6, 0xea, 0xc, 0x1d, 0x7, 0x5, 0x12, 0x32,
    0x50, 0x90,

    /* U+201B "‛" */
    0xaf, 0x90, 0xf0, 0x50, 0x50, 0x30, 0x3, 0x1,
    0x85, 0xb, 0x0,

    /* U+201C "“" */
    0x4, 0xf6, 0x4, 0xf5, 0xe, 0x4, 0xf, 0x4,
    0x15, 0x12, 0x14, 0x11, 0x38, 0x28, 0x30, 0x20,
    0x78, 0x98, 0x68, 0xe8, 0x0,

    /* U+201D "”" */
    0xd, 0xf6, 0xe, 0xf5, 0x2, 0x7, 0x11, 0x2,
    0x98, 0x20, 0xa8, 0x20, 0x20, 0x70, 0x60, 0x78,
    0x71, 0x28, 0x11, 0xa0, 0x0,

    /* U+201E "„" */
    0x6, 0xeb, 0x7, 0xea, 0xc, 0x1c, 0xc, 0x1d,
    0x7, 0x5, 0x5, 0x5, 0x2, 0x32, 0x11, 0x21,
    0x20, 0x48, 0x20, 0x78, 0x0,

    /* U+201F "‟" */
    0xaf, 0x90, 0xbf, 0x80, 0xf0, 0x20, 0xd0, 0x30,
    0x50, 0x40, 0x70, 0x50, 0x2, 0x81, 0xa, 0x88,
    0x82, 0x45, 0xc3, 0x85, 0x40,

    /* U+2020 "†" */
    0x0, 0xbf, 0xc2, 0x1, 0xc2, 0x2, 0x1, 0xc4,
    0x40, 0x8, 0x88, 0xc, 0xc0, 0x23, 0x9d, 0xf5,
    0x4f, 0xdc, 0xc3, 0xca, 0x1c, 0xbb, 0x3c, 0x30,
    0xbb, 0x44, 0x80, 0x42, 0xe0, 0x1f, 0xfc, 0x27,
    0x10, 0xf, 0x9, 0x80, 0x78, 0xc4, 0x3, 0xc2,
    0x1, 0xff, 0xc5, 0x10, 0x0,

    /* U+2021 "‡" */
    0x0, 0xbb, 0xc8, 0x3, 0xc4, 0x4, 0x1, 0xe6,
    0x10, 0xc, 0xf0, 0xc2, 0x6c, 0xf2, 0x14, 0xf2,
    0x85, 0x30, 0xc3, 0xfd, 0xec, 0x5f, 0xda, 0x24,
    0x20, 0xa4, 0x2, 0x40, 0x18, 0x80, 0x40, 0x3c,
    0x40, 0x20, 0x11, 0x8, 0x29, 0x0, 0x90, 0x7f,
    0x7b, 0x17, 0xf6, 0x8d, 0x3c, 0xa1, 0x4b, 0xb0,
    0xbc, 0x30, 0x9b, 0x44, 0x80, 0x66, 0x10, 0xf,
    0x88, 0x8, 0x2,

    /* U+2022 "•" */
    0x0, 0x21, 0x0, 0xb, 0xaf, 0x60, 0x28, 0x40,
    0xe, 0x2, 0x1, 0x87, 0xc0, 0x21, 0x13, 0x28,
    0x15, 0x0,

    /* U+2023 "‣" */
    0x40, 0xe, 0xfe, 0x50, 0xc, 0x35, 0x86, 0x1,
    0x8f, 0x14, 0x2, 0x2b, 0x50, 0x19, 0xd4, 0xe,
    0xf6, 0x0, 0x80,

    /* U+2024 "․" */
    0x1c, 0xc0, 0xa1, 0x99, 0x10, 0x24, 0x80,

    /* U+2025 "‥" */
    0x4d, 0xa0, 0xa, 0xb4, 0xf4, 0x94, 0x0, 0x2a,
    0x55, 0x80, 0x80, 0x1, 0x31, 0xd0,

    /* U+2026 "…" */
    0x4d, 0xa0, 0xa, 0xf0, 0x80, 0xf, 0xad, 0xa4,
    0xa0, 0x3, 0x43, 0x50, 0x4, 0x95, 0x60, 0x20,
    0x0, 0x88, 0x2a, 0x0, 0x60, 0xb0,

    /* U+2027 "‧" */
    0x4d, 0xa0, 0xd2, 0x50, 0xc0, 0x40,

    /* U+2030 "‰" */
    0x0, 0x57, 0xf4, 0x0, 0x75, 0xf8, 0x80, 0x7f,
    0xd2, 0xac, 0xae, 0xc0, 0x12, 0x21, 0xc4, 0x3,
    0xfe, 0x63, 0x9b, 0x1b, 0x0, 0xa4, 0x60, 0x3,
    0xfe, 0x10, 0x60, 0x2, 0x90, 0x1, 0x8a, 0x0,
    0x3f, 0xf8, 0x46, 0x1, 0xe8, 0x36, 0x1, 0x0,
    0xf0, 0x80, 0x42, 0x4, 0x0, 0x61, 0x8, 0x18,
    0xaf, 0xeb, 0x0, 0xa7, 0xfb, 0x4, 0x0, 0xa8,
    0x86, 0x27, 0x27, 0x52, 0x56, 0x74, 0x80, 0x56,
    0x58, 0x3b, 0x0, 0x40, 0xdc, 0x94, 0x40, 0x22,
    0x86, 0x60, 0xd8, 0x3c, 0x29, 0xd1, 0x40, 0x5,
    0xd7, 0x9a, 0x4a, 0xe4, 0x50, 0x1, 0x84, 0x1c,
    0x80, 0x6, 0x4, 0x1, 0x21, 0x87, 0x8c, 0x80,
    0xb8, 0x0, 0xc0, 0x8c, 0x2, 0xf0, 0x60, 0xe,
    0x53, 0x81, 0x1, 0x70, 0x1, 0x81, 0x10, 0x2,
    0xf0, 0x60, 0xe, 0xb2, 0x60, 0x2, 0x90, 0x1,
    0x84, 0x14, 0x80, 0x4, 0x4, 0x1, 0x9c, 0x64,
    0x2, 0xe1, 0x87, 0x39, 0xa, 0xa, 0x65, 0x60,
    0xc, 0x30, 0x88, 0x0, 0x96, 0x1a, 0x19, 0xc0,
    0xe5, 0x25, 0x60, 0x0,

    /* U+2039 "‹" */
    0x0, 0xcc, 0x1, 0xae, 0x5c, 0x1, 0x8, 0x87,
    0x5, 0x72, 0xa0, 0x1a, 0xe, 0x10, 0x15, 0x9,
    0x0, 0xa8, 0xd5, 0xc0, 0x2d, 0x18, 0x40, 0x0,
    0xea, 0x38,

    /* U+203A "›" */
    0x2, 0x40, 0xd, 0x96, 0x60, 0x16, 0x86, 0x88,
    0x0, 0xe4, 0x70, 0x2, 0x65, 0x29, 0x0, 0x12,
    0x85, 0x0, 0xf8, 0x51, 0x85, 0x14, 0x28, 0x3,
    0x19, 0xc0, 0x0,

    /* U+20A4 "₤" */
    0x0, 0xd1, 0xbf, 0xd9, 0x2, 0x1, 0x5b, 0x91,
    0x9c, 0xe0, 0x11, 0x20, 0x6e, 0x6f, 0xe8, 0x80,
    0x1c, 0xc, 0x80, 0x22, 0x0, 0x9, 0x80, 0x4,
    0x70, 0x1, 0x3a, 0x40, 0xfb, 0xab, 0x0, 0x2d,
    0xb8, 0x15, 0xdd, 0x0, 0x1, 0x6f, 0x1, 0x66,
    0x8c, 0x0, 0x9b, 0x0, 0x7b, 0xb5, 0x80, 0x16,
    0x98, 0xe, 0xaa, 0x90, 0x0, 0xa8, 0x82, 0x2a,
    0xc6, 0x1, 0x13, 0xc, 0x80, 0x78, 0xf4, 0x43,
    0xfb, 0xba, 0xdc, 0x0, 0x23, 0xf3, 0x0,

    /* U+20A5 "₥" */
    0x0, 0xff, 0x14, 0x8, 0x7, 0xff, 0xa, 0x18,
    0x40, 0x3f, 0xf8, 0x24, 0xb2, 0x1, 0xcb, 0xec,
    0x77, 0xfe, 0xb3, 0xb0, 0x9f, 0xe9, 0x10, 0xa,
    0xb1, 0x8, 0x13, 0x58, 0x0, 0x42, 0xda, 0x1,
    0x1b, 0x7e, 0xe8, 0x4, 0x27, 0xb6, 0xc0, 0xcc,
    0x1, 0x40, 0x0, 0x94, 0x9, 0x80, 0x8, 0x40,
    0xc0, 0x2, 0x10, 0x8, 0xc1, 0xc0, 0x33, 0x1,
    0x80, 0x4, 0x3, 0x38, 0x18, 0x7, 0xff, 0x5,
    0x44, 0x3, 0xff, 0x87, 0x0, 0x1f, 0xfc, 0x35,
    0x22, 0x0, 0x7f, 0xf0, 0xa4, 0xd0, 0x3, 0xff,
    0x82, 0x87, 0x20, 0x1f, 0xe5, 0xfc, 0xf, 0x25,
    0x9f, 0x90, 0xd, 0x7e, 0xc0, 0x11, 0xa4, 0x0,
    0x7f, 0xc0,

    /* U+20A6 "₦" */
    0x5, 0xff, 0x18, 0x5, 0xf8, 0x1, 0xea, 0x0,
    0xff, 0xb, 0x80, 0x7f, 0x90, 0x50, 0x3, 0xe3,
    0xc, 0xe, 0x11, 0x0, 0x88, 0x32, 0x42, 0x41,
    0x7b, 0x80, 0x5c, 0x7e, 0xe0, 0xf0, 0xd, 0x60,
    0x56, 0x66, 0xe0, 0xe6, 0x2, 0x51, 0x12, 0x86,
    0x48, 0x4f, 0x2, 0x70, 0x9f, 0x1f, 0xb8, 0x3d,
    0xc0, 0x30, 0x15, 0x99, 0xb4, 0x39, 0x1c, 0x48,
    0x44, 0x80, 0x1f, 0x3a, 0x8, 0x7, 0xf5, 0x0,
    0x7f, 0xc6, 0x40, 0x18,

    /* U+20A7 "₧" */
    0x7f, 0xfb, 0xb1, 0x80, 0x3f, 0xc2, 0x40, 0x73,
    0x40, 0x1f, 0xcf, 0xbd, 0x40, 0xa8, 0x1, 0xff,
    0x2a, 0x83, 0x1, 0x7c, 0x3, 0xf8, 0xc0, 0x2f,
    0x0, 0xff, 0x28, 0x70, 0xa0, 0x7, 0xe2, 0x93,
    0x3, 0xf1, 0xf, 0xf2, 0x0, 0x1b, 0xf5, 0x82,
    0x85, 0xc0, 0xc, 0xd0, 0x0, 0x4d, 0x1f, 0x55,
    0x24, 0x1, 0x32, 0x20, 0x3, 0xe5, 0xc1, 0x0,
    0x7f, 0xf9, 0xc, 0x2a, 0x10, 0x3, 0xfd, 0xc6,
    0xae, 0x40,

    /* U+20A8 "₨" */
    0x6f, 0xfd, 0x8c, 0x1, 0xff, 0x9, 0x89, 0xcc,
    0x0, 0x7f, 0x93, 0x3a, 0x41, 0xc0, 0x3f, 0xf8,
    0x2c, 0x0, 0x20, 0x6d, 0xfd, 0x91, 0x0, 0xfc,
    0x6d, 0x26, 0x80, 0xc0, 0x1e, 0x70, 0x21, 0xd0,
    0xdb, 0xde, 0x10, 0x2, 0x6f, 0x40, 0x70, 0x4,
    0x80, 0x1, 0x0, 0x84, 0x84, 0x2c, 0xc3, 0x42,
    0x28, 0x40, 0x32, 0xfb, 0x6, 0x0, 0x1a, 0x1,
    0x7d, 0x0, 0x3a, 0x81, 0x80, 0x27, 0xd3, 0x1b,
    0x20, 0xc, 0x66, 0x16, 0x0, 0x8b, 0xc, 0x1c,
    0x3, 0xa8, 0x2c, 0x4, 0x2, 0x60, 0x10, 0xe,
    0x61, 0x24, 0xcb, 0x79, 0x51, 0x40, 0xf, 0x38,
    0x7a, 0x2c, 0x3a, 0x60, 0x0,

    /* U+20A9 "₩" */
    0x8f, 0x40, 0x1, 0xff, 0x80, 0x27, 0xf5, 0xd0,
    0x30, 0x2, 0x80, 0xc, 0x1, 0xc0, 0xec, 0x1c,
    0x0, 0xf2, 0x5, 0x0, 0x28, 0x11, 0x82, 0x80,
    0x15, 0xcb, 0xc0, 0x6, 0x60, 0x1, 0x10, 0x0,
    0x64, 0xe8, 0x2, 0xa, 0x0, 0x71, 0x23, 0xe,
    0x22, 0xa, 0x7, 0x6, 0x28, 0x6e, 0x4, 0xb8,
    0x75, 0x4, 0x4f, 0xc0, 0x32, 0x85, 0xc8, 0x3a,
    0x85, 0x59, 0xa8, 0x8, 0x12, 0x30, 0x6, 0x52,
    0x2, 0x2, 0x76, 0x0, 0x11, 0x18, 0xc0, 0x31,
    0xb1, 0x18, 0x1, 0xd8, 0x94, 0x3, 0x29, 0x86,
    0x80, 0x34, 0xc7, 0x80, 0x37, 0x0, 0x1c, 0x0,
    0x60, 0x3, 0x0, 0xc6, 0x0, 0x20, 0x3, 0x0,
    0x18, 0x0,

    /* U+20AA "₪" */
    0x4f, 0xfe, 0xeb, 0x30, 0xb, 0xbc, 0x2, 0x26,
    0x68, 0x93, 0x10, 0x3, 0xe7, 0x99, 0xb2, 0x2,
    0x0, 0x3f, 0xa3, 0xd9, 0xc4, 0xc4, 0x3, 0xff,
    0x80, 0x40, 0x60, 0x1f, 0xfc, 0x7, 0x1, 0x0,
    0xff, 0xfe, 0x45, 0x98, 0x8c, 0x1, 0xfc, 0x68,
    0x10, 0x8, 0x1, 0xf5, 0x4c, 0xab, 0x58, 0x6c,
    0x3, 0xe3, 0x66, 0x29, 0xb7, 0x88, 0x0,

    /* U+20AB "₫" */
    0x0, 0xf9, 0x7f, 0x0, 0x38, 0xa2, 0x2f, 0x2,
    0x82, 0x0, 0x99, 0xde, 0x50, 0x17, 0x60, 0x9,
    0x3f, 0xea, 0x3, 0xf4, 0x0, 0x47, 0x7e, 0xb8,
    0x7, 0xb1, 0xc4, 0x8e, 0x20, 0x1, 0x98, 0xc2,
    0xf7, 0xac, 0x80, 0x36, 0x82, 0xa0, 0x1, 0x18,
    0x3, 0x28, 0x60, 0x6, 0xf0, 0xf, 0x18, 0x6,
    0x30, 0xf, 0x18, 0x7, 0xf2, 0x86, 0x0, 0x6d,
    0x0, 0xda, 0xa, 0x80, 0x2, 0x60, 0xc, 0xc6,
    0x17, 0xbb, 0x28, 0x7, 0x6b, 0x9, 0x4, 0xd0,
    0x7, 0xc, 0xf7, 0xeb, 0xf, 0xe0, 0x6, 0x11,
    0xfc, 0x1, 0x5f, 0x77, 0xe1, 0x0, 0x4d, 0xdf,
    0xe1, 0x0,

    /* U+20AC "€" */
    0x0, 0xc5, 0x5d, 0xfd, 0x8c, 0x1, 0x97, 0x54,
    0x48, 0xe, 0xc0, 0x22, 0xa0, 0x7f, 0xde, 0xde,
    0x0, 0xac, 0x16, 0x0, 0x22, 0x30, 0x1, 0x38,
    0x61, 0x14, 0x20, 0x13, 0xe8, 0x84, 0xee, 0xd4,
    0x1, 0x2c, 0x80, 0x2a, 0xb4, 0x0, 0x44, 0xa0,
    0x4, 0x4c, 0x60, 0x13, 0xe0, 0x3, 0xbb, 0x10,
    0x4, 0xb6, 0x21, 0x17, 0x71, 0x0, 0x44, 0x8e,
    0x1a, 0x89, 0x0, 0x7a, 0xc1, 0x64, 0x40, 0x23,
    0x0, 0x8a, 0x81, 0xbb, 0xaf, 0x80, 0xc, 0xb8,
    0xa2, 0x20, 0x3e, 0x0,

    /* U+20AD "₭" */
    0x2, 0xff, 0x0, 0x66, 0xfd, 0x0, 0xfc, 0x72,
    0x1e, 0x1, 0xf0, 0xf0, 0x51, 0x0, 0x7d, 0x44,
    0xea, 0x1, 0xf3, 0xa2, 0x20, 0x3, 0xe4, 0x82,
    0xa0, 0xd, 0x7a, 0x0, 0xb0, 0x2e, 0xff, 0x28,
    0x73, 0x0, 0x8, 0x0, 0xce, 0xf0, 0x2d, 0x80,
    0x3e, 0x40, 0xa2, 0x4, 0x1, 0xc4, 0xc6, 0x8c,
    0x1, 0xfd, 0xc1, 0x24, 0x1, 0xf8, 0x9c, 0x38,
    0x3, 0xfa, 0x8, 0xd8, 0x3, 0xfa, 0x42, 0x48,

    /* U+20AE "₮" */
    0xaf, 0xff, 0xf0, 0x91, 0x61, 0x0, 0x11, 0x61,
    0x8d, 0xda, 0xc0, 0xf7, 0x70, 0x7, 0xf3, 0x98,
    0x7, 0xe2, 0xc8, 0x60, 0xf, 0xc2, 0x1a, 0xa0,
    0x1c, 0x90, 0x5, 0x86, 0x1, 0xd3, 0x60, 0x1,
    0x5f, 0x70, 0xc, 0x55, 0x0, 0x74, 0xee, 0x0,
    0xd6, 0xb8, 0x3, 0x72, 0x1, 0xc5, 0x8c, 0x4,
    0x80, 0x1e, 0xc0, 0x70, 0xf, 0xed, 0xcd, 0x0,
    0xfe, 0x30, 0xf, 0xe0,

    /* U+20AF "₯" */
    0x28, 0xce, 0xfe, 0xc8, 0x10, 0xf, 0xf3, 0x39,
    0x81, 0x9c, 0xfc, 0xc0, 0x1f, 0xc9, 0x5d, 0xcc,
    0xde, 0x60, 0x94, 0x0, 0xfe, 0x51, 0xdf, 0x21,
    0x97, 0x9, 0x0, 0xff, 0x9, 0x1, 0x0, 0x20,
    0x8, 0x80, 0x1f, 0xc8, 0x8, 0x1, 0x8c, 0x18,
    0x3, 0xfb, 0x40, 0xc0, 0x30, 0x80, 0x80, 0x7f,
    0x20, 0x60, 0x6, 0x30, 0x60, 0x2, 0xbb, 0x10,
    0x4, 0x60, 0xa0, 0x11, 0x88, 0x18, 0xed, 0x44,
    0xea, 0x1, 0x81, 0x8, 0x5, 0x20, 0xa1, 0x4,
    0xff, 0x61, 0x0, 0xa0, 0x80, 0x13, 0x28, 0x40,
    0x30, 0xc0, 0x20, 0x10, 0x60, 0x78, 0x14, 0xc8,
    0x24, 0x90, 0x10, 0x0, 0x60, 0xa0, 0x81, 0x7d,
    0xac, 0x36, 0xc1, 0x80, 0x8c, 0xfa, 0x10, 0x22,
    0x2, 0x4, 0x9f, 0x40, 0x1, 0x82, 0xc4, 0xb,
    0xc, 0x7f, 0xee, 0xb6, 0x10, 0x9, 0x42, 0xfb,
    0xf0, 0xc0, 0x3f, 0xe2, 0x13, 0x0, 0xff, 0xe2,
    0x38, 0x28, 0x7, 0xff, 0x13, 0x43, 0xc0, 0x3f,
    0xf8, 0x88, 0x8, 0x1, 0xe0,

    /* U+20B0 "₰" */
    0x0, 0xe3, 0xcf, 0xd5, 0x0, 0xe1, 0xc3, 0x42,
    0xa2, 0x0, 0xce, 0xd, 0x6e, 0x8, 0x1, 0x84,
    0x4, 0x38, 0x4, 0x3, 0x8, 0x8, 0x70, 0x18,
    0x6, 0x40, 0x40, 0x40, 0x40, 0xc, 0x45, 0x21,
    0xb0, 0x7, 0xa8, 0x2c, 0x2c, 0x3, 0xce, 0x20,
    0xe4, 0x1, 0x24, 0x0, 0x80, 0x4, 0x3, 0x4b,
    0x94, 0x8, 0x30, 0x80, 0x18, 0x83, 0x9a, 0x14,
    0x18, 0x6, 0x12, 0x4c, 0x9e, 0x42, 0x82, 0x46,
    0x18, 0xe4, 0xc, 0x48, 0x91, 0xe6, 0x1a, 0x80,
    0x4, 0x4, 0x0, 0xc2, 0x1, 0x68, 0x70, 0x7,
    0xee, 0xf, 0x0, 0xe1, 0xcb, 0x60, 0x50, 0xf,
    0x12, 0x1d, 0x90,

    /* U+20B1 "₱" */
    0x3, 0xff, 0xdb, 0x22, 0x1, 0xe1, 0x54, 0x36,
    0xf2, 0x0, 0xe2, 0xab, 0xe4, 0x18, 0x0, 0x6e,
    0x1, 0xff, 0xc8, 0xb, 0xe9, 0xf2, 0x5, 0x99,
    0x80, 0x18, 0x9d, 0x20, 0x59, 0x98, 0x1, 0x89,
    0xd4, 0x5, 0xbb, 0x20, 0x2e, 0xa1, 0x30, 0x9,
    0x1a, 0xa0, 0x41, 0x0, 0x63, 0xfe, 0x80, 0xb2,
    0x0, 0xe1, 0x56, 0x8e, 0x40, 0xf, 0x15, 0x4b,
    0x88, 0x7, 0xff, 0x70,

    /* U+20B2 "₲" */
    0x0, 0xf5, 0xd8, 0x3, 0xf0, 0xc6, 0x22, 0x3b,
    0x24, 0xc0, 0x26, 0xe7, 0x30, 0x0, 0x9b, 0x50,
    0x1, 0x64, 0x12, 0xd1, 0x1f, 0xd5, 0x0, 0xb,
    0x5, 0xb4, 0x0, 0x85, 0x44, 0x18, 0x45, 0x40,
    0x1f, 0xd8, 0xe, 0x1, 0xfe, 0x60, 0xe0, 0xc,
    0x9b, 0xb8, 0x3, 0xf8, 0x8b, 0x3, 0x87, 0x0,
    0x64, 0xfd, 0x0, 0x8c, 0x1c, 0x3, 0xfd, 0x40,
    0x2a, 0x1, 0xfc, 0x4a, 0x14, 0xc0, 0x1f, 0xd4,
    0x61, 0x3e, 0x8b, 0x98, 0x0, 0xec, 0x93, 0x10,
    0x13, 0x32, 0x40, 0x6, 0x6c, 0xe4, 0x47, 0xed,
    0xb8, 0x7, 0xc6, 0x40, 0x1c,

    /* U+20B3 "₳" */
    0x0, 0xc5, 0xfe, 0x80, 0xf, 0xea, 0x0, 0x30,
    0x7, 0xf3, 0x2, 0x8a, 0x0, 0x7c, 0x82, 0x9e,
    0x1c, 0x1, 0xc2, 0x2f, 0xd, 0x40, 0x52, 0x11,
    0x6, 0x77, 0x10, 0x27, 0x80, 0x1b, 0xdc, 0x3f,
    0xb6, 0x3, 0xbb, 0x40, 0x15, 0xd8, 0xcc, 0xa4,
    0x16, 0xab, 0x1, 0x32, 0x86, 0x72, 0x4, 0x77,
    0x34, 0x1, 0xbc, 0x7e, 0xc0, 0x77, 0x7a, 0x0,
    0x6c, 0xcc, 0xa1, 0x48, 0x99, 0xc0, 0x58, 0x8,
    0xc1, 0xc0, 0x39, 0x42, 0x81, 0x41, 0x4, 0x3,
    0xbc, 0x14, 0x28, 0x34, 0x3, 0xca, 0x4, 0x60,

    /* U+20B4 "₴" */
    0x1, 0x7b, 0xdf, 0xec, 0x70, 0x8, 0xa1, 0x8,
    0x44, 0x71, 0x60, 0x3, 0xbe, 0xfe, 0xf9, 0x4,
    0x0, 0xa, 0x80, 0x8c, 0xa0, 0x1, 0xce, 0xef,
    0x60, 0x3, 0xfd, 0x77, 0x51, 0x0, 0xa, 0xf4,
    0xd1, 0x7, 0x44, 0xb, 0x88, 0x60, 0x35, 0x0,
    0x57, 0x60, 0x11, 0x67, 0x28, 0x0, 0xaf, 0xba,
    0xff, 0x8, 0x45, 0xdf, 0xb4, 0xc4, 0x15, 0x13,
    0xc6, 0x2, 0x10, 0x20, 0x11, 0x38, 0x2, 0x1,
    0x7b, 0xaf, 0xd8, 0x10, 0x6b, 0x41, 0x10, 0x12,
    0xd0, 0x80,

    /* U+20B5 "₵" */
    0x0, 0xf7, 0x40, 0x7, 0xc7, 0x5a, 0x2f, 0xd6,
    0xc0, 0x14, 0x62, 0x90, 0x8, 0x93, 0x40, 0xe,
    0xe0, 0x8f, 0x16, 0xfb, 0x90, 0x18, 0x9, 0x70,
    0xc, 0x84, 0xe, 0x2, 0xc0, 0x1f, 0xb0, 0x10,
    0x3, 0xf8, 0x40, 0x80, 0x3f, 0x9c, 0x3, 0xfe,
    0x60, 0x20, 0xf, 0xed, 0x4, 0x0, 0xfe, 0x50,
    0x16, 0x0, 0xfc, 0x4a, 0x12, 0xc0, 0x18, 0x88,
    0x0, 0xa3, 0x9, 0xf1, 0x6f, 0xd5, 0x0, 0xb2,
    0x4c, 0x40, 0x44, 0x88, 0x0, 0xcd, 0x9c, 0x2f,
    0xd6, 0x60, 0x1f, 0x2f, 0x0, 0x60,

    /* U+20B6 "₶" */
    0x0, 0x13, 0x80, 0x44, 0xc0, 0x1e, 0xa8, 0x0,
    0xa2, 0x40, 0x3c, 0xa0, 0x19, 0x0, 0x38, 0xf0,
    0x83, 0xfe, 0x10, 0xff, 0x81, 0x98, 0x0, 0x55,
    0x20, 0x1, 0x56, 0x5, 0xb0, 0x5, 0x52, 0x0,
    0x15, 0x50, 0x7, 0xff, 0xf0, 0x40, 0x4, 0x1,
    0xfc, 0x44, 0xd, 0xcd, 0x30, 0xf, 0xbd, 0x0,
    0xc0, 0x40,

    /* U+20B7 "₷" */
    0x0, 0xf2, 0x5f, 0x7e, 0xdb, 0x8, 0x7, 0x3d,
    0xa0, 0x91, 0x12, 0x48, 0x3, 0xc, 0x4, 0x7e,
    0xfe, 0xc9, 0x80, 0x62, 0x1, 0x70, 0x8, 0x98,
    0x3, 0x84, 0x4, 0x40, 0x1f, 0xe2, 0x30, 0xf5,
    0x0, 0xff, 0x6a, 0x8d, 0x74, 0x8, 0x7, 0xc3,
    0x58, 0xa2, 0xfc, 0xa0, 0x1f, 0x8e, 0xb9, 0x82,
    0x8c, 0xdd, 0x8d, 0xbc, 0xd5, 0xd5, 0x2e, 0x15,
    0x72, 0x37, 0x8d, 0x3f, 0xe5, 0x4d, 0x0, 0x64,
    0x82, 0x8e, 0x2, 0x89, 0x13, 0xc3, 0x12, 0x9,
    0xa7, 0x41, 0x10, 0x30, 0xab, 0x3, 0x22, 0x9a,
    0x5, 0xd8, 0x89, 0x54, 0x0, 0xd9, 0x52, 0x3f,
    0xe3, 0xa5, 0x0, 0xdc, 0x80, 0xd2, 0x0, 0xa5,
    0x0, 0x80,

    /* U+20B8 "₸" */
    0xaf, 0xff, 0xeb, 0x22, 0xff, 0xa3, 0x77, 0xfa,
    0x6b, 0xff, 0xfa, 0xc8, 0xb0, 0x80, 0x8, 0xb4,
    0x6e, 0xcc, 0xb, 0xbb, 0x48, 0x7, 0xff, 0xfc,
    0x3, 0xff, 0x82,

    /* U+20B9 "₹" */
    0x24, 0x4f, 0xd5, 0x77, 0xfa, 0x3b, 0x10, 0xf,
    0xba, 0x1, 0x3b, 0x23, 0x51, 0x13, 0xf7, 0x44,
    0x17, 0xdc, 0x48, 0x88, 0x81, 0x62, 0x6, 0xcc,
    0x42, 0x9, 0x66, 0x24, 0xde, 0x83, 0x98, 0x0,
    0x99, 0x1b, 0x20, 0x2, 0x61, 0xc, 0x30, 0xe,
    0xb0, 0xb0, 0xf, 0x29, 0x8c, 0x0, 0x7b, 0xc1,
    0xc8, 0x3, 0x8d, 0x43, 0x80, 0x3d, 0x60, 0x6c,
    0x0,

    /* U+20BA "₺" */
    0x0, 0x4f, 0xb8, 0x7, 0xff, 0x5, 0x8, 0x3,
    0xdb, 0x3d, 0x6c, 0x1, 0x22, 0x82, 0xaa, 0x79,
    0x0, 0x15, 0x66, 0x11, 0x8a, 0xc6, 0x0, 0xee,
    0x30, 0x5e, 0x6c, 0x80, 0x4c, 0xc7, 0x2, 0x5c,
    0xe3, 0x0, 0x4c, 0x8c, 0x26, 0x46, 0x5, 0xfb,
    0x3c, 0x80, 0x1c, 0xc0, 0xc4, 0x1, 0xf6, 0x1,
    0x80, 0x7c, 0x2c, 0x14, 0x1, 0xe3, 0xc1, 0x62,
    0x0, 0xd3, 0xd8, 0x4b, 0x20, 0x10, 0x80, 0x82,
    0xdd, 0x0, 0x0,

    /* U+20BB "₻" */
    0xa, 0xee, 0x40, 0x7, 0xfd, 0xf, 0xb6, 0xee,
    0x0, 0xff, 0x10, 0x12, 0x8e, 0x0, 0x7f, 0xbc,
    0xbb, 0xc5, 0x3f, 0xfd, 0xae, 0x0, 0x5a, 0x53,
    0x0, 0x11, 0x7d, 0x16, 0x0, 0x5a, 0xc2, 0x3d,
    0xdf, 0x7c, 0x21, 0x80, 0x7c, 0xca, 0xa, 0x60,
    0xe2, 0xc0, 0x18, 0x45, 0x71, 0x57, 0x58, 0xa2,
    0x30, 0x6, 0x62, 0xf, 0x84, 0xba, 0xa7, 0x22,
    0x0, 0x24, 0x50, 0x81, 0x7e, 0x45, 0xfd, 0xb0,
    0x8, 0xed, 0x2, 0x40, 0x2, 0x1, 0x10, 0x6,
    0x3a, 0xb4, 0x58, 0x10, 0x0, 0x90, 0x7, 0x94,
    0x28, 0x9f, 0xbb, 0x28, 0x7, 0xe1, 0xc7, 0x21,
    0x11, 0x18, 0x4,

    /* U+20BC "₼" */
    0x0, 0xf6, 0x7a, 0x0, 0x7f, 0xfa, 0x96, 0x6c,
    0xc2, 0x6e, 0x8, 0x3, 0xe, 0x53, 0x20, 0x0,
    0x91, 0xf6, 0x0, 0x2d, 0x32, 0xaf, 0x30, 0xbd,
    0x60, 0x75, 0x4, 0x31, 0xc5, 0x0, 0xc5, 0x2e,
    0x10, 0x1a, 0xc, 0x20, 0x1f, 0x48, 0x10, 0xa8,
    0x68, 0x7, 0xe1, 0x20, 0x51, 0x6, 0x0, 0x9c,
    0x3, 0x84, 0x4, 0x3, 0xd7, 0xe8, 0x1, 0x38,
    0x7, 0xff, 0x50,

    /* U+20BD "₽" */
    0x1, 0xff, 0xed, 0xa3, 0x0, 0xf1, 0x98, 0x88,
    0xb8, 0x80, 0x1d, 0xb9, 0xbc, 0x81, 0x20, 0x1f,
    0x86, 0x0, 0x80, 0x3f, 0xf9, 0x5, 0xe0, 0x61,
    0x58, 0x0, 0xcd, 0xed, 0x31, 0xe0, 0x62, 0x0,
    0x11, 0x4, 0x9f, 0xc8, 0x33, 0x80, 0x1d, 0xfe,
    0xd8, 0x10, 0xf, 0xfe, 0x16, 0x70, 0x3, 0xbf,
    0xc8, 0x1, 0xa9, 0xc0, 0xe, 0xf3, 0x0, 0x66,
    0x90, 0x4, 0xc4, 0x8, 0x3, 0xff, 0x88,

    /* U+20BE "₾" */
    0x0, 0xc9, 0xe2, 0xdc, 0x1, 0xf9, 0x3c, 0x3a,
    0x46, 0x4, 0x3, 0xaa, 0xd0, 0x14, 0xc1, 0xfc,
    0xc0, 0x29, 0x51, 0x70, 0xba, 0x17, 0x1d, 0x10,
    0x26, 0xa, 0xc0, 0xd, 0x8, 0x30, 0xa, 0x4,
    0x80, 0x1e, 0xf0, 0x60, 0xd0, 0x40, 0xf, 0x90,
    0x0, 0x62, 0x2, 0x1, 0xf8, 0x41, 0x84, 0x2,
    0x58, 0x14, 0x80, 0x4, 0x41, 0xf4, 0xc, 0x5,
    0xc0, 0x98, 0x0, 0xce, 0x4a, 0x8, 0x20, 0x1f,
    0xe2, 0x60, 0xb0, 0xf, 0xfa, 0x55, 0x54, 0x40,
    0x1f, 0xce, 0x0, 0x5d, 0xec, 0xce, 0x60, 0x5,
    0x28, 0x4, 0x26, 0x7c, 0x20,

    /* U+20BF "₿" */
    0x0, 0xc, 0x2, 0x30, 0x7, 0x13, 0x8e, 0x50,
    0x7, 0xff, 0x4, 0x7f, 0x3, 0x9c, 0x98, 0x3,
    0x88, 0x80, 0x33, 0x40, 0x1b, 0x37, 0xe0, 0x14,
    0x80, 0x3c, 0xe0, 0x6, 0x0, 0xfe, 0x70, 0xe,
    0x19, 0x2, 0x30, 0xb, 0xbf, 0x99, 0x70, 0x3,
    0x19, 0x88, 0x16, 0x0, 0x36, 0xe6, 0xe8, 0x59,
    0x80, 0x1e, 0x27, 0xc, 0x0, 0xf8, 0xc0, 0x3f,
    0x1a, 0x86, 0x80, 0x5b, 0x9d, 0x80, 0x4e, 0x1,
    0x19, 0x84, 0x1f, 0x0, 0x7f, 0x3, 0x9c, 0xe0,
    0x40, 0x3f, 0xe0,

    /* U+2116 "№" */
    0x4, 0x40, 0x80, 0x71, 0xa0, 0x7, 0xe1, 0xbb,
    0x50, 0x7, 0x7d, 0x88, 0x7, 0xf9, 0xc, 0x3,
    0xff, 0x8d, 0xe0, 0x1f, 0xfc, 0x44, 0x33, 0x20,
    0x7, 0xff, 0x12, 0x2, 0x40, 0x3f, 0x2c, 0x30,
    0x6, 0x74, 0x32, 0x50, 0xf, 0x55, 0x16, 0x74,
    0x40, 0x2, 0x1e, 0x10, 0x1, 0xc6, 0xb3, 0xbc,
    0x52, 0x1, 0x8d, 0x9, 0x80, 0x32, 0x82, 0x0,
    0x91, 0x80, 0x74, 0x84, 0x0, 0x63, 0x0, 0xe1,
    0x0, 0xe2, 0x51, 0x77, 0x0, 0x1c, 0x2c, 0x10,
    0xb0, 0x3, 0xd6, 0x12, 0x1, 0x14, 0xb7, 0xda,
    0x30, 0x7, 0x85, 0x85, 0x0, 0x26, 0xeb, 0xdb,
    0x0, 0xfd, 0x0, 0x1d, 0x13, 0x95, 0x4, 0x1,
    0xf0, 0xb8, 0x4, 0x2e, 0xfe,

    /* U+2122 "™" */
    0x11, 0xe0, 0x11, 0x0, 0x61, 0x16, 0x77, 0x66,
    0xfe, 0x30, 0x1, 0x77, 0xef, 0x94, 0xfb, 0x0,
    0xd0, 0x2, 0x84, 0x3, 0xf3, 0xb0, 0x1, 0x9c,
    0x3, 0xf6, 0x8a, 0xa1, 0xe0, 0x7, 0xf3, 0xf7,
    0x28, 0x3, 0xfd, 0x48, 0xac, 0x1, 0xfe, 0x33,
    0x28, 0x80, 0x0,

    /* U+F001 "" */
    0x0, 0xff, 0xe3, 0x18, 0x80, 0x7f, 0xf0, 0x85,
    0x6b, 0xb3, 0x0, 0x1f, 0xf1, 0x3e, 0x75, 0x28,
    0x81, 0x0, 0x7e, 0x49, 0xed, 0x83, 0x0, 0xff,
    0x92, 0xfe, 0xd8, 0x40, 0x3f, 0xf8, 0x56, 0x80,
    0x1f, 0xfd, 0x4, 0x96, 0x0, 0xff, 0xe0, 0x8b,
    0x57, 0xdb, 0x8, 0x7, 0xf8, 0xe3, 0x3a, 0x54,
    0x3, 0xff, 0x82, 0xf8, 0xe6, 0x1, 0xff, 0xff,
    0x0, 0xf8, 0x5e, 0xec, 0xa0, 0x1f, 0xfc, 0x21,
    0xf8, 0x44, 0x10, 0x6, 0x13, 0x20, 0xf, 0x98,
    0x40, 0x3c, 0x57, 0xd9, 0xa0, 0x1f, 0x18, 0x7,
    0x8f, 0xd0, 0x3, 0xfc, 0x92, 0x20, 0x12, 0xe9,
    0x0, 0x7b, 0xc0, 0x39, 0xbb, 0x75, 0xf4, 0x30,
    0x1, 0xc4, 0xc0, 0x1f, 0x11, 0x0, 0x27, 0xd7,
    0x55, 0x4e, 0x88, 0x7, 0xff, 0x0,

    /* U+F005 "" */
    0x0, 0xff, 0x1b, 0x0, 0x7f, 0xf1, 0xc7, 0x26,
    0x0, 0x3f, 0xf8, 0xd2, 0x0, 0x71, 0x0, 0xff,
    0xe2, 0xb, 0x80, 0x52, 0x1, 0xff, 0xc4, 0x90,
    0xc, 0xe2, 0x1, 0xff, 0xc3, 0x70, 0xe, 0x60,
    0xf, 0xf8, 0x95, 0xec, 0x3, 0xd1, 0x6, 0x41,
    0x0, 0xd3, 0xbf, 0xb5, 0x8, 0x1, 0xf3, 0xcd,
    0xf7, 0xe1, 0x93, 0x10, 0x7, 0xff, 0x14, 0xe4,
    0x94, 0x3, 0xff, 0x8c, 0x32, 0x14, 0xc0, 0x1f,
    0xfc, 0x41, 0xd3, 0x0, 0x4b, 0x0, 0x7f, 0xf0,
    0x87, 0xc, 0x3, 0x4b, 0x80, 0x7f, 0xf0, 0x7,
    0x8, 0x3, 0xd0, 0x60, 0x1f, 0xf5, 0x10, 0x7,
    0xe2, 0x0, 0xff, 0x88, 0x3, 0xf8, 0x40, 0x3f,
    0xee, 0x0, 0xfc, 0x60, 0x1f, 0xfc, 0x3, 0x0,
    0xfc, 0xa0, 0x1e, 0x20, 0xe, 0x50, 0xf, 0xde,
    0x1, 0x9b, 0xb6, 0x88, 0x2, 0x11, 0x0, 0x7f,
    0x97, 0x64, 0x41, 0x76, 0x88, 0x3, 0xfd, 0x10,
    0xda, 0x20, 0xe, 0x5d, 0xab, 0x10, 0x8,

    /* U+F008 "" */
    0xc4, 0x3, 0xff, 0xff, 0xe0, 0x20, 0x26, 0x1c,
    0xe7, 0x0, 0x4, 0x7f, 0x0, 0x27, 0x24, 0xc1,
    0xd1, 0xc1, 0x7b, 0xbf, 0x28, 0x32, 0x38, 0x3,
    0xa2, 0x40, 0x3f, 0xc6, 0x1f, 0x1c, 0x1, 0x9c,
    0x3, 0xff, 0x80, 0x20, 0x1a, 0xfe, 0xc0, 0x3f,
    0xf8, 0x15, 0xf6, 0x0, 0x8b, 0x80, 0x77, 0xfe,
    0x40, 0x7b, 0x80, 0x1, 0xa2, 0x0, 0xa2, 0x3f,
    0x10, 0x62, 0x18, 0x0, 0xd1, 0x0, 0x51, 0x1f,
    0x88, 0x31, 0xc, 0x1, 0x17, 0x0, 0xef, 0xfc,
    0x80, 0xf7, 0x0, 0xb, 0xfb, 0x0, 0xff, 0xe0,
    0x57, 0xd8, 0x6, 0x70, 0xf, 0xfe, 0x0, 0x80,
    0x6e, 0x89, 0x0, 0xff, 0x18, 0x7c, 0x70, 0x1,
    0xd1, 0xc1, 0x7b, 0xbf, 0x28, 0x32, 0x38, 0x1c,
    0xe7, 0x0, 0x4, 0x7f, 0x0, 0x27, 0x24, 0xc0,

    /* U+F00B "" */
    0x0, 0xff, 0xe4, 0x6f, 0xfe, 0xa0, 0xcf, 0xff,
    0xfb, 0x48, 0x3, 0x38, 0x10, 0x7, 0xfc, 0x40,
    0x1f, 0xfd, 0xc3, 0x0, 0xc8, 0x8, 0x1, 0xff,
    0x1e, 0x7f, 0xe9, 0xa, 0xff, 0xff, 0xb3, 0x1f,
    0xfa, 0x42, 0xff, 0xff, 0xec, 0x30, 0xc, 0x80,
    0xa0, 0x1f, 0xf1, 0x80, 0x7f, 0xf7, 0xc, 0x3,
    0x38, 0x28, 0x7, 0xfc, 0x79, 0xff, 0xa8, 0x2f,
    0xff, 0xfe, 0xcc, 0x7f, 0xe9, 0xa, 0xff, 0xff,
    0xac, 0xc0, 0x32, 0x2, 0x0, 0x7f, 0xc8, 0x1,
    0xff, 0xdc, 0x20, 0xc, 0xe0, 0x40, 0x1f, 0xf1,
    0x6f, 0xfe, 0xa0, 0xcf, 0xff, 0xfb, 0x40,

    /* U+F00C "" */
    0x0, 0xff, 0xe2, 0x27, 0x30, 0x7, 0xff, 0x11,
    0x2c, 0x65, 0xc0, 0x3f, 0xf8, 0x49, 0x60, 0x14,
    0x0, 0x7f, 0xf0, 0x52, 0xc0, 0x34, 0x80, 0x7f,
    0xf0, 0x12, 0xc0, 0x34, 0xb0, 0x37, 0x20, 0x7,
    0xc9, 0x60, 0x1a, 0x58, 0x1e, 0x46, 0xd0, 0x3,
    0x92, 0xc0, 0x34, 0xb0, 0x2, 0x0, 0x2b, 0x40,
    0x9, 0x2c, 0x3, 0x4b, 0x0, 0x52, 0x1, 0xad,
    0x1, 0x2c, 0x3, 0x4b, 0x0, 0x66, 0x90, 0xd,
    0x71, 0x60, 0x1a, 0x98, 0x3, 0xcd, 0x40, 0x19,
    0xc0, 0x35, 0x28, 0x7, 0xe5, 0xa0, 0xf, 0xa9,
    0x40, 0x3f, 0xcb, 0x40, 0x1d, 0x4a, 0x1, 0xff,
    0xc0, 0x5a, 0x0, 0xa9, 0x40, 0x3f, 0xf8, 0x4b,
    0x43, 0x4a, 0x1, 0xfe,

    /* U+F00D "" */
    0x6, 0x70, 0xf, 0x86, 0x10, 0x22, 0x62, 0xc0,
    0x38, 0x71, 0xed, 0x1c, 0x0, 0x96, 0x1, 0xe,
    0x10, 0x3, 0xe0, 0x2, 0x4b, 0x1, 0xc2, 0x0,
    0xbd, 0xdc, 0x1, 0x25, 0xe1, 0x0, 0x56, 0x81,
    0xe, 0x1, 0x21, 0x0, 0x56, 0x80, 0x14, 0x38,
    0x7, 0xad, 0x0, 0x3a, 0x44, 0x3, 0x1a, 0x0,
    0x70, 0xe0, 0x80, 0x63, 0xb0, 0xc, 0x38, 0x40,
    0x1e, 0x4b, 0x0, 0xe, 0x10, 0x5, 0x6e, 0x1,
    0x25, 0x86, 0x90, 0x5, 0x69, 0xe, 0x1, 0x24,
    0x88, 0x5, 0x68, 0x0, 0x87, 0x0, 0xde, 0x21,
    0x68, 0x1, 0xa1, 0xc0, 0xe4, 0xbb, 0x88, 0x1,
    0xe8, 0xec, 0x0,

    /* U+F011 "" */
    0x0, 0xfc, 0x4c, 0xa0, 0x1f, 0xfc, 0x5f, 0x9a,
    0x30, 0xf, 0xfe, 0x3, 0x20, 0x7, 0x38, 0x1,
    0xc8, 0x3, 0xeb, 0x9a, 0x10, 0xf, 0x4c, 0x61,
    0x80, 0x75, 0x20, 0xa, 0x0, 0x79, 0xc0, 0x74,
    0x40, 0x25, 0x50, 0x1, 0x14, 0x3, 0xd6, 0x0,
    0x1a, 0x0, 0xa0, 0x0, 0x96, 0x1, 0xf2, 0xd0,
    0x1, 0x10, 0x8, 0x40, 0x9, 0x0, 0xfe, 0x54,
    0x0, 0x70, 0x60, 0x1, 0x8, 0x3, 0xfd, 0xe0,
    0x5, 0x3, 0x0, 0x60, 0x7, 0xfc, 0xa0, 0x10,
    0x80, 0x42, 0x1, 0xff, 0x8, 0x4, 0x60, 0x10,
    0x80, 0x65, 0x23, 0x50, 0xf, 0x8c, 0xc0, 0xd,
    0x0, 0xd1, 0xb8, 0x20, 0x12, 0x0, 0x43, 0x80,
    0x5, 0x10, 0xf, 0xf7, 0x0, 0x10, 0x10, 0x40,
    0x14, 0x1, 0xfc, 0x8a, 0x0, 0xe0, 0x4, 0x0,
    0x12, 0x40, 0x3e, 0x4b, 0x0, 0x1a, 0x80, 0x19,
    0x40, 0xd, 0xaa, 0x20, 0x3, 0x9b, 0x0, 0xb8,
    0x3, 0x52, 0x0, 0xa, 0xbb, 0xfd, 0x8c, 0x1,
    0x59, 0x0, 0x75, 0xb8, 0x7, 0xf1, 0x6a, 0x0,
    0x7d, 0x1a, 0xc2, 0x1, 0x92, 0x74, 0x80, 0x3f,
    0x8a, 0x7b, 0x9b, 0xdf, 0x6c, 0x1, 0xe0,

    /* U+F013 "" */
    0x0, 0xfe, 0x22, 0x0, 0x7f, 0xf1, 0x1b, 0xf7,
    0x5e, 0xc0, 0x1f, 0xfc, 0x2e, 0x0, 0xdc, 0x1,
    0xfe, 0x10, 0x1, 0x18, 0x6, 0x32, 0x0, 0x8,
    0x7, 0x47, 0x43, 0xea, 0x0, 0x64, 0xd7, 0x9e,
    0x80, 0x9, 0x1c, 0x1e, 0x0, 0x3f, 0x43, 0x3,
    0xa0, 0x2, 0x0, 0x3f, 0xf8, 0x90, 0x4, 0x60,
    0x1e, 0x38, 0x81, 0x80, 0x78, 0xc8, 0x90, 0x1,
    0xcb, 0x8e, 0xec, 0x50, 0xe, 0x82, 0x7, 0x90,
    0xd, 0x60, 0x1a, 0xc0, 0x34, 0xb8, 0x4, 0x20,
    0x10, 0x88, 0x3, 0x8, 0x80, 0x21, 0x0, 0xc2,
    0x1, 0x8, 0x80, 0x30, 0x88, 0x2, 0x10, 0x9,
    0xe4, 0x3, 0x58, 0x6, 0xb0, 0xd, 0x2e, 0x5,
    0x0, 0x1c, 0xb8, 0xee, 0xc5, 0x0, 0xe8, 0x22,
    0x18, 0x7, 0x8e, 0x20, 0x60, 0x1e, 0x32, 0x8,
    0x0, 0xff, 0xe2, 0x40, 0x1, 0x1c, 0x1a, 0x0,
    0x3f, 0x43, 0x83, 0xa0, 0x5, 0x1d, 0x2f, 0xc8,
    0x1, 0x93, 0x9e, 0x3a, 0x0, 0x38, 0x40, 0x2,
    0x60, 0x18, 0xc4, 0x0, 0x20, 0x1f, 0xee, 0x0,
    0xdc, 0x1, 0xff, 0xc2, 0x6f, 0xdd, 0x7b, 0x0,
    0x7c,

    /* U+F015 "" */
    0x0, 0xff, 0x23, 0x8, 0x4, 0xce, 0xc0, 0x1f,
    0xfc, 0x19, 0xb9, 0xf2, 0x0, 0x4c, 0x48, 0x7,
    0xfc, 0x36, 0xc0, 0x1, 0xd5, 0x10, 0x8, 0x40,
    0x3f, 0x8b, 0x10, 0xd, 0xc0, 0x15, 0x20, 0x1f,
    0xfc, 0x4, 0xd2, 0x5, 0xc8, 0xb1, 0x7, 0x0,
    0xff, 0x9e, 0xc0, 0x11, 0x51, 0xaf, 0x84, 0x1,
    0xff, 0x54, 0x0, 0x29, 0xad, 0xcb, 0x1f, 0x50,
    0x2, 0x50, 0xc, 0x38, 0xa0, 0x3a, 0xf8, 0x80,
    0x15, 0x3d, 0xb8, 0x2, 0xd8, 0x0, 0x7e, 0x60,
    0x7e, 0xd8, 0x40, 0x1d, 0x15, 0x14, 0x0, 0x99,
    0x6, 0x88, 0x36, 0x3d, 0x88, 0x7, 0xcb, 0x89,
    0x82, 0xc, 0xca, 0x8, 0x99, 0x80, 0x3f, 0xc7,
    0xe1, 0xe6, 0x66, 0x4f, 0x73, 0x60, 0xf, 0xfe,
    0x0, 0xc0, 0xe6, 0x0, 0x33, 0x80, 0x7f, 0xf0,
    0x9c, 0x3, 0xff, 0x82, 0xff, 0xee, 0x10, 0xf,
    0xfe, 0x37, 0x0, 0x4, 0x3, 0xff, 0xde, 0xc0,
    0x1c, 0x40, 0x11, 0x0, 0x66, 0x0, 0xf8, 0xbf,
    0xf9, 0x0, 0x2c, 0xff, 0xd4, 0x1, 0x80,

    /* U+F017 "" */
    0x0, 0xff, 0xe6, 0x8b, 0xe7, 0x7f, 0xb6, 0x50,
    0x3, 0xfc, 0xfd, 0x6, 0x20, 0x2, 0x6b, 0xc2,
    0x0, 0xfa, 0xe0, 0x3, 0xf8, 0xf1, 0x0, 0x3a,
    0x90, 0x3, 0x12, 0x20, 0x3, 0xd, 0x90, 0x4,
    0xca, 0x1, 0xd7, 0x70, 0x80, 0x77, 0x80, 0x50,
    0x1, 0xff, 0xc3, 0x26, 0x6, 0x10, 0xf, 0xfe,
    0x25, 0x86, 0x0, 0x7f, 0xf1, 0x48, 0x58, 0x3,
    0xff, 0x8c, 0xa4, 0x1, 0xfe, 0x20, 0xf, 0x84,
    0xc0, 0x3f, 0xd8, 0xc0, 0x1e, 0x16, 0x0, 0xfa,
    0xcc, 0x1, 0x32, 0x0, 0xe6, 0xc0, 0xf, 0x8b,
    0x18, 0x1, 0x80, 0x18, 0x49, 0x40, 0x3f, 0xa6,
    0xa1, 0x40, 0x33, 0x81, 0x30, 0x7, 0xf2, 0xb8,
    0x7, 0x40, 0x2, 0x8, 0x3, 0xff, 0x85, 0x42,
    0x0, 0x1f, 0x10, 0xf, 0xfe, 0x3, 0xa8, 0x6,
    0x2f, 0x30, 0xf, 0xf5, 0x40, 0x7, 0x87, 0x28,
    0xc0, 0x38, 0x5b, 0x94, 0x3, 0xf9, 0x73, 0xb2,
    0xed, 0xbd, 0x22, 0x1, 0xc0,

    /* U+F019 "" */
    0x0, 0xfc, 0xac, 0xc5, 0x0, 0xff, 0xe1, 0xbd,
    0x4c, 0xa9, 0xc0, 0x3f, 0xf8, 0x5e, 0x1, 0xbc,
    0x3, 0xff, 0xfe, 0x1, 0xff, 0xd7, 0x7e, 0xe9,
    0xc0, 0x33, 0xf7, 0x4e, 0x1, 0xe2, 0x11, 0x80,
    0x3c, 0x23, 0x10, 0x7, 0x96, 0x40, 0x3f, 0xd2,
    0xa0, 0x1f, 0x35, 0x0, 0x7e, 0xa6, 0x0, 0xfe,
    0x5a, 0x0, 0xf5, 0x28, 0x7, 0xfc, 0xb4, 0x1,
    0xa9, 0x40, 0x3c, 0xf5, 0x5d, 0x29, 0x60, 0xb,
    0x49, 0xaa, 0xe7, 0x85, 0x5e, 0x6c, 0x6c, 0xc3,
    0x63, 0x2a, 0xf4, 0x0, 0x7c, 0x5b, 0x54, 0xd2,
    0x0, 0xff, 0xe2, 0x33, 0x0, 0x3f, 0xf9, 0x49,
    0xe1, 0x6e, 0x1, 0xff, 0xc3, 0x4e, 0xa, 0x70,
    0x7, 0x5d, 0xff, 0xf0, 0x6a, 0xea, 0xed, 0xc0,

    /* U+F01C "" */
    0x0, 0xc7, 0xbf, 0xff, 0xf4, 0x80, 0x7e, 0x1d,
    0x20, 0xf, 0xf9, 0xa0, 0x3, 0xeb, 0x10, 0x67,
    0x7f, 0xe2, 0x7, 0x30, 0xe, 0x55, 0x2, 0xcc,
    0x47, 0xf7, 0x80, 0x38, 0x3, 0xd, 0x80, 0xd8,
    0x7, 0xf8, 0x9c, 0xa, 0x0, 0x2b, 0x10, 0xb1,
    0x0, 0xff, 0xa0, 0x81, 0xcc, 0x15, 0x40, 0xaa,
    0x0, 0xff, 0xe0, 0xf0, 0x3, 0x82, 0x0, 0x7,
    0x11, 0x38, 0x7, 0x8e, 0x22, 0xb2, 0x2, 0x52,
    0x0, 0x33, 0xbd, 0x8, 0x1, 0xde, 0xef, 0x88,
    0x0, 0x40, 0x1f, 0xa0, 0x3, 0x29, 0x80, 0x7d,
    0xe0, 0x1f, 0x8f, 0xff, 0x50, 0x7, 0xff, 0xac,
    0x40, 0x3f, 0xf9, 0x3d, 0x62, 0x1, 0xff, 0xc7,
    0x46,

    /* U+F021 "" */
    0x0, 0xfe, 0x11, 0x0, 0x79, 0xee, 0x80, 0x38,
    0x5f, 0x3f, 0xb9, 0xf6, 0xa0, 0x16, 0x22, 0x80,
    0x67, 0xe8, 0x30, 0xc, 0x95, 0xca, 0x1, 0xf5,
    0x40, 0x4, 0x48, 0x81, 0x0, 0xd, 0x48, 0x80,
    0x69, 0x50, 0x2, 0xee, 0xae, 0xdd, 0x88, 0x0,
    0x65, 0x0, 0x95, 0x80, 0x13, 0x44, 0x1, 0x8e,
    0xe8, 0x3, 0xd0, 0x0, 0x96, 0x0, 0xe7, 0xba,
    0xc3, 0x0, 0xc6, 0x40, 0x6c, 0x1, 0xeb, 0x45,
    0x63, 0x0, 0xc8, 0x0, 0xa0, 0xf, 0x9c, 0x3,
    0xf3, 0xff, 0x98, 0x3, 0xeb, 0xff, 0xfc, 0x1,
    0xff, 0xdc, 0xff, 0xfd, 0x60, 0x1f, 0x37, 0xf9,
    0x80, 0x3f, 0x38, 0x7, 0xd4, 0x0, 0x50, 0xc,
    0x6c, 0xaa, 0xb0, 0xf, 0x39, 0x81, 0x18, 0x6,
    0x3c, 0xaa, 0x38, 0x7, 0x34, 0x0, 0x20, 0x3,
    0xd5, 0x66, 0x1, 0x8e, 0xe4, 0x0, 0xca, 0x1,
    0x2b, 0x0, 0x13, 0x3a, 0xed, 0xb8, 0x80, 0x5,
    0x90, 0xc, 0x33, 0x44, 0x0, 0x14, 0x41, 0x0,
    0x51, 0x40, 0x1f, 0x2e, 0xd2, 0x0, 0x63, 0x7e,
    0x70, 0xc, 0xa9, 0x80, 0x12, 0xdf, 0xf7, 0x3f,
    0x20, 0x40, 0x38,

    /* U+F024 "" */
    0x1, 0x30, 0xf, 0xfe, 0x2a, 0x76, 0x68, 0x80,
    0x7f, 0xf0, 0xe0, 0x0, 0x4c, 0x1, 0xff, 0xc3,
    0x70, 0xb, 0x66, 0xed, 0x2a, 0x20, 0x1e, 0x6b,
    0x49, 0x0, 0x95, 0x91, 0xd, 0x5d, 0x90, 0xf1,
    0x7f, 0x29, 0x4, 0x20, 0x1f, 0xc6, 0xf0, 0xe8,
    0x1, 0x8, 0x7, 0xff, 0xfc, 0x3, 0xff, 0xfe,
    0x1, 0xff, 0xd1, 0x40, 0xc, 0x4f, 0x57, 0x92,
    0x80, 0x1e, 0x18, 0x90, 0x9, 0xb6, 0x15, 0xd,
    0xaf, 0xee, 0x1e, 0x2f, 0x9c, 0x3, 0xff, 0x82,
    0x8f, 0xe, 0x80, 0x1f, 0xfe, 0x9, 0x4a, 0x0,
    0xff, 0xe2, 0x0,

    /* U+F026 "" */
    0x0, 0xfe, 0x10, 0xf, 0x8b, 0xbc, 0x3, 0xc5,
    0x82, 0x20, 0xe, 0x2c, 0x10, 0x2, 0x3b, 0xec,
    0x10, 0xa, 0xe2, 0x30, 0x80, 0x7f, 0xfa, 0x88,
    0x3, 0xfb, 0x7f, 0xf3, 0x0, 0x7f, 0x4b, 0x0,
    0x7f, 0x4b, 0x0, 0x7f, 0x4b, 0xb0,

    /* U+F027 "" */
    0x0, 0xfd, 0x12, 0x1, 0xff, 0xc0, 0x97, 0x60,
    0xf, 0xfa, 0x58, 0x3, 0xff, 0x81, 0x2c, 0x1,
    0xfb, 0x7f, 0xf3, 0x0, 0x79, 0xcc, 0x8, 0x3,
    0xfc, 0x31, 0x88, 0x1, 0xff, 0xd, 0x4, 0x0,
    0x7f, 0xf0, 0x14, 0xc, 0x3, 0xff, 0x80, 0x80,
    0x40, 0x1f, 0xf0, 0xd8, 0x40, 0x7, 0xfc, 0x2f,
    0x4b, 0x71, 0x18, 0x40, 0x3d, 0xa, 0x8, 0xef,
    0xb0, 0x40, 0x3f, 0xf8, 0x25, 0x82, 0x1, 0xff,
    0xc1, 0x2c, 0x11, 0x0, 0x7f, 0xf0, 0xb, 0xfc,
    0x1, 0xc0,

    /* U+F028 "" */
    0x0, 0xff, 0xe2, 0x3d, 0x90, 0x7, 0xff, 0x4,
    0x40, 0x3d, 0xc9, 0x86, 0x1, 0xfe, 0x2e, 0xf0,
    0xf, 0x4b, 0xe, 0x10, 0x7, 0xe2, 0xc1, 0x10,
    0x6, 0x87, 0x9, 0x70, 0xf0, 0xf, 0x8b, 0x4,
    0x3, 0xcd, 0x16, 0x10, 0x64, 0xc0, 0x8e, 0xfb,
    0x4, 0x3, 0xec, 0x24, 0x80, 0xf0, 0xb0, 0xb8,
    0x8c, 0x20, 0x1e, 0x74, 0x2c, 0x7, 0x13, 0x31,
    0x18, 0x7, 0xfc, 0x31, 0x68, 0x2e, 0xc, 0x16,
    0xa, 0x1, 0xff, 0xd, 0x4, 0x5, 0x86, 0x81,
    0x87, 0x80, 0x7f, 0xf0, 0x14, 0xc, 0x4, 0x4,
    0x3, 0xff, 0x88, 0xa0, 0x60, 0x20, 0x20, 0x20,
    0x1f, 0xfc, 0x11, 0xa0, 0x80, 0xb0, 0xd0, 0x20,
    0xf2, 0x0, 0xff, 0xc, 0x5a, 0x13, 0x83, 0x5,
    0x82, 0xef, 0xfe, 0x60, 0xf, 0x3a, 0x16, 0x3,
    0x89, 0x98, 0x8c, 0x3, 0xa5, 0x80, 0x3e, 0xc1,
    0x48, 0xf, 0xb, 0x0, 0xfa, 0x58, 0x3, 0xcd,
    0x16, 0x10, 0x64, 0xc0, 0x1f, 0xa5, 0xd8, 0x3,
    0x43, 0x84, 0x38, 0x78, 0x7, 0xfa, 0x24, 0x3,
    0xd2, 0xe1, 0x84, 0x1, 0xff, 0xc6, 0xe4, 0xd3,
    0x0, 0x80,

    /* U+F03E "" */
    0x5e, 0xff, 0xff, 0xe2, 0x72, 0xd8, 0x80, 0x7f,
    0xf1, 0x6, 0xc4, 0x1, 0x38, 0xe0, 0x1f, 0xfc,
    0x11, 0x0, 0x4b, 0x1c, 0x28, 0x7, 0xff, 0xd,
    0x40, 0x2d, 0x0, 0xf2, 0x8, 0x7, 0xd6, 0x1,
    0x58, 0x7, 0x35, 0xe8, 0x80, 0x79, 0xe9, 0xf0,
    0xc0, 0x33, 0x48, 0x1e, 0x88, 0x7, 0x96, 0x0,
    0x39, 0xa4, 0x2, 0x3d, 0x10, 0xf, 0x36, 0x48,
    0x1, 0xa4, 0x3, 0x8d, 0x80, 0x39, 0xa4, 0x1a,
    0x5a, 0x40, 0x3f, 0xf8, 0x9, 0x20, 0x13, 0x48,
    0x7, 0xff, 0x4, 0xc0, 0x3f, 0xf8, 0xe9, 0x11,
    0xff, 0xc2, 0x40, 0x0, 0x81, 0xbb, 0xff, 0xf0,
    0x8c, 0x6, 0xc4, 0x3, 0xff, 0x88, 0x36,

    /* U+F043 "" */
    0x0, 0xf2, 0x10, 0x7, 0xfc, 0x77, 0xa2, 0x1,
    0xfe, 0x90, 0x3, 0x80, 0x7f, 0xa, 0x80, 0x28,
    0x3, 0xfa, 0x40, 0x23, 0x40, 0xf, 0x85, 0xc0,
    0x34, 0x0, 0x7d, 0x60, 0x1c, 0x6c, 0x1, 0xc8,
    0xa0, 0x1e, 0x92, 0x0, 0x86, 0x80, 0x3f, 0x70,
    0x5, 0x42, 0x1, 0xf8, 0xdc, 0xd, 0x0, 0x3f,
    0xd0, 0x32, 0x1, 0xff, 0xc0, 0x74, 0x0, 0xff,
    0xe0, 0x60, 0x82, 0xc8, 0x7, 0xf0, 0x88, 0xd,
    0xc0, 0x3f, 0x85, 0x41, 0xc5, 0x80, 0x3f, 0x6f,
    0x0, 0xcc, 0xa0, 0xc0, 0x3c, 0xaa, 0x30, 0x6b,
    0x4c, 0x60, 0xc, 0xe4, 0x1a, 0x40, 0x99, 0xec,
    0x1, 0x2c, 0x0, 0x7, 0x58, 0x3, 0xd1, 0x40,
    0x1d, 0x3d, 0x51, 0xb, 0xf7, 0x0, 0x80,

    /* U+F048 "" */
    0x47, 0x60, 0xf, 0x85, 0x87, 0xe2, 0x44, 0x3,
    0x8b, 0x26, 0x80, 0x3f, 0x16, 0x10, 0x38, 0x7,
    0xc7, 0x82, 0x1, 0xfc, 0x98, 0x20, 0x1f, 0xcb,
    0x60, 0x1f, 0xe6, 0xa0, 0xf, 0xf4, 0x48, 0x7,
    0xfc, 0xc0, 0x1f, 0xfd, 0xab, 0x10, 0xf, 0xf9,
    0x70, 0x80, 0x3f, 0xe2, 0xc3, 0x0, 0xff, 0x87,
    0xc, 0x3, 0xff, 0x81, 0x88, 0x1, 0xff, 0xc0,
    0xb5, 0x0, 0x84, 0x3, 0xf5, 0x38, 0x5d, 0x7f,
    0x84, 0x3, 0xd1, 0xee,

    /* U+F04B "" */
    0x6, 0x50, 0xf, 0xfe, 0x1d, 0xcd, 0x69, 0x80,
    0x7f, 0xf0, 0x50, 0x0, 0x59, 0x42, 0x1, 0xff,
    0xc4, 0x5e, 0x70, 0xf, 0xfe, 0x2c, 0x6a, 0x0,
    0x7f, 0xf1, 0xa, 0xec, 0x40, 0x1f, 0xfc, 0x44,
    0xd8, 0x0, 0xff, 0xe2, 0xbf, 0x28, 0x7, 0xff,
    0x10, 0x6a, 0xc8, 0x3, 0xff, 0x88, 0x9a, 0x40,
    0x1f, 0xfc, 0x54, 0x0, 0xff, 0xe2, 0xa0, 0x7,
    0xff, 0xd, 0x34, 0x80, 0x3f, 0xf8, 0x25, 0x56,
    0x40, 0x1f, 0xfc, 0x17, 0xd5, 0x0, 0xff, 0xe0,
    0xae, 0xc0, 0x7, 0xff, 0x4, 0xae, 0x88, 0x3,
    0xff, 0x83, 0x1a, 0x80, 0x1f, 0xfc, 0x15, 0xe7,
    0x0, 0xff, 0x20, 0x0, 0xb2, 0x84, 0x3, 0xfe,
    0xb9, 0xad, 0x30, 0xf, 0xfe, 0x8,

    /* U+F04C "" */
    0x6, 0x77, 0xc6, 0x1, 0x99, 0xdf, 0x18, 0x5c,
    0xc4, 0x6c, 0x30, 0x5, 0xcc, 0x46, 0xc3, 0x40,
    0xf, 0x20, 0x1, 0x0, 0x3c, 0x80, 0x1f, 0x78,
    0x7, 0xf7, 0x80, 0x7f, 0xff, 0xc0, 0x3f, 0xff,
    0xe0, 0x1f, 0xff, 0x61, 0x0, 0xf7, 0x0, 0x4,
    0x3, 0xdd, 0x0, 0x1c, 0x6e, 0x0, 0x80, 0xe,
    0x37, 0x6f, 0xfe, 0xc1, 0x0, 0x37, 0xff, 0x60,
    0x80,

    /* U+F04D "" */
    0x5, 0x77, 0xff, 0xe1, 0x18, 0x5d, 0x44, 0x7f,
    0xf0, 0xb0, 0xd0, 0x3, 0xff, 0x88, 0x80, 0x1f,
    0xfc, 0x5f, 0x0, 0xff, 0xff, 0x80, 0x7f, 0xff,
    0xc0, 0x3f, 0xfe, 0xc2, 0x1, 0xff, 0xc4, 0xe8,
    0x0, 0xff, 0xe1, 0x9b, 0xb7, 0xff, 0xff, 0xf,
    0x4,

    /* U+F051 "" */
    0x5, 0x20, 0xf, 0x95, 0xd9, 0x95, 0xa8, 0x1,
    0xe9, 0x89, 0xe0, 0x5, 0xb0, 0x7, 0x8, 0x7,
    0xa5, 0xc0, 0x3f, 0xf8, 0x11, 0x0, 0xf, 0xfe,
    0x3, 0xc8, 0x7, 0xff, 0x1, 0xac, 0x3, 0xff,
    0x80, 0x98, 0x1, 0xff, 0xc0, 0x32, 0x0, 0xff,
    0xec, 0xd1, 0x0, 0x7f, 0xad, 0x40, 0x3f, 0x87,
    0x10, 0x3, 0xf8, 0x70, 0xc0, 0x3f, 0x8b, 0x8,
    0x3, 0xde, 0x0, 0x2c, 0x20, 0xf, 0x90, 0x13,
    0x4, 0x3, 0x84, 0x0, 0x7f, 0x62, 0x1, 0xec,
    0xff, 0x0,

    /* U+F052 "" */
    0x0, 0xfe, 0x21, 0x0, 0xff, 0xe2, 0x56, 0xf2,
    0x0, 0x7f, 0xf0, 0xa9, 0x40, 0x16, 0x60, 0x1f,
    0xfc, 0x8, 0x50, 0xd, 0xa4, 0x1, 0xfe, 0x77,
    0x0, 0x70, 0xe0, 0x80, 0x7e, 0x68, 0x0, 0xf8,
    0x70, 0x40, 0x3c, 0xb2, 0x1, 0xfc, 0x5a, 0x1,
    0xc9, 0x40, 0x1f, 0xf1, 0xd8, 0x4, 0x76, 0x1,
    0xff, 0xc1, 0x4a, 0x0, 0x70, 0x7, 0xff, 0xd,
    0x54, 0x6, 0x1, 0xff, 0xc4, 0x30, 0xb0, 0xf,
    0xfe, 0x19, 0xb0, 0x2f, 0xff, 0xff, 0xf, 0x0,
    0x13, 0xff, 0xff, 0xc3, 0xe2, 0x6, 0x0, 0xff,
    0xe1, 0x8a, 0x80, 0x7f, 0xf1, 0xbc, 0x3, 0xff,
    0x8d, 0xe0, 0x80, 0x1f, 0xfc, 0x44, 0xb, 0xff,
    0xff, 0xe2, 0x18,

    /* U+F053 "" */
    0x0, 0xff, 0xe3, 0x2f, 0xc0, 0x7, 0xcb, 0x40,
    0xe8, 0x1, 0xcb, 0x40, 0x1, 0x60, 0xc, 0xb4,
    0x0, 0x1c, 0x20, 0x9, 0x68, 0x0, 0x3a, 0x40,
    0x12, 0xd0, 0x0, 0x74, 0xc0, 0x25, 0xa0, 0x0,
    0xe9, 0x80, 0x4b, 0x40, 0x1, 0xd3, 0x0, 0xd0,
    0x1, 0x59, 0x80, 0x74, 0x80, 0x56, 0x60, 0x1c,
    0x96, 0x0, 0x1d, 0x30, 0xe, 0x4b, 0x0, 0xe,
    0x98, 0x7, 0x25, 0x80, 0x7, 0x4c, 0x3, 0x92,
    0x80, 0x3, 0xa6, 0x1, 0xcb, 0x40, 0x1, 0xd2,
    0x0, 0xe5, 0xa0, 0x0, 0xb0, 0x7, 0x96, 0x81,
    0xd0, 0x3, 0xe5, 0xf8, 0x0,

    /* U+F054 "" */
    0x0, 0xff, 0x8b, 0x6c, 0x3, 0xf7, 0x12, 0x60,
    0x7, 0xca, 0x0, 0x3c, 0x0, 0xf4, 0xb0, 0x0,
    0xf0, 0x3, 0xd2, 0xc0, 0x3, 0xc0, 0xf, 0x4b,
    0x0, 0xf, 0x0, 0x3d, 0x2c, 0x0, 0x3c, 0x0,
    0xf4, 0xb0, 0x0, 0xf0, 0x3, 0xd2, 0x40, 0x3,
    0x60, 0xe, 0x92, 0x0, 0x1b, 0x0, 0x69, 0x60,
    0x1, 0xe0, 0x6, 0x96, 0x0, 0x1e, 0x0, 0x69,
    0x60, 0x1, 0xe0, 0x6, 0x96, 0x0, 0x1e, 0x0,
    0x69, 0x60, 0x1, 0xe0, 0x7, 0x28, 0x0, 0xf0,
    0x3, 0xdc, 0x49, 0x80, 0x1f, 0x16, 0xd8, 0x7,
    0xe0,

    /* U+F067 "" */
    0x0, 0xf8, 0x95, 0x40, 0x1f, 0xfc, 0x3d, 0xaa,
    0x40, 0x7, 0xff, 0x4, 0x80, 0x22, 0x0, 0xff,
    0xff, 0x80, 0x63, 0x77, 0xea, 0x0, 0x99, 0xdf,
    0x98, 0x36, 0x23, 0x9c, 0x2, 0x38, 0x8e, 0x96,
    0x10, 0xf, 0xfe, 0x27, 0x10, 0x7, 0xff, 0x13,
    0x72, 0xef, 0xa8, 0x2, 0x4b, 0xbe, 0xc5, 0x14,
    0x4e, 0x70, 0x8, 0x51, 0x38, 0xc0, 0x3f, 0xfe,
    0x26, 0x1, 0x18, 0x7, 0xff, 0x4, 0x48, 0x1,
    0xe0, 0x1f, 0xfc, 0x2d, 0xd7, 0x30, 0x7, 0xc0,

    /* U+F068 "" */
    0x49, 0x9f, 0xfe, 0x1c, 0x5, 0xb3, 0x7f, 0xf0,
    0xdd, 0xc0, 0x1f, 0xfc, 0x63, 0x0, 0xff, 0xe2,
    0x1e, 0x6e, 0xff, 0xf0, 0xf9, 0x0,

    /* U+F06E "" */
    0x0, 0xf9, 0xab, 0x7f, 0xdd, 0x90, 0x60, 0x1f,
    0xfc, 0x8, 0xf9, 0x52, 0x1, 0x11, 0xbe, 0x61,
    0x0, 0x3f, 0x1e, 0xb8, 0x1, 0xb7, 0xfb, 0xe8,
    0x80, 0xee, 0x40, 0x3c, 0x98, 0x40, 0xa, 0x92,
    0x22, 0x92, 0xe1, 0x80, 0x1a, 0xc0, 0x31, 0xd8,
    0x4, 0xea, 0x0, 0x5a, 0xd9, 0x1d, 0x10, 0x2,
    0x58, 0x0, 0x74, 0x3, 0x40, 0x5, 0xe0, 0x6,
    0x71, 0x60, 0x9, 0x20, 0x2c, 0x40, 0x24, 0x2,
    0x22, 0xb8, 0x5, 0x21, 0x60, 0x19, 0xc9, 0x40,
    0x30, 0x82, 0xed, 0x0, 0x61, 0x1, 0x0, 0xe5,
    0x60, 0xc, 0x20, 0x40, 0x1e, 0x30, 0x10, 0xe,
    0x58, 0x10, 0x9, 0x1, 0x4c, 0x3, 0xa4, 0x10,
    0x3, 0x39, 0xe, 0x80, 0x68, 0xd, 0x50, 0x0,
    0xd2, 0x8c, 0x80, 0x49, 0x0, 0x3, 0xb0, 0x9,
    0xd4, 0x6b, 0xfb, 0x8a, 0x3a, 0x20, 0x4, 0xb0,
    0xc, 0x98, 0x40, 0xa, 0x92, 0x1, 0x5, 0xc3,
    0x0, 0x35, 0x80, 0x78, 0xf6, 0x0, 0xd, 0xbf,
    0xdf, 0x44, 0x7, 0x72, 0x1, 0xfc, 0xff, 0x4a,
    0x42, 0x31, 0xbe, 0x61, 0x0, 0x38,

    /* U+F070 "" */
    0x0, 0x30, 0x7, 0xff, 0x32, 0xe7, 0x4, 0x3,
    0xff, 0x94, 0xe0, 0x7e, 0x80, 0x1f, 0xfc, 0x9c,
    0x60, 0x1b, 0x70, 0x2, 0x46, 0x77, 0xf6, 0xca,
    0x0, 0x7f, 0xa6, 0x80, 0x11, 0x7d, 0x6e, 0x62,
    0x31, 0x35, 0xf3, 0x0, 0x7f, 0x2e, 0x90, 0x20,
    0x81, 0xdf, 0xf7, 0xd9, 0x80, 0xcd, 0x88, 0x7,
    0xe2, 0xd4, 0x0, 0xa9, 0x0, 0xc5, 0x31, 0x80,
    0x9, 0xe4, 0x1, 0xfd, 0x70, 0x0, 0x99, 0x26,
    0x75, 0x4, 0x98, 0x0, 0x70, 0x40, 0x3a, 0xec,
    0x0, 0x7c, 0x10, 0x6a, 0x0, 0x2d, 0x4, 0x0,
    0x43, 0x40, 0x19, 0x91, 0x1a, 0x60, 0x7e, 0x60,
    0x20, 0x12, 0x8a, 0x0, 0x64, 0x50, 0xb, 0x40,
    0x5, 0x8c, 0x3, 0x8e, 0x1, 0xc4, 0x2, 0x1,
    0xbc, 0x2, 0xd0, 0xd, 0x20, 0x14, 0x50, 0x6,
    0x10, 0x10, 0xd, 0xe0, 0x13, 0x18, 0x6, 0x40,
    0x9, 0x74, 0x80, 0x19, 0x0, 0x19, 0x54, 0x1,
    0xb4, 0x40, 0x28, 0x0, 0xc5, 0xaa, 0x2, 0xe0,
    0x11, 0x58, 0x7, 0xe, 0x8, 0x0, 0xe4, 0x3,
    0xaa, 0x40, 0x31, 0x60, 0x80, 0x78, 0xbc, 0xc0,
    0xd, 0x88, 0x1, 0x9b, 0x4, 0x2, 0x30, 0xf,
    0xc3, 0x92, 0x20, 0x77, 0xfd, 0xc3, 0x3, 0xf4,
    0x2, 0xd5, 0x0, 0xfe, 0x6e, 0xa6, 0x21, 0x10,
    0x79, 0x0, 0xdb, 0x80, 0x2a, 0x40, 0x3f, 0xcb,
    0x3b, 0xdf, 0xd8, 0x40, 0x14, 0x58, 0x83, 0x58,
    0x7, 0xff, 0x25, 0x3c, 0xc0, 0x40, 0x3f, 0xf9,
    0x43, 0x93, 0x40,

    /* U+F071 "" */
    0x0, 0xff, 0x9e, 0x8c, 0x3, 0xff, 0x91, 0x10,
    0x5d, 0x10, 0xf, 0xfe, 0x31, 0x38, 0x0, 0x60,
    0x3, 0xff, 0x8d, 0x0, 0x19, 0x8c, 0x3, 0xff,
    0x88, 0x8a, 0x1, 0xd0, 0x1, 0xff, 0xc4, 0x80,
    0xf, 0x22, 0x80, 0x7f, 0xf0, 0x98, 0xc0, 0x3e,
    0x80, 0xf, 0xfe, 0x14, 0x0, 0x17, 0x75, 0x60,
    0x2, 0x70, 0xf, 0xfe, 0x4, 0x8, 0x0, 0xc8,
    0x8a, 0x1, 0x40, 0x80, 0x7f, 0x89, 0xc0, 0x23,
    0x0, 0x18, 0x6, 0x80, 0xf, 0xf4, 0x0, 0x61,
    0x0, 0x8, 0x6, 0x62, 0x0, 0xfc, 0x6a, 0x1,
    0x9c, 0x0, 0xe0, 0x1d, 0x20, 0x1f, 0xbc, 0x3,
    0x84, 0x0, 0x20, 0x1c, 0x88, 0x0, 0xf3, 0x18,
    0x7, 0x14, 0xcc, 0x1, 0xe9, 0x0, 0xf4, 0x0,
    0x7d, 0x96, 0xe0, 0x1e, 0x27, 0x0, 0xd0, 0x20,
    0x1e, 0x65, 0x2a, 0x0, 0xfa, 0x44, 0x0, 0x2e,
    0x1, 0xf0, 0x80, 0x4, 0x3, 0xe1, 0x80, 0x5,
    0x80, 0x7e, 0x74, 0x1a, 0x0, 0xfc, 0xc4, 0xa,
    0x1, 0xfd, 0x7c, 0xa0, 0x1f, 0xca, 0x8, 0x1,
    0xff, 0xc9, 0x30, 0xa9, 0x77, 0xff, 0xe3, 0xda,
    0x0,

    /* U+F074 "" */
    0x0, 0xff, 0xe1, 0xa1, 0x80, 0x7f, 0xf1, 0xaf,
    0x14, 0x3, 0xff, 0x8f, 0x4a, 0x1d, 0xff, 0x98,
    0x3, 0x87, 0x3f, 0xc0, 0x15, 0x28, 0x80, 0x69,
    0x50, 0xd, 0xa6, 0x1, 0xea, 0x0, 0xf5, 0x28,
    0x2, 0xcc, 0x3, 0xe8, 0xdd, 0xb0, 0x80, 0x1a,
    0x12, 0x80, 0x8, 0xd0, 0xa, 0x1c, 0x8a, 0x3f,
    0x14, 0x87, 0x60, 0x3, 0x39, 0x0, 0x21, 0xc0,
    0x38, 0xb6, 0xda, 0x0, 0xb, 0x20, 0x8, 0x97,
    0x0, 0xf8, 0xd2, 0x40, 0x9, 0x40, 0x13, 0xb0,
    0x7, 0xe3, 0xb0, 0x1, 0x59, 0x80, 0x4e, 0xc0,
    0x1f, 0x16, 0x80, 0x7, 0xf, 0x24, 0x1, 0x13,
    0x0, 0x2, 0x28, 0xfc, 0x40, 0x70, 0xf4, 0x19,
    0xc8, 0x0, 0xf0, 0x1b, 0xb6, 0x10, 0x3, 0x48,
    0xa0, 0x4, 0x68, 0x4, 0xee, 0x0, 0xf5, 0x18,
    0x3, 0xc, 0x3, 0xe9, 0x10, 0xd, 0x2a, 0x1,
    0xb4, 0xc0, 0x3d, 0x5d, 0xff, 0x98, 0x3, 0x87,
    0x3f, 0xc0, 0x15, 0xa0, 0x7, 0xff, 0x16, 0x90,
    0x3, 0xff, 0x89, 0x78, 0xa0, 0x0,

    /* U+F077 "" */
    0x0, 0xfd, 0x28, 0x1, 0xff, 0xc3, 0xc6, 0xb5,
    0x0, 0xff, 0xe0, 0xe1, 0x80, 0x29, 0x40, 0x3f,
    0xec, 0x30, 0xd, 0x4a, 0x1, 0xfd, 0x86, 0x0,
    0x51, 0x0, 0x52, 0x80, 0x7d, 0x86, 0x0, 0x6a,
    0xd1, 0x0, 0x52, 0x80, 0x76, 0x18, 0x1, 0xa4,
    0xf, 0x44, 0x1, 0x4a, 0x1, 0x61, 0x80, 0x1a,
    0x40, 0x23, 0xd1, 0x0, 0x52, 0x85, 0x18, 0x1,
    0xa4, 0x3, 0x8f, 0x44, 0x1, 0x45, 0xa0, 0x6,
    0x90, 0xf, 0x8f, 0x44, 0x4, 0xde, 0x62, 0x40,
    0x3f, 0x8f, 0x1b, 0x4,

    /* U+F078 "" */
    0x6, 0x70, 0xf, 0xf8, 0xa4, 0x81, 0xe6, 0x24,
    0x3, 0xf8, 0xb1, 0xb0, 0x78, 0x0, 0xd2, 0x1,
    0xf1, 0xe0, 0x80, 0x9c, 0xa0, 0x1, 0xa4, 0x3,
    0x8f, 0x44, 0x1, 0x44, 0x16, 0x80, 0x6, 0x90,
    0x8, 0xf4, 0x40, 0x14, 0xa0, 0x15, 0xa0, 0x1,
    0xa4, 0xf, 0x44, 0x1, 0x4a, 0x1, 0xd6, 0x80,
    0x6, 0xad, 0x10, 0x5, 0x28, 0x7, 0xd6, 0x80,
    0x5, 0x10, 0x5, 0x28, 0x7, 0xf5, 0xa0, 0x6,
    0xa5, 0x0, 0xff, 0xad, 0x0, 0x14, 0xa0, 0x1f,
    0xfc, 0x1b, 0x6b, 0x50, 0xf, 0x80,

    /* U+F079 "" */
    0x0, 0xd3, 0x82, 0x1, 0xff, 0xca, 0xa6, 0x3c,
    0x10, 0x2, 0xc4, 0x7f, 0x84, 0x3, 0xd4, 0xa0,
    0x2, 0xc2, 0xb, 0x77, 0xff, 0x80, 0x3a, 0x94,
    0x3, 0x16, 0x15, 0x8, 0x7, 0xff, 0xa, 0x14,
    0xc, 0x0, 0x60, 0x3e, 0x9d, 0xff, 0xee, 0x0,
    0xfb, 0xc0, 0xf8, 0x1, 0x50, 0x2, 0x1, 0xff,
    0xc4, 0x7c, 0xc1, 0x80, 0x4f, 0x98, 0x0, 0xff,
    0xe2, 0x98, 0x7, 0x8c, 0x3, 0xff, 0xdc, 0x7a,
    0xe0, 0x18, 0xf5, 0xc0, 0x3f, 0xf8, 0x92, 0x50,
    0xc0, 0xf, 0xd2, 0x80, 0xf, 0xb6, 0x23, 0xe3,
    0x81, 0x8, 0x0, 0x30, 0x84, 0x80, 0x7c, 0x8e,
    0xff, 0x60, 0x60, 0x80, 0x74, 0xb0, 0x6, 0x12,
    0x0, 0xfe, 0x10, 0x2c, 0x10, 0xa, 0x58, 0x3,
    0xdb, 0xff, 0xfd, 0xc4, 0x5, 0x82, 0x12, 0xc0,
    0x1f, 0xfc, 0x92, 0xfc, 0x60, 0xc,

    /* U+F07B "" */
    0x5e, 0xff, 0xf4, 0x80, 0x7f, 0xd6, 0x20, 0x1e,
    0x69, 0x0, 0xff, 0x8, 0x7, 0xe6, 0xa8, 0x8f,
    0x98, 0x3, 0xfe, 0x57, 0x7f, 0xa6, 0xc0, 0x3f,
    0xf8, 0xe8, 0x1, 0xff, 0xff, 0x0, 0xff, 0xff,
    0x80, 0x7f, 0x84, 0x3, 0xff, 0x8c, 0x36, 0x20,
    0x1f, 0xfc, 0x41, 0xb0,

    /* U+F080 "" */
    0xef, 0x60, 0xf, 0xfe, 0xe, 0xfb, 0x80, 0x87,
    0x0, 0x7a, 0xec, 0x60, 0x18, 0xc3, 0x80, 0x3f,
    0x85, 0x10, 0xa0, 0x1f, 0xfc, 0x93, 0x20, 0xf,
    0xfe, 0x2b, 0xe6, 0x80, 0x7f, 0xf1, 0x7c, 0x3,
    0xff, 0x81, 0x58, 0x80, 0x1f, 0xfc, 0x55, 0x3c,
    0x0, 0xff, 0xec, 0x88, 0x70, 0x80, 0xf, 0x80,
    0x40, 0xc3, 0x80, 0x3d, 0xde, 0xc1, 0xfe, 0x56,
    0xfe, 0xd, 0xf7, 0x0, 0xff, 0xe5, 0xa4, 0x47,
    0xff, 0x11, 0x80, 0x6, 0xef, 0xff, 0xc4, 0x95,
    0x0, 0xff, 0xe3, 0x8,

    /* U+F084 "" */
    0x0, 0xff, 0x84, 0xcc, 0x40, 0x1f, 0xfc, 0x23,
    0xbe, 0xcc, 0x6e, 0x98, 0x3, 0xfe, 0x7c, 0x40,
    0xc, 0x53, 0x60, 0x1f, 0xcd, 0x0, 0x1c, 0x22,
    0x4, 0xa0, 0xf, 0xd2, 0x1, 0xcd, 0xdc, 0x60,
    0x54, 0x0, 0xf3, 0x0, 0x7a, 0xc0, 0x16, 0x0,
    0xf0, 0xf, 0x78, 0x7, 0xa8, 0x1, 0x40, 0x5,
    0x0, 0xf1, 0x0, 0x79, 0xf7, 0x4e, 0x0, 0x10,
    0xf, 0x8, 0x7, 0xc4, 0x40, 0x8, 0x40, 0x3c,
    0x40, 0x1f, 0xfc, 0x4, 0x0, 0xe5, 0x70, 0xf,
    0xfe, 0x4, 0x80, 0x65, 0xa0, 0xf, 0xfe, 0x3,
    0x98, 0x4, 0xb4, 0x1, 0xff, 0xc0, 0x68, 0x0,
    0x96, 0x80, 0x3f, 0xe4, 0xb9, 0x0, 0x9a, 0x80,
    0x3f, 0x4f, 0x73, 0xed, 0x0, 0x26, 0x90, 0xf,
    0x14, 0xdb, 0x8, 0x80, 0x3d, 0x20, 0x1f, 0x33,
    0x10, 0x3, 0xff, 0x86, 0x22, 0xc0, 0xf, 0xfe,
    0x2d, 0x73, 0x80, 0x7f, 0xf1, 0x5c, 0x3, 0xff,
    0x83, 0x93, 0x3a, 0x8c, 0x3, 0xff, 0x82,

    /* U+F093 "" */
    0x0, 0xfe, 0x31, 0x0, 0xff, 0xe2, 0xb6, 0x60,
    0x40, 0x3f, 0xf8, 0x6d, 0x20, 0x58, 0x20, 0x1f,
    0xfc, 0x16, 0x90, 0x8, 0xb0, 0x40, 0x3f, 0xe6,
    0x90, 0xe, 0x2c, 0x10, 0xf, 0xe6, 0x90, 0xf,
    0x8b, 0x4, 0x3, 0xe6, 0x90, 0xf, 0xe2, 0xc1,
    0x0, 0xf5, 0x80, 0x7f, 0xc4, 0xe0, 0x1e, 0xde,
    0xe9, 0x0, 0x35, 0x77, 0x4c, 0x1, 0xf0, 0x8c,
    0x1, 0xc2, 0x38, 0x3, 0xff, 0xfe, 0x1, 0xfc,
    0xf5, 0x5c, 0x40, 0x1e, 0x2a, 0xae, 0x78, 0x55,
    0xea, 0x99, 0x44, 0x25, 0x29, 0x57, 0xa0, 0x3,
    0xcf, 0x22, 0x0, 0x1b, 0x70, 0xf, 0xfe, 0xa,
    0x44, 0x64, 0x0, 0xff, 0xe4, 0x27, 0x85, 0xb8,
    0x7, 0xff, 0xd, 0x38, 0x29, 0xc0, 0x1d, 0x77,
    0xff, 0xc1, 0xab, 0xab, 0xb7, 0x0,

    /* U+F095 "" */
    0x0, 0xff, 0xe1, 0xa3, 0x10, 0x7, 0xff, 0x14,
    0x6e, 0x77, 0xad, 0x40, 0x3f, 0xf8, 0x4c, 0x1,
    0xa, 0x50, 0x7, 0xff, 0xa, 0x40, 0x3f, 0xf8,
    0xea, 0x20, 0x1c, 0x40, 0x1f, 0xfc, 0x1e, 0x0,
    0xf3, 0x0, 0x7f, 0xf0, 0x74, 0x3, 0xc6, 0x1,
    0xff, 0xc1, 0x6a, 0x0, 0xec, 0x0, 0xff, 0xe1,
    0x2d, 0x0, 0x42, 0x80, 0x1f, 0xfc, 0x3e, 0x0,
    0x9c, 0x3, 0xff, 0x86, 0x88, 0x0, 0xac, 0x3,
    0xff, 0x84, 0x54, 0x1, 0x39, 0x0, 0x78, 0x4c,
    0x3, 0x87, 0xc4, 0x0, 0x50, 0x1, 0xc5, 0x3d,
    0x8e, 0x1, 0x1f, 0x90, 0x5, 0xc0, 0x19, 0x2f,
    0x58, 0x1, 0x8, 0xf, 0x82, 0x1, 0x51, 0x80,
    0x6a, 0x40, 0xe, 0xae, 0x80, 0xd, 0x4a, 0x1,
    0xc4, 0x1, 0xe1, 0x10, 0x4, 0x36, 0xa0, 0x1e,
    0x40, 0xf, 0xf2, 0x7a, 0x0, 0x7d, 0x80, 0x1f,
    0x8a, 0xac, 0x40, 0x3f, 0x28, 0x7, 0xa, 0xde,
    0xa8, 0x7, 0xf8, 0x6a, 0x26, 0xf7, 0xa9, 0x0,
    0x3f, 0xe0,

    /* U+F0AC "" */
    0x0, 0xff, 0xe6, 0x8a, 0x3, 0xfe, 0x9, 0x18,
    0x7, 0xf9, 0xf8, 0x12, 0x0, 0xec, 0xbb, 0x4,
    0x3, 0xeb, 0x82, 0x48, 0x0, 0x94, 0xec, 0xf9,
    0x0, 0x3a, 0xd0, 0x28, 0x8c, 0x3, 0x53, 0x80,
    0x2c, 0xc0, 0x27, 0x40, 0x2, 0x28, 0x7, 0x20,
    0x90, 0x3, 0x40, 0x2a, 0x11, 0x8f, 0x84, 0x78,
    0xc1, 0x44, 0x40, 0xc0, 0xd, 0xee, 0x82, 0x7b,
    0xbc, 0x11, 0xdd, 0x30, 0x67, 0xfd, 0x81, 0xff,
    0xf2, 0xab, 0xff, 0x19, 0x0, 0x4e, 0x1, 0xf8,
    0xc4, 0x3, 0x28, 0x80, 0x7f, 0xf0, 0x5c, 0x3,
    0x84, 0x3, 0xff, 0x82, 0xe0, 0x1c, 0xa0, 0x13,
    0x80, 0x7e, 0x31, 0x0, 0xcb, 0x7f, 0xf6, 0x7,
    0xff, 0xca, 0xaf, 0xfc, 0x61, 0xbd, 0xd0, 0x4f,
    0x77, 0x82, 0x3b, 0xa6, 0x0, 0x50, 0x8c, 0x7c,
    0x23, 0xc6, 0x8, 0x22, 0x6, 0x0, 0x3a, 0x0,
    0x2d, 0x40, 0x39, 0x4, 0xc0, 0x1a, 0x1, 0xad,
    0x1, 0x48, 0xc0, 0x35, 0x38, 0x2, 0xcc, 0x3,
    0xae, 0x9, 0x20, 0x2, 0x53, 0xb3, 0xd4, 0x0,
    0xf9, 0xf8, 0x12, 0x0, 0xec, 0xbb, 0x8, 0x3,
    0xf8, 0x50, 0x1f, 0xf0, 0x48, 0xc0, 0x3c,

    /* U+F0C0 "" */
    0x0, 0xff, 0xe0, 0x8, 0x7, 0xff, 0x24, 0x6b,
    0xfb, 0xe4, 0x3, 0xff, 0x8f, 0x8a, 0x1, 0x36,
    0x0, 0x7f, 0xc9, 0x2e, 0x1, 0x41, 0x0, 0x71,
    0xb8, 0x4, 0xf2, 0x60, 0x12, 0x5b, 0x45, 0x80,
    0x10, 0x3, 0xeb, 0x0, 0x64, 0x36, 0x20, 0x3,
    0xc0, 0x24, 0x20, 0x10, 0xf, 0x84, 0x8, 0xc0,
    0x2f, 0x0, 0x8, 0x6, 0x30, 0x60, 0xf, 0x9c,
    0xc, 0x3, 0x8, 0x2, 0x4, 0x0, 0xe2, 0x10,
    0x1, 0xf4, 0x80, 0xb8, 0x0, 0x60, 0x0, 0x5f,
    0x7b, 0x0, 0x3, 0x90, 0xe, 0xa3, 0x0, 0x46,
    0x5f, 0x90, 0x0, 0x90, 0x91, 0x0, 0x13, 0x6c,
    0x34, 0x72, 0x80, 0x4a, 0xa2, 0x42, 0x6, 0xda,
    0x99, 0x5a, 0x82, 0xb0, 0xbc, 0xb9, 0x3a, 0x82,
    0x54, 0xca, 0xb5, 0x60, 0x3, 0x58, 0x75, 0x4e,
    0x7e, 0xfe, 0x45, 0x70, 0x60, 0x6, 0xb1, 0x0,
    0xa1, 0xe8, 0x40, 0x31, 0x0, 0x61, 0xb0, 0x90,
    0x8, 0x48, 0x2, 0x78, 0x0, 0xff, 0xe0, 0xc3,
    0x0, 0x45, 0x97, 0x70, 0x20, 0x7, 0xff, 0x5,
    0x2, 0xee, 0xc1, 0x44, 0x80, 0x3f, 0xf8, 0xa8,
    0x90, 0x80, 0x7f, 0xf4, 0xa4, 0x3, 0xff, 0x83,
    0x20, 0x1f, 0xe6, 0xff, 0xff, 0xe0, 0xb0, 0x7,
    0x0,

    /* U+F0C4 "" */
    0x0, 0x12, 0xa0, 0x7, 0xff, 0xa, 0x76, 0xaf,
    0x8c, 0x3, 0xc9, 0x54, 0x50, 0x76, 0x0, 0x87,
    0x40, 0x3a, 0x2d, 0x55, 0x4b, 0x20, 0x59, 0x0,
    0x2c, 0x1, 0x43, 0x80, 0x48, 0xa2, 0xa, 0x6e,
    0x0, 0x10, 0x4, 0x38, 0x4, 0x96, 0x4, 0xc,
    0xf4, 0x0, 0x20, 0x87, 0x0, 0x92, 0xc0, 0x10,
    0x3, 0xa, 0x0, 0x89, 0x70, 0x9, 0x2c, 0x2,
    0x5a, 0x10, 0xc, 0x4c, 0x1, 0x25, 0x80, 0x72,
    0xf7, 0x28, 0x3, 0xc9, 0x60, 0x1f, 0x85, 0x50,
    0x3, 0xa4, 0x3, 0xf1, 0x2c, 0xa0, 0x7, 0x78,
    0x80, 0x7a, 0x76, 0x98, 0x3, 0xc5, 0x82, 0x1,
    0x9d, 0x80, 0x39, 0x24, 0x2, 0x2c, 0x10, 0xa,
    0x40, 0xb2, 0x0, 0x1c, 0xd4, 0x1, 0x16, 0x8,
    0x0, 0x41, 0x4d, 0xc0, 0x4, 0xb, 0x40, 0x11,
    0x60, 0x81, 0x3, 0x3d, 0x0, 0x8, 0x0, 0xb4,
    0x1, 0x16, 0xc, 0x0, 0xc2, 0x81, 0xa8, 0x4,
    0xb6, 0x1, 0x12, 0xaa, 0x84, 0x0, 0x9a, 0x1,
    0xc9, 0xd3, 0x2d, 0x40, 0x5e, 0xe7, 0xd8, 0x80,
    0x78, 0x59, 0x84, 0x0,

    /* U+F0C5 "" */
    0x0, 0xe8, 0xbb, 0xf2, 0x84, 0x80, 0x7e, 0x74,
    0x4f, 0x68, 0xb5, 0x80, 0x7f, 0xf1, 0x52, 0xc0,
    0x3f, 0xf8, 0xa9, 0x10, 0xcc, 0x48, 0x7, 0xf0,
    0xff, 0xd0, 0xe6, 0x65, 0x0, 0xfc, 0xaa, 0x44,
    0x8c, 0x3, 0xff, 0x80, 0x55, 0x77, 0x48, 0x7,
    0xff, 0xfc, 0x3, 0xff, 0xfe, 0x1, 0xff, 0xc3,
    0x20, 0x40, 0xf, 0xfb, 0x40, 0x21, 0x9a, 0xff,
    0xff, 0x9c, 0x3, 0x37, 0x7f, 0xfa, 0x0, 0x3f,
    0xf8, 0xbe, 0x1, 0xd4, 0xef, 0xfe, 0x86, 0x0,
    0xe0,

    /* U+F0C7 "" */
    0x6, 0x77, 0xff, 0x30, 0x7, 0x5c, 0xc4, 0x7f,
    0xa7, 0x44, 0x2, 0x40, 0xf, 0xfe, 0x1, 0x68,
    0x80, 0x66, 0xff, 0xfd, 0xc4, 0x7, 0xa2, 0x1,
    0x8, 0x7, 0xe1, 0x60, 0x1, 0xe8, 0x7, 0xff,
    0x14, 0xcc, 0x1, 0xff, 0xc5, 0x70, 0xf, 0xfe,
    0x42, 0xc4, 0x7f, 0x28, 0x7, 0xc4, 0xef, 0xfc,
    0x20, 0x1f, 0xfd, 0x11, 0xbf, 0xd3, 0x0, 0xff,
    0xe0, 0xc2, 0x1, 0x70, 0x7, 0xff, 0x4, 0x80,
    0x22, 0x0, 0xff, 0xe0, 0xf0, 0x4, 0xc0, 0x1f,
    0xfc, 0x15, 0xc8, 0xa9, 0x0, 0xf8, 0x40, 0x3c,
    0x6e, 0xa0, 0x1f, 0x3c, 0x0, 0x7f, 0xf0, 0xd4,
    0xdb, 0xff, 0xff, 0x87, 0x40,

    /* U+F0C9 "" */
    0x0, 0xff, 0xe3, 0x77, 0xff, 0xff, 0x11, 0x84,
    0x3, 0xff, 0x89, 0xca, 0x67, 0xff, 0xc4, 0xca,
    0xcc, 0xff, 0xe2, 0x20, 0x7, 0xff, 0x63, 0x37,
    0x7f, 0xf8, 0x8a, 0x64, 0x5f, 0xfc, 0x4d, 0x20,
    0xf, 0xfe, 0x26, 0xeb, 0xff, 0xff, 0x88, 0xa0,
    0x1f, 0xfd, 0x8a, 0xcc, 0xff, 0xe2, 0x22, 0x99,
    0xff, 0xf1, 0x30, 0x40, 0x3f, 0xf8, 0x9d, 0xcf,
    0xff, 0xfe, 0x23, 0x0,

    /* U+F0E0 "" */
    0x5e, 0xff, 0xff, 0xe2, 0x72, 0xd8, 0x80, 0x7f,
    0xf1, 0x6, 0xc4, 0x3, 0xff, 0x8c, 0x30, 0x1,
    0xff, 0xc6, 0x87, 0xc1, 0x0, 0xff, 0xe1, 0xe,
    0x3f, 0x7, 0xa0, 0x7, 0xff, 0x1, 0x3c, 0x38,
    0x71, 0xae, 0x0, 0x3f, 0xd1, 0x6d, 0x82, 0x0,
    0x8b, 0x6c, 0x20, 0xf, 0x16, 0x35, 0xc0, 0x7,
    0x27, 0xbe, 0xa8, 0x6, 0x5d, 0x7f, 0x40, 0xf,
    0x86, 0xe2, 0xa8, 0x44, 0xaa, 0x45, 0x88, 0x7,
    0xf9, 0xf1, 0xf7, 0x4f, 0x8e, 0x1, 0xff, 0xc1,
    0x3d, 0xdc, 0x60, 0x1f, 0xfc, 0x42, 0x20, 0x7,
    0xf0, 0x80, 0x7f, 0xf1, 0x86, 0xc4, 0x3, 0xff,
    0x88, 0x36,

    /* U+F0E7 "" */
    0x0, 0xa, 0x27, 0x84, 0x3, 0xd5, 0x77, 0xf0,
    0x7, 0x94, 0x3, 0xc4, 0x1, 0xe1, 0x0, 0xf5,
    0x80, 0x71, 0x0, 0x78, 0x8c, 0x3, 0x98, 0x3,
    0xca, 0x1, 0xe2, 0x0, 0xf6, 0x0, 0x7b, 0x80,
    0x3d, 0x7f, 0xf9, 0x40, 0x80, 0x3f, 0xe1, 0x7,
    0x0, 0xff, 0x22, 0x0, 0x80, 0x3f, 0xd2, 0x0,
    0x40, 0xf, 0xe6, 0x20, 0x5, 0xff, 0xe7, 0x0,
    0x86, 0x0, 0x3f, 0x20, 0x5, 0x2, 0x1, 0xf8,
    0xc0, 0x4, 0xc0, 0x1f, 0x8c, 0x2, 0x90, 0xf,
    0xe4, 0x0, 0x2a, 0x0, 0x7f, 0x60, 0x2, 0x0,
    0x3f, 0xc8, 0xe, 0x40, 0x1f, 0xc4, 0x3, 0x0,
    0x1f, 0xe2, 0x6a, 0x0, 0xf8,

    /* U+F0EA "" */
    0x0, 0xe6, 0x71, 0x0, 0xff, 0xa, 0x25, 0x73,
    0x1e, 0x89, 0x18, 0x7, 0xbe, 0xee, 0x46, 0xb1,
    0xbb, 0xb1, 0x0, 0x38, 0x40, 0x30, 0xb8, 0x7,
    0x8, 0x7, 0xf9, 0xf0, 0x3, 0xff, 0x8a, 0xae,
    0xfe, 0x0, 0xff, 0x4d, 0x44, 0x71, 0x0, 0x7f,
    0x9b, 0x3f, 0xf9, 0x47, 0x88, 0x3, 0xf1, 0x0,
    0x7c, 0x38, 0x40, 0x1f, 0xfc, 0x41, 0xc2, 0x0,
    0xff, 0xe0, 0x8a, 0x21, 0x54, 0x1, 0xff, 0xc0,
    0xd0, 0xbb, 0x9c, 0x3, 0xff, 0x80, 0xff, 0xfa,
    0x80, 0x3f, 0xfd, 0x46, 0x1, 0xff, 0xc5, 0xcf,
    0xfc, 0x1, 0xff, 0xeb, 0x94, 0x4f, 0xf7, 0x0,

    /* U+F0F3 "" */
    0x0, 0xfc, 0x62, 0x1, 0xff, 0xc3, 0x5c, 0xc0,
    0x7, 0xff, 0xf, 0x0, 0x84, 0x3, 0xff, 0x80,
    0xfc, 0xc0, 0xe, 0xb2, 0x0, 0xfe, 0xa8, 0x10,
    0xc, 0x9a, 0x60, 0x1f, 0x42, 0x80, 0x7e, 0xd1,
    0x0, 0xe1, 0x70, 0xf, 0xe1, 0x90, 0xe, 0x40,
    0xf, 0xf9, 0x40, 0x38, 0x80, 0x3f, 0xe2, 0x0,
    0xef, 0x0, 0xff, 0xe2, 0x88, 0x7, 0xff, 0x0,
    0x40, 0x32, 0x0, 0x7f, 0xf0, 0x10, 0x2, 0x12,
    0x0, 0xff, 0xe0, 0x60, 0x5, 0x0, 0x1f, 0xfc,
    0x16, 0x10, 0x56, 0x0, 0xff, 0xe1, 0x60, 0x58,
    0x7, 0xff, 0xc, 0x99, 0xc0, 0x3f, 0xf8, 0x62,
    0xb3, 0xff, 0xff, 0xc3, 0xe3, 0x0, 0xf5, 0x7f,
    0xe2, 0x0, 0xff, 0xe0, 0x48, 0x4, 0xa4, 0x1,
    0xff, 0xc0, 0x3d, 0x8a, 0xa0, 0x7, 0xc0,

    /* U+F11C "" */
    0x5e, 0xff, 0xff, 0xe3, 0xd8, 0x58, 0x80, 0x7f,
    0xf1, 0xd1, 0x84, 0xd, 0xdc, 0xa, 0xea, 0xe,
    0xe4, 0x7, 0x70, 0x23, 0xb8, 0x1, 0xc0, 0x4,
    0x88, 0x7, 0x47, 0x4, 0x43, 0x86, 0x20, 0x3d,
    0x10, 0x0, 0xff, 0xe1, 0x98, 0x80, 0x4, 0xc0,
    0x3e, 0x7f, 0xf0, 0x5f, 0xd8, 0x7f, 0xa4, 0x3f,
    0xc1, 0x3f, 0xe0, 0xf, 0x9a, 0xe4, 0x26, 0xdc,
    0x2e, 0xc8, 0x8b, 0xb0, 0x7, 0xf7, 0xa2, 0x1,
    0x11, 0xa0, 0x88, 0x33, 0x22, 0x4, 0x3, 0xf7,
    0xa2, 0x1, 0x11, 0xa0, 0x88, 0x33, 0x22, 0x4,
    0x3, 0xf3, 0x5c, 0x84, 0xdb, 0x85, 0xd9, 0x11,
    0x76, 0x0, 0xf9, 0xff, 0xc1, 0x7f, 0xff, 0xc1,
    0x3f, 0xe0, 0xf, 0xfe, 0x38, 0x98, 0x7, 0xc9,
    0x10, 0xe, 0x88, 0xfe, 0x1e, 0x88, 0x0, 0x42,
    0x6, 0xee, 0x5, 0x77, 0xfe, 0x4, 0x77, 0x0,
    0x3a, 0xc4, 0x3, 0xff, 0x8e, 0x8c,

    /* U+F124 "" */
    0x0, 0xff, 0xe3, 0x2b, 0x0, 0x7f, 0xf1, 0x45,
    0xfa, 0xa6, 0x80, 0x3f, 0xf8, 0x43, 0x1d, 0x2,
    0x0, 0x50, 0xf, 0xfe, 0x1, 0x57, 0x38, 0x7,
    0x28, 0x7, 0xf9, 0x2f, 0x54, 0x3, 0xe9, 0x0,
    0xfc, 0xb9, 0x68, 0x1, 0xf9, 0xc, 0x3, 0xcd,
    0xb4, 0x60, 0x1f, 0xef, 0x0, 0xc3, 0x1d, 0x24,
    0x1, 0xff, 0x12, 0x0, 0x4b, 0xce, 0x20, 0x1f,
    0xfc, 0x18, 0x0, 0xd6, 0x1, 0xff, 0xc3, 0x15,
    0x0, 0xc6, 0x1, 0xff, 0xc3, 0x90, 0xe, 0xf5,
    0x33, 0xf1, 0x0, 0x7c, 0xe0, 0x1c, 0x55, 0x99,
    0xe9, 0x0, 0xf3, 0x80, 0x7f, 0xf2, 0x64, 0x3,
    0xff, 0x90, 0xc2, 0x1, 0xff, 0xc8, 0xb0, 0xf,
    0xfe, 0x42, 0x10, 0x7, 0xff, 0x22, 0x0, 0x3f,
    0xf8, 0x8e, 0x1, 0x19, 0x80, 0x3f, 0xf8, 0x86,
    0x20, 0x8, 0x0, 0xff, 0xe3, 0x64, 0x62, 0x0,
    0x7e,

    /* U+F14E "" */
    0x0, 0xff, 0xe6, 0x94, 0x6f, 0xfd, 0xd4, 0x80,
    0x1f, 0xe9, 0xd7, 0x20, 0x8, 0x56, 0xf0, 0x80,
    0x3c, 0x38, 0xc0, 0x1f, 0xc7, 0xa8, 0x1, 0xda,
    0x60, 0x1f, 0xfc, 0xb, 0x30, 0xa, 0xc, 0x3,
    0xfc, 0xa6, 0x0, 0xd0, 0x0, 0xb8, 0x7, 0xf3,
    0xf5, 0x50, 0x0, 0x2e, 0xc, 0x1, 0xf0, 0xc7,
    0xc0, 0x85, 0x0, 0x54, 0x16, 0x1, 0xe5, 0xe7,
    0x0, 0x90, 0xc0, 0x22, 0x28, 0x3, 0xd6, 0x32,
    0x80, 0xf, 0x0, 0xe6, 0x10, 0xe, 0x71, 0x96,
    0xa0, 0x24, 0x0, 0xe1, 0x10, 0x7, 0x48, 0x51,
    0xc8, 0x40, 0x7, 0x84, 0x80, 0x32, 0x88, 0x16,
    0x3a, 0x28, 0x7, 0x99, 0x0, 0x34, 0x0, 0x49,
    0x76, 0x0, 0xf0, 0x95, 0x80, 0x46, 0x40, 0xbb,
    0x68, 0x1, 0xf3, 0x81, 0xa8, 0x0, 0xe7, 0xa8,
    0x80, 0x3f, 0xa0, 0x1, 0x62, 0x0, 0x61, 0x0,
    0xff, 0x50, 0x80, 0x7, 0x4, 0x3, 0xff, 0x81,
    0xa, 0x1, 0x8b, 0xcc, 0x3, 0xf8, 0x69, 0xc0,
    0x3c, 0x39, 0x46, 0x1, 0xc4, 0xfe, 0xa0, 0x1f,
    0xcb, 0x9f, 0x97, 0x9d, 0xb0, 0x20, 0x1c,

    /* U+F15B "" */
    0x24, 0x4f, 0x8c, 0xc, 0x3, 0x6d, 0xdf, 0xde,
    0x18, 0xc0, 0x1f, 0xfc, 0x29, 0x60, 0xf, 0xfe,
    0x14, 0xb0, 0x7, 0xff, 0xa, 0x58, 0x3, 0xfc,
    0x89, 0xb4, 0x3, 0xf1, 0xd, 0xdf, 0x0, 0x7e,
    0x1e, 0xff, 0xe0, 0xf, 0xff, 0xf8, 0x7, 0xff,
    0xfc, 0x3, 0xff, 0xa4, 0xe8, 0x9f, 0xfc, 0x17,

    /* U+F1EB "" */
    0x0, 0xff, 0x11, 0xa1, 0x90, 0x7, 0xff, 0x10,
    0xe3, 0x3f, 0x72, 0xf3, 0x7f, 0x20, 0xc0, 0x3f,
    0xcd, 0xb8, 0xe6, 0x1, 0xf1, 0xbe, 0x6b, 0x0,
    0x78, 0xf6, 0x48, 0x3, 0xc2, 0x1, 0xe2, 0x9d,
    0x30, 0xa, 0x30, 0x80, 0x24, 0x8d, 0xff, 0x77,
    0xfb, 0x61, 0x0, 0x22, 0xc8, 0xa, 0x70, 0x9,
    0x76, 0xdc, 0x80, 0x38, 0x9e, 0xf5, 0x40, 0x27,
    0xa1, 0x0, 0x16, 0x51, 0x0, 0x7f, 0xc5, 0x58,
    0x40, 0x1, 0xb4, 0x5c, 0x30, 0x9, 0x67, 0x7b,
    0xfb, 0x65, 0x40, 0x23, 0xc5, 0x4b, 0xb, 0xa1,
    0x0, 0x36, 0xd3, 0x10, 0x80, 0x93, 0x56, 0xb0,
    0x0, 0x6a, 0xc0, 0x38, 0x6e, 0x48, 0x3, 0xf8,
    0xa6, 0xc4, 0x3, 0xf4, 0xa0, 0x4, 0xb5, 0x9b,
    0x94, 0xa0, 0x12, 0x48, 0x7, 0xe8, 0x30, 0x4e,
    0xa5, 0x32, 0x35, 0xae, 0x40, 0x38, 0x0, 0xfe,
    0xcb, 0xb0, 0x80, 0x7c, 0x37, 0x6c, 0x0, 0xff,
    0x90, 0x2, 0x19, 0xd9, 0x10, 0x9, 0x0, 0x3f,
    0xf8, 0x96, 0xc4, 0xd6, 0x1, 0xff, 0xc8, 0x50,
    0x9, 0x40, 0x3f, 0xf9, 0x6, 0x1, 0x18, 0x7,
    0xff, 0x23, 0xc4, 0x7, 0xc0, 0x3f, 0xf9, 0x7,
    0xdd, 0x18, 0x7, 0xf8,

    /* U+F240 "" */
    0x17, 0x88, 0xff, 0xe4, 0x30, 0x3, 0x61, 0xdf,
    0xff, 0x91, 0x30, 0x6, 0x1, 0xff, 0xca, 0x40,
    0x9, 0xff, 0xff, 0xf8, 0xc6, 0x7, 0xa0, 0x12,
    0x7f, 0xff, 0xf1, 0x0, 0x31, 0x0, 0x7f, 0xf2,
    0x65, 0x0, 0x3f, 0xf9, 0x6a, 0x60, 0x1f, 0xfe,
    0x4c, 0x70, 0xe, 0x4f, 0xff, 0xfe, 0x20, 0x7,
    0xc9, 0x11, 0xff, 0xc6, 0x20, 0x2b, 0x10, 0x37,
    0x7f, 0xfe, 0x30, 0x83, 0xa5, 0x8, 0x7, 0xff,
    0x20, 0xe0, 0x0,

    /* U+F241 "" */
    0x17, 0x88, 0xff, 0xe4, 0x30, 0x3, 0x61, 0xdf,
    0xff, 0x91, 0x30, 0x6, 0x1, 0xff, 0xca, 0x40,
    0x9, 0xff, 0xff, 0xf8, 0xc6, 0x7, 0xa0, 0x10,
    0xff, 0xff, 0xf0, 0x18, 0x3, 0xe2, 0x0, 0xff,
    0xe4, 0xca, 0x0, 0x7f, 0xf2, 0xd4, 0xc0, 0x3f,
    0xfc, 0x98, 0xe0, 0x1c, 0x3f, 0xff, 0xfc, 0x6,
    0x0, 0xff, 0x24, 0x47, 0xff, 0x18, 0x80, 0xac,
    0x40, 0xdd, 0xff, 0xf8, 0xc2, 0xe, 0x94, 0x20,
    0x1f, 0xfc, 0x83, 0x80,

    /* U+F242 "" */
    0x17, 0x88, 0xff, 0xe4, 0x30, 0x3, 0x61, 0xdf,
    0xff, 0x91, 0x30, 0x6, 0x1, 0xff, 0xca, 0x40,
    0x9, 0xff, 0xff, 0xf8, 0xc6, 0x7, 0xa0, 0x10,
    0xff, 0xfe, 0xa0, 0xf, 0xf8, 0x80, 0x3f, 0xf9,
    0x32, 0x80, 0x1f, 0xfc, 0xb5, 0x30, 0xf, 0xff,
    0x26, 0x38, 0x7, 0xf, 0xff, 0xea, 0x0, 0xff,
    0xe1, 0x24, 0x47, 0xff, 0x18, 0x80, 0xac, 0x40,
    0xdd, 0xff, 0xf8, 0xc2, 0xe, 0x94, 0x20, 0x1f,
    0xfc, 0x83, 0x80,

    /* U+F243 "" */
    0x17, 0x88, 0xff, 0xe4, 0x30, 0x3, 0x61, 0xdf,
    0xff, 0x91, 0x30, 0x6, 0x1, 0xff, 0xca, 0x40,
    0x9, 0xff, 0xff, 0xf8, 0xc6, 0x7, 0xa0, 0x10,
    0xff, 0xee, 0x0, 0xff, 0xe1, 0x90, 0x7, 0xff,
    0x26, 0x50, 0x3, 0xff, 0x96, 0xa6, 0x1, 0xff,
    0xe4, 0xc7, 0x0, 0xe1, 0xff, 0xdc, 0x1, 0xff,
    0xc6, 0x48, 0x8f, 0xfe, 0x31, 0x1, 0x58, 0x81,
    0xbb, 0xff, 0xf1, 0x84, 0x1d, 0x28, 0x40, 0x3f,
    0xf9, 0x7, 0x0,

    /* U+F244 "" */
    0x17, 0x88, 0xff, 0xe4, 0x30, 0x3, 0x61, 0xdf,
    0xff, 0x91, 0x30, 0x6, 0x1, 0xff, 0xca, 0x40,
    0x9, 0xff, 0xff, 0xf8, 0xc6, 0x7, 0xa0, 0x1f,
    0xfc, 0xc2, 0x0, 0xff, 0xe4, 0xca, 0x0, 0x7f,
    0xf2, 0xd4, 0xc0, 0x3f, 0xfc, 0x98, 0xe0, 0x1f,
    0xfd, 0x14, 0x88, 0xff, 0xe3, 0x10, 0x15, 0x88,
    0x1b, 0xbf, 0xff, 0x18, 0x41, 0xd2, 0x84, 0x3,
    0xff, 0x90, 0x70, 0x0,

    /* U+F279 "" */
    0x0, 0xf8, 0x40, 0x3f, 0xf8, 0x24, 0x1, 0x8a,
    0x39, 0x27, 0xa4, 0xc0, 0x3f, 0x2e, 0x6a, 0x2,
    0xde, 0xb8, 0x80, 0x5, 0xb3, 0xa4, 0xc0, 0x26,
    0xda, 0x30, 0x1c, 0xa4, 0x0, 0xfc, 0x2d, 0x9c,
    0x1b, 0x24, 0x1, 0x8c, 0x3, 0xff, 0x82, 0x20,
    0x60, 0x1f, 0xff, 0xf0, 0xf, 0xff, 0xf8, 0x7,
    0xff, 0xfc, 0x3, 0xff, 0x8a, 0xfc, 0x1, 0xff,
    0xc2, 0x70, 0xc, 0xfc, 0x6d, 0xd2, 0x60, 0x1f,
    0x8a, 0x38, 0x80, 0x63, 0xa0, 0x40, 0x2, 0xd9,
    0xd2, 0x60, 0x12, 0xde, 0xb8, 0x86, 0xf3, 0x88,
    0x7, 0xc2, 0xd9, 0xc1, 0xf4, 0x80, 0x18,

    /* U+F287 "" */
    0x0, 0xff, 0xe1, 0x8, 0x7, 0xff, 0x33, 0x3b,
    0x84, 0x1, 0xff, 0xc7, 0x7c, 0xd3, 0x1, 0xb0,
    0xf, 0xfe, 0x34, 0xc3, 0xb0, 0x7, 0xff, 0x24,
    0x9a, 0x2e, 0xca, 0x7, 0x0, 0x1f, 0xf1, 0x90,
    0x6, 0xb1, 0x70, 0x5, 0x7e, 0x8, 0x7, 0xf1,
    0x6e, 0x6c, 0x80, 0x5, 0xa0, 0x3, 0xfc, 0x38,
    0x60, 0x17, 0x10, 0x1, 0x98, 0x7a, 0xa, 0x67,
    0xfe, 0x43, 0xc9, 0x10, 0x30, 0xd, 0x38, 0x61,
    0x99, 0xff, 0x50, 0x1, 0xb0, 0xc, 0x3, 0x4e,
    0x65, 0x62, 0x59, 0x9f, 0xa8, 0x0, 0xb8, 0x1c,
    0x40, 0x6, 0x61, 0x9c, 0x96, 0x40, 0x67, 0xf2,
    0x1e, 0x50, 0x81, 0x6e, 0x6c, 0x80, 0x72, 0x94,
    0x80, 0x7c, 0x38, 0x60, 0x1c, 0x64, 0x1, 0xf5,
    0xa9, 0x85, 0x7f, 0xce, 0x1, 0xff, 0xc5, 0x63,
    0xda, 0x40, 0xb, 0xc0, 0x3f, 0xf8, 0xd8, 0xc2,
    0x1, 0xff, 0xcc, 0x8b, 0x40, 0xb, 0xc0, 0x3f,
    0xf9, 0x37, 0xbb, 0x38, 0x7, 0x80,

    /* U+F293 "" */
    0x0, 0xf1, 0xa1, 0x88, 0x7, 0xf1, 0xdf, 0xe5,
    0xe7, 0x71, 0xc0, 0x3c, 0xd8, 0x80, 0x5, 0x0,
    0xc, 0x58, 0x6, 0x49, 0x0, 0xd6, 0xc0, 0x12,
    0x40, 0x5, 0x20, 0x1e, 0x95, 0x0, 0x9c, 0x40,
    0xc8, 0x3, 0xea, 0x40, 0x9, 0xc1, 0x0, 0x4,
    0xe0, 0x13, 0x32, 0xcc, 0x1, 0x81, 0xa0, 0x5,
    0x88, 0x0, 0x52, 0x3e, 0x0, 0x70, 0x60, 0x3,
    0xbd, 0x20, 0x78, 0x1a, 0x0, 0x20, 0x10, 0xa,
    0x1d, 0x85, 0x4b, 0x4, 0x3, 0x18, 0x6, 0x86,
    0x0, 0x69, 0x0, 0x7f, 0xca, 0x0, 0xb0, 0xf,
    0x18, 0x6, 0xc3, 0x1, 0x77, 0x0, 0x70, 0x80,
    0x58, 0x76, 0x2e, 0xe8, 0x60, 0xc, 0xa0, 0x9,
    0x3b, 0x43, 0x9, 0xb, 0x0, 0x10, 0x78, 0x2,
    0x71, 0x0, 0x7, 0x85, 0x80, 0x7, 0x7, 0x0,
    0x8c, 0x2, 0x50, 0xc1, 0x0, 0x78, 0xb, 0x0,
    0x78, 0xb0, 0x40, 0x2, 0xa0, 0x9, 0x20, 0xc,
    0xd8, 0x20, 0x15, 0x80, 0x6c, 0x50, 0xa, 0xc4,
    0x2, 0x95, 0x0, 0xc3, 0x5b, 0xa, 0x88, 0x6a,
    0xf6, 0x0, 0x80,

    /* U+F2ED "" */
    0x0, 0xe2, 0xab, 0xbc, 0xe0, 0x1e, 0x57, 0x7d,
    0xca, 0x89, 0xa1, 0xdf, 0x8a, 0xa2, 0x31, 0x80,
    0x7a, 0x23, 0x94, 0x40, 0x3f, 0xf8, 0x83, 0xdf,
    0xff, 0xfc, 0x46, 0x6, 0x88, 0xff, 0xe1, 0x10,
    0x2, 0x9d, 0xff, 0xf8, 0x4c, 0x1, 0xff, 0xcb,
    0x88, 0x0, 0x31, 0x0, 0x78, 0x40, 0x3f, 0x8,
    0x80, 0x2, 0x20, 0x0, 0x80, 0x7f, 0xff, 0xc0,
    0x3f, 0xfe, 0x2, 0x20, 0x0, 0x88, 0x0, 0x20,
    0x1e, 0x70, 0x4, 0x40, 0x1, 0x88, 0x3, 0xc2,
    0x0, 0x70, 0x6, 0x0, 0x7f, 0xf0, 0x44, 0xc0,
    0xf, 0x50, 0xef, 0xfe, 0x8c, 0x0, 0x0,

    /* U+F2F2 "" */
    0x0, 0xf2, 0xc4, 0x65, 0x0, 0xff, 0xe0, 0x43,
    0xbe, 0x90, 0xf, 0xfe, 0x0, 0x80, 0x67, 0x0,
    0xff, 0xe0, 0x65, 0x80, 0x32, 0xc0, 0x3f, 0xf8,
    0xb, 0xe0, 0x9, 0x50, 0xf, 0xf3, 0x75, 0x20,
    0x1, 0x6b, 0x95, 0x5e, 0xa0, 0x1a, 0x64, 0x20,
    0x1e, 0x1a, 0xa0, 0x58, 0x5, 0xc, 0x1, 0xc,
    0xc8, 0x40, 0x3b, 0x40, 0x6, 0xe0, 0x19, 0x59,
    0x84, 0x1, 0xc4, 0x0, 0x90, 0xf, 0xfe, 0x14,
    0x80, 0x10, 0x3, 0xff, 0x84, 0xa0, 0x22, 0x0,
    0xff, 0xe1, 0x10, 0x18, 0x7, 0xff, 0x14, 0x80,
    0x3c, 0xe0, 0x1, 0x0, 0xfc, 0x40, 0x1c, 0x7f,
    0xe2, 0x0, 0xe4, 0x0, 0x50, 0x7, 0xff, 0xb,
    0x40, 0xe, 0x20, 0x1f, 0xfc, 0x2, 0x60, 0xb,
    0x40, 0x3f, 0xe1, 0xf0, 0xc, 0x78, 0x20, 0x1f,
    0x8b, 0x8, 0x3, 0x8f, 0xdc, 0x40, 0x30, 0xc6,
    0x90, 0x7, 0xc3, 0x1d, 0xb7, 0x6d, 0xe7, 0x0,
    0xe0,

    /* U+F304 "" */
    0x0, 0xff, 0xe1, 0x8b, 0x20, 0x7, 0xff, 0x14,
    0x72, 0x6e, 0x0, 0x3f, 0xf8, 0x63, 0xe4, 0x0,
    0x78, 0x0, 0xff, 0xe1, 0x30, 0x80, 0x67, 0x80,
    0xf, 0xf8, 0x65, 0xdc, 0x1, 0xce, 0x1, 0xfe,
    0x1f, 0x6b, 0x87, 0x0, 0xc6, 0x1, 0xfc, 0x3e,
    0x20, 0x97, 0xe, 0x0, 0x1e, 0x0, 0xfc, 0x3e,
    0x20, 0x12, 0x5c, 0x38, 0xf9, 0x0, 0x7c, 0x3e,
    0x20, 0x1c, 0x97, 0x1e, 0x20, 0x1f, 0xf, 0x88,
    0x7, 0xca, 0x22, 0x0, 0xf8, 0x7c, 0x40, 0x3e,
    0x1c, 0x10, 0xf, 0x87, 0xc4, 0x3, 0xe1, 0xc2,
    0x0, 0xf8, 0x7c, 0x40, 0x3e, 0x1c, 0x20, 0xf,
    0x87, 0xc4, 0x3, 0xe1, 0xc2, 0x0, 0xf8, 0x7c,
    0x40, 0x3e, 0x1c, 0x20, 0xf, 0xd2, 0x20, 0x1f,
    0xe, 0x10, 0x7, 0xf1, 0x0, 0x7c, 0x38, 0x40,
    0x1f, 0xe6, 0x0, 0xf0, 0xe1, 0x0, 0x7f, 0xc4,
    0x1, 0xc3, 0x84, 0x1, 0xff, 0xc0, 0x10, 0xc,
    0x38, 0x40, 0x1f, 0xfc, 0x1a, 0x8a, 0xce, 0xe1,
    0x0, 0x7f, 0xf0, 0x40,

    /* U+F3C5 "" */
    0x0, 0xe3, 0x67, 0x63, 0x0, 0xfc, 0xbb, 0x93,
    0x13, 0x9a, 0xa0, 0x1d, 0x34, 0x40, 0x1c, 0x55,
    0x20, 0x13, 0xb0, 0x7, 0xf3, 0x38, 0x14, 0x0,
    0x70, 0x80, 0x74, 0x15, 0x80, 0x65, 0xee, 0x94,
    0x3, 0x5a, 0x0, 0x47, 0x42, 0x3, 0x46, 0x1,
    0x21, 0x0, 0x56, 0x1, 0xd6, 0x1, 0x10, 0x7,
    0xff, 0xc, 0x80, 0x2b, 0x0, 0xeb, 0x0, 0x89,
    0x40, 0x23, 0xa1, 0x1, 0xa3, 0x0, 0x96, 0x40,
    0x32, 0xf7, 0x4a, 0x1, 0xa4, 0x5c, 0x3, 0x84,
    0x3, 0x9c, 0x42, 0x8, 0x3, 0xf8, 0xa0, 0x2,
    0xe0, 0xf, 0xee, 0x0, 0xc7, 0x0, 0x1f, 0x41,
    0x80, 0x73, 0x98, 0x7, 0x1b, 0x80, 0x7d, 0xc0,
    0x1d, 0xc0, 0x1f, 0x8a, 0x40, 0x29, 0x20, 0xf,
    0xe6, 0x40, 0x46, 0x0, 0xff, 0xaa, 0x28, 0x3,
    0xc0,

    /* U+F4D7 "" */
    0x0, 0xff, 0xe1, 0xb, 0x3a, 0x0, 0x7f, 0xf0,
    0xd3, 0xa6, 0x2e, 0xc0, 0x1f, 0xfc, 0x11, 0xb0,
    0xc, 0x90, 0x1, 0xff, 0xc0, 0x70, 0x5, 0x71,
    0x83, 0x0, 0x7f, 0xf0, 0x4, 0x0, 0x82, 0xa0,
    0x1f, 0xfc, 0x25, 0x0, 0x6c, 0xb0, 0x20, 0x7,
    0xff, 0x0, 0x94, 0xd, 0x80, 0x12, 0x1, 0xff,
    0xc1, 0xb0, 0xc, 0xc6, 0x1, 0xfe, 0x6d, 0xfe,
    0x0, 0x8a, 0x40, 0x3f, 0xcf, 0x24, 0x1, 0xde,
    0x1, 0x91, 0xd8, 0x40, 0x28, 0x1, 0x77, 0xd8,
    0x40, 0x15, 0xda, 0x27, 0x90, 0xc, 0x1, 0x71,
    0x18, 0xc0, 0x28, 0x40, 0xd, 0x62, 0x20, 0x6,
    0x0, 0x7e, 0x60, 0x3e, 0xa0, 0x3, 0x91, 0x83,
    0x7f, 0xf6, 0x18, 0x8, 0x28, 0xa0, 0x6, 0xe2,
    0x0, 0xf1, 0xe1, 0xa8, 0x34, 0xe8, 0x1, 0x0,
    0xb6, 0xa1, 0xde, 0x60, 0x7, 0xc8, 0x1, 0x8c,
    0x14, 0x80, 0x25, 0x78, 0x8a, 0x58, 0xc, 0xcc,
    0x1, 0xac, 0x3, 0xf8, 0x54, 0x4, 0x24, 0x80,
    0x12, 0x7f, 0xff, 0xdc, 0x60, 0xc0, 0xf, 0x6,
    0x67, 0x80, 0x7f, 0xc9, 0x0, 0x2, 0xc9, 0x35,
    0x77, 0xfe, 0x8b, 0xb0, 0x0,

    /* U+F519 "" */
    0x3, 0x41, 0x0, 0xff, 0xe2, 0x8a, 0x18, 0x16,
    0x5c, 0x80, 0x7f, 0xf1, 0x66, 0xf0, 0xa8, 0x1,
    0x40, 0x1f, 0xfc, 0x5a, 0x0, 0x52, 0x1, 0x90,
    0x3e, 0x40, 0x5, 0x17, 0x0, 0x14, 0x63, 0x81,
    0x18, 0x21, 0x2, 0x80, 0x24, 0xc8, 0x1, 0x4e,
    0x8f, 0x40, 0x2, 0x3a, 0x0, 0x28, 0x10, 0x80,
    0x80, 0x4, 0x8, 0x0, 0xa0, 0x12, 0x80, 0x8,
    0x8, 0x0, 0x20, 0x20, 0x1, 0x0, 0x8, 0x8,
    0x0, 0x80, 0x22, 0x0, 0x8, 0x8, 0x0, 0x40,
    0x4, 0x4, 0x0, 0x50, 0x50, 0x3, 0x0, 0x42,
    0x0, 0x50, 0x50, 0x1, 0x1, 0x20, 0x20, 0x2,
    0xb3, 0x40, 0x90, 0x2, 0x32, 0xd, 0xca, 0x0,
    0x20, 0x3e, 0x80, 0x18, 0x4, 0xc4, 0x2c, 0x1,
    0x60, 0xb, 0x1, 0x31, 0x6, 0x0, 0x7a, 0x2a,
    0x18, 0x7, 0x30, 0x22, 0x40, 0xc0, 0x1c, 0x68,
    0xaa, 0xa, 0xb5, 0x0, 0xcc, 0x0, 0xf0, 0xf0,
    0x3, 0x80, 0x65, 0xba, 0x0, 0xfe, 0xb0, 0x24,
    0x4, 0x20, 0xa0, 0xf, 0xfe, 0x1a, 0x10, 0x17,
    0xfc, 0x40, 0x48, 0x1, 0xff, 0xc2, 0xe0, 0xf,
    0xef, 0x0, 0xff, 0xe0, 0x8a, 0x82, 0x3b, 0xf2,
    0x2, 0x10, 0x7, 0xff, 0x2, 0x40, 0x13, 0x11,
    0xd2, 0x0, 0xa0, 0xf, 0xfe, 0x3, 0x2, 0x10,
    0x7, 0x12, 0x3, 0x0, 0x7f, 0xca, 0x21, 0xc0,
    0x1f, 0x70, 0xa, 0x80, 0x7f, 0xb0, 0x5, 0x40,
    0x3e, 0x51, 0xc, 0x0, 0xff, 0x4d, 0xe8, 0x7,
    0xf6, 0xd4, 0x80, 0x70,

    /* U+F55A "" */
    0x0, 0xf3, 0x77, 0xff, 0xff, 0xe, 0xc8, 0x3,
    0xa2, 0x44, 0x3, 0xff, 0x86, 0x92, 0x1, 0xa1,
    0xc0, 0x3f, 0xf8, 0xc8, 0x1, 0x43, 0x80, 0x79,
    0xe8, 0x3, 0x53, 0x80, 0x7e, 0x87, 0x0, 0xf2,
    0x42, 0xd8, 0x2, 0xd6, 0x10, 0x3, 0xd0, 0xe0,
    0x1f, 0x22, 0x1, 0x2e, 0xc8, 0x8, 0x80, 0xe,
    0x87, 0x0, 0xfe, 0xb4, 0x4, 0x40, 0x25, 0x80,
    0x79, 0xc0, 0x3f, 0xea, 0x10, 0xa, 0x80, 0x3e,
    0x70, 0xf, 0xfa, 0x84, 0x2, 0xa0, 0xf, 0xa1,
    0xc0, 0x3f, 0xad, 0x1, 0x10, 0x9, 0x60, 0x1f,
    0x43, 0x80, 0x7c, 0x88, 0x4, 0xbb, 0x20, 0x22,
    0x0, 0x3e, 0x87, 0x0, 0xf2, 0x42, 0xd8, 0x2,
    0xd6, 0x10, 0x3, 0xf4, 0x38, 0x7, 0x9e, 0x80,
    0x35, 0x38, 0x7, 0xfa, 0x1c, 0x3, 0xff, 0x8c,
    0x80, 0x1d, 0x12, 0x20, 0x1f, 0xfc, 0x33, 0x90,

    /* U+F7C2 "" */
    0x0, 0xc5, 0x11, 0xf3, 0x98, 0x6, 0x2c, 0x77,
    0xfa, 0x31, 0x80, 0x3, 0xe2, 0x1, 0xfd, 0x0,
    0x38, 0x53, 0xe3, 0x5e, 0x53, 0xee, 0x2, 0x2c,
    0x20, 0xf, 0xfe, 0x6, 0x90, 0x7, 0xff, 0x4,
    0xc0, 0x3f, 0xf8, 0xd3, 0xe3, 0x5e, 0x53, 0xee,
    0x1, 0xff, 0xff, 0x0, 0xff, 0xff, 0x80, 0x7f,
    0xf1, 0x5, 0x80, 0x3f, 0xf8, 0x2d, 0x30, 0xa8,
    0x9f, 0xcb, 0x30,

    /* U+F8A2 "" */
    0x0, 0xff, 0xe3, 0xb8, 0x7, 0xff, 0x1e, 0xa0,
    0x40, 0x38, 0x40, 0x3f, 0xea, 0x50, 0xf, 0x57,
    0x18, 0x7, 0xf9, 0x40, 0x3d, 0x6a, 0xc, 0x1,
    0xff, 0xc4, 0xc4, 0x0, 0xff, 0xe2, 0x8e, 0x18,
    0x5, 0x37, 0x7f, 0xe0, 0xd, 0xa6, 0x1, 0x8d,
    0x13, 0xfc, 0x1, 0x94, 0x3, 0xff, 0x8e, 0x32,
    0xc0, 0x19, 0xa6, 0x7f, 0xf8, 0x16, 0x0, 0x97,
    0x0, 0xb1, 0x9b, 0xff, 0x80, 0x80, 0x14, 0x40,
    0x3, 0xff, 0x90, 0xf4, 0x68, 0x1, 0xff, 0xc2
};


/*---------------------
 *  GLYPH DESCRIPTION
 *--------------------*/

static const lv_font_fmt_txt_glyph_dsc_t glyph_dsc[] = {
    {.bitmap_index = 0, .adv_w = 0, .box_w = 0, .box_h = 0, .ofs_x = 0, .ofs_y = 0} /* id = 0 reserved */,
    {.bitmap_index = 0, .adv_w = 83, .box_w = 0, .box_h = 0, .ofs_x = 0, .ofs_y = 0},
    {.bitmap_index = 0, .adv_w = 87, .box_w = 4, .box_h = 14, .ofs_x = 1, .ofs_y = 0},
    {.bitmap_index = 27, .adv_w = 137, .box_w = 7, .box_h = 6, .ofs_x = 1, .ofs_y = 8},
    {.bitmap_index = 49, .adv_w = 207, .box_w = 13, .box_h = 14, .ofs_x = 0, .ofs_y = 0},
    {.bitmap_index = 133, .adv_w = 183, .box_w = 10, .box_h = 17, .ofs_x = 1, .ofs_y = -2},
    {.bitmap_index = 205, .adv_w = 273, .box_w = 17, .box_h = 14, .ofs_x = 0, .ofs_y = 0},
    {.bitmap_index = 314, .adv_w = 236, .box_w = 15, .box_h = 14, .ofs_x = 0, .ofs_y = 0},
    {.bitmap_index = 406, .adv_w = 76, .box_w = 3, .box_h = 6, .ofs_x = 1, .ofs_y = 8},
    {.bitmap_index = 415, .adv_w = 100, .box_w = 6, .box_h = 18, .ofs_x = 0, .ofs_y = -4},
    {.bitmap_index = 465, .adv_w = 100, .box_w = 6, .box_h = 18, .ofs_x = 0, .ofs_y = -4},
    {.bitmap_index = 516, .adv_w = 175, .box_w = 11, .box_h = 10, .ofs_x = 0, .ofs_y = 5},
    {.bitmap_index = 566, .adv_w = 183, .box_w = 11, .box_h = 10, .ofs_x = 0, .ofs_y = 2},
    {.bitmap_index = 593, .adv_w = 87, .box_w = 5, .box_h = 5, .ofs_x = 0, .ofs_y = -3},
    {.bitmap_index = 606, .adv_w = 103, .box_w = 6, .box_h = 2, .ofs_x = 0, .ofs_y = 4},
    {.bitmap_index = 611, .adv_w = 87, .box_w = 4, .box_h = 3, .ofs_x = 1, .ofs_y = 0},
    {.bitmap_index = 617, .adv_w = 123, .box_w = 8, .box_h = 14, .ofs_x = 0, .ofs_y = 0},
    {.bitmap_index = 662, .adv_w = 183, .box_w = 11, .box_h = 14, .ofs_x = 0, .ofs_y = 0},
    {.bitmap_index = 733, .adv_w = 183, .box_w = 7, .box_h = 14, .ofs_x = 1, .ofs_y = 0},
    {.bitmap_index = 754, .adv_w = 183, .box_w = 11, .box_h = 14, .ofs_x = 0, .ofs_y = 0},
    {.bitmap_index = 815, .adv_w = 183, .box_w = 11, .box_h = 14, .ofs_x = 0, .ofs_y = 0},
    {.bitmap_index = 883, .adv_w = 183, .box_w = 12, .box_h = 14, .ofs_x = 0, .ofs_y = 0},
    {.bitmap_index = 936, .adv_w = 183, .box_w = 10, .box_h = 14, .ofs_x = 1, .ofs_y = 0},
    {.bitmap_index = 995, .adv_w = 183, .box_w = 11, .box_h = 14, .ofs_x = 0, .ofs_y = 0},
    {.bitmap_index = 1067, .adv_w = 183, .box_w = 11, .box_h = 14, .ofs_x = 0, .ofs_y = 0},
    {.bitmap_index = 1119, .adv_w = 183, .box_w = 11, .box_h = 14, .ofs_x = 0, .ofs_y = 0},
    {.bitmap_index = 1195, .adv_w = 183, .box_w = 11, .box_h = 14, .ofs_x = 0, .ofs_y = 0},
    {.bitmap_index = 1268, .adv_w = 87, .box_w = 4, .box_h = 11, .ofs_x = 1, .ofs_y = 0},
    {.bitmap_index = 1285, .adv_w = 87, .box_w = 5, .box_h = 14, .ofs_x = 0, .ofs_y = -3},
    {.bitmap_index = 1311, .adv_w = 183, .box_w = 11, .box_h = 11, .ofs_x = 0, .ofs_y = 2},
    {.bitmap_index = 1359, .adv_w = 183, .box_w = 10, .box_h = 6, .ofs_x = 1, .ofs_y = 4},
    {.bitmap_index = 1374, .adv_w = 183, .box_w = 11, .box_h = 11, .ofs_x = 0, .ofs_y = 2},
    {.bitmap_index = 1423, .adv_w = 143, .box_w = 9, .box_h = 14, .ofs_x = 0, .ofs_y = 0},
    {.bitmap_index = 1477, .adv_w = 288, .box_w = 16, .box_h = 16, .ofs_x = 1, .ofs_y = -2},
    {.bitmap_index = 1600, .adv_w = 210, .box_w = 14, .box_h = 14, .ofs_x = 0, .ofs_y = 0},
    {.bitmap_index = 1675, .adv_w = 209, .box_w = 12, .box_h = 14, .ofs_x = 1, .ofs_y = 0},
    {.bitmap_index = 1738, .adv_w = 203, .box_w = 12, .box_h = 14, .ofs_x = 1, .ofs_y = 0},
    {.bitmap_index = 1802, .adv_w = 234, .box_w = 13, .box_h = 14, .ofs_x = 1, .ofs_y = 0},
    {.bitmap_index = 1867, .adv_w = 178, .box_w = 9, .box_h = 14, .ofs_x = 1, .ofs_y = 0},
    {.bitmap_index = 1898, .adv_w = 169, .box_w = 9, .box_h = 14, .ofs_x = 1, .ofs_y = 0},
    {.bitmap_index = 1922, .adv_w = 233, .box_w = 13, .box_h = 14, .ofs_x = 1, .ofs_y = 0},
    {.bitmap_index = 1995, .adv_w = 239, .box_w = 13, .box_h = 14, .ofs_x = 1, .ofs_y = 0},
    {.bitmap_index = 2017, .adv_w = 113, .box_w = 7, .box_h = 14, .ofs_x = 0, .ofs_y = 0},
    {.bitmap_index = 2037, .adv_w = 93, .box_w = 6, .box_h = 18, .ofs_x = -2, .ofs_y = -4},
    {.bitmap_index = 2055, .adv_w = 202, .box_w = 12, .box_h = 14, .ofs_x = 1, .ofs_y = 0},
    {.bitmap_index = 2115, .adv_w = 171, .box_w = 10, .box_h = 14, .ofs_x = 1, .ofs_y = 0},
    {.bitmap_index = 2129, .adv_w = 294, .box_w = 16, .box_h = 14, .ofs_x = 1, .ofs_y = 0},
    {.bitmap_index = 2210, .adv_w = 248, .box_w = 13, .box_h = 14, .ofs_x = 1, .ofs_y = 0},
    {.bitmap_index = 2268, .adv_w = 251, .box_w = 14, .box_h = 14, .ofs_x = 1, .ofs_y = 0},
    {.bitmap_index = 2350, .adv_w = 195, .box_w = 11, .box_h = 14, .ofs_x = 1, .ofs_y = 0},
    {.bitmap_index = 2396, .adv_w = 251, .box_w = 14, .box_h = 17, .ofs_x = 1, .ofs_y = -3},
    {.bitmap_index = 2492, .adv_w = 202, .box_w = 12, .box_h = 14, .ofs_x = 1, .ofs_y = 0},
    {.bitmap_index = 2552, .adv_w = 176, .box_w = 10, .box_h = 14, .ofs_x = 1, .ofs_y = 0},
    {.bitmap_index = 2615, .adv_w = 180, .box_w = 11, .box_h = 14, .ofs_x = 0, .ofs_y = 0},
    {.bitmap_index = 2634, .adv_w = 236, .box_w = 12, .box_h = 14, .ofs_x = 1, .ofs_y = 0},
    {.bitmap_index = 2673, .adv_w = 197, .box_w = 13, .box_h = 14, .ofs_x = 0, .ofs_y = 0},
    {.bitmap_index = 2748, .adv_w = 301, .box_w = 19, .box_h = 14, .ofs_x = 0, .ofs_y = 0},
    {.bitmap_index = 2869, .adv_w = 196, .box_w = 13, .box_h = 14, .ofs_x = 0, .ofs_y = 0},
    {.bitmap_index = 2947, .adv_w = 187, .box_w = 12, .box_h = 14, .ofs_x = 0, .ofs_y = 0},
    {.bitmap_index = 2999, .adv_w = 184, .box_w = 11, .box_h = 14, .ofs_x = 0, .ofs_y = 0},
    {.bitmap_index = 3054, .adv_w = 106, .box_w = 6, .box_h = 18, .ofs_x = 1, .ofs_y = -4},
    {.bitmap_index = 3072, .adv_w = 123, .box_w = 8, .box_h = 14, .ofs_x = 0, .ofs_y = 0},
    {.bitmap_index = 3116, .adv_w = 106, .box_w = 6, .box_h = 18, .ofs_x = 0, .ofs_y = -4},
    {.bitmap_index = 3134, .adv_w = 183, .box_w = 11, .box_h = 9, .ofs_x = 0, .ofs_y = 5},
    {.bitmap_index = 3176, .adv_w = 139, .box_w = 10, .box_h = 3, .ofs_x = -1, .ofs_y = -4},
    {.bitmap_index = 3185, .adv_w = 98, .box_w = 6, .box_h = 3, .ofs_x = 0, .ofs_y = 12},
    {.bitmap_index = 3194, .adv_w = 183, .box_w = 10, .box_h = 11, .ofs_x = 0, .ofs_y = 0},
    {.bitmap_index = 3248, .adv_w = 198, .box_w = 11, .box_h = 15, .ofs_x = 1, .ofs_y = 0},
    {.bitmap_index = 3308, .adv_w = 157, .box_w = 9, .box_h = 11, .ofs_x = 1, .ofs_y = 0},
    {.bitmap_index = 3353, .adv_w = 198, .box_w = 10, .box_h = 15, .ofs_x = 1, .ofs_y = 0},
    {.bitmap_index = 3409, .adv_w = 184, .box_w = 10, .box_h = 11, .ofs_x = 1, .ofs_y = 0},
    {.bitmap_index = 3460, .adv_w = 114, .box_w = 8, .box_h = 15, .ofs_x = 0, .ofs_y = 0},
    {.bitmap_index = 3491, .adv_w = 198, .box_w = 10, .box_h = 16, .ofs_x = 1, .ofs_y = -5},
    {.bitmap_index = 3567, .adv_w = 201, .box_w = 10, .box_h = 15, .ofs_x = 1, .ofs_y = 0},
    {.bitmap_index = 3599, .adv_w = 86, .box_w = 3, .box_h = 15, .ofs_x = 1, .ofs_y = 0},
    {.bitmap_index = 3610, .adv_w = 86, .box_w = 6, .box_h = 20, .ofs_x = -2, .ofs_y = -5},
    {.bitmap_index = 3635, .adv_w = 179, .box_w = 11, .box_h = 15, .ofs_x = 1, .ofs_y = 0},
    {.bitmap_index = 3683, .adv_w = 86, .box_w = 3, .box_h = 15, .ofs_x = 1, .ofs_y = 0},
    {.bitmap_index = 3688, .adv_w = 303, .box_w = 17, .box_h = 11, .ofs_x = 1, .ofs_y = 0},
    {.bitmap_index = 3740, .adv_w = 201, .box_w = 10, .box_h = 11, .ofs_x = 1, .ofs_y = 0},
    {.bitmap_index = 3769, .adv_w = 196, .box_w = 11, .box_h = 11, .ofs_x = 1, .ofs_y = 0},
    {.bitmap_index = 3828, .adv_w = 198, .box_w = 11, .box_h = 16, .ofs_x = 1, .ofs_y = -5},
    {.bitmap_index = 3892, .adv_w = 198, .box_w = 10, .box_h = 16, .ofs_x = 1, .ofs_y = -5},
    {.bitmap_index = 3951, .adv_w = 135, .box_w = 8, .box_h = 11, .ofs_x = 1, .ofs_y = 0},
    {.bitmap_index = 3973, .adv_w = 156, .box_w = 9, .box_h = 11, .ofs_x = 0, .ofs_y = 0},
    {.bitmap_index = 4021, .adv_w = 123, .box_w = 8, .box_h = 14, .ofs_x = 0, .ofs_y = 0},
    {.bitmap_index = 4055, .adv_w = 201, .box_w = 10, .box_h = 11, .ofs_x = 1, .ofs_y = 0},
    {.bitmap_index = 4084, .adv_w = 169, .box_w = 11, .box_h = 11, .ofs_x = 0, .ofs_y = 0},
    {.bitmap_index = 4138, .adv_w = 258, .box_w = 16, .box_h = 11, .ofs_x = 0, .ofs_y = 0},
    {.bitmap_index = 4224, .adv_w = 174, .box_w = 11, .box_h = 11, .ofs_x = 0, .ofs_y = 0},
    {.bitmap_index = 4281, .adv_w = 169, .box_w = 11, .box_h = 16, .ofs_x = 0, .ofs_y = -5},
    {.bitmap_index = 4355, .adv_w = 153, .box_w = 9, .box_h = 11, .ofs_x = 0, .ofs_y = 0},
    {.bitmap_index = 4397, .adv_w = 123, .box_w = 7, .box_h = 18, .ofs_x = 0, .ofs_y = -4},
    {.bitmap_index = 4446, .adv_w = 176, .box_w = 3, .box_h = 20, .ofs_x = 4, .ofs_y = -5},
    {.bitmap_index = 4451, .adv_w = 123, .box_w = 8, .box_h = 18, .ofs_x = 0, .ofs_y = -4},
    {.bitmap_index = 4505, .adv_w = 183, .box_w = 11, .box_h = 3, .ofs_x = 0, .ofs_y = 6},
    {.bitmap_index = 4522, .adv_w = 83, .box_w = 0, .box_h = 0, .ofs_x = 0, .ofs_y = 0},
    {.bitmap_index = 4522, .adv_w = 88, .box_w = 4, .box_h = 15, .ofs_x = 1, .ofs_y = -4},
    {.bitmap_index = 4549, .adv_w = 183, .box_w = 9, .box_h = 14, .ofs_x = 1, .ofs_y = 0},
    {.bitmap_index = 4604, .adv_w = 183, .box_w = 11, .box_h = 14, .ofs_x = 0, .ofs_y = 0},
    {.bitmap_index = 4663, .adv_w = 183, .box_w = 10, .box_h = 10, .ofs_x = 1, .ofs_y = 2},
    {.bitmap_index = 4709, .adv_w = 183, .box_w = 12, .box_h = 14, .ofs_x = 0, .ofs_y = 0},
    {.bitmap_index = 4783, .adv_w = 176, .box_w = 3, .box_h = 20, .ofs_x = 4, .ofs_y = -5},
    {.bitmap_index = 4799, .adv_w = 162, .box_w = 8, .box_h = 15, .ofs_x = 1, .ofs_y = 0},
    {.bitmap_index = 4858, .adv_w = 187, .box_w = 7, .box_h = 3, .ofs_x = 2, .ofs_y = 13},
    {.bitmap_index = 4869, .adv_w = 266, .box_w = 16, .box_h = 16, .ofs_x = 0, .ofs_y = -1},
    {.bitmap_index = 4984, .adv_w = 116, .box_w = 7, .box_h = 6, .ofs_x = 0, .ofs_y = 8},
    {.bitmap_index = 5005, .adv_w = 173, .box_w = 11, .box_h = 9, .ofs_x = 0, .ofs_y = 1},
    {.bitmap_index = 5052, .adv_w = 183, .box_w = 11, .box_h = 6, .ofs_x = 0, .ofs_y = 2},
    {.bitmap_index = 5066, .adv_w = 103, .box_w = 6, .box_h = 2, .ofs_x = 0, .ofs_y = 4},
    {.bitmap_index = 5071, .adv_w = 266, .box_w = 16, .box_h = 16, .ofs_x = 0, .ofs_y = -1},
    {.bitmap_index = 5184, .adv_w = 160, .box_w = 12, .box_h = 2, .ofs_x = -1, .ofs_y = 15},
    {.bitmap_index = 5191, .adv_w = 137, .box_w = 7, .box_h = 8, .ofs_x = 1, .ofs_y = 7},
    {.bitmap_index = 5217, .adv_w = 183, .box_w = 11, .box_h = 12, .ofs_x = 0, .ofs_y = 0},
    {.bitmap_index = 5251, .adv_w = 115, .box_w = 7, .box_h = 9, .ofs_x = 0, .ofs_y = 8},
    {.bitmap_index = 5281, .adv_w = 115, .box_w = 7, .box_h = 10, .ofs_x = 0, .ofs_y = 8},
    {.bitmap_index = 5315, .adv_w = 98, .box_w = 6, .box_h = 3, .ofs_x = 0, .ofs_y = 12},
    {.bitmap_index = 5325, .adv_w = 202, .box_w = 10, .box_h = 16, .ofs_x = 1, .ofs_y = -5},
    {.bitmap_index = 5361, .adv_w = 209, .box_w = 11, .box_h = 18, .ofs_x = 1, .ofs_y = -3},
    {.bitmap_index = 5404, .adv_w = 87, .box_w = 4, .box_h = 3, .ofs_x = 1, .ofs_y = 6},
    {.bitmap_index = 5410, .adv_w = 76, .box_w = 5, .box_h = 6, .ofs_x = 0, .ofs_y = -6},
    {.bitmap_index = 5426, .adv_w = 115, .box_w = 6, .box_h = 9, .ofs_x = 0, .ofs_y = 8},
    {.bitmap_index = 5443, .adv_w = 121, .box_w = 7, .box_h = 8, .ofs_x = 0, .ofs_y = 6},
    {.bitmap_index = 5472, .adv_w = 173, .box_w = 11, .box_h = 9, .ofs_x = 0, .ofs_y = 1},
    {.bitmap_index = 5520, .adv_w = 246, .box_w = 16, .box_h = 15, .ofs_x = 0, .ofs_y = 0},
    {.bitmap_index = 5615, .adv_w = 256, .box_w = 16, .box_h = 15, .ofs_x = 0, .ofs_y = -1},
    {.bitmap_index = 5714, .adv_w = 256, .box_w = 16, .box_h = 15, .ofs_x = 0, .ofs_y = 0},
    {.bitmap_index = 5822, .adv_w = 143, .box_w = 9, .box_h = 15, .ofs_x = 0, .ofs_y = -4},
    {.bitmap_index = 5877, .adv_w = 210, .box_w = 14, .box_h = 19, .ofs_x = 0, .ofs_y = 0},
    {.bitmap_index = 5973, .adv_w = 210, .box_w = 14, .box_h = 19, .ofs_x = 0, .ofs_y = 0},
    {.bitmap_index = 6068, .adv_w = 210, .box_w = 14, .box_h = 19, .ofs_x = 0, .ofs_y = 0},
    {.bitmap_index = 6166, .adv_w = 210, .box_w = 14, .box_h = 19, .ofs_x = 0, .ofs_y = 0},
    {.bitmap_index = 6269, .adv_w = 210, .box_w = 14, .box_h = 19, .ofs_x = 0, .ofs_y = 0},
    {.bitmap_index = 6366, .adv_w = 210, .box_w = 14, .box_h = 18, .ofs_x = 0, .ofs_y = 0},
    {.bitmap_index = 6460, .adv_w = 289, .box_w = 18, .box_h = 14, .ofs_x = -1, .ofs_y = 0},
    {.bitmap_index = 6543, .adv_w = 203, .box_w = 12, .box_h = 19, .ofs_x = 1, .ofs_y = -5},
    {.bitmap_index = 6629, .adv_w = 178, .box_w = 9, .box_h = 19, .ofs_x = 1, .ofs_y = 0},
    {.bitmap_index = 6677, .adv_w = 178, .box_w = 9, .box_h = 19, .ofs_x = 1, .ofs_y = 0},
    {.bitmap_index = 6726, .adv_w = 178, .box_w = 9, .box_h = 19, .ofs_x = 1, .ofs_y = 0},
    {.bitmap_index = 6779, .adv_w = 178, .box_w = 9, .box_h = 19, .ofs_x = 1, .ofs_y = 0},
    {.bitmap_index = 6829, .adv_w = 113, .box_w = 7, .box_h = 19, .ofs_x = 0, .ofs_y = 0},
    {.bitmap_index = 6864, .adv_w = 113, .box_w = 7, .box_h = 19, .ofs_x = 0, .ofs_y = 0},
    {.bitmap_index = 6900, .adv_w = 113, .box_w = 9, .box_h = 19, .ofs_x = -1, .ofs_y = 0},
    {.bitmap_index = 6946, .adv_w = 113, .box_w = 7, .box_h = 19, .ofs_x = 0, .ofs_y = 0},
    {.bitmap_index = 6981, .adv_w = 234, .box_w = 14, .box_h = 14, .ofs_x = 0, .ofs_y = 0},
    {.bitmap_index = 7057, .adv_w = 247, .box_w = 13, .box_h = 19, .ofs_x = 1, .ofs_y = 0},
    {.bitmap_index = 7143, .adv_w = 251, .box_w = 14, .box_h = 19, .ofs_x = 1, .ofs_y = 0},
    {.bitmap_index = 7242, .adv_w = 251, .box_w = 14, .box_h = 19, .ofs_x = 1, .ofs_y = 0},
    {.bitmap_index = 7341, .adv_w = 251, .box_w = 14, .box_h = 19, .ofs_x = 1, .ofs_y = 0},
    {.bitmap_index = 7445, .adv_w = 251, .box_w = 14, .box_h = 19, .ofs_x = 1, .ofs_y = 0},
    {.bitmap_index = 7550, .adv_w = 251, .box_w = 14, .box_h = 19, .ofs_x = 1, .ofs_y = 0},
    {.bitmap_index = 7653, .adv_w = 183, .box_w = 10, .box_h = 10, .ofs_x = 1, .ofs_y = 2},
    {.bitmap_index = 7701, .adv_w = 251, .box_w = 14, .box_h = 16, .ofs_x = 1, .ofs_y = -1},
    {.bitmap_index = 7806, .adv_w = 236, .box_w = 12, .box_h = 19, .ofs_x = 1, .ofs_y = 0},
    {.bitmap_index = 7863, .adv_w = 236, .box_w = 12, .box_h = 19, .ofs_x = 1, .ofs_y = 0},
    {.bitmap_index = 7920, .adv_w = 236, .box_w = 12, .box_h = 19, .ofs_x = 1, .ofs_y = 0},
    {.bitmap_index = 7981, .adv_w = 236, .box_w = 12, .box_h = 19, .ofs_x = 1, .ofs_y = 0},
    {.bitmap_index = 8042, .adv_w = 187, .box_w = 12, .box_h = 19, .ofs_x = 0, .ofs_y = 0},
    {.bitmap_index = 8114, .adv_w = 196, .box_w = 11, .box_h = 14, .ofs_x = 1, .ofs_y = 0},
    {.bitmap_index = 8166, .adv_w = 209, .box_w = 12, .box_h = 15, .ofs_x = 1, .ofs_y = 0},
    {.bitmap_index = 8236, .adv_w = 183, .box_w = 10, .box_h = 15, .ofs_x = 0, .ofs_y = 0},
    {.bitmap_index = 8304, .adv_w = 183, .box_w = 10, .box_h = 15, .ofs_x = 0, .ofs_y = 0},
    {.bitmap_index = 8372, .adv_w = 183, .box_w = 10, .box_h = 15, .ofs_x = 0, .ofs_y = 0},
    {.bitmap_index = 8445, .adv_w = 183, .box_w = 10, .box_h = 15, .ofs_x = 0, .ofs_y = 0},
    {.bitmap_index = 8520, .adv_w = 183, .box_w = 10, .box_h = 14, .ofs_x = 0, .ofs_y = 0},
    {.bitmap_index = 8589, .adv_w = 183, .box_w = 10, .box_h = 17, .ofs_x = 0, .ofs_y = 0},
    {.bitmap_index = 8667, .adv_w = 282, .box_w = 17, .box_h = 11, .ofs_x = 0, .ofs_y = 0},
    {.bitmap_index = 8756, .adv_w = 157, .box_w = 9, .box_h = 16, .ofs_x = 1, .ofs_y = -5},
    {.bitmap_index = 8820, .adv_w = 184, .box_w = 10, .box_h = 15, .ofs_x = 1, .ofs_y = 0},
    {.bitmap_index = 8885, .adv_w = 184, .box_w = 10, .box_h = 15, .ofs_x = 1, .ofs_y = 0},
    {.bitmap_index = 8950, .adv_w = 184, .box_w = 10, .box_h = 15, .ofs_x = 1, .ofs_y = 0},
    {.bitmap_index = 9019, .adv_w = 184, .box_w = 10, .box_h = 14, .ofs_x = 1, .ofs_y = 0},
    {.bitmap_index = 9083, .adv_w = 86, .box_w = 6, .box_h = 15, .ofs_x = -1, .ofs_y = 0},
    {.bitmap_index = 9101, .adv_w = 86, .box_w = 5, .box_h = 15, .ofs_x = 1, .ofs_y = 0},
    {.bitmap_index = 9116, .adv_w = 86, .box_w = 8, .box_h = 15, .ofs_x = -1, .ofs_y = 0},
    {.bitmap_index = 9140, .adv_w = 86, .box_w = 7, .box_h = 14, .ofs_x = -1, .ofs_y = 0},
    {.bitmap_index = 9157, .adv_w = 196, .box_w = 11, .box_h = 16, .ofs_x = 1, .ofs_y = 0},
    {.bitmap_index = 9240, .adv_w = 201, .box_w = 10, .box_h = 15, .ofs_x = 1, .ofs_y = 0},
    {.bitmap_index = 9289, .adv_w = 196, .box_w = 11, .box_h = 15, .ofs_x = 1, .ofs_y = 0},
    {.bitmap_index = 9363, .adv_w = 196, .box_w = 11, .box_h = 15, .ofs_x = 1, .ofs_y = 0},
    {.bitmap_index = 9437, .adv_w = 196, .box_w = 11, .box_h = 15, .ofs_x = 1, .ofs_y = 0},
    {.bitmap_index = 9516, .adv_w = 196, .box_w = 11, .box_h = 15, .ofs_x = 1, .ofs_y = 0},
    {.bitmap_index = 9596, .adv_w = 196, .box_w = 11, .box_h = 14, .ofs_x = 1, .ofs_y = 0},
    {.bitmap_index = 9670, .adv_w = 183, .box_w = 11, .box_h = 10, .ofs_x = 0, .ofs_y = 2},
    {.bitmap_index = 9704, .adv_w = 195, .box_w = 11, .box_h = 13, .ofs_x = 1, .ofs_y = -1},
    {.bitmap_index = 9774, .adv_w = 201, .box_w = 10, .box_h = 15, .ofs_x = 1, .ofs_y = 0},
    {.bitmap_index = 9818, .adv_w = 201, .box_w = 10, .box_h = 15, .ofs_x = 1, .ofs_y = 0},
    {.bitmap_index = 9862, .adv_w = 201, .box_w = 10, .box_h = 15, .ofs_x = 1, .ofs_y = 0},
    {.bitmap_index = 9909, .adv_w = 201, .box_w = 10, .box_h = 14, .ofs_x = 1, .ofs_y = 0},
    {.bitmap_index = 9953, .adv_w = 169, .box_w = 11, .box_h = 20, .ofs_x = 0, .ofs_y = -5},
    {.bitmap_index = 10043, .adv_w = 198, .box_w = 11, .box_h = 20, .ofs_x = 1, .ofs_y = -5},
    {.bitmap_index = 10110, .adv_w = 169, .box_w = 11, .box_h = 19, .ofs_x = 0, .ofs_y = -5},
    {.bitmap_index = 10200, .adv_w = 210, .box_w = 14, .box_h = 17, .ofs_x = 0, .ofs_y = 0},
    {.bitmap_index = 10288, .adv_w = 183, .box_w = 10, .box_h = 14, .ofs_x = 0, .ofs_y = 0},
    {.bitmap_index = 10353, .adv_w = 210, .box_w = 14, .box_h = 19, .ofs_x = 0, .ofs_y = 0},
    {.bitmap_index = 10454, .adv_w = 183, .box_w = 10, .box_h = 15, .ofs_x = 0, .ofs_y = 0},
    {.bitmap_index = 10526, .adv_w = 210, .box_w = 14, .box_h = 19, .ofs_x = 0, .ofs_y = -5},
    {.bitmap_index = 10622, .adv_w = 183, .box_w = 11, .box_h = 16, .ofs_x = 0, .ofs_y = -5},
    {.bitmap_index = 10699, .adv_w = 203, .box_w = 12, .box_h = 19, .ofs_x = 1, .ofs_y = 0},
    {.bitmap_index = 10779, .adv_w = 157, .box_w = 9, .box_h = 15, .ofs_x = 1, .ofs_y = 0},
    {.bitmap_index = 10837, .adv_w = 203, .box_w = 12, .box_h = 19, .ofs_x = 1, .ofs_y = 0},
    {.bitmap_index = 10921, .adv_w = 157, .box_w = 9, .box_h = 15, .ofs_x = 1, .ofs_y = 0},
    {.bitmap_index = 10983, .adv_w = 203, .box_w = 12, .box_h = 19, .ofs_x = 1, .ofs_y = 0},
    {.bitmap_index = 11062, .adv_w = 157, .box_w = 9, .box_h = 15, .ofs_x = 1, .ofs_y = 0},
    {.bitmap_index = 11119, .adv_w = 203, .box_w = 12, .box_h = 19, .ofs_x = 1, .ofs_y = 0},
    {.bitmap_index = 11204, .adv_w = 157, .box_w = 9, .box_h = 15, .ofs_x = 1, .ofs_y = 0},
    {.bitmap_index = 11266, .adv_w = 234, .box_w = 13, .box_h = 19, .ofs_x = 1, .ofs_y = 0},
    {.bitmap_index = 11356, .adv_w = 198, .box_w = 14, .box_h = 15, .ofs_x = 1, .ofs_y = 0},
    {.bitmap_index = 11431, .adv_w = 234, .box_w = 14, .box_h = 14, .ofs_x = 0, .ofs_y = 0},
    {.bitmap_index = 11507, .adv_w = 200, .box_w = 12, .box_h = 15, .ofs_x = 1, .ofs_y = 0},
    {.bitmap_index = 11580, .adv_w = 178, .box_w = 9, .box_h = 17, .ofs_x = 1, .ofs_y = 0},
    {.bitmap_index = 11621, .adv_w = 184, .box_w = 10, .box_h = 14, .ofs_x = 1, .ofs_y = 0},
    {.bitmap_index = 11682, .adv_w = 178, .box_w = 9, .box_h = 19, .ofs_x = 1, .ofs_y = 0},
    {.bitmap_index = 11735, .adv_w = 184, .box_w = 10, .box_h = 15, .ofs_x = 1, .ofs_y = 0},
    {.bitmap_index = 11803, .adv_w = 178, .box_w = 9, .box_h = 19, .ofs_x = 1, .ofs_y = 0},
    {.bitmap_index = 11849, .adv_w = 184, .box_w = 10, .box_h = 15, .ofs_x = 1, .ofs_y = 0},
    {.bitmap_index = 11913, .adv_w = 178, .box_w = 9, .box_h = 19, .ofs_x = 1, .ofs_y = -5},
    {.bitmap_index = 11961, .adv_w = 183, .box_w = 10, .box_h = 16, .ofs_x = 1, .ofs_y = -5},
    {.bitmap_index = 12031, .adv_w = 178, .box_w = 9, .box_h = 19, .ofs_x = 1, .ofs_y = 0},
    {.bitmap_index = 12083, .adv_w = 184, .box_w = 10, .box_h = 15, .ofs_x = 1, .ofs_y = 0},
    {.bitmap_index = 12152, .adv_w = 233, .box_w = 13, .box_h = 19, .ofs_x = 1, .ofs_y = 0},
    {.bitmap_index = 12247, .adv_w = 198, .box_w = 10, .box_h = 20, .ofs_x = 1, .ofs_y = -5},
    {.bitmap_index = 12342, .adv_w = 233, .box_w = 13, .box_h = 19, .ofs_x = 1, .ofs_y = 0},
    {.bitmap_index = 12438, .adv_w = 198, .box_w = 10, .box_h = 20, .ofs_x = 1, .ofs_y = -5},
    {.bitmap_index = 12533, .adv_w = 233, .box_w = 13, .box_h = 19, .ofs_x = 1, .ofs_y = 0},
    {.bitmap_index = 12623, .adv_w = 198, .box_w = 10, .box_h = 20, .ofs_x = 1, .ofs_y = -5},
    {.bitmap_index = 12713, .adv_w = 233, .box_w = 13, .box_h = 19, .ofs_x = 1, .ofs_y = -5},
    {.bitmap_index = 12808, .adv_w = 198, .box_w = 10, .box_h = 20, .ofs_x = 1, .ofs_y = -5},
    {.bitmap_index = 12897, .adv_w = 239, .box_w = 13, .box_h = 19, .ofs_x = 1, .ofs_y = 0},
    {.bitmap_index = 12943, .adv_w = 201, .box_w = 12, .box_h = 20, .ofs_x = -1, .ofs_y = 0},
    {.bitmap_index = 13002, .adv_w = 239, .box_w = 15, .box_h = 14, .ofs_x = 0, .ofs_y = 0},
    {.bitmap_index = 13050, .adv_w = 202, .box_w = 11, .box_h = 15, .ofs_x = 0, .ofs_y = 0},
    {.bitmap_index = 13097, .adv_w = 113, .box_w = 9, .box_h = 19, .ofs_x = -1, .ofs_y = 0},
    {.bitmap_index = 13145, .adv_w = 86, .box_w = 9, .box_h = 15, .ofs_x = -2, .ofs_y = 0},
    {.bitmap_index = 13172, .adv_w = 113, .box_w = 7, .box_h = 17, .ofs_x = 0, .ofs_y = 0},
    {.bitmap_index = 13199, .adv_w = 86, .box_w = 7, .box_h = 14, .ofs_x = -1, .ofs_y = 0},
    {.bitmap_index = 13213, .adv_w = 113, .box_w = 7, .box_h = 19, .ofs_x = 0, .ofs_y = 0},
    {.bitmap_index = 13250, .adv_w = 86, .box_w = 8, .box_h = 15, .ofs_x = -1, .ofs_y = 0},
    {.bitmap_index = 13273, .adv_w = 113, .box_w = 7, .box_h = 19, .ofs_x = 0, .ofs_y = -5},
    {.bitmap_index = 13310, .adv_w = 86, .box_w = 5, .box_h = 20, .ofs_x = 0, .ofs_y = -5},
    {.bitmap_index = 13339, .adv_w = 113, .box_w = 7, .box_h = 19, .ofs_x = 0, .ofs_y = 0},
    {.bitmap_index = 13372, .adv_w = 86, .box_w = 3, .box_h = 11, .ofs_x = 1, .ofs_y = 0},
    {.bitmap_index = 13377, .adv_w = 206, .box_w = 12, .box_h = 18, .ofs_x = 0, .ofs_y = -4},
    {.bitmap_index = 13426, .adv_w = 174, .box_w = 9, .box_h = 20, .ofs_x = 1, .ofs_y = -5},
    {.bitmap_index = 13469, .adv_w = 93, .box_w = 9, .box_h = 23, .ofs_x = -2, .ofs_y = -4},
    {.bitmap_index = 13515, .adv_w = 86, .box_w = 9, .box_h = 20, .ofs_x = -2, .ofs_y = -5},
    {.bitmap_index = 13553, .adv_w = 202, .box_w = 12, .box_h = 19, .ofs_x = 1, .ofs_y = -5},
    {.bitmap_index = 13633, .adv_w = 179, .box_w = 11, .box_h = 20, .ofs_x = 1, .ofs_y = -5},
    {.bitmap_index = 13700, .adv_w = 179, .box_w = 11, .box_h = 11, .ofs_x = 1, .ofs_y = 0},
    {.bitmap_index = 13746, .adv_w = 171, .box_w = 10, .box_h = 19, .ofs_x = 1, .ofs_y = 0},
    {.bitmap_index = 13779, .adv_w = 86, .box_w = 5, .box_h = 20, .ofs_x = 1, .ofs_y = 0},
    {.bitmap_index = 13797, .adv_w = 171, .box_w = 10, .box_h = 19, .ofs_x = 1, .ofs_y = -5},
    {.bitmap_index = 13828, .adv_w = 86, .box_w = 4, .box_h = 20, .ofs_x = 1, .ofs_y = -5},
    {.bitmap_index = 13843, .adv_w = 171, .box_w = 10, .box_h = 14, .ofs_x = 1, .ofs_y = 0},
    {.bitmap_index = 13869, .adv_w = 86, .box_w = 7, .box_h = 15, .ofs_x = 1, .ofs_y = 0},
    {.bitmap_index = 13887, .adv_w = 171, .box_w = 10, .box_h = 14, .ofs_x = 1, .ofs_y = 0},
    {.bitmap_index = 13912, .adv_w = 95, .box_w = 6, .box_h = 15, .ofs_x = 1, .ofs_y = 0},
    {.bitmap_index = 13930, .adv_w = 172, .box_w = 11, .box_h = 14, .ofs_x = 0, .ofs_y = 0},
    {.bitmap_index = 13967, .adv_w = 87, .box_w = 7, .box_h = 15, .ofs_x = -1, .ofs_y = 0},
    {.bitmap_index = 13993, .adv_w = 247, .box_w = 13, .box_h = 19, .ofs_x = 1, .ofs_y = 0},
    {.bitmap_index = 14072, .adv_w = 201, .box_w = 10, .box_h = 15, .ofs_x = 1, .ofs_y = 0},
    {.bitmap_index = 14116, .adv_w = 247, .box_w = 13, .box_h = 19, .ofs_x = 1, .ofs_y = -5},
    {.bitmap_index = 14194, .adv_w = 201, .box_w = 10, .box_h = 16, .ofs_x = 1, .ofs_y = -5},
    {.bitmap_index = 14241, .adv_w = 247, .box_w = 13, .box_h = 19, .ofs_x = 1, .ofs_y = 0},
    {.bitmap_index = 14324, .adv_w = 201, .box_w = 10, .box_h = 15, .ofs_x = 1, .ofs_y = 0},
    {.bitmap_index = 14371, .adv_w = 228, .box_w = 13, .box_h = 14, .ofs_x = 0, .ofs_y = 0},
    {.bitmap_index = 14422, .adv_w = 248, .box_w = 13, .box_h = 18, .ofs_x = 1, .ofs_y = -4},
    {.bitmap_index = 14500, .adv_w = 201, .box_w = 10, .box_h = 16, .ofs_x = 1, .ofs_y = -5},
    {.bitmap_index = 14542, .adv_w = 251, .box_w = 14, .box_h = 18, .ofs_x = 1, .ofs_y = 0},
    {.bitmap_index = 14637, .adv_w = 196, .box_w = 11, .box_h = 14, .ofs_x = 1, .ofs_y = 0},
    {.bitmap_index = 14708, .adv_w = 251, .box_w = 14, .box_h = 19, .ofs_x = 1, .ofs_y = 0},
    {.bitmap_index = 14812, .adv_w = 196, .box_w = 11, .box_h = 15, .ofs_x = 1, .ofs_y = 0},
    {.bitmap_index = 14890, .adv_w = 251, .box_w = 14, .box_h = 19, .ofs_x = 1, .ofs_y = 0},
    {.bitmap_index = 14997, .adv_w = 196, .box_w = 11, .box_h = 15, .ofs_x = 1, .ofs_y = 0},
    {.bitmap_index = 15076, .adv_w = 301, .box_w = 17, .box_h = 14, .ofs_x = 1, .ofs_y = 0},
    {.bitmap_index = 15158, .adv_w = 306, .box_w = 18, .box_h = 11, .ofs_x = 1, .ofs_y = 0},
    {.bitmap_index = 15252, .adv_w = 202, .box_w = 12, .box_h = 19, .ofs_x = 1, .ofs_y = 0},
    {.bitmap_index = 15331, .adv_w = 135, .box_w = 8, .box_h = 15, .ofs_x = 1, .ofs_y = 0},
    {.bitmap_index = 15367, .adv_w = 202, .box_w = 12, .box_h = 19, .ofs_x = 1, .ofs_y = -5},
    {.bitmap_index = 15448, .adv_w = 135, .box_w = 8, .box_h = 16, .ofs_x = 1, .ofs_y = -5},
    {.bitmap_index = 15485, .adv_w = 202, .box_w = 12, .box_h = 19, .ofs_x = 1, .ofs_y = 0},
    {.bitmap_index = 15569, .adv_w = 135, .box_w = 8, .box_h = 15, .ofs_x = 1, .ofs_y = 0},
    {.bitmap_index = 15608, .adv_w = 176, .box_w = 10, .box_h = 19, .ofs_x = 1, .ofs_y = 0},
    {.bitmap_index = 15687, .adv_w = 156, .box_w = 9, .box_h = 15, .ofs_x = 0, .ofs_y = 0},
    {.bitmap_index = 15748, .adv_w = 176, .box_w = 10, .box_h = 19, .ofs_x = 1, .ofs_y = 0},
    {.bitmap_index = 15832, .adv_w = 156, .box_w = 9, .box_h = 15, .ofs_x = 0, .ofs_y = 0},
    {.bitmap_index = 15897, .adv_w = 176, .box_w = 10, .box_h = 19, .ofs_x = 1, .ofs_y = -5},
    {.bitmap_index = 15980, .adv_w = 156, .box_w = 9, .box_h = 16, .ofs_x = 0, .ofs_y = -5},
    {.bitmap_index = 16048, .adv_w = 176, .box_w = 10, .box_h = 19, .ofs_x = 1, .ofs_y = 0},
    {.bitmap_index = 16131, .adv_w = 156, .box_w = 9, .box_h = 15, .ofs_x = 0, .ofs_y = 0},
    {.bitmap_index = 16196, .adv_w = 180, .box_w = 11, .box_h = 19, .ofs_x = 0, .ofs_y = -5},
    {.bitmap_index = 16233, .adv_w = 123, .box_w = 8, .box_h = 18, .ofs_x = 0, .ofs_y = -5},
    {.bitmap_index = 16283, .adv_w = 180, .box_w = 11, .box_h = 19, .ofs_x = 0, .ofs_y = 0},
    {.bitmap_index = 16326, .adv_w = 123, .box_w = 10, .box_h = 15, .ofs_x = 0, .ofs_y = 0},
    {.bitmap_index = 16371, .adv_w = 180, .box_w = 11, .box_h = 14, .ofs_x = 0, .ofs_y = 0},
    {.bitmap_index = 16406, .adv_w = 122, .box_w = 8, .box_h = 14, .ofs_x = 0, .ofs_y = 0},
    {.bitmap_index = 16453, .adv_w = 236, .box_w = 12, .box_h = 19, .ofs_x = 1, .ofs_y = 0},
    {.bitmap_index = 16516, .adv_w = 201, .box_w = 10, .box_h = 15, .ofs_x = 1, .ofs_y = 0},
    {.bitmap_index = 16565, .adv_w = 236, .box_w = 12, .box_h = 18, .ofs_x = 1, .ofs_y = 0},
    {.bitmap_index = 16619, .adv_w = 201, .box_w = 10, .box_h = 14, .ofs_x = 1, .ofs_y = 0},
    {.bitmap_index = 16659, .adv_w = 236, .box_w = 12, .box_h = 19, .ofs_x = 1, .ofs_y = 0},
    {.bitmap_index = 16720, .adv_w = 201, .box_w = 10, .box_h = 15, .ofs_x = 1, .ofs_y = 0},
    {.bitmap_index = 16768, .adv_w = 236, .box_w = 12, .box_h = 20, .ofs_x = 1, .ofs_y = 0},
    {.bitmap_index = 16831, .adv_w = 201, .box_w = 10, .box_h = 17, .ofs_x = 1, .ofs_y = 0},
    {.bitmap_index = 16884, .adv_w = 236, .box_w = 12, .box_h = 19, .ofs_x = 1, .ofs_y = 0},
    {.bitmap_index = 16948, .adv_w = 201, .box_w = 10, .box_h = 15, .ofs_x = 1, .ofs_y = 0},
    {.bitmap_index = 16998, .adv_w = 236, .box_w = 12, .box_h = 19, .ofs_x = 1, .ofs_y = -5},
    {.bitmap_index = 17058, .adv_w = 201, .box_w = 11, .box_h = 16, .ofs_x = 1, .ofs_y = -5},
    {.bitmap_index = 17108, .adv_w = 301, .box_w = 19, .box_h = 19, .ofs_x = 0, .ofs_y = 0},
    {.bitmap_index = 17259, .adv_w = 259, .box_w = 16, .box_h = 15, .ofs_x = 0, .ofs_y = 0},
    {.bitmap_index = 17368, .adv_w = 187, .box_w = 12, .box_h = 19, .ofs_x = 0, .ofs_y = 0},
    {.bitmap_index = 17445, .adv_w = 169, .box_w = 11, .box_h = 20, .ofs_x = 0, .ofs_y = -5},
    {.bitmap_index = 17539, .adv_w = 187, .box_w = 12, .box_h = 19, .ofs_x = 0, .ofs_y = 0},
    {.bitmap_index = 17613, .adv_w = 184, .box_w = 11, .box_h = 19, .ofs_x = 0, .ofs_y = 0},
    {.bitmap_index = 17687, .adv_w = 153, .box_w = 9, .box_h = 15, .ofs_x = 0, .ofs_y = 0},
    {.bitmap_index = 17743, .adv_w = 184, .box_w = 11, .box_h = 19, .ofs_x = 0, .ofs_y = 0},
    {.bitmap_index = 17814, .adv_w = 153, .box_w = 9, .box_h = 15, .ofs_x = 0, .ofs_y = 0},
    {.bitmap_index = 17868, .adv_w = 184, .box_w = 11, .box_h = 19, .ofs_x = 0, .ofs_y = 0},
    {.bitmap_index = 17947, .adv_w = 153, .box_w = 9, .box_h = 15, .ofs_x = 0, .ofs_y = 0},
    {.bitmap_index = 18006, .adv_w = 110, .box_w = 7, .box_h = 15, .ofs_x = 1, .ofs_y = 0},
    {.bitmap_index = 18024, .adv_w = 199, .box_w = 12, .box_h = 15, .ofs_x = 0, .ofs_y = 0},
    {.bitmap_index = 18100, .adv_w = 239, .box_w = 14, .box_h = 14, .ofs_x = 0, .ofs_y = 0},
    {.bitmap_index = 18174, .adv_w = 199, .box_w = 11, .box_h = 14, .ofs_x = 1, .ofs_y = 0},
    {.bitmap_index = 18222, .adv_w = 199, .box_w = 11, .box_h = 15, .ofs_x = 1, .ofs_y = 0},
    {.bitmap_index = 18290, .adv_w = 206, .box_w = 11, .box_h = 14, .ofs_x = 1, .ofs_y = 0},
    {.bitmap_index = 18337, .adv_w = 198, .box_w = 11, .box_h = 15, .ofs_x = 1, .ofs_y = 0},
    {.bitmap_index = 18397, .adv_w = 203, .box_w = 12, .box_h = 14, .ofs_x = 0, .ofs_y = 0},
    {.bitmap_index = 18462, .adv_w = 203, .box_w = 13, .box_h = 18, .ofs_x = 1, .ofs_y = 0},
    {.bitmap_index = 18548, .adv_w = 163, .box_w = 11, .box_h = 15, .ofs_x = 1, .ofs_y = 0},
    {.bitmap_index = 18614, .adv_w = 234, .box_w = 14, .box_h = 14, .ofs_x = 0, .ofs_y = 0},
    {.bitmap_index = 18690, .adv_w = 264, .box_w = 16, .box_h = 14, .ofs_x = 0, .ofs_y = 0},
    {.bitmap_index = 18769, .adv_w = 199, .box_w = 11, .box_h = 14, .ofs_x = 0, .ofs_y = 0},
    {.bitmap_index = 18819, .adv_w = 199, .box_w = 10, .box_h = 15, .ofs_x = 1, .ofs_y = 0},
    {.bitmap_index = 18885, .adv_w = 195, .box_w = 11, .box_h = 16, .ofs_x = 1, .ofs_y = -5},
    {.bitmap_index = 18966, .adv_w = 178, .box_w = 9, .box_h = 14, .ofs_x = 1, .ofs_y = 0},
    {.bitmap_index = 18997, .adv_w = 244, .box_w = 14, .box_h = 14, .ofs_x = 1, .ofs_y = 0},
    {.bitmap_index = 19077, .adv_w = 194, .box_w = 11, .box_h = 14, .ofs_x = 1, .ofs_y = 0},
    {.bitmap_index = 19146, .adv_w = 197, .box_w = 13, .box_h = 19, .ofs_x = -1, .ofs_y = -5},
    {.bitmap_index = 19197, .adv_w = 142, .box_w = 11, .box_h = 20, .ofs_x = -1, .ofs_y = -5},
    {.bitmap_index = 19254, .adv_w = 233, .box_w = 14, .box_h = 18, .ofs_x = 1, .ofs_y = 0},
    {.bitmap_index = 19347, .adv_w = 190, .box_w = 12, .box_h = 19, .ofs_x = 0, .ofs_y = -5},
    {.bitmap_index = 19440, .adv_w = 304, .box_w = 17, .box_h = 15, .ofs_x = 1, .ofs_y = 0},
    {.bitmap_index = 19504, .adv_w = 117, .box_w = 7, .box_h = 14, .ofs_x = 1, .ofs_y = 0},
    {.bitmap_index = 19520, .adv_w = 114, .box_w = 7, .box_h = 14, .ofs_x = 0, .ofs_y = 0},
    {.bitmap_index = 19554, .adv_w = 202, .box_w = 12, .box_h = 14, .ofs_x = 1, .ofs_y = 0},
    {.bitmap_index = 19613, .adv_w = 179, .box_w = 11, .box_h = 15, .ofs_x = 1, .ofs_y = 0},
    {.bitmap_index = 19674, .adv_w = 89, .box_w = 6, .box_h = 15, .ofs_x = 0, .ofs_y = 0},
    {.bitmap_index = 19692, .adv_w = 180, .box_w = 13, .box_h = 15, .ofs_x = -1, .ofs_y = 0},
    {.bitmap_index = 19770, .adv_w = 330, .box_w = 18, .box_h = 14, .ofs_x = 1, .ofs_y = 0},
    {.bitmap_index = 19825, .adv_w = 248, .box_w = 15, .box_h = 19, .ofs_x = -1, .ofs_y = -5},
    {.bitmap_index = 19912, .adv_w = 201, .box_w = 10, .box_h = 16, .ofs_x = 1, .ofs_y = -5},
    {.bitmap_index = 19945, .adv_w = 251, .box_w = 14, .box_h = 14, .ofs_x = 1, .ofs_y = 0},
    {.bitmap_index = 20029, .adv_w = 254, .box_w = 16, .box_h = 15, .ofs_x = 1, .ofs_y = 0},
    {.bitmap_index = 20130, .adv_w = 203, .box_w = 13, .box_h = 13, .ofs_x = 1, .ofs_y = 0},
    {.bitmap_index = 20208, .adv_w = 349, .box_w = 20, .box_h = 14, .ofs_x = 1, .ofs_y = 0},
    {.bitmap_index = 20313, .adv_w = 278, .box_w = 15, .box_h = 16, .ofs_x = 1, .ofs_y = -5},
    {.bitmap_index = 20394, .adv_w = 225, .box_w = 14, .box_h = 14, .ofs_x = 0, .ofs_y = 0},
    {.bitmap_index = 20453, .adv_w = 199, .box_w = 11, .box_h = 20, .ofs_x = 1, .ofs_y = -5},
    {.bitmap_index = 20532, .adv_w = 203, .box_w = 12, .box_h = 16, .ofs_x = 1, .ofs_y = -2},
    {.bitmap_index = 20600, .adv_w = 176, .box_w = 11, .box_h = 14, .ofs_x = 0, .ofs_y = 0},
    {.bitmap_index = 20667, .adv_w = 155, .box_w = 9, .box_h = 11, .ofs_x = 0, .ofs_y = 0},
    {.bitmap_index = 20714, .adv_w = 184, .box_w = 11, .box_h = 14, .ofs_x = 0, .ofs_y = 0},
    {.bitmap_index = 20770, .adv_w = 120, .box_w = 10, .box_h = 20, .ofs_x = -1, .ofs_y = -5},
    {.bitmap_index = 20812, .adv_w = 122, .box_w = 8, .box_h = 18, .ofs_x = 0, .ofs_y = -5},
    {.bitmap_index = 20858, .adv_w = 188, .box_w = 12, .box_h = 14, .ofs_x = 0, .ofs_y = 0},
    {.bitmap_index = 20885, .adv_w = 122, .box_w = 8, .box_h = 15, .ofs_x = 0, .ofs_y = 0},
    {.bitmap_index = 20926, .adv_w = 180, .box_w = 11, .box_h = 19, .ofs_x = 0, .ofs_y = -5},
    {.bitmap_index = 20956, .adv_w = 260, .box_w = 16, .box_h = 15, .ofs_x = 1, .ofs_y = 0},
    {.bitmap_index = 21021, .adv_w = 223, .box_w = 14, .box_h = 13, .ofs_x = 1, .ofs_y = 0},
    {.bitmap_index = 21074, .adv_w = 251, .box_w = 15, .box_h = 14, .ofs_x = 0, .ofs_y = 0},
    {.bitmap_index = 21163, .adv_w = 236, .box_w = 12, .box_h = 14, .ofs_x = 1, .ofs_y = 0},
    {.bitmap_index = 21226, .adv_w = 190, .box_w = 12, .box_h = 14, .ofs_x = 0, .ofs_y = 0},
    {.bitmap_index = 21278, .adv_w = 181, .box_w = 12, .box_h = 16, .ofs_x = 0, .ofs_y = -5},
    {.bitmap_index = 21355, .adv_w = 183, .box_w = 11, .box_h = 14, .ofs_x = 0, .ofs_y = 0},
    {.bitmap_index = 21415, .adv_w = 153, .box_w = 9, .box_h = 11, .ofs_x = 0, .ofs_y = 0},
    {.bitmap_index = 21460, .adv_w = 188, .box_w = 11, .box_h = 14, .ofs_x = 0, .ofs_y = 0},
    {.bitmap_index = 21524, .adv_w = 188, .box_w = 11, .box_h = 14, .ofs_x = 1, .ofs_y = 0},
    {.bitmap_index = 21587, .adv_w = 167, .box_w = 11, .box_h = 16, .ofs_x = 0, .ofs_y = -5},
    {.bitmap_index = 21658, .adv_w = 167, .box_w = 10, .box_h = 16, .ofs_x = 0, .ofs_y = -5},
    {.bitmap_index = 21728, .adv_w = 182, .box_w = 11, .box_h = 15, .ofs_x = 0, .ofs_y = 0},
    {.bitmap_index = 21797, .adv_w = 186, .box_w = 11, .box_h = 14, .ofs_x = 0, .ofs_y = 0},
    {.bitmap_index = 21854, .adv_w = 163, .box_w = 10, .box_h = 11, .ofs_x = 0, .ofs_y = 0},
    {.bitmap_index = 21900, .adv_w = 151, .box_w = 9, .box_h = 14, .ofs_x = 0, .ofs_y = 0},
    {.bitmap_index = 21953, .adv_w = 191, .box_w = 11, .box_h = 16, .ofs_x = 1, .ofs_y = -5},
    {.bitmap_index = 22009, .adv_w = 103, .box_w = 3, .box_h = 15, .ofs_x = 2, .ofs_y = 0},
    {.bitmap_index = 22014, .adv_w = 177, .box_w = 7, .box_h = 15, .ofs_x = 2, .ofs_y = 0},
    {.bitmap_index = 22024, .adv_w = 165, .box_w = 9, .box_h = 15, .ofs_x = 1, .ofs_y = 0},
    {.bitmap_index = 22061, .adv_w = 87, .box_w = 4, .box_h = 14, .ofs_x = 1, .ofs_y = 0},
    {.bitmap_index = 22088, .adv_w = 415, .box_w = 25, .box_h = 19, .ofs_x = 1, .ofs_y = 0},
    {.bitmap_index = 22247, .adv_w = 386, .box_w = 23, .box_h = 15, .ofs_x = 1, .ofs_y = 0},
    {.bitmap_index = 22376, .adv_w = 351, .box_w = 21, .box_h = 15, .ofs_x = 1, .ofs_y = 0},
    {.bitmap_index = 22497, .adv_w = 264, .box_w = 14, .box_h = 18, .ofs_x = 1, .ofs_y = -4},
    {.bitmap_index = 22537, .adv_w = 259, .box_w = 14, .box_h = 20, .ofs_x = 1, .ofs_y = -5},
    {.bitmap_index = 22588, .adv_w = 174, .box_w = 9, .box_h = 20, .ofs_x = 1, .ofs_y = -5},
    {.bitmap_index = 22626, .adv_w = 341, .box_w = 19, .box_h = 18, .ofs_x = 1, .ofs_y = -4},
    {.bitmap_index = 22726, .adv_w = 335, .box_w = 19, .box_h = 20, .ofs_x = 1, .ofs_y = -5},
    {.bitmap_index = 22832, .adv_w = 288, .box_w = 16, .box_h = 20, .ofs_x = 1, .ofs_y = -5},
    {.bitmap_index = 22907, .adv_w = 210, .box_w = 14, .box_h = 19, .ofs_x = 0, .ofs_y = 0},
    {.bitmap_index = 23007, .adv_w = 183, .box_w = 10, .box_h = 15, .ofs_x = 0, .ofs_y = 0},
    {.bitmap_index = 23080, .adv_w = 113, .box_w = 9, .box_h = 19, .ofs_x = -1, .ofs_y = 0},
    {.bitmap_index = 23127, .adv_w = 86, .box_w = 8, .box_h = 15, .ofs_x = -1, .ofs_y = 0},
    {.bitmap_index = 23150, .adv_w = 251, .box_w = 14, .box_h = 19, .ofs_x = 1, .ofs_y = 0},
    {.bitmap_index = 23254, .adv_w = 196, .box_w = 11, .box_h = 15, .ofs_x = 1, .ofs_y = 0},
    {.bitmap_index = 23332, .adv_w = 236, .box_w = 12, .box_h = 19, .ofs_x = 1, .ofs_y = 0},
    {.bitmap_index = 23393, .adv_w = 201, .box_w = 10, .box_h = 15, .ofs_x = 1, .ofs_y = 0},
    {.bitmap_index = 23440, .adv_w = 236, .box_w = 12, .box_h = 21, .ofs_x = 1, .ofs_y = 0},
    {.bitmap_index = 23508, .adv_w = 201, .box_w = 10, .box_h = 17, .ofs_x = 1, .ofs_y = 0},
    {.bitmap_index = 23562, .adv_w = 236, .box_w = 12, .box_h = 21, .ofs_x = 1, .ofs_y = 0},
    {.bitmap_index = 23630, .adv_w = 201, .box_w = 10, .box_h = 18, .ofs_x = 1, .ofs_y = 0},
    {.bitmap_index = 23687, .adv_w = 236, .box_w = 12, .box_h = 22, .ofs_x = 1, .ofs_y = 0},
    {.bitmap_index = 23762, .adv_w = 201, .box_w = 10, .box_h = 18, .ofs_x = 1, .ofs_y = 0},
    {.bitmap_index = 23823, .adv_w = 236, .box_w = 12, .box_h = 21, .ofs_x = 1, .ofs_y = 0},
    {.bitmap_index = 23891, .adv_w = 201, .box_w = 10, .box_h = 18, .ofs_x = 1, .ofs_y = 0},
    {.bitmap_index = 23948, .adv_w = 184, .box_w = 11, .box_h = 11, .ofs_x = 0, .ofs_y = 0},
    {.bitmap_index = 24004, .adv_w = 210, .box_w = 14, .box_h = 21, .ofs_x = 0, .ofs_y = 0},
    {.bitmap_index = 24109, .adv_w = 183, .box_w = 10, .box_h = 17, .ofs_x = 0, .ofs_y = 0},
    {.bitmap_index = 24188, .adv_w = 210, .box_w = 14, .box_h = 20, .ofs_x = 0, .ofs_y = 0},
    {.bitmap_index = 24289, .adv_w = 183, .box_w = 10, .box_h = 17, .ofs_x = 0, .ofs_y = 0},
    {.bitmap_index = 24364, .adv_w = 289, .box_w = 18, .box_h = 17, .ofs_x = -1, .ofs_y = 0},
    {.bitmap_index = 24461, .adv_w = 282, .box_w = 17, .box_h = 14, .ofs_x = 0, .ofs_y = 0},
    {.bitmap_index = 24563, .adv_w = 233, .box_w = 14, .box_h = 14, .ofs_x = 1, .ofs_y = 0},
    {.bitmap_index = 24649, .adv_w = 199, .box_w = 11, .box_h = 16, .ofs_x = 1, .ofs_y = -5},
    {.bitmap_index = 24732, .adv_w = 233, .box_w = 13, .box_h = 19, .ofs_x = 1, .ofs_y = 0},
    {.bitmap_index = 24827, .adv_w = 198, .box_w = 10, .box_h = 20, .ofs_x = 1, .ofs_y = -5},
    {.bitmap_index = 24921, .adv_w = 202, .box_w = 12, .box_h = 19, .ofs_x = 1, .ofs_y = 0},
    {.bitmap_index = 25005, .adv_w = 179, .box_w = 13, .box_h = 20, .ofs_x = -1, .ofs_y = 0},
    {.bitmap_index = 25080, .adv_w = 251, .box_w = 14, .box_h = 19, .ofs_x = 1, .ofs_y = -5},
    {.bitmap_index = 25183, .adv_w = 196, .box_w = 11, .box_h = 16, .ofs_x = 1, .ofs_y = -5},
    {.bitmap_index = 25261, .adv_w = 251, .box_w = 14, .box_h = 22, .ofs_x = 1, .ofs_y = -5},
    {.bitmap_index = 25376, .adv_w = 196, .box_w = 11, .box_h = 18, .ofs_x = 1, .ofs_y = -5},
    {.bitmap_index = 25462, .adv_w = 188, .box_w = 11, .box_h = 19, .ofs_x = 0, .ofs_y = 0},
    {.bitmap_index = 25548, .adv_w = 167, .box_w = 10, .box_h = 20, .ofs_x = 0, .ofs_y = -5},
    {.bitmap_index = 25631, .adv_w = 86, .box_w = 9, .box_h = 20, .ofs_x = -2, .ofs_y = -5},
    {.bitmap_index = 25669, .adv_w = 415, .box_w = 25, .box_h = 14, .ofs_x = 1, .ofs_y = 0},
    {.bitmap_index = 25795, .adv_w = 386, .box_w = 23, .box_h = 14, .ofs_x = 1, .ofs_y = 0},
    {.bitmap_index = 25907, .adv_w = 351, .box_w = 21, .box_h = 15, .ofs_x = 1, .ofs_y = 0},
    {.bitmap_index = 26006, .adv_w = 233, .box_w = 13, .box_h = 19, .ofs_x = 1, .ofs_y = 0},
    {.bitmap_index = 26097, .adv_w = 198, .box_w = 10, .box_h = 20, .ofs_x = 1, .ofs_y = -5},
    {.bitmap_index = 26188, .adv_w = 310, .box_w = 17, .box_h = 14, .ofs_x = 1, .ofs_y = 0},
    {.bitmap_index = 26239, .adv_w = 213, .box_w = 12, .box_h = 19, .ofs_x = 1, .ofs_y = -5},
    {.bitmap_index = 26314, .adv_w = 247, .box_w = 13, .box_h = 19, .ofs_x = 1, .ofs_y = 0},
    {.bitmap_index = 26393, .adv_w = 201, .box_w = 10, .box_h = 15, .ofs_x = 1, .ofs_y = 0},
    {.bitmap_index = 26437, .adv_w = 210, .box_w = 14, .box_h = 19, .ofs_x = 0, .ofs_y = 0},
    {.bitmap_index = 26533, .adv_w = 183, .box_w = 10, .box_h = 19, .ofs_x = 0, .ofs_y = 0},
    {.bitmap_index = 26618, .adv_w = 289, .box_w = 18, .box_h = 19, .ofs_x = -1, .ofs_y = 0},
    {.bitmap_index = 26727, .adv_w = 282, .box_w = 17, .box_h = 15, .ofs_x = 0, .ofs_y = 0},
    {.bitmap_index = 26835, .adv_w = 251, .box_w = 14, .box_h = 20, .ofs_x = 1, .ofs_y = -1},
    {.bitmap_index = 26956, .adv_w = 195, .box_w = 11, .box_h = 16, .ofs_x = 1, .ofs_y = -1},
    {.bitmap_index = 27040, .adv_w = 210, .box_w = 14, .box_h = 19, .ofs_x = 0, .ofs_y = 0},
    {.bitmap_index = 27141, .adv_w = 183, .box_w = 10, .box_h = 15, .ofs_x = 0, .ofs_y = 0},
    {.bitmap_index = 27214, .adv_w = 210, .box_w = 14, .box_h = 19, .ofs_x = 0, .ofs_y = 0},
    {.bitmap_index = 27314, .adv_w = 183, .box_w = 10, .box_h = 15, .ofs_x = 0, .ofs_y = 0},
    {.bitmap_index = 27387, .adv_w = 178, .box_w = 9, .box_h = 19, .ofs_x = 1, .ofs_y = 0},
    {.bitmap_index = 27439, .adv_w = 184, .box_w = 10, .box_h = 15, .ofs_x = 1, .ofs_y = 0},
    {.bitmap_index = 27508, .adv_w = 178, .box_w = 9, .box_h = 19, .ofs_x = 1, .ofs_y = 0},
    {.bitmap_index = 27560, .adv_w = 184, .box_w = 10, .box_h = 15, .ofs_x = 1, .ofs_y = 0},
    {.bitmap_index = 27630, .adv_w = 113, .box_w = 9, .box_h = 19, .ofs_x = -2, .ofs_y = 0},
    {.bitmap_index = 27678, .adv_w = 86, .box_w = 8, .box_h = 15, .ofs_x = -2, .ofs_y = 0},
    {.bitmap_index = 27703, .adv_w = 113, .box_w = 7, .box_h = 19, .ofs_x = 0, .ofs_y = 0},
    {.bitmap_index = 27740, .adv_w = 86, .box_w = 8, .box_h = 15, .ofs_x = -1, .ofs_y = 0},
    {.bitmap_index = 27764, .adv_w = 251, .box_w = 14, .box_h = 19, .ofs_x = 1, .ofs_y = 0},
    {.bitmap_index = 27871, .adv_w = 196, .box_w = 11, .box_h = 15, .ofs_x = 1, .ofs_y = 0},
    {.bitmap_index = 27949, .adv_w = 251, .box_w = 14, .box_h = 19, .ofs_x = 1, .ofs_y = 0},
    {.bitmap_index = 28055, .adv_w = 196, .box_w = 11, .box_h = 15, .ofs_x = 1, .ofs_y = 0},
    {.bitmap_index = 28134, .adv_w = 202, .box_w = 12, .box_h = 19, .ofs_x = 1, .ofs_y = 0},
    {.bitmap_index = 28219, .adv_w = 135, .box_w = 9, .box_h = 15, .ofs_x = 0, .ofs_y = 0},
    {.bitmap_index = 28261, .adv_w = 202, .box_w = 12, .box_h = 19, .ofs_x = 1, .ofs_y = 0},
    {.bitmap_index = 28345, .adv_w = 135, .box_w = 8, .box_h = 15, .ofs_x = 1, .ofs_y = 0},
    {.bitmap_index = 28384, .adv_w = 236, .box_w = 12, .box_h = 19, .ofs_x = 1, .ofs_y = 0},
    {.bitmap_index = 28448, .adv_w = 201, .box_w = 10, .box_h = 15, .ofs_x = 1, .ofs_y = 0},
    {.bitmap_index = 28496, .adv_w = 236, .box_w = 12, .box_h = 19, .ofs_x = 1, .ofs_y = 0},
    {.bitmap_index = 28560, .adv_w = 201, .box_w = 10, .box_h = 15, .ofs_x = 1, .ofs_y = 0},
    {.bitmap_index = 28607, .adv_w = 176, .box_w = 10, .box_h = 19, .ofs_x = 1, .ofs_y = -5},
    {.bitmap_index = 28688, .adv_w = 156, .box_w = 9, .box_h = 16, .ofs_x = 0, .ofs_y = -5},
    {.bitmap_index = 28754, .adv_w = 180, .box_w = 11, .box_h = 19, .ofs_x = 0, .ofs_y = -5},
    {.bitmap_index = 28789, .adv_w = 123, .box_w = 8, .box_h = 18, .ofs_x = 0, .ofs_y = -5},
    {.bitmap_index = 28837, .adv_w = 189, .box_w = 11, .box_h = 19, .ofs_x = 0, .ofs_y = -5},
    {.bitmap_index = 28926, .adv_w = 160, .box_w = 10, .box_h = 16, .ofs_x = 0, .ofs_y = -5},
    {.bitmap_index = 28995, .adv_w = 239, .box_w = 13, .box_h = 19, .ofs_x = 1, .ofs_y = 0},
    {.bitmap_index = 29041, .adv_w = 201, .box_w = 12, .box_h = 20, .ofs_x = -1, .ofs_y = 0},
    {.bitmap_index = 29098, .adv_w = 239, .box_w = 13, .box_h = 19, .ofs_x = 1, .ofs_y = -5},
    {.bitmap_index = 29147, .adv_w = 277, .box_w = 17, .box_h = 18, .ofs_x = 1, .ofs_y = -3},
    {.bitmap_index = 29247, .adv_w = 223, .box_w = 12, .box_h = 14, .ofs_x = 1, .ofs_y = 0},
    {.bitmap_index = 29322, .adv_w = 194, .box_w = 12, .box_h = 15, .ofs_x = 0, .ofs_y = 0},
    {.bitmap_index = 29399, .adv_w = 184, .box_w = 11, .box_h = 18, .ofs_x = 0, .ofs_y = -4},
    {.bitmap_index = 29468, .adv_w = 152, .box_w = 9, .box_h = 15, .ofs_x = 0, .ofs_y = -4},
    {.bitmap_index = 29523, .adv_w = 210, .box_w = 14, .box_h = 19, .ofs_x = 0, .ofs_y = 0},
    {.bitmap_index = 29614, .adv_w = 183, .box_w = 10, .box_h = 15, .ofs_x = 0, .ofs_y = 0},
    {.bitmap_index = 29681, .adv_w = 178, .box_w = 9, .box_h = 19, .ofs_x = 1, .ofs_y = -5},
    {.bitmap_index = 29731, .adv_w = 184, .box_w = 10, .box_h = 16, .ofs_x = 1, .ofs_y = -5},
    {.bitmap_index = 29802, .adv_w = 251, .box_w = 14, .box_h = 21, .ofs_x = 1, .ofs_y = 0},
    {.bitmap_index = 29912, .adv_w = 196, .box_w = 11, .box_h = 17, .ofs_x = 1, .ofs_y = 0},
    {.bitmap_index = 29996, .adv_w = 251, .box_w = 14, .box_h = 21, .ofs_x = 1, .ofs_y = 0},
    {.bitmap_index = 30111, .adv_w = 196, .box_w = 11, .box_h = 17, .ofs_x = 1, .ofs_y = 0},
    {.bitmap_index = 30197, .adv_w = 251, .box_w = 14, .box_h = 19, .ofs_x = 1, .ofs_y = 0},
    {.bitmap_index = 30294, .adv_w = 196, .box_w = 11, .box_h = 15, .ofs_x = 1, .ofs_y = 0},
    {.bitmap_index = 30366, .adv_w = 251, .box_w = 14, .box_h = 21, .ofs_x = 1, .ofs_y = 0},
    {.bitmap_index = 30476, .adv_w = 196, .box_w = 11, .box_h = 17, .ofs_x = 1, .ofs_y = 0},
    {.bitmap_index = 30556, .adv_w = 187, .box_w = 12, .box_h = 17, .ofs_x = 0, .ofs_y = 0},
    {.bitmap_index = 30621, .adv_w = 169, .box_w = 11, .box_h = 19, .ofs_x = 0, .ofs_y = -5},
    {.bitmap_index = 30707, .adv_w = 127, .box_w = 8, .box_h = 16, .ofs_x = 0, .ofs_y = -1},
    {.bitmap_index = 30737, .adv_w = 241, .box_w = 14, .box_h = 12, .ofs_x = 1, .ofs_y = -1},
    {.bitmap_index = 30801, .adv_w = 130, .box_w = 9, .box_h = 15, .ofs_x = 0, .ofs_y = -1},
    {.bitmap_index = 30854, .adv_w = 86, .box_w = 6, .box_h = 16, .ofs_x = -2, .ofs_y = -5},
    {.bitmap_index = 30868, .adv_w = 310, .box_w = 18, .box_h = 15, .ofs_x = 1, .ofs_y = 0},
    {.bitmap_index = 30972, .adv_w = 310, .box_w = 18, .box_h = 16, .ofs_x = 1, .ofs_y = -5},
    {.bitmap_index = 31081, .adv_w = 210, .box_w = 14, .box_h = 17, .ofs_x = 0, .ofs_y = -2},
    {.bitmap_index = 31179, .adv_w = 203, .box_w = 12, .box_h = 17, .ofs_x = 1, .ofs_y = -2},
    {.bitmap_index = 31270, .adv_w = 156, .box_w = 9, .box_h = 19, .ofs_x = 1, .ofs_y = -4},
    {.bitmap_index = 31347, .adv_w = 172, .box_w = 11, .box_h = 14, .ofs_x = 0, .ofs_y = 0},
    {.bitmap_index = 31375, .adv_w = 181, .box_w = 11, .box_h = 17, .ofs_x = 0, .ofs_y = -2},
    {.bitmap_index = 31434, .adv_w = 155, .box_w = 9, .box_h = 16, .ofs_x = 0, .ofs_y = -5},
    {.bitmap_index = 31501, .adv_w = 152, .box_w = 10, .box_h = 16, .ofs_x = 0, .ofs_y = -5},
    {.bitmap_index = 31565, .adv_w = 147, .box_w = 9, .box_h = 14, .ofs_x = 0, .ofs_y = 0},
    {.bitmap_index = 31608, .adv_w = 145, .box_w = 9, .box_h = 11, .ofs_x = 0, .ofs_y = 0},
    {.bitmap_index = 31649, .adv_w = 209, .box_w = 13, .box_h = 14, .ofs_x = 0, .ofs_y = 0},
    {.bitmap_index = 31724, .adv_w = 236, .box_w = 15, .box_h = 14, .ofs_x = 0, .ofs_y = 0},
    {.bitmap_index = 31786, .adv_w = 200, .box_w = 13, .box_h = 14, .ofs_x = 0, .ofs_y = 0},
    {.bitmap_index = 31859, .adv_w = 178, .box_w = 9, .box_h = 17, .ofs_x = 1, .ofs_y = -2},
    {.bitmap_index = 31921, .adv_w = 183, .box_w = 10, .box_h = 13, .ofs_x = 1, .ofs_y = -1},
    {.bitmap_index = 31984, .adv_w = 93, .box_w = 8, .box_h = 18, .ofs_x = -2, .ofs_y = -4},
    {.bitmap_index = 32018, .adv_w = 87, .box_w = 8, .box_h = 20, .ofs_x = -2, .ofs_y = -5},
    {.bitmap_index = 32062, .adv_w = 247, .box_w = 15, .box_h = 19, .ofs_x = 1, .ofs_y = -5},
    {.bitmap_index = 32158, .adv_w = 199, .box_w = 12, .box_h = 16, .ofs_x = 1, .ofs_y = -5},
    {.bitmap_index = 32232, .adv_w = 203, .box_w = 13, .box_h = 14, .ofs_x = 0, .ofs_y = 0},
    {.bitmap_index = 32299, .adv_w = 135, .box_w = 9, .box_h = 12, .ofs_x = 0, .ofs_y = 0},
    {.bitmap_index = 32334, .adv_w = 187, .box_w = 12, .box_h = 14, .ofs_x = 0, .ofs_y = 0},
    {.bitmap_index = 32387, .adv_w = 169, .box_w = 11, .box_h = 16, .ofs_x = 0, .ofs_y = -5},
    {.bitmap_index = 32462, .adv_w = 146, .box_w = 8, .box_h = 14, .ofs_x = 1, .ofs_y = 0},
    {.bitmap_index = 32478, .adv_w = 124, .box_w = 7, .box_h = 11, .ofs_x = 1, .ofs_y = 0},
    {.bitmap_index = 32495, .adv_w = 221, .box_w = 12, .box_h = 14, .ofs_x = 1, .ofs_y = 0},
    {.bitmap_index = 32524, .adv_w = 213, .box_w = 11, .box_h = 15, .ofs_x = 1, .ofs_y = 0},
    {.bitmap_index = 32555, .adv_w = 61, .box_w = 5, .box_h = 4, .ofs_x = 0, .ofs_y = 11},
    {.bitmap_index = 32566, .adv_w = 61, .box_w = 5, .box_h = 4, .ofs_x = -1, .ofs_y = -3},
    {.bitmap_index = 32577, .adv_w = 251, .box_w = 13, .box_h = 14, .ofs_x = 1, .ofs_y = 0},
    {.bitmap_index = 32634, .adv_w = 213, .box_w = 11, .box_h = 11, .ofs_x = 1, .ofs_y = 0},
    {.bitmap_index = 32676, .adv_w = 82, .box_w = 4, .box_h = 5, .ofs_x = 1, .ofs_y = -6},
    {.bitmap_index = 32687, .adv_w = 156, .box_w = 9, .box_h = 11, .ofs_x = 0, .ofs_y = 0},
    {.bitmap_index = 32731, .adv_w = 157, .box_w = 9, .box_h = 11, .ofs_x = 1, .ofs_y = 0},
    {.bitmap_index = 32781, .adv_w = 156, .box_w = 9, .box_h = 11, .ofs_x = 0, .ofs_y = 0},
    {.bitmap_index = 32831, .adv_w = 87, .box_w = 5, .box_h = 14, .ofs_x = 0, .ofs_y = -3},
    {.bitmap_index = 32857, .adv_w = 93, .box_w = 6, .box_h = 18, .ofs_x = -2, .ofs_y = -4},
    {.bitmap_index = 32875, .adv_w = 80, .box_w = 5, .box_h = 4, .ofs_x = 0, .ofs_y = 12},
    {.bitmap_index = 32886, .adv_w = 221, .box_w = 9, .box_h = 4, .ofs_x = 2, .ofs_y = 12},
    {.bitmap_index = 32904, .adv_w = 235, .box_w = 15, .box_h = 14, .ofs_x = 0, .ofs_y = 0},
    {.bitmap_index = 32992, .adv_w = 87, .box_w = 4, .box_h = 3, .ofs_x = 1, .ofs_y = 8},
    {.bitmap_index = 32998, .adv_w = 236, .box_w = 14, .box_h = 14, .ofs_x = 0, .ofs_y = 0},
    {.bitmap_index = 33043, .adv_w = 298, .box_w = 17, .box_h = 14, .ofs_x = 0, .ofs_y = 0},
    {.bitmap_index = 33087, .adv_w = 179, .box_w = 11, .box_h = 14, .ofs_x = 0, .ofs_y = 0},
    {.bitmap_index = 33122, .adv_w = 293, .box_w = 18, .box_h = 14, .ofs_x = 0, .ofs_y = 0},
    {.bitmap_index = 33227, .adv_w = 260, .box_w = 17, .box_h = 14, .ofs_x = 0, .ofs_y = 0},
    {.bitmap_index = 33296, .adv_w = 278, .box_w = 17, .box_h = 14, .ofs_x = 0, .ofs_y = 0},
    {.bitmap_index = 33398, .adv_w = 113, .box_w = 9, .box_h = 15, .ofs_x = -1, .ofs_y = 0},
    {.bitmap_index = 33437, .adv_w = 210, .box_w = 14, .box_h = 14, .ofs_x = 0, .ofs_y = 0},
    {.bitmap_index = 33512, .adv_w = 209, .box_w = 12, .box_h = 14, .ofs_x = 1, .ofs_y = 0},
    {.bitmap_index = 33575, .adv_w = 163, .box_w = 9, .box_h = 14, .ofs_x = 1, .ofs_y = 0},
    {.bitmap_index = 33591, .adv_w = 207, .box_w = 13, .box_h = 14, .ofs_x = 0, .ofs_y = 0},
    {.bitmap_index = 33664, .adv_w = 178, .box_w = 9, .box_h = 14, .ofs_x = 1, .ofs_y = 0},
    {.bitmap_index = 33695, .adv_w = 184, .box_w = 11, .box_h = 14, .ofs_x = 0, .ofs_y = 0},
    {.bitmap_index = 33750, .adv_w = 239, .box_w = 13, .box_h = 14, .ofs_x = 1, .ofs_y = 0},
    {.bitmap_index = 33772, .adv_w = 251, .box_w = 14, .box_h = 14, .ofs_x = 1, .ofs_y = 0},
    {.bitmap_index = 33857, .adv_w = 113, .box_w = 7, .box_h = 14, .ofs_x = 0, .ofs_y = 0},
    {.bitmap_index = 33877, .adv_w = 202, .box_w = 12, .box_h = 14, .ofs_x = 1, .ofs_y = 0},
    {.bitmap_index = 33937, .adv_w = 200, .box_w = 13, .box_h = 14, .ofs_x = 0, .ofs_y = 0},
    {.bitmap_index = 34010, .adv_w = 294, .box_w = 16, .box_h = 14, .ofs_x = 1, .ofs_y = 0},
    {.bitmap_index = 34091, .adv_w = 247, .box_w = 13, .box_h = 14, .ofs_x = 1, .ofs_y = 0},
    {.bitmap_index = 34149, .adv_w = 200, .box_w = 11, .box_h = 14, .ofs_x = 1, .ofs_y = 0},
    {.bitmap_index = 34181, .adv_w = 251, .box_w = 14, .box_h = 14, .ofs_x = 1, .ofs_y = 0},
    {.bitmap_index = 34263, .adv_w = 236, .box_w = 12, .box_h = 14, .ofs_x = 1, .ofs_y = 0},
    {.bitmap_index = 34280, .adv_w = 195, .box_w = 11, .box_h = 14, .ofs_x = 1, .ofs_y = 0},
    {.bitmap_index = 34326, .adv_w = 184, .box_w = 11, .box_h = 14, .ofs_x = 0, .ofs_y = 0},
    {.bitmap_index = 34382, .adv_w = 180, .box_w = 11, .box_h = 14, .ofs_x = 0, .ofs_y = 0},
    {.bitmap_index = 34401, .adv_w = 187, .box_w = 12, .box_h = 14, .ofs_x = 0, .ofs_y = 0},
    {.bitmap_index = 34453, .adv_w = 276, .box_w = 17, .box_h = 14, .ofs_x = 0, .ofs_y = 0},
    {.bitmap_index = 34546, .adv_w = 196, .box_w = 13, .box_h = 14, .ofs_x = 0, .ofs_y = 0},
    {.bitmap_index = 34624, .adv_w = 268, .box_w = 14, .box_h = 14, .ofs_x = 1, .ofs_y = 0},
    {.bitmap_index = 34674, .adv_w = 233, .box_w = 15, .box_h = 14, .ofs_x = 0, .ofs_y = 0},
    {.bitmap_index = 34763, .adv_w = 113, .box_w = 7, .box_h = 19, .ofs_x = 0, .ofs_y = 0},
    {.bitmap_index = 34798, .adv_w = 187, .box_w = 12, .box_h = 19, .ofs_x = 0, .ofs_y = 0},
    {.bitmap_index = 34872, .adv_w = 203, .box_w = 12, .box_h = 15, .ofs_x = 1, .ofs_y = 0},
    {.bitmap_index = 34945, .adv_w = 154, .box_w = 9, .box_h = 15, .ofs_x = 0, .ofs_y = 0},
    {.bitmap_index = 35005, .adv_w = 198, .box_w = 10, .box_h = 20, .ofs_x = 1, .ofs_y = -5},
    {.bitmap_index = 35052, .adv_w = 113, .box_w = 6, .box_h = 15, .ofs_x = 1, .ofs_y = 0},
    {.bitmap_index = 35080, .adv_w = 195, .box_w = 10, .box_h = 15, .ofs_x = 1, .ofs_y = 0},
    {.bitmap_index = 35143, .adv_w = 203, .box_w = 12, .box_h = 11, .ofs_x = 1, .ofs_y = 0},
    {.bitmap_index = 35201, .adv_w = 198, .box_w = 11, .box_h = 20, .ofs_x = 1, .ofs_y = -5},
    {.bitmap_index = 35280, .adv_w = 170, .box_w = 10, .box_h = 15, .ofs_x = 0, .ofs_y = -4},
    {.bitmap_index = 35337, .adv_w = 190, .box_w = 11, .box_h = 15, .ofs_x = 0, .ofs_y = 0},
    {.bitmap_index = 35415, .adv_w = 154, .box_w = 9, .box_h = 11, .ofs_x = 0, .ofs_y = 0},
    {.bitmap_index = 35462, .adv_w = 149, .box_w = 9, .box_h = 20, .ofs_x = 1, .ofs_y = -5},
    {.bitmap_index = 35536, .adv_w = 198, .box_w = 10, .box_h = 16, .ofs_x = 1, .ofs_y = -5},
    {.bitmap_index = 35569, .adv_w = 192, .box_w = 10, .box_h = 15, .ofs_x = 1, .ofs_y = 0},
    {.bitmap_index = 35640, .adv_w = 113, .box_w = 6, .box_h = 11, .ofs_x = 1, .ofs_y = 0},
    {.bitmap_index = 35656, .adv_w = 179, .box_w = 11, .box_h = 11, .ofs_x = 1, .ofs_y = 0},
    {.bitmap_index = 35702, .adv_w = 171, .box_w = 11, .box_h = 15, .ofs_x = 0, .ofs_y = 0},
    {.bitmap_index = 35770, .adv_w = 205, .box_w = 12, .box_h = 16, .ofs_x = 1, .ofs_y = -5},
    {.bitmap_index = 35812, .adv_w = 170, .box_w = 10, .box_h = 11, .ofs_x = 0, .ofs_y = 0},
    {.bitmap_index = 35864, .adv_w = 160, .box_w = 9, .box_h = 20, .ofs_x = 1, .ofs_y = -5},
    {.bitmap_index = 35940, .adv_w = 196, .box_w = 11, .box_h = 11, .ofs_x = 1, .ofs_y = 0},
    {.bitmap_index = 35999, .adv_w = 218, .box_w = 14, .box_h = 11, .ofs_x = 0, .ofs_y = 0},
    {.bitmap_index = 36033, .adv_w = 194, .box_w = 11, .box_h = 16, .ofs_x = 1, .ofs_y = -5},
    {.bitmap_index = 36095, .adv_w = 158, .box_w = 9, .box_h = 15, .ofs_x = 1, .ofs_y = -4},
    {.bitmap_index = 36153, .adv_w = 200, .box_w = 11, .box_h = 11, .ofs_x = 1, .ofs_y = 0},
    {.bitmap_index = 36211, .adv_w = 162, .box_w = 10, .box_h = 11, .ofs_x = 0, .ofs_y = 0},
    {.bitmap_index = 36239, .adv_w = 195, .box_w = 10, .box_h = 11, .ofs_x = 1, .ofs_y = 0},
    {.bitmap_index = 36282, .adv_w = 240, .box_w = 13, .box_h = 20, .ofs_x = 1, .ofs_y = -5},
    {.bitmap_index = 36364, .adv_w = 193, .box_w = 12, .box_h = 16, .ofs_x = 0, .ofs_y = -5},
    {.bitmap_index = 36447, .adv_w = 247, .box_w = 14, .box_h = 20, .ofs_x = 1, .ofs_y = -5},
    {.bitmap_index = 36516, .adv_w = 262, .box_w = 15, .box_h = 11, .ofs_x = 1, .ofs_y = 0},
    {.bitmap_index = 36590, .adv_w = 113, .box_w = 8, .box_h = 14, .ofs_x = -1, .ofs_y = 0},
    {.bitmap_index = 36621, .adv_w = 195, .box_w = 10, .box_h = 14, .ofs_x = 1, .ofs_y = 0},
    {.bitmap_index = 36678, .adv_w = 196, .box_w = 11, .box_h = 15, .ofs_x = 1, .ofs_y = 0},
    {.bitmap_index = 36751, .adv_w = 195, .box_w = 10, .box_h = 15, .ofs_x = 1, .ofs_y = 0},
    {.bitmap_index = 36808, .adv_w = 263, .box_w = 15, .box_h = 15, .ofs_x = 1, .ofs_y = 0},
    {.bitmap_index = 36901, .adv_w = 202, .box_w = 12, .box_h = 19, .ofs_x = 1, .ofs_y = -5},
    {.bitmap_index = 36988, .adv_w = 207, .box_w = 11, .box_h = 15, .ofs_x = 1, .ofs_y = 0},
    {.bitmap_index = 37067, .adv_w = 210, .box_w = 13, .box_h = 15, .ofs_x = 0, .ofs_y = 0},
    {.bitmap_index = 37153, .adv_w = 195, .box_w = 12, .box_h = 14, .ofs_x = 0, .ofs_y = 0},
    {.bitmap_index = 37206, .adv_w = 268, .box_w = 17, .box_h = 14, .ofs_x = 0, .ofs_y = 0},
    {.bitmap_index = 37275, .adv_w = 195, .box_w = 12, .box_h = 19, .ofs_x = 0, .ofs_y = 0},
    {.bitmap_index = 37349, .adv_w = 240, .box_w = 13, .box_h = 20, .ofs_x = 1, .ofs_y = -5},
    {.bitmap_index = 37431, .adv_w = 289, .box_w = 18, .box_h = 11, .ofs_x = 0, .ofs_y = 0},
    {.bitmap_index = 37511, .adv_w = 179, .box_w = 11, .box_h = 15, .ofs_x = 1, .ofs_y = -4},
    {.bitmap_index = 37576, .adv_w = 247, .box_w = 14, .box_h = 14, .ofs_x = 1, .ofs_y = 0},
    {.bitmap_index = 37658, .adv_w = 196, .box_w = 11, .box_h = 16, .ofs_x = 1, .ofs_y = -5},
    {.bitmap_index = 37727, .adv_w = 203, .box_w = 12, .box_h = 14, .ofs_x = 1, .ofs_y = 0},
    {.bitmap_index = 37786, .adv_w = 157, .box_w = 9, .box_h = 15, .ofs_x = 1, .ofs_y = -4},
    {.bitmap_index = 37845, .adv_w = 167, .box_w = 9, .box_h = 14, .ofs_x = 1, .ofs_y = 0},
    {.bitmap_index = 37877, .adv_w = 168, .box_w = 9, .box_h = 16, .ofs_x = 1, .ofs_y = -5},
    {.bitmap_index = 37909, .adv_w = 159, .box_w = 11, .box_h = 14, .ofs_x = -1, .ofs_y = 0},
    {.bitmap_index = 37964, .adv_w = 178, .box_w = 11, .box_h = 20, .ofs_x = 0, .ofs_y = -5},
    {.bitmap_index = 38047, .adv_w = 190, .box_w = 12, .box_h = 14, .ofs_x = -1, .ofs_y = 0},
    {.bitmap_index = 38119, .adv_w = 165, .box_w = 12, .box_h = 21, .ofs_x = -2, .ofs_y = -5},
    {.bitmap_index = 38209, .adv_w = 216, .box_w = 14, .box_h = 11, .ofs_x = 0, .ofs_y = 0},
    {.bitmap_index = 38279, .adv_w = 194, .box_w = 11, .box_h = 16, .ofs_x = 1, .ofs_y = -5},
    {.bitmap_index = 38358, .adv_w = 157, .box_w = 9, .box_h = 11, .ofs_x = 1, .ofs_y = 0},
    {.bitmap_index = 38403, .adv_w = 86, .box_w = 6, .box_h = 20, .ofs_x = -2, .ofs_y = -5},
    {.bitmap_index = 38428, .adv_w = 251, .box_w = 14, .box_h = 14, .ofs_x = 1, .ofs_y = 0},
    {.bitmap_index = 38512, .adv_w = 161, .box_w = 9, .box_h = 11, .ofs_x = 1, .ofs_y = 0},
    {.bitmap_index = 38558, .adv_w = 160, .box_w = 9, .box_h = 11, .ofs_x = 0, .ofs_y = 0},
    {.bitmap_index = 38604, .adv_w = 196, .box_w = 11, .box_h = 14, .ofs_x = 1, .ofs_y = 0},
    {.bitmap_index = 38656, .adv_w = 198, .box_w = 11, .box_h = 20, .ofs_x = 1, .ofs_y = -5},
    {.bitmap_index = 38723, .adv_w = 203, .box_w = 12, .box_h = 14, .ofs_x = 1, .ofs_y = 0},
    {.bitmap_index = 38787, .adv_w = 294, .box_w = 16, .box_h = 14, .ofs_x = 1, .ofs_y = 0},
    {.bitmap_index = 38853, .adv_w = 241, .box_w = 13, .box_h = 16, .ofs_x = 1, .ofs_y = -5},
    {.bitmap_index = 38903, .adv_w = 195, .box_w = 12, .box_h = 16, .ofs_x = 0, .ofs_y = -5},
    {.bitmap_index = 38982, .adv_w = 203, .box_w = 12, .box_h = 14, .ofs_x = 0, .ofs_y = 0},
    {.bitmap_index = 39047, .adv_w = 203, .box_w = 12, .box_h = 14, .ofs_x = 1, .ofs_y = 0},
    {.bitmap_index = 39121, .adv_w = 203, .box_w = 12, .box_h = 14, .ofs_x = 0, .ofs_y = 0},
    {.bitmap_index = 39196, .adv_w = 178, .box_w = 9, .box_h = 19, .ofs_x = 1, .ofs_y = 0},
    {.bitmap_index = 39240, .adv_w = 178, .box_w = 9, .box_h = 18, .ofs_x = 1, .ofs_y = 0},
    {.bitmap_index = 39285, .adv_w = 234, .box_w = 14, .box_h = 14, .ofs_x = 0, .ofs_y = 0},
    {.bitmap_index = 39347, .adv_w = 168, .box_w = 9, .box_h = 19, .ofs_x = 1, .ofs_y = 0},
    {.bitmap_index = 39380, .adv_w = 206, .box_w = 12, .box_h = 14, .ofs_x = 1, .ofs_y = 0},
    {.bitmap_index = 39451, .adv_w = 175, .box_w = 11, .box_h = 14, .ofs_x = 0, .ofs_y = 0},
    {.bitmap_index = 39519, .adv_w = 95, .box_w = 4, .box_h = 14, .ofs_x = 1, .ofs_y = 0},
    {.bitmap_index = 39524, .adv_w = 95, .box_w = 6, .box_h = 19, .ofs_x = 0, .ofs_y = 0},
    {.bitmap_index = 39545, .adv_w = 93, .box_w = 6, .box_h = 18, .ofs_x = -2, .ofs_y = -4},
    {.bitmap_index = 39563, .adv_w = 325, .box_w = 20, .box_h = 14, .ofs_x = 0, .ofs_y = 0},
    {.bitmap_index = 39656, .adv_w = 332, .box_w = 19, .box_h = 14, .ofs_x = 1, .ofs_y = 0},
    {.bitmap_index = 39722, .adv_w = 235, .box_w = 14, .box_h = 14, .ofs_x = 0, .ofs_y = 0},
    {.bitmap_index = 39773, .adv_w = 205, .box_w = 12, .box_h = 19, .ofs_x = 1, .ofs_y = 0},
    {.bitmap_index = 39851, .adv_w = 245, .box_w = 13, .box_h = 19, .ofs_x = 1, .ofs_y = 0},
    {.bitmap_index = 39928, .adv_w = 200, .box_w = 13, .box_h = 19, .ofs_x = 0, .ofs_y = 0},
    {.bitmap_index = 40027, .adv_w = 237, .box_w = 12, .box_h = 17, .ofs_x = 1, .ofs_y = -3},
    {.bitmap_index = 40054, .adv_w = 209, .box_w = 14, .box_h = 14, .ofs_x = 0, .ofs_y = 0},
    {.bitmap_index = 40129, .adv_w = 200, .box_w = 11, .box_h = 14, .ofs_x = 1, .ofs_y = 0},
    {.bitmap_index = 40181, .adv_w = 209, .box_w = 12, .box_h = 14, .ofs_x = 1, .ofs_y = 0},
    {.bitmap_index = 40243, .adv_w = 168, .box_w = 9, .box_h = 14, .ofs_x = 1, .ofs_y = 0},
    {.bitmap_index = 40258, .adv_w = 238, .box_w = 15, .box_h = 18, .ofs_x = 0, .ofs_y = -4},
    {.bitmap_index = 40339, .adv_w = 178, .box_w = 9, .box_h = 14, .ofs_x = 1, .ofs_y = 0},
    {.bitmap_index = 40366, .adv_w = 298, .box_w = 19, .box_h = 14, .ofs_x = 0, .ofs_y = 0},
    {.bitmap_index = 40468, .adv_w = 186, .box_w = 11, .box_h = 14, .ofs_x = 0, .ofs_y = 0},
    {.bitmap_index = 40537, .adv_w = 245, .box_w = 13, .box_h = 14, .ofs_x = 1, .ofs_y = 0},
    {.bitmap_index = 40594, .adv_w = 245, .box_w = 13, .box_h = 19, .ofs_x = 1, .ofs_y = 0},
    {.bitmap_index = 40676, .adv_w = 206, .box_w = 12, .box_h = 14, .ofs_x = 1, .ofs_y = 0},
    {.bitmap_index = 40735, .adv_w = 227, .box_w = 13, .box_h = 14, .ofs_x = 0, .ofs_y = 0},
    {.bitmap_index = 40792, .adv_w = 294, .box_w = 16, .box_h = 14, .ofs_x = 1, .ofs_y = 0},
    {.bitmap_index = 40873, .adv_w = 240, .box_w = 13, .box_h = 14, .ofs_x = 1, .ofs_y = 0},
    {.bitmap_index = 40894, .adv_w = 245, .box_w = 14, .box_h = 14, .ofs_x = 1, .ofs_y = 0},
    {.bitmap_index = 40977, .adv_w = 237, .box_w = 12, .box_h = 14, .ofs_x = 1, .ofs_y = 0},
    {.bitmap_index = 40993, .adv_w = 195, .box_w = 11, .box_h = 14, .ofs_x = 1, .ofs_y = 0},
    {.bitmap_index = 41039, .adv_w = 205, .box_w = 12, .box_h = 14, .ofs_x = 1, .ofs_y = 0},
    {.bitmap_index = 41105, .adv_w = 180, .box_w = 11, .box_h = 14, .ofs_x = 0, .ofs_y = 0},
    {.bitmap_index = 41124, .adv_w = 200, .box_w = 13, .box_h = 14, .ofs_x = 0, .ofs_y = 0},
    {.bitmap_index = 41198, .adv_w = 269, .box_w = 15, .box_h = 14, .ofs_x = 1, .ofs_y = 0},
    {.bitmap_index = 41282, .adv_w = 196, .box_w = 13, .box_h = 14, .ofs_x = 0, .ofs_y = 0},
    {.bitmap_index = 41360, .adv_w = 240, .box_w = 14, .box_h = 18, .ofs_x = 1, .ofs_y = -4},
    {.bitmap_index = 41392, .adv_w = 220, .box_w = 11, .box_h = 14, .ofs_x = 1, .ofs_y = 0},
    {.bitmap_index = 41427, .adv_w = 334, .box_w = 19, .box_h = 14, .ofs_x = 1, .ofs_y = 0},
    {.bitmap_index = 41456, .adv_w = 333, .box_w = 20, .box_h = 18, .ofs_x = 1, .ofs_y = -4},
    {.bitmap_index = 41497, .adv_w = 226, .box_w = 14, .box_h = 14, .ofs_x = 0, .ofs_y = 0},
    {.bitmap_index = 41554, .adv_w = 278, .box_w = 15, .box_h = 14, .ofs_x = 1, .ofs_y = 0},
    {.bitmap_index = 41607, .adv_w = 198, .box_w = 11, .box_h = 14, .ofs_x = 1, .ofs_y = 0},
    {.bitmap_index = 41652, .adv_w = 208, .box_w = 12, .box_h = 14, .ofs_x = 0, .ofs_y = 0},
    {.bitmap_index = 41722, .adv_w = 321, .box_w = 18, .box_h = 14, .ofs_x = 1, .ofs_y = 0},
    {.bitmap_index = 41820, .adv_w = 208, .box_w = 12, .box_h = 14, .ofs_x = 0, .ofs_y = 0},
    {.bitmap_index = 41882, .adv_w = 182, .box_w = 10, .box_h = 11, .ofs_x = 0, .ofs_y = 0},
    {.bitmap_index = 41937, .adv_w = 194, .box_w = 11, .box_h = 16, .ofs_x = 1, .ofs_y = 0},
    {.bitmap_index = 42021, .adv_w = 183, .box_w = 10, .box_h = 11, .ofs_x = 1, .ofs_y = 0},
    {.bitmap_index = 42070, .adv_w = 144, .box_w = 8, .box_h = 11, .ofs_x = 1, .ofs_y = 0},
    {.bitmap_index = 42083, .adv_w = 197, .box_w = 13, .box_h = 14, .ofs_x = 0, .ofs_y = -3},
    {.bitmap_index = 42143, .adv_w = 180, .box_w = 11, .box_h = 11, .ofs_x = 0, .ofs_y = 0},
    {.bitmap_index = 42198, .adv_w = 253, .box_w = 16, .box_h = 11, .ofs_x = 0, .ofs_y = 0},
    {.bitmap_index = 42272, .adv_w = 159, .box_w = 10, .box_h = 11, .ofs_x = 0, .ofs_y = 0},
    {.bitmap_index = 42323, .adv_w = 204, .box_w = 11, .box_h = 11, .ofs_x = 1, .ofs_y = 0},
    {.bitmap_index = 42363, .adv_w = 204, .box_w = 11, .box_h = 15, .ofs_x = 1, .ofs_y = 0},
    {.bitmap_index = 42423, .adv_w = 178, .box_w = 10, .box_h = 11, .ofs_x = 1, .ofs_y = 0},
    {.bitmap_index = 42466, .adv_w = 191, .box_w = 11, .box_h = 11, .ofs_x = 0, .ofs_y = 0},
    {.bitmap_index = 42507, .adv_w = 252, .box_w = 14, .box_h = 11, .ofs_x = 1, .ofs_y = 0},
    {.bitmap_index = 42567, .adv_w = 200, .box_w = 10, .box_h = 11, .ofs_x = 1, .ofs_y = 0},
    {.bitmap_index = 42588, .adv_w = 193, .box_w = 12, .box_h = 11, .ofs_x = 0, .ofs_y = 0},
    {.bitmap_index = 42650, .adv_w = 198, .box_w = 10, .box_h = 11, .ofs_x = 1, .ofs_y = 0},
    {.bitmap_index = 42665, .adv_w = 197, .box_w = 11, .box_h = 16, .ofs_x = 1, .ofs_y = -5},
    {.bitmap_index = 42728, .adv_w = 161, .box_w = 10, .box_h = 11, .ofs_x = 0, .ofs_y = 0},
    {.bitmap_index = 42775, .adv_w = 153, .box_w = 10, .box_h = 11, .ofs_x = 0, .ofs_y = 0},
    {.bitmap_index = 42793, .adv_w = 169, .box_w = 11, .box_h = 16, .ofs_x = 0, .ofs_y = -5},
    {.bitmap_index = 42867, .adv_w = 243, .box_w = 15, .box_h = 20, .ofs_x = 0, .ofs_y = -5},
    {.bitmap_index = 42953, .adv_w = 170, .box_w = 11, .box_h = 11, .ofs_x = 0, .ofs_y = 0},
    {.bitmap_index = 43010, .adv_w = 199, .box_w = 12, .box_h = 14, .ofs_x = 1, .ofs_y = -3},
    {.bitmap_index = 43038, .adv_w = 193, .box_w = 10, .box_h = 11, .ofs_x = 1, .ofs_y = 0},
    {.bitmap_index = 43071, .adv_w = 292, .box_w = 16, .box_h = 11, .ofs_x = 1, .ofs_y = 0},
    {.bitmap_index = 43098, .adv_w = 292, .box_w = 18, .box_h = 14, .ofs_x = 1, .ofs_y = -3},
    {.bitmap_index = 43135, .adv_w = 204, .box_w = 12, .box_h = 11, .ofs_x = 0, .ofs_y = 0},
    {.bitmap_index = 43179, .adv_w = 252, .box_w = 14, .box_h = 11, .ofs_x = 1, .ofs_y = 0},
    {.bitmap_index = 43223, .adv_w = 179, .box_w = 10, .box_h = 11, .ofs_x = 1, .ofs_y = 0},
    {.bitmap_index = 43259, .adv_w = 161, .box_w = 10, .box_h = 11, .ofs_x = 0, .ofs_y = 0},
    {.bitmap_index = 43310, .adv_w = 260, .box_w = 15, .box_h = 11, .ofs_x = 1, .ofs_y = 0},
    {.bitmap_index = 43382, .adv_w = 187, .box_w = 11, .box_h = 11, .ofs_x = 0, .ofs_y = 0},
    {.bitmap_index = 43429, .adv_w = 180, .box_w = 11, .box_h = 16, .ofs_x = 0, .ofs_y = 0},
    {.bitmap_index = 43502, .adv_w = 180, .box_w = 11, .box_h = 14, .ofs_x = 0, .ofs_y = 0},
    {.bitmap_index = 43571, .adv_w = 201, .box_w = 11, .box_h = 21, .ofs_x = 0, .ofs_y = -5},
    {.bitmap_index = 43637, .adv_w = 144, .box_w = 8, .box_h = 16, .ofs_x = 1, .ofs_y = 0},
    {.bitmap_index = 43667, .adv_w = 161, .box_w = 10, .box_h = 11, .ofs_x = 0, .ofs_y = 0},
    {.bitmap_index = 43717, .adv_w = 153, .box_w = 9, .box_h = 11, .ofs_x = 0, .ofs_y = 0},
    {.bitmap_index = 43765, .adv_w = 87, .box_w = 3, .box_h = 14, .ofs_x = 1, .ofs_y = 0},
    {.bitmap_index = 43775, .adv_w = 86, .box_w = 6, .box_h = 14, .ofs_x = 0, .ofs_y = 0},
    {.bitmap_index = 43790, .adv_w = 86, .box_w = 6, .box_h = 19, .ofs_x = -2, .ofs_y = -5},
    {.bitmap_index = 43812, .adv_w = 278, .box_w = 17, .box_h = 11, .ofs_x = 0, .ofs_y = 0},
    {.bitmap_index = 43882, .adv_w = 288, .box_w = 17, .box_h = 11, .ofs_x = 1, .ofs_y = 0},
    {.bitmap_index = 43934, .adv_w = 202, .box_w = 12, .box_h = 16, .ofs_x = 0, .ofs_y = 0},
    {.bitmap_index = 43985, .adv_w = 178, .box_w = 10, .box_h = 16, .ofs_x = 1, .ofs_y = 0},
    {.bitmap_index = 44046, .adv_w = 204, .box_w = 11, .box_h = 16, .ofs_x = 1, .ofs_y = 0},
    {.bitmap_index = 44105, .adv_w = 169, .box_w = 11, .box_h = 20, .ofs_x = 0, .ofs_y = -5},
    {.bitmap_index = 44200, .adv_w = 198, .box_w = 10, .box_h = 14, .ofs_x = 1, .ofs_y = -3},
    {.bitmap_index = 44224, .adv_w = 297, .box_w = 19, .box_h = 14, .ofs_x = 0, .ofs_y = 0},
    {.bitmap_index = 44345, .adv_w = 261, .box_w = 16, .box_h = 11, .ofs_x = 0, .ofs_y = 0},
    {.bitmap_index = 44430, .adv_w = 216, .box_w = 13, .box_h = 14, .ofs_x = 0, .ofs_y = 0},
    {.bitmap_index = 44492, .adv_w = 206, .box_w = 12, .box_h = 13, .ofs_x = 0, .ofs_y = 0},
    {.bitmap_index = 44547, .adv_w = 298, .box_w = 17, .box_h = 14, .ofs_x = 1, .ofs_y = 0},
    {.bitmap_index = 44634, .adv_w = 243, .box_w = 14, .box_h = 11, .ofs_x = 1, .ofs_y = 0},
    {.bitmap_index = 44697, .adv_w = 223, .box_w = 14, .box_h = 14, .ofs_x = 0, .ofs_y = 0},
    {.bitmap_index = 44775, .adv_w = 189, .box_w = 12, .box_h = 11, .ofs_x = 0, .ofs_y = 0},
    {.bitmap_index = 44831, .adv_w = 304, .box_w = 19, .box_h = 14, .ofs_x = 1, .ofs_y = 0},
    {.bitmap_index = 44926, .adv_w = 261, .box_w = 16, .box_h = 11, .ofs_x = 1, .ofs_y = 0},
    {.bitmap_index = 44994, .adv_w = 240, .box_w = 15, .box_h = 14, .ofs_x = 0, .ofs_y = 0},
    {.bitmap_index = 45079, .adv_w = 203, .box_w = 13, .box_h = 11, .ofs_x = 0, .ofs_y = 0},
    {.bitmap_index = 45142, .adv_w = 323, .box_w = 20, .box_h = 14, .ofs_x = 1, .ofs_y = 0},
    {.bitmap_index = 45243, .adv_w = 275, .box_w = 17, .box_h = 11, .ofs_x = 1, .ofs_y = 0},
    {.bitmap_index = 45318, .adv_w = 192, .box_w = 11, .box_h = 23, .ofs_x = 0, .ofs_y = -5},
    {.bitmap_index = 45427, .adv_w = 163, .box_w = 10, .box_h = 19, .ofs_x = 0, .ofs_y = -5},
    {.bitmap_index = 45511, .adv_w = 265, .box_w = 14, .box_h = 14, .ofs_x = 1, .ofs_y = 0},
    {.bitmap_index = 45561, .adv_w = 251, .box_w = 14, .box_h = 20, .ofs_x = 1, .ofs_y = -5},
    {.bitmap_index = 45630, .adv_w = 251, .box_w = 14, .box_h = 14, .ofs_x = 1, .ofs_y = 0},
    {.bitmap_index = 45714, .adv_w = 195, .box_w = 11, .box_h = 11, .ofs_x = 1, .ofs_y = 0},
    {.bitmap_index = 45772, .adv_w = 211, .box_w = 14, .box_h = 14, .ofs_x = 0, .ofs_y = 0},
    {.bitmap_index = 45849, .adv_w = 173, .box_w = 12, .box_h = 11, .ofs_x = 0, .ofs_y = 0},
    {.bitmap_index = 45906, .adv_w = 211, .box_w = 14, .box_h = 19, .ofs_x = 0, .ofs_y = 0},
    {.bitmap_index = 46009, .adv_w = 173, .box_w = 12, .box_h = 16, .ofs_x = 0, .ofs_y = 0},
    {.bitmap_index = 46092, .adv_w = 400, .box_w = 24, .box_h = 19, .ofs_x = 1, .ofs_y = -5},
    {.bitmap_index = 46263, .adv_w = 358, .box_w = 22, .box_h = 16, .ofs_x = 1, .ofs_y = -5},
    {.bitmap_index = 46409, .adv_w = 264, .box_w = 15, .box_h = 17, .ofs_x = 1, .ofs_y = -1},
    {.bitmap_index = 46515, .adv_w = 213, .box_w = 12, .box_h = 13, .ofs_x = 1, .ofs_y = -1},
    {.bitmap_index = 46584, .adv_w = 334, .box_w = 19, .box_h = 21, .ofs_x = 1, .ofs_y = 0},
    {.bitmap_index = 46737, .adv_w = 294, .box_w = 17, .box_h = 18, .ofs_x = 1, .ofs_y = 0},
    {.bitmap_index = 46861, .adv_w = 298, .box_w = 19, .box_h = 18, .ofs_x = 0, .ofs_y = 0},
    {.bitmap_index = 47008, .adv_w = 261, .box_w = 16, .box_h = 14, .ofs_x = 0, .ofs_y = 0},
    {.bitmap_index = 47110, .adv_w = 209, .box_w = 12, .box_h = 19, .ofs_x = 1, .ofs_y = -5},
    {.bitmap_index = 47178, .adv_w = 160, .box_w = 9, .box_h = 16, .ofs_x = 1, .ofs_y = -5},
    {.bitmap_index = 47226, .adv_w = 195, .box_w = 11, .box_h = 14, .ofs_x = 1, .ofs_y = -1},
    {.bitmap_index = 47289, .adv_w = 0, .box_w = 9, .box_h = 4, .ofs_x = -10, .ofs_y = 10},
    {.bitmap_index = 47304, .adv_w = 0, .box_w = 9, .box_h = 4, .ofs_x = -10, .ofs_y = 12},
    {.bitmap_index = 47322, .adv_w = 0, .box_w = 3, .box_h = 4, .ofs_x = -7, .ofs_y = 12},
    {.bitmap_index = 47328, .adv_w = 0, .box_w = 3, .box_h = 4, .ofs_x = -7, .ofs_y = 12},
    {.bitmap_index = 47335, .adv_w = 0, .box_w = 8, .box_h = 4, .ofs_x = -4, .ofs_y = 15},
    {.bitmap_index = 47351, .adv_w = 0, .box_w = 24, .box_h = 22, .ofs_x = -12, .ofs_y = -6},
    {.bitmap_index = 47496, .adv_w = 0, .box_w = 22, .box_h = 22, .ofs_x = -11, .ofs_y = -6},
    {.bitmap_index = 47642, .adv_w = 264, .box_w = 16, .box_h = 23, .ofs_x = 1, .ofs_y = -4},
    {.bitmap_index = 47764, .adv_w = 224, .box_w = 13, .box_h = 20, .ofs_x = 1, .ofs_y = -4},
    {.bitmap_index = 47858, .adv_w = 199, .box_w = 12, .box_h = 14, .ofs_x = 0, .ofs_y = 0},
    {.bitmap_index = 47915, .adv_w = 192, .box_w = 12, .box_h = 15, .ofs_x = 0, .ofs_y = 0},
    {.bitmap_index = 47970, .adv_w = 197, .box_w = 11, .box_h = 14, .ofs_x = 1, .ofs_y = 0},
    {.bitmap_index = 48024, .adv_w = 198, .box_w = 11, .box_h = 16, .ofs_x = 1, .ofs_y = -5},
    {.bitmap_index = 48095, .adv_w = 175, .box_w = 10, .box_h = 18, .ofs_x = 1, .ofs_y = 0},
    {.bitmap_index = 48121, .adv_w = 147, .box_w = 8, .box_h = 14, .ofs_x = 1, .ofs_y = 0},
    {.bitmap_index = 48140, .adv_w = 172, .box_w = 11, .box_h = 14, .ofs_x = 0, .ofs_y = 0},
    {.bitmap_index = 48172, .adv_w = 144, .box_w = 9, .box_h = 11, .ofs_x = 0, .ofs_y = 0},
    {.bitmap_index = 48201, .adv_w = 216, .box_w = 12, .box_h = 19, .ofs_x = 1, .ofs_y = -5},
    {.bitmap_index = 48276, .adv_w = 177, .box_w = 10, .box_h = 16, .ofs_x = 1, .ofs_y = -5},
    {.bitmap_index = 48335, .adv_w = 301, .box_w = 19, .box_h = 18, .ofs_x = 0, .ofs_y = -4},
    {.bitmap_index = 48449, .adv_w = 268, .box_w = 17, .box_h = 15, .ofs_x = 0, .ofs_y = -4},
    {.bitmap_index = 48537, .adv_w = 186, .box_w = 11, .box_h = 19, .ofs_x = 0, .ofs_y = -5},
    {.bitmap_index = 48627, .adv_w = 159, .box_w = 10, .box_h = 16, .ofs_x = 0, .ofs_y = -5},
    {.bitmap_index = 48696, .adv_w = 222, .box_w = 13, .box_h = 18, .ofs_x = 1, .ofs_y = -4},
    {.bitmap_index = 48766, .adv_w = 188, .box_w = 11, .box_h = 15, .ofs_x = 1, .ofs_y = -4},
    {.bitmap_index = 48818, .adv_w = 204, .box_w = 12, .box_h = 14, .ofs_x = 1, .ofs_y = 0},
    {.bitmap_index = 48878, .adv_w = 178, .box_w = 10, .box_h = 11, .ofs_x = 1, .ofs_y = 0},
    {.bitmap_index = 48922, .adv_w = 206, .box_w = 13, .box_h = 14, .ofs_x = 0, .ofs_y = 0},
    {.bitmap_index = 48990, .adv_w = 180, .box_w = 11, .box_h = 16, .ofs_x = 0, .ofs_y = 0},
    {.bitmap_index = 49056, .adv_w = 226, .box_w = 15, .box_h = 14, .ofs_x = 0, .ofs_y = 0},
    {.bitmap_index = 49125, .adv_w = 206, .box_w = 13, .box_h = 11, .ofs_x = 0, .ofs_y = 0},
    {.bitmap_index = 49175, .adv_w = 250, .box_w = 15, .box_h = 18, .ofs_x = 1, .ofs_y = -4},
    {.bitmap_index = 49213, .adv_w = 218, .box_w = 13, .box_h = 15, .ofs_x = 1, .ofs_y = -4},
    {.bitmap_index = 49247, .adv_w = 263, .box_w = 16, .box_h = 14, .ofs_x = 1, .ofs_y = 0},
    {.bitmap_index = 49282, .adv_w = 238, .box_w = 14, .box_h = 11, .ofs_x = 1, .ofs_y = 0},
    {.bitmap_index = 49313, .adv_w = 344, .box_w = 20, .box_h = 19, .ofs_x = 1, .ofs_y = -5},
    {.bitmap_index = 49410, .adv_w = 279, .box_w = 16, .box_h = 16, .ofs_x = 1, .ofs_y = -5},
    {.bitmap_index = 49482, .adv_w = 249, .box_w = 14, .box_h = 15, .ofs_x = 1, .ofs_y = -1},
    {.bitmap_index = 49579, .adv_w = 207, .box_w = 12, .box_h = 11, .ofs_x = 1, .ofs_y = 0},
    {.bitmap_index = 49644, .adv_w = 203, .box_w = 12, .box_h = 19, .ofs_x = 1, .ofs_y = -5},
    {.bitmap_index = 49732, .adv_w = 157, .box_w = 9, .box_h = 16, .ofs_x = 1, .ofs_y = -5},
    {.bitmap_index = 49795, .adv_w = 180, .box_w = 11, .box_h = 18, .ofs_x = 0, .ofs_y = -4},
    {.bitmap_index = 49826, .adv_w = 159, .box_w = 10, .box_h = 15, .ofs_x = 0, .ofs_y = -4},
    {.bitmap_index = 49852, .adv_w = 187, .box_w = 12, .box_h = 14, .ofs_x = 0, .ofs_y = 0},
    {.bitmap_index = 49904, .adv_w = 169, .box_w = 11, .box_h = 16, .ofs_x = 0, .ofs_y = -5},
    {.bitmap_index = 49963, .adv_w = 187, .box_w = 12, .box_h = 14, .ofs_x = 0, .ofs_y = 0},
    {.bitmap_index = 50030, .adv_w = 169, .box_w = 11, .box_h = 16, .ofs_x = 0, .ofs_y = -5},
    {.bitmap_index = 50104, .adv_w = 212, .box_w = 13, .box_h = 18, .ofs_x = 0, .ofs_y = -4},
    {.bitmap_index = 50191, .adv_w = 184, .box_w = 12, .box_h = 15, .ofs_x = 0, .ofs_y = -4},
    {.bitmap_index = 50258, .adv_w = 282, .box_w = 18, .box_h = 18, .ofs_x = 0, .ofs_y = -4},
    {.bitmap_index = 50304, .adv_w = 238, .box_w = 15, .box_h = 15, .ofs_x = 0, .ofs_y = -4},
    {.bitmap_index = 50346, .adv_w = 235, .box_w = 14, .box_h = 18, .ofs_x = 1, .ofs_y = -4},
    {.bitmap_index = 50395, .adv_w = 209, .box_w = 12, .box_h = 15, .ofs_x = 1, .ofs_y = -4},
    {.bitmap_index = 50440, .adv_w = 227, .box_w = 12, .box_h = 14, .ofs_x = 1, .ofs_y = 0},
    {.bitmap_index = 50485, .adv_w = 199, .box_w = 10, .box_h = 11, .ofs_x = 1, .ofs_y = 0},
    {.bitmap_index = 50523, .adv_w = 227, .box_w = 12, .box_h = 14, .ofs_x = 1, .ofs_y = 0},
    {.bitmap_index = 50556, .adv_w = 201, .box_w = 10, .box_h = 16, .ofs_x = 1, .ofs_y = 0},
    {.bitmap_index = 50592, .adv_w = 281, .box_w = 17, .box_h = 14, .ofs_x = 0, .ofs_y = 0},
    {.bitmap_index = 50686, .adv_w = 217, .box_w = 13, .box_h = 11, .ofs_x = 0, .ofs_y = 0},
    {.bitmap_index = 50748, .adv_w = 281, .box_w = 17, .box_h = 18, .ofs_x = 0, .ofs_y = -4},
    {.bitmap_index = 50856, .adv_w = 217, .box_w = 13, .box_h = 15, .ofs_x = 0, .ofs_y = -4},
    {.bitmap_index = 50929, .adv_w = 113, .box_w = 7, .box_h = 14, .ofs_x = 0, .ofs_y = 0},
    {.bitmap_index = 50949, .adv_w = 299, .box_w = 19, .box_h = 19, .ofs_x = 0, .ofs_y = 0},
    {.bitmap_index = 51083, .adv_w = 253, .box_w = 16, .box_h = 15, .ofs_x = 0, .ofs_y = 0},
    {.bitmap_index = 51180, .adv_w = 229, .box_w = 13, .box_h = 19, .ofs_x = 1, .ofs_y = -5},
    {.bitmap_index = 51272, .adv_w = 188, .box_w = 11, .box_h = 16, .ofs_x = 1, .ofs_y = -5},
    {.bitmap_index = 51342, .adv_w = 241, .box_w = 15, .box_h = 18, .ofs_x = 0, .ofs_y = -4},
    {.bitmap_index = 51427, .adv_w = 201, .box_w = 13, .box_h = 15, .ofs_x = 0, .ofs_y = -4},
    {.bitmap_index = 51490, .adv_w = 237, .box_w = 13, .box_h = 19, .ofs_x = 1, .ofs_y = -5},
    {.bitmap_index = 51540, .adv_w = 203, .box_w = 11, .box_h = 16, .ofs_x = 1, .ofs_y = -5},
    {.bitmap_index = 51585, .adv_w = 252, .box_w = 15, .box_h = 18, .ofs_x = 1, .ofs_y = -4},
    {.bitmap_index = 51634, .adv_w = 220, .box_w = 13, .box_h = 15, .ofs_x = 1, .ofs_y = -4},
    {.bitmap_index = 51678, .adv_w = 227, .box_w = 12, .box_h = 18, .ofs_x = 1, .ofs_y = -4},
    {.bitmap_index = 51727, .adv_w = 200, .box_w = 10, .box_h = 15, .ofs_x = 1, .ofs_y = -4},
    {.bitmap_index = 51768, .adv_w = 305, .box_w = 18, .box_h = 18, .ofs_x = 1, .ofs_y = -4},
    {.bitmap_index = 51880, .adv_w = 258, .box_w = 15, .box_h = 15, .ofs_x = 1, .ofs_y = -4},
    {.bitmap_index = 51963, .adv_w = 113, .box_w = 7, .box_h = 14, .ofs_x = 0, .ofs_y = 0},
    {.bitmap_index = 51983, .adv_w = 210, .box_w = 14, .box_h = 19, .ofs_x = 0, .ofs_y = 0},
    {.bitmap_index = 52083, .adv_w = 183, .box_w = 10, .box_h = 15, .ofs_x = 0, .ofs_y = 0},
    {.bitmap_index = 52156, .adv_w = 210, .box_w = 14, .box_h = 19, .ofs_x = 0, .ofs_y = 0},
    {.bitmap_index = 52253, .adv_w = 183, .box_w = 10, .box_h = 14, .ofs_x = 0, .ofs_y = 0},
    {.bitmap_index = 52322, .adv_w = 289, .box_w = 18, .box_h = 14, .ofs_x = -1, .ofs_y = 0},
    {.bitmap_index = 52405, .adv_w = 282, .box_w = 17, .box_h = 11, .ofs_x = 0, .ofs_y = 0},
    {.bitmap_index = 52494, .adv_w = 178, .box_w = 9, .box_h = 19, .ofs_x = 1, .ofs_y = 0},
    {.bitmap_index = 52547, .adv_w = 184, .box_w = 10, .box_h = 15, .ofs_x = 1, .ofs_y = 0},
    {.bitmap_index = 52616, .adv_w = 244, .box_w = 14, .box_h = 14, .ofs_x = 1, .ofs_y = 0},
    {.bitmap_index = 52696, .adv_w = 184, .box_w = 11, .box_h = 11, .ofs_x = 0, .ofs_y = 0},
    {.bitmap_index = 52752, .adv_w = 244, .box_w = 14, .box_h = 19, .ofs_x = 1, .ofs_y = 0},
    {.bitmap_index = 52854, .adv_w = 184, .box_w = 11, .box_h = 14, .ofs_x = 0, .ofs_y = 0},
    {.bitmap_index = 52925, .adv_w = 299, .box_w = 19, .box_h = 19, .ofs_x = 0, .ofs_y = 0},
    {.bitmap_index = 53054, .adv_w = 253, .box_w = 16, .box_h = 14, .ofs_x = 0, .ofs_y = 0},
    {.bitmap_index = 53145, .adv_w = 186, .box_w = 11, .box_h = 19, .ofs_x = 0, .ofs_y = 0},
    {.bitmap_index = 53235, .adv_w = 159, .box_w = 10, .box_h = 14, .ofs_x = 0, .ofs_y = 0},
    {.bitmap_index = 53301, .adv_w = 188, .box_w = 11, .box_h = 14, .ofs_x = 0, .ofs_y = 0},
    {.bitmap_index = 53365, .adv_w = 167, .box_w = 10, .box_h = 16, .ofs_x = 0, .ofs_y = -5},
    {.bitmap_index = 53429, .adv_w = 245, .box_w = 13, .box_h = 17, .ofs_x = 1, .ofs_y = 0},
    {.bitmap_index = 53499, .adv_w = 204, .box_w = 11, .box_h = 14, .ofs_x = 1, .ofs_y = 0},
    {.bitmap_index = 53552, .adv_w = 245, .box_w = 13, .box_h = 19, .ofs_x = 1, .ofs_y = 0},
    {.bitmap_index = 53631, .adv_w = 204, .box_w = 11, .box_h = 14, .ofs_x = 1, .ofs_y = 0},
    {.bitmap_index = 53687, .adv_w = 251, .box_w = 14, .box_h = 19, .ofs_x = 1, .ofs_y = 0},
    {.bitmap_index = 53790, .adv_w = 196, .box_w = 11, .box_h = 14, .ofs_x = 1, .ofs_y = 0},
    {.bitmap_index = 53864, .adv_w = 251, .box_w = 14, .box_h = 14, .ofs_x = 1, .ofs_y = 0},
    {.bitmap_index = 53948, .adv_w = 196, .box_w = 11, .box_h = 11, .ofs_x = 1, .ofs_y = 0},
    {.bitmap_index = 54006, .adv_w = 251, .box_w = 14, .box_h = 19, .ofs_x = 1, .ofs_y = 0},
    {.bitmap_index = 54111, .adv_w = 196, .box_w = 11, .box_h = 14, .ofs_x = 1, .ofs_y = 0},
    {.bitmap_index = 54183, .adv_w = 207, .box_w = 12, .box_h = 19, .ofs_x = 0, .ofs_y = 0},
    {.bitmap_index = 54274, .adv_w = 161, .box_w = 10, .box_h = 14, .ofs_x = 0, .ofs_y = 0},
    {.bitmap_index = 54339, .adv_w = 200, .box_w = 13, .box_h = 18, .ofs_x = 0, .ofs_y = 0},
    {.bitmap_index = 54428, .adv_w = 169, .box_w = 11, .box_h = 19, .ofs_x = 0, .ofs_y = -5},
    {.bitmap_index = 54514, .adv_w = 200, .box_w = 13, .box_h = 19, .ofs_x = 0, .ofs_y = 0},
    {.bitmap_index = 54610, .adv_w = 169, .box_w = 11, .box_h = 19, .ofs_x = 0, .ofs_y = -5},
    {.bitmap_index = 54700, .adv_w = 200, .box_w = 13, .box_h = 19, .ofs_x = 0, .ofs_y = 0},
    {.bitmap_index = 54800, .adv_w = 169, .box_w = 11, .box_h = 21, .ofs_x = 0, .ofs_y = -5},
    {.bitmap_index = 54899, .adv_w = 220, .box_w = 11, .box_h = 19, .ofs_x = 1, .ofs_y = 0},
    {.bitmap_index = 54956, .adv_w = 193, .box_w = 10, .box_h = 14, .ofs_x = 1, .ofs_y = 0},
    {.bitmap_index = 55004, .adv_w = 172, .box_w = 10, .box_h = 18, .ofs_x = 1, .ofs_y = -4},
    {.bitmap_index = 55033, .adv_w = 143, .box_w = 8, .box_h = 15, .ofs_x = 1, .ofs_y = -4},
    {.bitmap_index = 55057, .adv_w = 278, .box_w = 15, .box_h = 19, .ofs_x = 1, .ofs_y = 0},
    {.bitmap_index = 55133, .adv_w = 252, .box_w = 14, .box_h = 14, .ofs_x = 1, .ofs_y = 0},
    {.bitmap_index = 55195, .adv_w = 172, .box_w = 11, .box_h = 18, .ofs_x = 0, .ofs_y = -4},
    {.bitmap_index = 55248, .adv_w = 144, .box_w = 9, .box_h = 15, .ofs_x = 0, .ofs_y = -4},
    {.bitmap_index = 55296, .adv_w = 212, .box_w = 13, .box_h = 18, .ofs_x = 0, .ofs_y = -4},
    {.bitmap_index = 55392, .adv_w = 185, .box_w = 12, .box_h = 15, .ofs_x = 0, .ofs_y = -4},
    {.bitmap_index = 55469, .adv_w = 196, .box_w = 13, .box_h = 14, .ofs_x = 0, .ofs_y = 0},
    {.bitmap_index = 55552, .adv_w = 174, .box_w = 11, .box_h = 11, .ofs_x = 0, .ofs_y = 0},
    {.bitmap_index = 55612, .adv_w = 199, .box_w = 10, .box_h = 14, .ofs_x = 1, .ofs_y = 0},
    {.bitmap_index = 55654, .adv_w = 198, .box_w = 10, .box_h = 16, .ofs_x = 1, .ofs_y = 0},
    {.bitmap_index = 55714, .adv_w = 291, .box_w = 16, .box_h = 14, .ofs_x = 1, .ofs_y = 0},
    {.bitmap_index = 55780, .adv_w = 290, .box_w = 16, .box_h = 16, .ofs_x = 1, .ofs_y = 0},
    {.bitmap_index = 55865, .adv_w = 290, .box_w = 17, .box_h = 14, .ofs_x = 0, .ofs_y = 0},
    {.bitmap_index = 55954, .adv_w = 265, .box_w = 15, .box_h = 11, .ofs_x = 0, .ofs_y = 0},
    {.bitmap_index = 56018, .adv_w = 209, .box_w = 13, .box_h = 18, .ofs_x = 0, .ofs_y = -4},
    {.bitmap_index = 56089, .adv_w = 184, .box_w = 12, .box_h = 15, .ofs_x = 0, .ofs_y = -4},
    {.bitmap_index = 56146, .adv_w = 320, .box_w = 19, .box_h = 14, .ofs_x = 0, .ofs_y = 0},
    {.bitmap_index = 56233, .adv_w = 282, .box_w = 17, .box_h = 11, .ofs_x = 0, .ofs_y = 0},
    {.bitmap_index = 56301, .adv_w = 327, .box_w = 18, .box_h = 14, .ofs_x = 1, .ofs_y = 0},
    {.bitmap_index = 56356, .adv_w = 297, .box_w = 16, .box_h = 11, .ofs_x = 1, .ofs_y = 0},
    {.bitmap_index = 56405, .adv_w = 247, .box_w = 14, .box_h = 14, .ofs_x = 1, .ofs_y = 0},
    {.bitmap_index = 56488, .adv_w = 207, .box_w = 11, .box_h = 11, .ofs_x = 1, .ofs_y = 0},
    {.bitmap_index = 56546, .adv_w = 233, .box_w = 13, .box_h = 14, .ofs_x = 0, .ofs_y = 0},
    {.bitmap_index = 56594, .adv_w = 217, .box_w = 12, .box_h = 11, .ofs_x = 0, .ofs_y = 0},
    {.bitmap_index = 56636, .adv_w = 194, .box_w = 11, .box_h = 14, .ofs_x = 1, .ofs_y = 0},
    {.bitmap_index = 56706, .adv_w = 161, .box_w = 10, .box_h = 11, .ofs_x = 0, .ofs_y = 0},
    {.bitmap_index = 56759, .adv_w = 238, .box_w = 15, .box_h = 18, .ofs_x = 0, .ofs_y = -4},
    {.bitmap_index = 56844, .adv_w = 201, .box_w = 13, .box_h = 15, .ofs_x = 0, .ofs_y = -4},
    {.bitmap_index = 56908, .adv_w = 310, .box_w = 20, .box_h = 14, .ofs_x = 0, .ofs_y = 0},
    {.bitmap_index = 57026, .adv_w = 266, .box_w = 17, .box_h = 11, .ofs_x = 0, .ofs_y = 0},
    {.bitmap_index = 57112, .adv_w = 264, .box_w = 16, .box_h = 14, .ofs_x = 1, .ofs_y = 0},
    {.bitmap_index = 57195, .adv_w = 266, .box_w = 16, .box_h = 16, .ofs_x = 1, .ofs_y = -5},
    {.bitmap_index = 57284, .adv_w = 289, .box_w = 17, .box_h = 14, .ofs_x = 0, .ofs_y = 0},
    {.bitmap_index = 57371, .adv_w = 284, .box_w = 17, .box_h = 11, .ofs_x = 0, .ofs_y = 0},
    {.bitmap_index = 57457, .adv_w = 251, .box_w = 14, .box_h = 17, .ofs_x = 1, .ofs_y = -3},
    {.bitmap_index = 57553, .adv_w = 198, .box_w = 10, .box_h = 16, .ofs_x = 1, .ofs_y = -5},
    {.bitmap_index = 57612, .adv_w = 301, .box_w = 19, .box_h = 14, .ofs_x = 0, .ofs_y = 0},
    {.bitmap_index = 57733, .adv_w = 259, .box_w = 16, .box_h = 11, .ofs_x = 0, .ofs_y = 0},
    {.bitmap_index = 57819, .adv_w = 206, .box_w = 12, .box_h = 14, .ofs_x = 1, .ofs_y = 0},
    {.bitmap_index = 57883, .adv_w = 178, .box_w = 10, .box_h = 12, .ofs_x = 1, .ofs_y = 0},
    {.bitmap_index = 57932, .adv_w = 333, .box_w = 20, .box_h = 19, .ofs_x = 0, .ofs_y = -5},
    {.bitmap_index = 58058, .adv_w = 267, .box_w = 17, .box_h = 16, .ofs_x = 0, .ofs_y = -5},
    {.bitmap_index = 58152, .adv_w = 355, .box_w = 21, .box_h = 19, .ofs_x = 1, .ofs_y = -5},
    {.bitmap_index = 58249, .adv_w = 284, .box_w = 17, .box_h = 16, .ofs_x = 1, .ofs_y = -5},
    {.bitmap_index = 58321, .adv_w = 245, .box_w = 14, .box_h = 18, .ofs_x = 1, .ofs_y = -4},
    {.bitmap_index = 58353, .adv_w = 213, .box_w = 12, .box_h = 15, .ofs_x = 1, .ofs_y = -4},
    {.bitmap_index = 58380, .adv_w = 244, .box_w = 14, .box_h = 18, .ofs_x = 1, .ofs_y = -4},
    {.bitmap_index = 58428, .adv_w = 214, .box_w = 12, .box_h = 20, .ofs_x = 1, .ofs_y = -4},
    {.bitmap_index = 58477, .adv_w = 236, .box_w = 14, .box_h = 18, .ofs_x = -1, .ofs_y = -4},
    {.bitmap_index = 58516, .adv_w = 203, .box_w = 13, .box_h = 16, .ofs_x = -1, .ofs_y = -5},
    {.bitmap_index = 58556, .adv_w = 461, .box_w = 29, .box_h = 18, .ofs_x = 0, .ofs_y = -4},
    {.bitmap_index = 58714, .adv_w = 394, .box_w = 25, .box_h = 14, .ofs_x = 0, .ofs_y = -3},
    {.bitmap_index = 58836, .adv_w = 229, .box_w = 14, .box_h = 18, .ofs_x = 0, .ofs_y = -4},
    {.bitmap_index = 58920, .adv_w = 198, .box_w = 12, .box_h = 15, .ofs_x = 0, .ofs_y = -4},
    {.bitmap_index = 58986, .adv_w = 233, .box_w = 15, .box_h = 18, .ofs_x = 0, .ofs_y = -4},
    {.bitmap_index = 59059, .adv_w = 195, .box_w = 12, .box_h = 15, .ofs_x = 0, .ofs_y = -4},
    {.bitmap_index = 59113, .adv_w = 301, .box_w = 19, .box_h = 19, .ofs_x = 0, .ofs_y = 0},
    {.bitmap_index = 59259, .adv_w = 259, .box_w = 16, .box_h = 15, .ofs_x = 0, .ofs_y = 0},
    {.bitmap_index = 59366, .adv_w = 301, .box_w = 19, .box_h = 19, .ofs_x = 0, .ofs_y = 0},
    {.bitmap_index = 59512, .adv_w = 259, .box_w = 16, .box_h = 15, .ofs_x = 0, .ofs_y = 0},
    {.bitmap_index = 59617, .adv_w = 301, .box_w = 19, .box_h = 19, .ofs_x = 0, .ofs_y = 0},
    {.bitmap_index = 59765, .adv_w = 259, .box_w = 16, .box_h = 14, .ofs_x = 0, .ofs_y = 0},
    {.bitmap_index = 59868, .adv_w = 232, .box_w = 13, .box_h = 14, .ofs_x = 1, .ofs_y = 0},
    {.bitmap_index = 59944, .adv_w = 187, .box_w = 12, .box_h = 19, .ofs_x = 0, .ofs_y = 0},
    {.bitmap_index = 60015, .adv_w = 169, .box_w = 11, .box_h = 20, .ofs_x = 0, .ofs_y = -5},
    {.bitmap_index = 60105, .adv_w = 103, .box_w = 6, .box_h = 2, .ofs_x = 0, .ofs_y = 4},
    {.bitmap_index = 60110, .adv_w = 103, .box_w = 6, .box_h = 2, .ofs_x = 0, .ofs_y = 4},
    {.bitmap_index = 60115, .adv_w = 184, .box_w = 11, .box_h = 2, .ofs_x = 0, .ofs_y = 6},
    {.bitmap_index = 60121, .adv_w = 160, .box_w = 10, .box_h = 2, .ofs_x = 0, .ofs_y = 4},
    {.bitmap_index = 60127, .adv_w = 320, .box_w = 20, .box_h = 2, .ofs_x = 0, .ofs_y = 4},
    {.bitmap_index = 60136, .adv_w = 320, .box_w = 20, .box_h = 2, .ofs_x = 0, .ofs_y = 4},
    {.bitmap_index = 60145, .adv_w = 176, .box_w = 7, .box_h = 20, .ofs_x = 2, .ofs_y = -5},
    {.bitmap_index = 60155, .adv_w = 132, .box_w = 10, .box_h = 6, .ofs_x = -1, .ofs_y = -5},
    {.bitmap_index = 60172, .adv_w = 60, .box_w = 4, .box_h = 5, .ofs_x = 0, .ofs_y = 9},
    {.bitmap_index = 60182, .adv_w = 60, .box_w = 4, .box_h = 5, .ofs_x = 0, .ofs_y = 9},
    {.bitmap_index = 60192, .adv_w = 84, .box_w = 4, .box_h = 5, .ofs_x = 0, .ofs_y = -2},
    {.bitmap_index = 60202, .adv_w = 60, .box_w = 4, .box_h = 5, .ofs_x = 0, .ofs_y = 9},
    {.bitmap_index = 60213, .adv_w = 123, .box_w = 8, .box_h = 5, .ofs_x = 0, .ofs_y = 9},
    {.bitmap_index = 60234, .adv_w = 123, .box_w = 8, .box_h = 5, .ofs_x = 0, .ofs_y = 9},
    {.bitmap_index = 60255, .adv_w = 142, .box_w = 8, .box_h = 5, .ofs_x = 0, .ofs_y = -3},
    {.bitmap_index = 60276, .adv_w = 123, .box_w = 8, .box_h = 5, .ofs_x = 0, .ofs_y = 9},
    {.bitmap_index = 60297, .adv_w = 164, .box_w = 8, .box_h = 15, .ofs_x = 1, .ofs_y = 0},
    {.bitmap_index = 60342, .adv_w = 164, .box_w = 9, .box_h = 15, .ofs_x = 1, .ofs_y = 0},
    {.bitmap_index = 60401, .adv_w = 120, .box_w = 6, .box_h = 6, .ofs_x = 1, .ofs_y = 5},
    {.bitmap_index = 60419, .adv_w = 118, .box_w = 6, .box_h = 7, .ofs_x = 1, .ofs_y = 4},
    {.bitmap_index = 60438, .adv_w = 160, .box_w = 4, .box_h = 3, .ofs_x = 3, .ofs_y = 0},
    {.bitmap_index = 60445, .adv_w = 175, .box_w = 9, .box_h = 3, .ofs_x = 1, .ofs_y = 0},
    {.bitmap_index = 60459, .adv_w = 259, .box_w = 14, .box_h = 3, .ofs_x = 1, .ofs_y = 0},
    {.bitmap_index = 60481, .adv_w = 87, .box_w = 4, .box_h = 3, .ofs_x = 1, .ofs_y = 4},
    {.bitmap_index = 60487, .adv_w = 386, .box_w = 24, .box_h = 14, .ofs_x = 0, .ofs_y = 0},
    {.bitmap_index = 60635, .adv_w = 104, .box_w = 6, .box_h = 9, .ofs_x = 0, .ofs_y = 1},
    {.bitmap_index = 60661, .adv_w = 104, .box_w = 6, .box_h = 9, .ofs_x = 0, .ofs_y = 1},
    {.bitmap_index = 60688, .adv_w = 183, .box_w = 11, .box_h = 14, .ofs_x = 0, .ofs_y = 0},
    {.bitmap_index = 60759, .adv_w = 303, .box_w = 17, .box_h = 16, .ofs_x = 1, .ofs_y = -2},
    {.bitmap_index = 60857, .adv_w = 183, .box_w = 12, .box_h = 14, .ofs_x = 0, .ofs_y = 0},
    {.bitmap_index = 60925, .adv_w = 259, .box_w = 15, .box_h = 14, .ofs_x = 1, .ofs_y = 0},
    {.bitmap_index = 60991, .adv_w = 275, .box_w = 16, .box_h = 14, .ofs_x = 1, .ofs_y = 0},
    {.bitmap_index = 61084, .adv_w = 221, .box_w = 14, .box_h = 14, .ofs_x = 0, .ofs_y = 0},
    {.bitmap_index = 61182, .adv_w = 267, .box_w = 15, .box_h = 14, .ofs_x = 1, .ofs_y = 0},
    {.bitmap_index = 61237, .adv_w = 200, .box_w = 12, .box_h = 19, .ofs_x = 1, .ofs_y = -4},
    {.bitmap_index = 61327, .adv_w = 183, .box_w = 12, .box_h = 14, .ofs_x = 0, .ofs_y = 0},
    {.bitmap_index = 61403, .adv_w = 183, .box_w = 12, .box_h = 14, .ofs_x = 0, .ofs_y = 0},
    {.bitmap_index = 61467, .adv_w = 183, .box_w = 12, .box_h = 14, .ofs_x = 0, .ofs_y = 0},
    {.bitmap_index = 61527, .adv_w = 314, .box_w = 19, .box_h = 19, .ofs_x = 0, .ofs_y = -5},
    {.bitmap_index = 61668, .adv_w = 187, .box_w = 11, .box_h = 19, .ofs_x = 0, .ofs_y = -5},
    {.bitmap_index = 61759, .adv_w = 183, .box_w = 12, .box_h = 14, .ofs_x = 0, .ofs_y = 0},
    {.bitmap_index = 61819, .adv_w = 234, .box_w = 13, .box_h = 17, .ofs_x = 1, .ofs_y = -2},
    {.bitmap_index = 61904, .adv_w = 198, .box_w = 13, .box_h = 14, .ofs_x = 0, .ofs_y = 0},
    {.bitmap_index = 61984, .adv_w = 178, .box_w = 11, .box_h = 14, .ofs_x = 0, .ofs_y = 0},
    {.bitmap_index = 62058, .adv_w = 203, .box_w = 12, .box_h = 17, .ofs_x = 1, .ofs_y = -2},
    {.bitmap_index = 62136, .adv_w = 206, .box_w = 13, .box_h = 14, .ofs_x = 0, .ofs_y = 0},
    {.bitmap_index = 62186, .adv_w = 233, .box_w = 14, .box_h = 16, .ofs_x = 0, .ofs_y = -2},
    {.bitmap_index = 62284, .adv_w = 177, .box_w = 11, .box_h = 14, .ofs_x = 0, .ofs_y = 0},
    {.bitmap_index = 62311, .adv_w = 183, .box_w = 9, .box_h = 15, .ofs_x = 1, .ofs_y = 0},
    {.bitmap_index = 62368, .adv_w = 183, .box_w = 11, .box_h = 14, .ofs_x = 0, .ofs_y = 0},
    {.bitmap_index = 62435, .adv_w = 253, .box_w = 16, .box_h = 14, .ofs_x = 0, .ofs_y = 0},
    {.bitmap_index = 62526, .adv_w = 265, .box_w = 15, .box_h = 14, .ofs_x = 1, .ofs_y = 0},
    {.bitmap_index = 62585, .adv_w = 188, .box_w = 12, .box_h = 14, .ofs_x = 0, .ofs_y = 0},
    {.bitmap_index = 62648, .adv_w = 248, .box_w = 14, .box_h = 15, .ofs_x = 1, .ofs_y = 0},
    {.bitmap_index = 62733, .adv_w = 183, .box_w = 10, .box_h = 19, .ofs_x = 1, .ofs_y = -2},
    {.bitmap_index = 62808, .adv_w = 327, .box_w = 19, .box_h = 15, .ofs_x = 1, .ofs_y = 0},
    {.bitmap_index = 62909, .adv_w = 247, .box_w = 14, .box_h = 8, .ofs_x = 0, .ofs_y = 7},
    {.bitmap_index = 62952, .adv_w = 320, .box_w = 20, .box_h = 21, .ofs_x = 0, .ofs_y = -3},
    {.bitmap_index = 63062, .adv_w = 360, .box_w = 22, .box_h = 21, .ofs_x = 0, .ofs_y = -3},
    {.bitmap_index = 63197, .adv_w = 320, .box_w = 20, .box_h = 15, .ofs_x = 0, .ofs_y = 0},
    {.bitmap_index = 63309, .adv_w = 320, .box_w = 20, .box_h = 19, .ofs_x = 0, .ofs_y = -2},
    {.bitmap_index = 63396, .adv_w = 320, .box_w = 20, .box_h = 15, .ofs_x = 0, .ofs_y = 0},
    {.bitmap_index = 63496, .adv_w = 220, .box_w = 14, .box_h = 15, .ofs_x = 0, .ofs_y = 0},
    {.bitmap_index = 63587, .adv_w = 320, .box_w = 20, .box_h = 21, .ofs_x = 0, .ofs_y = -3},
    {.bitmap_index = 63746, .adv_w = 320, .box_w = 20, .box_h = 21, .ofs_x = 0, .ofs_y = -3},
    {.bitmap_index = 63899, .adv_w = 360, .box_w = 23, .box_h = 19, .ofs_x = 0, .ofs_y = -2},
    {.bitmap_index = 64042, .adv_w = 320, .box_w = 20, .box_h = 21, .ofs_x = 0, .ofs_y = -3},
    {.bitmap_index = 64175, .adv_w = 320, .box_w = 20, .box_h = 21, .ofs_x = 0, .ofs_y = -3},
    {.bitmap_index = 64279, .adv_w = 360, .box_w = 23, .box_h = 15, .ofs_x = 0, .ofs_y = 0},
    {.bitmap_index = 64376, .adv_w = 320, .box_w = 20, .box_h = 21, .ofs_x = 0, .ofs_y = -3},
    {.bitmap_index = 64531, .adv_w = 320, .box_w = 20, .box_h = 21, .ofs_x = 0, .ofs_y = -3},
    {.bitmap_index = 64614, .adv_w = 160, .box_w = 10, .box_h = 16, .ofs_x = 0, .ofs_y = 0},
    {.bitmap_index = 64652, .adv_w = 240, .box_w = 15, .box_h = 16, .ofs_x = 0, .ofs_y = -1},
    {.bitmap_index = 64726, .adv_w = 360, .box_w = 23, .box_h = 19, .ofs_x = 0, .ofs_y = -2},
    {.bitmap_index = 64880, .adv_w = 320, .box_w = 20, .box_h = 15, .ofs_x = 0, .ofs_y = 0},
    {.bitmap_index = 64975, .adv_w = 220, .box_w = 14, .box_h = 21, .ofs_x = 0, .ofs_y = -3},
    {.bitmap_index = 65078, .adv_w = 280, .box_w = 13, .box_h = 19, .ofs_x = 2, .ofs_y = -2},
    {.bitmap_index = 65146, .adv_w = 280, .box_w = 18, .box_h = 21, .ofs_x = 0, .ofs_y = -3},
    {.bitmap_index = 65248, .adv_w = 280, .box_w = 18, .box_h = 19, .ofs_x = 0, .ofs_y = -2},
    {.bitmap_index = 65305, .adv_w = 280, .box_w = 18, .box_h = 19, .ofs_x = 0, .ofs_y = -2},
    {.bitmap_index = 65346, .adv_w = 280, .box_w = 13, .box_h = 19, .ofs_x = 2, .ofs_y = -2},
    {.bitmap_index = 65420, .adv_w = 280, .box_w = 19, .box_h = 19, .ofs_x = -1, .ofs_y = -2},
    {.bitmap_index = 65519, .adv_w = 200, .box_w = 11, .box_h = 19, .ofs_x = 1, .ofs_y = -2},
    {.bitmap_index = 65604, .adv_w = 200, .box_w = 11, .box_h = 19, .ofs_x = 1, .ofs_y = -2},
    {.bitmap_index = 65685, .adv_w = 280, .box_w = 18, .box_h = 19, .ofs_x = 0, .ofs_y = -2},
    {.bitmap_index = 65757, .adv_w = 280, .box_w = 18, .box_h = 5, .ofs_x = 0, .ofs_y = 5},
    {.bitmap_index = 65779, .adv_w = 360, .box_w = 23, .box_h = 15, .ofs_x = 0, .ofs_y = 0},
    {.bitmap_index = 65929, .adv_w = 400, .box_w = 26, .box_h = 21, .ofs_x = -1, .ofs_y = -3},
    {.bitmap_index = 66132, .adv_w = 360, .box_w = 24, .box_h = 21, .ofs_x = -1, .ofs_y = -3},
    {.bitmap_index = 66285, .adv_w = 320, .box_w = 20, .box_h = 19, .ofs_x = 0, .ofs_y = -2},
    {.bitmap_index = 66427, .adv_w = 280, .box_w = 18, .box_h = 11, .ofs_x = 0, .ofs_y = 2},
    {.bitmap_index = 66503, .adv_w = 280, .box_w = 18, .box_h = 11, .ofs_x = 0, .ofs_y = 2},
    {.bitmap_index = 66581, .adv_w = 400, .box_w = 26, .box_h = 16, .ofs_x = 0, .ofs_y = -1},
    {.bitmap_index = 66699, .adv_w = 320, .box_w = 20, .box_h = 15, .ofs_x = 0, .ofs_y = 0},
    {.bitmap_index = 66743, .adv_w = 320, .box_w = 20, .box_h = 15, .ofs_x = 0, .ofs_y = 0},
    {.bitmap_index = 66819, .adv_w = 320, .box_w = 20, .box_h = 21, .ofs_x = 0, .ofs_y = -3},
    {.bitmap_index = 66954, .adv_w = 320, .box_w = 20, .box_h = 21, .ofs_x = 0, .ofs_y = -3},
    {.bitmap_index = 67064, .adv_w = 320, .box_w = 21, .box_h = 21, .ofs_x = -1, .ofs_y = -3},
    {.bitmap_index = 67202, .adv_w = 310, .box_w = 20, .box_h = 21, .ofs_x = 0, .ofs_y = -3},
    {.bitmap_index = 67361, .adv_w = 400, .box_w = 25, .box_h = 19, .ofs_x = 0, .ofs_y = -2},
    {.bitmap_index = 67530, .adv_w = 280, .box_w = 18, .box_h = 19, .ofs_x = 0, .ofs_y = -2},
    {.bitmap_index = 67678, .adv_w = 280, .box_w = 18, .box_h = 21, .ofs_x = 0, .ofs_y = -3},
    {.bitmap_index = 67751, .adv_w = 280, .box_w = 18, .box_h = 19, .ofs_x = 0, .ofs_y = -2},
    {.bitmap_index = 67844, .adv_w = 280, .box_w = 18, .box_h = 17, .ofs_x = 0, .ofs_y = -1},
    {.bitmap_index = 67904, .adv_w = 320, .box_w = 20, .box_h = 15, .ofs_x = 0, .ofs_y = 0},
    {.bitmap_index = 67994, .adv_w = 200, .box_w = 14, .box_h = 21, .ofs_x = -1, .ofs_y = -3},
    {.bitmap_index = 68087, .adv_w = 280, .box_w = 18, .box_h = 21, .ofs_x = 0, .ofs_y = -3},
    {.bitmap_index = 68175, .adv_w = 280, .box_w = 18, .box_h = 21, .ofs_x = 0, .ofs_y = -3},
    {.bitmap_index = 68286, .adv_w = 360, .box_w = 23, .box_h = 15, .ofs_x = 0, .ofs_y = 0},
    {.bitmap_index = 68412, .adv_w = 320, .box_w = 22, .box_h = 21, .ofs_x = -1, .ofs_y = -3},
    {.bitmap_index = 68533, .adv_w = 310, .box_w = 20, .box_h = 21, .ofs_x = 0, .ofs_y = -3},
    {.bitmap_index = 68684, .adv_w = 240, .box_w = 15, .box_h = 21, .ofs_x = 0, .ofs_y = -3},
    {.bitmap_index = 68732, .adv_w = 400, .box_w = 25, .box_h = 19, .ofs_x = 0, .ofs_y = -2},
    {.bitmap_index = 68896, .adv_w = 400, .box_w = 25, .box_h = 13, .ofs_x = 0, .ofs_y = 1},
    {.bitmap_index = 68963, .adv_w = 400, .box_w = 25, .box_h = 13, .ofs_x = 0, .ofs_y = 1},
    {.bitmap_index = 69031, .adv_w = 400, .box_w = 25, .box_h = 13, .ofs_x = 0, .ofs_y = 1},
    {.bitmap_index = 69098, .adv_w = 400, .box_w = 25, .box_h = 13, .ofs_x = 0, .ofs_y = 1},
    {.bitmap_index = 69165, .adv_w = 400, .box_w = 25, .box_h = 13, .ofs_x = 0, .ofs_y = 1},
    {.bitmap_index = 69225, .adv_w = 360, .box_w = 23, .box_h = 19, .ofs_x = 0, .ofs_y = -2},
    {.bitmap_index = 69312, .adv_w = 400, .box_w = 26, .box_h = 17, .ofs_x = 0, .ofs_y = -1},
    {.bitmap_index = 69446, .adv_w = 280, .box_w = 16, .box_h = 21, .ofs_x = 1, .ofs_y = -3},
    {.bitmap_index = 69593, .adv_w = 280, .box_w = 18, .box_h = 21, .ofs_x = 0, .ofs_y = -3},
    {.bitmap_index = 69680, .adv_w = 280, .box_w = 18, .box_h = 21, .ofs_x = 0, .ofs_y = -3},
    {.bitmap_index = 69809, .adv_w = 320, .box_w = 21, .box_h = 21, .ofs_x = -1, .ofs_y = -3},
    {.bitmap_index = 69949, .adv_w = 240, .box_w = 15, .box_h = 21, .ofs_x = 0, .ofs_y = -3},
    {.bitmap_index = 70062, .adv_w = 320, .box_w = 20, .box_h = 21, .ofs_x = 0, .ofs_y = -3},
    {.bitmap_index = 70219, .adv_w = 400, .box_w = 25, .box_h = 21, .ofs_x = 0, .ofs_y = -3},
    {.bitmap_index = 70423, .adv_w = 400, .box_w = 25, .box_h = 15, .ofs_x = 0, .ofs_y = 0},
    {.bitmap_index = 70543, .adv_w = 240, .box_w = 15, .box_h = 21, .ofs_x = 0, .ofs_y = -3},
    {.bitmap_index = 70602, .adv_w = 322, .box_w = 21, .box_h = 13, .ofs_x = 0, .ofs_y = 1}
};

/*---------------------
 *  CHARACTER MAPPING
 *--------------------*/

static const uint8_t glyph_id_ofs_list_3[] = {
    0, 1, 2, 3, 4, 5, 6, 7,
    0, 0, 8, 9, 10, 11, 12, 13,
    0, 0, 0, 0, 14, 15, 16, 17,
    18, 19, 20, 0, 21
};

static const uint16_t unicode_list_8[] = {
    0x0, 0x1, 0x2, 0x3, 0x4, 0x5, 0x1e, 0x72,
    0x73
};

static const uint16_t unicode_list_10[] = {
    0x0, 0x9, 0xa
};

static const uint16_t unicode_list_12[] = {
    0x0, 0xc, 0xceeb, 0xceef, 0xcef2, 0xcef5, 0xcef6, 0xcef7,
    0xcefb, 0xcefd, 0xceff, 0xcf01, 0xcf03, 0xcf06, 0xcf0b, 0xcf0e,
    0xcf10, 0xcf11, 0xcf12, 0xcf28, 0xcf2d, 0xcf32, 0xcf35, 0xcf36,
    0xcf37, 0xcf3b, 0xcf3c, 0xcf3d, 0xcf3e, 0xcf51, 0xcf52, 0xcf58,
    0xcf5a, 0xcf5b, 0xcf5e, 0xcf61, 0xcf62, 0xcf63, 0xcf65, 0xcf6a,
    0xcf6e, 0xcf7d, 0xcf7f, 0xcf96, 0xcfaa, 0xcfae, 0xcfaf, 0xcfb1,
    0xcfb3, 0xcfca, 0xcfd1, 0xcfd4, 0xcfdd, 0xd006, 0xd00e, 0xd038,
    0xd045, 0xd0d5, 0xd12a, 0xd12b, 0xd12c, 0xd12d, 0xd12e, 0xd163,
    0xd171, 0xd17d, 0xd1d7, 0xd1dc, 0xd1ee, 0xd2af, 0xd3c1, 0xd403,
    0xd444, 0xd6ac, 0xd78c
};

/*Collect the unicode lists and glyph_id offsets*/
static const lv_font_fmt_txt_cmap_t cmaps[] =
{
    {
        .range_start = 32, .range_length = 95, .glyph_id_start = 1,
        .unicode_list = NULL, .glyph_id_ofs_list = NULL, .list_length = 0, .type = LV_FONT_FMT_TXT_CMAP_FORMAT0_TINY
    },
    {
        .range_start = 160, .range_length = 176, .glyph_id_start = 96,
        .unicode_list = NULL, .glyph_id_ofs_list = NULL, .list_length = 0, .type = LV_FONT_FMT_TXT_CMAP_FORMAT0_TINY
    },
    {
        .range_start = 336, .range_length = 256, .glyph_id_start = 272,
        .unicode_list = NULL, .glyph_id_ofs_list = NULL, .list_length = 0, .type = LV_FONT_FMT_TXT_CMAP_FORMAT0_TINY
    },
    {
        .range_start = 880, .range_length = 29, .glyph_id_start = 528,
        .unicode_list = NULL, .glyph_id_ofs_list = glyph_id_ofs_list_3, .list_length = 29, .type = LV_FONT_FMT_TXT_CMAP_FORMAT0_FULL
    },
    {
        .range_start = 910, .range_length = 20, .glyph_id_start = 550,
        .unicode_list = NULL, .glyph_id_ofs_list = NULL, .list_length = 0, .type = LV_FONT_FMT_TXT_CMAP_FORMAT0_TINY
    },
    {
        .range_start = 931, .range_length = 63, .glyph_id_start = 570,
        .unicode_list = NULL, .glyph_id_ofs_list = NULL, .list_length = 0, .type = LV_FONT_FMT_TXT_CMAP_FORMAT0_TINY
    },
    {
        .range_start = 1008, .range_length = 64, .glyph_id_start = 633,
        .unicode_list = NULL, .glyph_id_ofs_list = NULL, .list_length = 0, .type = LV_FONT_FMT_TXT_CMAP_FORMAT0_TINY
    },
    {
        .range_start = 1072, .range_length = 256, .glyph_id_start = 697,
        .unicode_list = NULL, .glyph_id_ofs_list = NULL, .list_length = 0, .type = LV_FONT_FMT_TXT_CMAP_FORMAT0_TINY
    },
    {
        .range_start = 7808, .range_length = 116, .glyph_id_start = 953,
        .unicode_list = unicode_list_8, .glyph_id_ofs_list = NULL, .list_length = 9, .type = LV_FONT_FMT_TXT_CMAP_SPARSE_TINY
    },
    {
        .range_start = 8208, .range_length = 24, .glyph_id_start = 962,
        .unicode_list = NULL, .glyph_id_ofs_list = NULL, .list_length = 0, .type = LV_FONT_FMT_TXT_CMAP_FORMAT0_TINY
    },
    {
        .range_start = 8240, .range_length = 11, .glyph_id_start = 986,
        .unicode_list = unicode_list_10, .glyph_id_ofs_list = NULL, .list_length = 3, .type = LV_FONT_FMT_TXT_CMAP_SPARSE_TINY
    },
    {
        .range_start = 8356, .range_length = 28, .glyph_id_start = 989,
        .unicode_list = NULL, .glyph_id_ofs_list = NULL, .list_length = 0, .type = LV_FONT_FMT_TXT_CMAP_FORMAT0_TINY
    },
    {
        .range_start = 8470, .range_length = 55181, .glyph_id_start = 1017,
        .unicode_list = unicode_list_12, .glyph_id_ofs_list = NULL, .list_length = 75, .type = LV_FONT_FMT_TXT_CMAP_SPARSE_TINY
    }
};

/*-----------------
 *    KERNING
 *----------------*/


/*Map glyph_ids to kern left classes*/
static const uint8_t kern_left_class_mapping[] =
{
    0, 0, 0, 0, 0, 0, 0, 1,
    0, 2, 0, 0, 0, 3, 4, 3,
    0, 0, 0, 0, 0, 0, 0, 0,
    0, 0, 0, 5, 0, 0, 0, 0,
    0, 0, 6, 7, 8, 9, 10, 11,
    0, 0, 0, 0, 8, 12, 0, 0,
    9, 13, 9, 14, 0, 15, 16, 17,
    17, 8, 18, 19, 2, 0, 0, 0,
    20, 0, 21, 22, 23, 0, 22, 24,
    0, 21, 0, 0, 0, 0, 21, 21,
    22, 22, 0, 25, 0, 23, 0, 26,
    26, 27, 26, 0, 2, 0, 0, 0,
    0, 28, 0, 0, 0, 0, 0, 0,
    0, 0, 0, 29, 0, 0, 0, 0,
    0, 0, 0, 0, 0, 0, 0, 0,
    0, 0, 0, 30, 0, 0, 0, 31,
    6, 6, 6, 6, 6, 6, 10, 8,
    10, 10, 10, 10, 0, 0, 0, 0,
    9, 0, 9, 9, 9, 9, 9, 0,
    9, 16, 16, 16, 16, 18, 13, 0,
    21, 21, 21, 21, 21, 21, 22, 0,
    22, 22, 22, 22, 0, 0, 32, 32,
    22, 0, 22, 22, 22, 22, 22, 0,
    22, 0, 0, 0, 0, 26, 22, 26,
    6, 21, 6, 21, 33, 21, 8, 0,
    8, 0, 8, 0, 8, 0, 9, 34,
    9, 0, 10, 22, 10, 22, 10, 22,
    10, 22, 10, 22, 0, 0, 0, 0,
    0, 0, 0, 0, 0, 21, 0, 0,
    0, 35, 0, 32, 0, 0, 36, 0,
    0, 0, 0, 0, 0, 0, 8, 0,
    27, 12, 0, 12, 0, 12, 34, 12,
    0, 12, 0, 0, 21, 0, 21, 0,
    0, 21, 0, 21, 9, 22, 9, 22,
    9, 22, 10, 22, 0, 25, 0, 25,
    0, 25, 0, 0, 0, 0, 0, 0,
    0, 0, 15, 23, 15, 37, 15, 23,
    16, 0, 16, 0, 16, 0, 16, 0,
    16, 0, 16, 0, 17, 26, 18, 26,
    18, 19, 0, 19, 0, 19, 0, 0,
    0, 0, 0, 0, 0, 0, 0, 0,
    0, 0, 0, 0, 0, 0, 0, 0,
    0, 0, 0, 0, 0, 0, 0, 0,
    0, 0, 0, 0, 0, 0, 0, 0,
    38, 39, 0, 0, 0, 0, 0, 0,
    0, 0, 0, 0, 0, 0, 0, 40,
    41, 0, 0, 0, 0, 0, 0, 0,
    0, 0, 0, 0, 0, 0, 0, 0,
    0, 0, 0, 0, 0, 0, 0, 0,
    0, 0, 0, 0, 0, 0, 0, 0,
    0, 0, 0, 0, 0, 0, 0, 0,
    0, 0, 0, 0, 0, 0, 0, 0,
    0, 0, 0, 0, 0, 0, 0, 0,
    0, 0, 0, 0, 0, 0, 0, 0,
    0, 0, 0, 0, 0, 0, 0, 0,
    0, 0, 6, 21, 10, 22, 9, 0,
    0, 0, 0, 0, 0, 0, 0, 0,
    0, 0, 0, 32, 0, 0, 0, 0,
    0, 0, 0, 0, 0, 0, 0, 0,
    0, 0, 15, 23, 0, 0, 0, 0,
    0, 0, 0, 0, 0, 0, 0, 0,
    0, 0, 0, 0, 0, 0, 0, 0,
    0, 0, 0, 0, 0, 0, 0, 0,
    0, 0, 0, 0, 0, 0, 0, 0,
    0, 0, 0, 0, 0, 0, 0, 0,
    0, 0, 0, 0, 0, 0, 0, 0,
    0, 0, 0, 0, 0, 0, 0, 0,
    0, 0, 0, 0, 0, 0, 42, 7,
    42, 0, 0, 0, 0, 43, 44, 0,
    45, 42, 7, 46, 42, 0, 47, 0,
    43, 0, 48, 42, 0, 0, 0, 43,
    0, 0, 47, 49, 44, 43, 0, 44,
    0, 0, 44, 50, 51, 52, 45, 53,
    50, 54, 55, 56, 51, 57, 52, 58,
    45, 0, 59, 50, 55, 60, 56, 51,
    56, 0, 61, 62, 53, 56, 63, 53,
    56, 45, 53, 56, 53, 56, 48, 0,
    0, 0, 0, 0, 56, 0, 0, 0,
    0, 0, 0, 0, 0, 0, 0, 0,
    0, 0, 0, 0, 0, 0, 0, 0,
    0, 0, 0, 0, 0, 0, 0, 0,
    0, 64, 64, 65, 66, 67, 68, 0,
    0, 0, 69, 69, 65, 70, 0, 71,
    0, 72, 73, 74, 66, 75, 64, 70,
    74, 0, 0, 70, 0, 0, 0, 76,
    0, 77, 67, 66, 71, 78, 70, 75,
    0, 0, 75, 69, 0, 69, 76, 76,
    0, 79, 80, 81, 82, 83, 84, 85,
    81, 86, 86, 85, 86, 86, 86, 84,
    86, 84, 87, 82, 88, 84, 85, 83,
    86, 86, 83, 89, 86, 89, 84, 84,
    86, 84, 84, 90, 91, 87, 92, 0,
    93, 94, 89, 89, 95, 85, 86, 88,
    86, 76, 96, 97, 89, 67, 87, 72,
    98, 72, 98, 99, 0, 99, 0, 100,
    0, 0, 84, 76, 84, 71, 96, 71,
    96, 88, 88, 76, 84, 76, 84, 76,
    96, 67, 0, 0, 0, 0, 0, 0,
    0, 0, 0, 75, 83, 97, 89, 77,
    84, 101, 102, 103, 104, 0, 0, 105,
    106, 100, 81, 105, 106, 70, 85, 70,
    85, 70, 85, 75, 83, 103, 102, 0,
    0, 0, 84, 67, 87, 101, 102, 107,
    108, 107, 108, 105, 106, 75, 83, 75,
    83, 0, 0, 0, 0, 109, 110, 109,
    110, 0, 70, 85, 0, 0, 75, 83,
    0, 0, 75, 83, 0, 0, 75, 83,
    0, 72, 79, 72, 79, 64, 110, 64,
    110, 76, 84, 76, 84, 70, 85, 100,
    81, 0, 0, 0, 86, 0, 86, 76,
    84, 76, 84, 76, 84, 76, 84, 71,
    88, 71, 88, 71, 88, 0, 86, 101,
    102, 0, 86, 103, 104, 105, 106, 70,
    106, 0, 0, 111, 112, 111, 112, 75,
    83, 111, 112, 111, 112, 0, 0, 0,
    112, 0, 0, 75, 83, 0, 0, 0,
    0, 0, 0, 0, 0, 0, 0, 70,
    0, 0, 0, 0, 0, 0, 0, 0,
    0, 0, 0, 70, 85, 0, 0, 0,
    83, 17, 26, 17, 26, 17, 26, 0,
    18, 26, 0, 0, 0, 4, 4, 4,
    0, 0, 0, 0, 3, 0, 0, 0,
    3, 0, 0, 0, 0, 0, 0, 0,
    0, 0, 0, 29, 30, 0, 0, 0,
    0, 0, 0, 0, 0, 0, 0, 0,
    0, 0, 0, 0, 0, 0, 0, 0,
    0, 0, 0, 0, 0, 0, 0, 0,
    0, 0, 0, 0, 0, 0, 0, 0,
    0, 0, 0, 0, 0, 0, 0, 0,
    0, 0, 0, 0, 0, 0, 0, 0,
    0, 0, 0, 0, 0, 0, 0, 0,
    0, 0, 0, 0, 0, 0, 0, 0,
    0, 0, 0, 0, 0, 0, 0, 0,
    0, 0, 0, 0, 0, 0, 0, 0,
    0, 0, 0, 0, 0, 0, 0, 0,
    0, 0, 0, 0, 0, 0, 0, 0,
    0, 0, 0, 0
};

/*Map glyph_ids to kern right classes*/
static const uint8_t kern_right_class_mapping[] =
{
    0, 0, 1, 2, 0, 0, 0, 3,
    2, 0, 4, 0, 0, 5, 6, 5,
    0, 0, 0, 0, 0, 0, 0, 0,
    0, 0, 0, 7, 7, 0, 0, 0,
    8, 0, 9, 0, 10, 0, 0, 0,
    10, 0, 11, 12, 0, 0, 0, 0,
    10, 0, 10, 0, 0, 13, 14, 15,
    15, 16, 17, 18, 0, 0, 4, 0,
    0, 0, 19, 20, 21, 21, 21, 22,
    23, 20, 0, 24, 20, 20, 25, 25,
    21, 25, 21, 25, 26, 22, 25, 27,
    27, 27, 27, 28, 0, 0, 4, 0,
    0, 0, 0, 0, 0, 0, 0, 0,
    0, 0, 0, 29, 0, 0, 0, 0,
    0, 0, 0, 0, 0, 0, 0, 0,
    0, 0, 0, 30, 0, 0, 0, 0,
    9, 9, 9, 9, 9, 9, 31, 10,
    0, 0, 0, 0, 0, 0, 0, 0,
    0, 0, 10, 10, 10, 10, 10, 0,
    10, 14, 14, 14, 14, 17, 0, 0,
    21, 19, 19, 19, 19, 19, 19, 21,
    21, 21, 21, 21, 0, 0, 0, 0,
    0, 0, 21, 21, 21, 21, 21, 0,
    21, 25, 25, 25, 25, 27, 20, 27,
    9, 19, 9, 19, 9, 19, 10, 21,
    10, 21, 10, 21, 10, 21, 0, 21,
    0, 21, 0, 21, 0, 21, 0, 21,
    0, 21, 0, 21, 10, 23, 10, 23,
    10, 23, 10, 23, 0, 20, 0, 32,
    0, 33, 0, 0, 0, 0, 0, 0,
    0, 0, 0, 0, 0, 0, 0, 20,
    25, 0, 20, 0, 20, 0, 20, 0,
    20, 0, 0, 0, 25, 0, 25, 0,
    0, 0, 0, 25, 10, 21, 10, 21,
    10, 21, 10, 21, 0, 25, 0, 25,
    0, 0, 0, 26, 0, 0, 0, 26,
    0, 0, 13, 22, 13, 22, 13, 22,
    14, 25, 14, 25, 14, 25, 14, 25,
    14, 25, 14, 25, 15, 27, 17, 27,
    17, 18, 28, 18, 28, 18, 28, 0,
    0, 0, 0, 0, 0, 0, 0, 0,
    0, 0, 0, 0, 0, 0, 0, 0,
    0, 0, 0, 0, 0, 0, 0, 0,
    0, 0, 0, 0, 0, 0, 0, 0,
    10, 21, 0, 0, 0, 0, 0, 0,
    0, 0, 0, 0, 0, 0, 0, 14,
    25, 0, 0, 0, 0, 0, 0, 0,
    0, 0, 0, 0, 0, 0, 0, 0,
    0, 0, 0, 0, 0, 0, 0, 0,
    0, 0, 0, 0, 0, 0, 0, 0,
    0, 0, 0, 0, 0, 0, 0, 0,
    0, 0, 0, 0, 0, 0, 0, 0,
    0, 0, 0, 0, 0, 0, 0, 0,
    0, 0, 0, 0, 0, 0, 0, 0,
    0, 0, 0, 0, 0, 0, 0, 0,
    0, 0, 9, 19, 31, 19, 10, 21,
    0, 0, 0, 0, 0, 0, 0, 0,
    0, 0, 0, 0, 0, 0, 0, 0,
    0, 0, 0, 0, 0, 0, 0, 0,
    0, 26, 13, 22, 0, 0, 0, 0,
    0, 0, 0, 0, 0, 0, 0, 0,
    0, 0, 0, 0, 0, 0, 0, 0,
    0, 0, 0, 0, 0, 0, 0, 0,
    0, 0, 0, 0, 0, 0, 0, 0,
    0, 0, 0, 0, 0, 0, 0, 0,
    0, 0, 0, 0, 0, 0, 0, 0,
    0, 0, 0, 0, 0, 0, 0, 0,
    0, 0, 0, 0, 0, 0, 34, 0,
    34, 0, 0, 0, 0, 35, 36, 0,
    37, 34, 0, 0, 34, 0, 38, 0,
    35, 0, 0, 34, 0, 0, 0, 35,
    0, 0, 38, 39, 36, 35, 40, 36,
    0, 0, 36, 41, 42, 0, 37, 43,
    41, 44, 45, 41, 42, 46, 0, 47,
    37, 44, 48, 44, 45, 49, 41, 50,
    44, 41, 41, 51, 43, 41, 52, 43,
    41, 37, 43, 41, 43, 41, 0, 0,
    0, 0, 0, 0, 41, 0, 0, 0,
    0, 0, 0, 0, 0, 0, 0, 0,
    0, 0, 0, 0, 0, 0, 0, 0,
    0, 0, 0, 0, 0, 0, 0, 0,
    0, 0, 0, 53, 0, 54, 55, 0,
    0, 56, 57, 0, 53, 0, 0, 58,
    0, 59, 0, 0, 0, 60, 0, 61,
    62, 0, 0, 0, 57, 0, 0, 54,
    0, 0, 54, 53, 58, 63, 61, 0,
    64, 0, 0, 53, 0, 0, 62, 0,
    65, 66, 67, 68, 68, 69, 70, 71,
    72, 68, 68, 68, 73, 68, 68, 70,
    68, 68, 70, 74, 75, 70, 71, 68,
    76, 68, 68, 74, 68, 68, 72, 68,
    77, 70, 70, 78, 68, 70, 79, 0,
    80, 81, 73, 68, 78, 68, 68, 75,
    68, 82, 83, 84, 0, 0, 85, 59,
    69, 0, 85, 0, 0, 0, 85, 62,
    0, 64, 0, 82, 66, 86, 83, 86,
    83, 82, 66, 82, 66, 82, 66, 82,
    83, 82, 66, 0, 0, 0, 0, 0,
    0, 0, 0, 0, 85, 84, 78, 0,
    85, 0, 85, 84, 0, 0, 85, 61,
    71, 62, 72, 0, 85, 0, 85, 0,
    78, 87, 74, 0, 85, 0, 85, 0,
    85, 82, 66, 82, 66, 53, 74, 88,
    89, 88, 89, 61, 71, 87, 74, 64,
    76, 64, 76, 0, 85, 90, 91, 90,
    91, 0, 61, 71, 0, 85, 92, 69,
    0, 85, 0, 85, 64, 76, 0, 85,
    0, 59, 93, 59, 93, 59, 93, 0,
    66, 94, 93, 94, 93, 61, 71, 62,
    72, 0, 0, 0, 68, 0, 68, 82,
    66, 82, 66, 82, 66, 62, 72, 58,
    75, 58, 75, 58, 75, 64, 76, 0,
    85, 0, 68, 84, 0, 61, 71, 61,
    71, 95, 66, 95, 66, 96, 97, 96,
    97, 92, 69, 0, 85, 82, 66, 87,
    74, 0, 66, 92, 69, 0, 0, 0,
    0, 0, 0, 0, 0, 0, 0, 0,
    68, 0, 0, 0, 0, 0, 0, 0,
    0, 0, 0, 60, 69, 0, 0, 57,
    73, 15, 27, 15, 27, 15, 27, 0,
    17, 0, 0, 0, 0, 6, 6, 6,
    0, 0, 98, 2, 5, 0, 98, 2,
    5, 0, 0, 0, 0, 0, 0, 0,
    5, 0, 0, 29, 30, 0, 0, 0,
    0, 0, 0, 0, 0, 0, 0, 0,
    0, 0, 0, 0, 0, 0, 0, 0,
    0, 0, 0, 0, 0, 0, 0, 0,
    0, 0, 0, 0, 0, 0, 0, 0,
    0, 0, 0, 0, 0, 0, 0, 0,
    0, 0, 0, 0, 0, 0, 0, 0,
    0, 0, 0, 0, 0, 0, 0, 0,
    0, 0, 0, 0, 0, 0, 0, 0,
    0, 0, 0, 0, 0, 0, 0, 0,
    0, 0, 0, 0, 0, 0, 0, 0,
    0, 0, 0, 0, 0, 0, 0, 0,
    0, 0, 0, 0, 0, 0, 0, 0,
    0, 0, 0, 0
};

/*Kern values between classes*/
static const int8_t kern_class_values[] =
{
    0, 0, 0, 0, 0, 0, 0, 0,
    0, 0, 0, 0, -19, 0, -6, 0,
    -10, 0, 0, 0, 0, 0, 0, 0,
    0, 0, 0, 0, 0, 0, 0, 0,
    0, 0, 0, 0, 0, 0, 0, 0,
    0, 0, 0, 0, 0, 0, 0, 0,
    0, 0, 0, 0, 0, 0, 0, 0,
    0, 0, 0, 0, 0, 0, 0, 0,
    0, 0, 0, 0, 0, 0, 0, 0,
    0, 0, 0, 0, 0, 0, 0, 0,
    0, 0, 0, 0, 0, 0, 0, 0,
    0, 0, 0, 0, 0, 0, 0, 0,
    0, 0, 0, 0, 0, 0, 0, 0,
    0, 0, 0, 0, 0, 29, 0, 0,
    0, 0, 0, 0, 0, 0, 0, 0,
    0, 13, 0, 0, 0, 0, 0, 0,
    0, 0, 0, 0, 0, 0, 0, 0,
    0, 0, 0, 0, 0, 0, 0, 0,
    0, 0, 0, 0, 0, 0, 0, 0,
    0, 32, 0, 0, 0, 0, 0, 0,
    -10, 0, 0, 0, 0, 0, 0, 0,
    0, 0, 0, 0, 0, 0, 0, 0,
    0, 0, 19, 0, 0, 0, 0, 0,
    0, 0, 0, 0, 0, 0, 0, 0,
    0, 0, 0, 0, 0, 0, 0, 0,
    0, 0, 0, 0, 0, -16, 0, 0,
    -22, -6, -19, 0, -19, 0, 0, 0,
    0, 0, 0, 0, 0, 0, 0, 0,
    0, 0, 0, 0, 0, 0, -16, -19,
    0, 0, -22, 0, 0, 0, 0, 0,
    0, 0, 0, 0, 0, 0, 0, 0,
    -16, 0, 0, 19, 0, -6, 0, 0,
    0, 0, -13, -26, 0, 0, 0, 0,
    0, 0, 0, 0, 0, -13, 0, -19,
    0, 0, 0, 0, 0, -16, 0, 0,
    0, -19, -22, -19, 0, -19, 0, 0,
    0, 0, 0, -22, -16, 0, 0, 0,
    0, 0, 0, 0, 0, 0, 0, 0,
    0, 0, -13, 0, 0, 0, 0, 0,
    0, 0, 0, 0, 0, 0, 0, 0,
    0, 0, 0, 0, 0, 0, 0, 0,
    0, 0, 0, 0, -13, 0, 0, 0,
    0, 0, 0, 0, 0, 0, 0, 0,
    0, 0, -13, 0, 0, 0, 0, -6,
    0, 0, -3, 0, 0, 0, 0, 0,
    0, 0, 0, 0, -3, 0, 0, -6,
    0, 0, 0, 0, 0, 0, 0, 0,
    0, 0, 0, 0, -13, 0, 0, 0,
    0, 0, 0, 0, 0, 0, 0, 0,
    0, 0, 0, 0, 0, 0, 0, 0,
    0, 0, 0, 0, 0, 0, 0, 0,
    0, 0, 0, 0, 0, 0, 0, 0,
    0, 0, 0, 0, 0, 0, 0, 0,
    0, 0, 0, 0, 0, 0, 0, 0,
    0, 0, 0, 0, 0, 0, 0, 0,
    0, 0, 0, 0, -8, 0, 0, 0,
    0, 0, 0, 0, -3, 0, -3, -3,
    0, 0, 0, 0, 0, 0, 0, 0,
    0, 0, 0, -3, 0, 0, 0, 0,
    0, 0, 0, 0, 0, 0, 0, 0,
    0, 0, 0, 0, 0, 0, 0, 0,
    0, 0, 0, -22, 0, 0, 0, 0,
    0, 0, 0, -6, 0, 16, -22, 0,
    -13, 0, -19, 0, 0, 0, 0, 0,
    0, 0, 0, 0, 0, 0, 0, 0,
    0, 0, 0, 0, 0, 0, 0, 0,
    0, 0, 0, 0, 0, 0, 0, 0,
    0, 0, 0, 0, 0, 0, 0, 0,
    0, 0, 0, 0, 0, 0, 0, 0,
    0, 0, 0, 0, 0, 0, 0, 0,
    0, 0, 0, 0, 0, 0, 0, 0,
    0, 0, 0, 0, 0, 0, 0, 0,
    0, 0, 0, 0, 0, 0, 0, 0,
    0, 0, 0, 0, 0, 0, 0, 0,
    -3, 0, 0, 0, 0, 0, 0, 0,
    0, 0, 0, 0, 0, 0, 0, 0,
    0, 0, 0, 0, 0, 0, 0, 0,
    0, 0, 0, 0, 0, 0, 0, 0,
    0, 0, 0, 0, 0, 0, 0, 0,
    0, 0, 0, 0, 0, 0, 0, 0,
    0, 0, 0, 0, 0, 0, 0, 0,
    0, 0, 0, 0, 0, 0, 0, 0,
    0, 0, 0, 0, 0, 0, 0, 0,
    0, 0, 0, 0, 0, 0, 0, 0,
    0, 0, 0, 0, 0, 0, 0, 0,
    0, 0, 0, 0, 0, 0, 0, 0,
    0, 0, 0, 0, 0, 0, 0, -6,
    0, 0, 0, 0, 0, 0, 0, 0,
    0, 0, 0, 0, 0, 0, 0, 0,
    0, 0, -6, 0, 0, 0, 0, 0,
    0, 0, 0, 0, 0, 0, 0, 0,
    0, 0, 0, 0, 0, 0, 0, 0,
    0, 0, 0, 0, 0, 0, 0, 0,
    0, 0, 0, 0, 0, 0, 0, 0,
    0, 0, 0, 0, 0, 0, 0, 0,
    0, 0, 0, 0, 0, 0, 0, 0,
    0, 0, 0, 0, 0, 0, 0, 0,
    0, 0, 0, 0, 0, 0, 0, 0,
    0, 0, 0, 0, -13, 0, 0, 0,
    -6, 0, 0, 0, -10, 0, -3, -6,
    -3, -3, 0, 0, 0, 0, 0, 0,
    0, 0, 0, 0, 0, 0, 0, 0,
    0, 0, 0, 0, 0, 0, 0, 0,
    0, 0, 0, 0, 0, 0, 0, 0,
    0, 0, 0, 0, 0, 0, 0, 0,
    0, 0, 0, 0, 0, 0, 0, 0,
    0, 0, 0, 0, 0, 0, 0, 0,
    0, 0, 0, 0, 0, 0, 0, 0,
    0, 0, 0, 0, 0, 0, 0, 0,
    0, 0, 0, 0, 0, 0, 0, 0,
    0, 0, 0, 0, 0, 0, 0, 0,
    0, 0, 0, 0, 0, 19, 0, 0,
    0, 0, 0, 0, 0, 0, 0, 0,
    0, 0, 0, 0, 0, 0, 0, 0,
    0, 0, 0, 0, 0, 0, 0, 0,
    0, 0, 0, 0, 0, 0, 0, 0,
    0, 0, 0, 0, 0, 0, 0, 0,
    0, 0, 0, 0, 0, 0, 0, 0,
    0, 0, 0, 0, 0, 0, 0, 0,
    0, 0, 0, 0, 0, 0, 0, 0,
    0, 0, 0, 0, 0, 0, 0, 0,
    0, 0, 0, 0, 0, 0, 0, 0,
    0, 0, 0, 0, 0, 0, 0, 6,
    -19, 0, 0, 6, -6, 0, 0, 0,
    0, 0, 0, 0, 0, 0, 0, 0,
    0, 0, 0, 0, 0, 0, 0, 0,
    0, 0, 0, 0, 0, 0, 0, 0,
    0, 0, 0, 0, 0, 0, 0, 0,
    0, 0, 0, 0, 0, 0, 0, 0,
    0, 0, 0, 0, 0, 0, 0, 0,
    0, 0, 0, 0, 0, 0, 0, 0,
    0, 0, 0, 0, 0, 0, 0, 0,
    0, 0, 0, 0, 0, 0, 0, 0,
    0, 0, 0, 0, 0, 0, 0, 0,
    0, 0, 0, 0, 0, 0, 0, -26,
    0, 0, 0, 0, 0, 0, 0, -6,
    0, 0, -6, -3, -6, 0, -10, 0,
    0, 0, 0, 0, 0, 0, 0, 0,
    0, 0, 0, 0, 0, 0, 0, 0,
    0, 0, 0, 0, 0, 0, 0, 0,
    0, 0, 0, 0, 0, 0, 0, 0,
    0, 0, 0, 0, 0, 0, 0, 0,
    0, 0, 0, 0, 0, 0, 0, 0,
    0, 0, 0, 0, 0, 0, 0, 0,
    0, 0, 0, 0, 0, 0, 0, 0,
    0, 0, 0, 0, 0, 0, 0, 0,
    0, 0, 0, 0, 0, 0, 0, 0,
    0, 0, -3, 0, -42, 0, 0, 0,
    -16, 0, 0, 0, 0, 0, 0, -6,
    0, -3, 0, 0, 0, 0, 0, 0,
    0, 0, 0, 0, -6, 0, -10, 0,
    0, 0, 0, 0, 0, 0, 0, 0,
    0, 0, 0, 0, 0, 0, 0, 0,
    0, 0, 0, 0, 0, 0, 0, 0,
    0, 0, 0, 0, 0, 0, 0, 0,
    0, 0, 0, 0, 0, 0, 0, 0,
    0, 0, 0, 0, 0, 0, 0, 0,
    0, 0, 0, 0, 0, 0, 0, 0,
    0, 0, 0, 0, 0, 0, 0, 0,
    0, 0, 0, 0, 0, 0, 0, 0,
    0, 0, 0, 0, 0, 0, 0, 0,
    0, 0, 0, 0, 0, 0, 0, 0,
    0, 0, 0, 0, 0, 0, -3, 0,
    0, 0, 0, 0, 0, 0, 0, 0,
    0, 0, 0, 0, 0, 0, 0, 0,
    0, 0, 0, 0, 0, 0, 0, 0,
    0, 0, 0, 0, 0, 0, 0, 0,
    0, 0, 0, 0, 0, 0, 0, 0,
    0, 0, 0, 0, 0, 0, 0, 0,
    0, 0, 0, 0, 0, 0, 0, 0,
    0, 0, 0, 0, 0, 0, 0, 0,
    0, 0, 0, 0, 0, 0, -6, 0,
    -19, -13, 0, 6, -22, -6, 0, 0,
    6, 0, 0, 0, 0, 0, -26, 0,
    -22, 0, -22, 0, -16, -19, -6, -13,
    -19, -10, 0, 0, 0, 0, 0, 0,
    0, 0, 0, 0, 0, 0, 0, 0,
    0, 0, 0, 0, 0, 0, 0, 0,
    0, 0, 0, 0, 0, 0, 0, 0,
    0, 0, 0, 0, 0, 0, 0, 0,
    0, 0, 0, 0, 0, 0, 0, 0,
    0, 0, 0, 0, 0, 0, 0, 0,
    0, 0, 0, 0, 0, 0, 0, 0,
    0, 0, 0, 0, 0, 0, 0, 0,
    0, 0, -6, 0, 0, 0, -3, 0,
    0, 0, 0, 0, 0, 0, 0, 0,
    0, 0, 0, 0, 0, 0, 0, 0,
    0, 0, 0, 0, 0, 0, 0, 0,
    0, 0, 0, 0, 0, 0, 0, 0,
    0, 0, 0, 0, 0, 0, 0, 0,
    0, 0, 0, 0, 0, 0, 0, 0,
    0, 0, 0, 0, 0, 0, 0, 0,
    0, 0, 0, 0, 0, 0, 0, 0,
    0, 0, 0, 0, 0, 0, 0, 0,
    0, 0, 0, 0, 0, 0, 0, 0,
    0, 0, 0, 0, 0, 0, 0, 0,
    0, 0, 0, 0, -16, 0, 0, 6,
    -13, -3, 0, 0, 0, 0, 0, 0,
    0, 0, -6, 0, -6, 0, -3, 0,
    -3, -3, 0, 0, -10, -3, 0, 0,
    0, 0, 0, 0, 0, 0, 0, 0,
    0, 0, 0, 0, 0, 0, 0, 0,
    0, 0, 0, 0, 0, 0, 0, 0,
    0, 0, 0, 0, 0, 0, 0, 0,
    0, 0, 0, 0, 0, 0, 0, 0,
    0, 0, 0, 0, 0, 0, 0, 0,
    0, 0, 0, 0, 0, 0, 0, 0,
    0, 0, 0, 0, 0, 0, 0, 0,
    0, 0, 0, 0, -10, 0, -19, 0,
    0, 6, -19, -6, 0, 0, 0, 0,
    0, 0, 0, 0, -16, 0, -16, 0,
    -16, 0, -10, -13, 0, -6, -26, -10,
    0, 0, 0, 0, 0, 0, 0, 0,
    0, 0, 0, 0, 0, 0, 0, 0,
    0, 0, 0, 0, 0, 0, 0, 0,
    0, 0, 0, 0, 0, 0, 0, 0,
    0, 0, 0, 0, 0, 0, 0, 0,
    0, 0, 0, 0, 0, 0, 0, 0,
    0, 0, 0, 0, 0, 0, 0, 0,
    0, 0, 0, 0, 0, 0, 0, 0,
    0, 0, 0, 0, 0, 0, 0, 0,
    0, 0, 0, 0, 0, -3, 0, 0,
    0, 0, 0, 0, 0, 0, 0, 0,
    0, 0, 0, 0, 0, 0, 0, 0,
    -6, 0, 0, 0, 0, 0, 0, 0,
    0, 0, 0, 0, 0, 0, 0, 0,
    0, 0, 0, 0, 0, 0, 0, 0,
    0, 0, 0, 0, 0, 0, 0, 0,
    0, 0, 0, 0, 0, 0, 0, 0,
    0, 0, 0, 0, 0, 0, 0, 0,
    0, 0, 0, 0, 0, 0, 0, 0,
    0, 0, 0, 0, 0, 0, 0, 0,
    0, 0, 0, 0, 0, 0, 0, 0,
    0, 0, 0, 0, 0, 0, 0, 0,
    0, 30, 0, 0, 0, 0, 0, 0,
    0, 0, 0, 0, 0, 0, 0, 0,
    0, 0, 0, 0, 0, 0, 0, 0,
    0, 0, 0, 0, 0, 0, 0, 0,
    0, 0, 0, 0, 0, 0, 0, 0,
    0, 0, 0, 0, 0, 0, 0, 0,
    0, 0, 0, 0, 0, 0, 0, 0,
    0, 0, 0, 0, 0, 0, 0, 0,
    0, 0, 0, 0, 0, 0, 0, 0,
    0, 0, 0, 0, 0, 0, 0, 0,
    0, 0, 0, 0, 0, 0, 0, 0,
    0, -3, 0, 0, 0, 0, 0, 0,
    0, 0, 0, 0, 0, 0, 0, 0,
    0, 0, 0, 0, 0, 0, 0, 0,
    0, 0, 0, 0, 0, 0, 0, 0,
    0, 0, 0, 0, 0, 0, 0, 0,
    0, 0, 0, 0, 0, 0, 0, 0,
    0, 0, 0, 0, 0, 0, 0, 0,
    0, 0, 0, 0, 0, 0, 0, 0,
    0, 0, 0, 0, 0, 0, 0, 0,
    0, 0, 0, 0, 0, 0, 0, 0,
    0, 0, 0, 0, 0, 0, 0, 0,
    0, 0, 0, 0, 0, 0, 0, 0,
    0, 0, 0, -3, 0, 0, 0, 0,
    0, 0, 0, 0, 0, 0, 0, 0,
    0, 0, 0, 0, 0, 0, 0, 0,
    0, 0, 0, 0, -6, -3, 0, 0,
    0, 0, 0, 0, 0, 0, 0, 0,
    0, 0, 0, 0, 0, 0, 0, 0,
    0, 0, 0, 0, 0, 0, 0, 0,
    0, 0, 0, 0, 0, 0, 0, 0,
    0, 0, 0, 0, 0, 0, 0, 0,
    0, 0, 0, 0, 0, 0, 0, 0,
    0, 0, 0, 0, 0, 0, 0, 0,
    0, 0, 0, 0, 0, 0, 0, 0,
    0, 0, 0, 0, 0, 6, 0, 0,
    0, 0, 0, 0, 0, 0, 0, 0,
    0, 0, 0, 0, 0, 0, 0, 0,
    0, 0, 0, 0, 0, 0, 0, 0,
    0, 0, 0, 0, 0, 0, 0, 0,
    0, 0, 0, 0, 0, 0, 0, 0,
    0, 0, 0, 0, 0, 0, 0, 0,
    0, 0, 0, 0, 0, 0, 0, 0,
    0, 0, 0, 0, 0, 0, 0, 0,
    0, 0, 0, 0, 0, 0, 0, 0,
    0, 0, 0, 0, 0, 0, 0, 0,
    0, 0, 0, 0, 0, 0, 0, 0,
    0, 0, 0, 0, 0, 0, 0, 19,
    0, 13, -6, 0, 0, 0, 0, 0,
    0, 0, 0, 0, 0, 0, 0, 0,
    0, 0, 0, 0, 0, 0, 0, 0,
    0, 0, 0, 0, 0, 0, 0, 0,
    0, 0, 0, 0, 0, 0, 0, 0,
    0, 0, 0, 0, 0, 0, 0, 0,
    0, 0, 0, 0, 0, 0, 0, 0,
    0, 0, 0, 0, 0, 0, 0, 0,
    0, 0, 0, 0, 0, 0, 0, 0,
    0, 0, 0, 0, 0, 0, 0, 0,
    0, 0, 0, 0, 0, 0, 0, 0,
    0, 0, 0, 0, 0, 0, 0, 0,
    0, 13, 0, 0, -51, 0, 0, 0,
    0, 0, 0, 0, 0, 0, 0, 0,
    0, 0, -6, 0, -6, 0, -3, 0,
    0, 0, 0, 0, 0, 0, 0, 0,
    0, 0, 0, 0, 0, 0, 0, 0,
    0, 0, 0, 0, 0, 0, 0, 0,
    0, 0, 0, 0, 0, 0, 0, 0,
    0, 0, 0, 0, 0, 0, 0, 0,
    0, 0, 0, 0, 0, 0, 0, 0,
    0, 0, 0, 0, 0, 0, 0, 0,
    0, 0, 0, 0, 0, 0, 0, 0,
    0, 0, 0, 0, 0, 0, 0, 0,
    0, 0, 0, 13, 0, 0, -13, 0,
    0, 6, 0, 0, 0, 0, 0, 0,
    0, 0, 0, 0, 0, 0, 0, 0,
    0, 0, 0, 0, 0, 0, 0, 0,
    0, 0, 0, 0, 0, 0, 0, 0,
    0, 0, 0, 0, 0, 0, 0, 0,
    0, 0, 0, 0, 0, 0, 0, 0,
    0, 0, 0, 0, 0, 0, 0, 0,
    0, 0, 0, 0, 0, 0, 0, 0,
    0, 0, 0, 0, 0, 0, 0, 0,
    0, 0, 0, 0, 0, 0, 0, 0,
    0, 0, 0, 0, 0, 0, 0, 0,
    0, 0, 0, 0, 0, 0, 0, 0,
    0, 0, 0, 0, 0, 0, 0, 0,
    0, 0, 0, 0, 0, 0, 0, 0,
    -6, 0, 0, 0, 0, 0, 0, 0,
    0, 0, 0, 0, 0, 0, 0, 0,
    0, 0, 0, 0, 0, 0, 0, 0,
    0, 0, 0, 0, 0, 0, 0, 0,
    0, 0, 0, 0, 0, 0, 0, 0,
    0, 0, 0, 0, 0, 0, 0, 0,
    0, 0, 0, 0, 0, 0, 0, 0,
    0, 0, 0, 0, 0, 0, 0, 0,
    0, 0, 0, 0, 0, 0, 0, 0,
    0, 0, 0, 0, 0, 0, 0, 0,
    0, 0, 0, 0, 0, 0, 0, 0,
    0, 16, -6, 0, -3, 0, -10, 0,
    0, 0, 0, 0, 0, 0, 0, 0,
    0, 0, 0, 0, 0, 0, 0, 0,
    0, 0, 0, 0, 0, 0, 0, 0,
    0, 0, 0, 0, 0, 0, 0, 0,
    0, 0, 0, 0, 0, 0, 0, 0,
    0, 0, 0, 0, 0, 0, 0, 0,
    0, 0, 0, 0, 0, 0, 0, 0,
    0, 0, 0, 0, 0, 0, 0, 0,
    0, 0, 0, 0, 0, 0, 0, 0,
    0, 0, 0, 0, 0, 0, 0, 0,
    0, 0, 0, 0, 0, 0, 0, 0,
    0, 0, 0, 0, -10, 0, -3, 0,
    -10, 0, 0, 0, 0, 0, 0, 0,
    0, 0, 0, 0, 0, 0, 0, 0,
    0, 0, 0, -10, 0, 0, -10, 0,
    0, 0, 0, 0, 0, 0, 0, 0,
    0, 0, 0, 0, -10, 0, 0, 0,
    0, 0, -3, 0, 0, 0, 0, 0,
    0, 0, 0, 0, 0, 0, 0, 0,
    0, 0, 0, 0, 0, 0, 0, 0,
    0, 0, 0, 0, 0, 0, -3, 0,
    0, 0, 0, 0, 0, 0, 0, 0,
    0, 0, 0, 0, 0, 0, 0, 0,
    0, 0, 0, 0, 0, 0, -19, 0,
    -10, -6, -26, 0, 0, 0, 0, 0,
    0, 0, 0, 0, 0, 0, 0, 0,
    0, 0, 0, 0, 0, -26, 0, 0,
    -19, -6, 0, 0, 0, 0, 0, 0,
    0, 0, 0, 0, 0, 0, -19, 0,
    0, 0, 0, -6, 0, 0, -6, 0,
    0, -6, 0, 0, 0, 0, 0, 0,
    0, 0, 0, 0, 0, 0, 0, 0,
    0, 0, 0, 0, 0, 0, 0, 0,
    -13, 0, 0, 0, 0, 0, 0, 0,
    0, 0, 0, 0, 0, 0, 0, 0,
    0, 0, 0, 0, 0, 0, 0, 32,
    -13, 0, -10, 0, -13, 0, 0, 0,
    0, 0, 0, 0, 0, 0, 0, 0,
    0, 0, 0, 0, 0, 0, 0, 0,
    0, 0, 0, 0, 0, 0, 0, 0,
    0, 0, 0, 0, 0, 0, 0, 0,
    0, 0, 0, 0, 0, 0, 0, 0,
    0, 0, 0, 0, 0, 0, 0, 0,
    0, 0, 0, 0, 0, 0, 0, 0,
    0, 0, 0, 0, 0, 0, 0, 0,
    0, 0, 0, 0, 0, 0, 0, 0,
    0, 0, 0, 0, 0, 0, 0, 0,
    0, 16, 0, 0, 0, 0, 0, 0,
    0, 0, 0, 0, 0, 0, 0, 0,
    0, 0, 0, 0, 0, 0, 0, 0,
    0, 0, 0, 0, 0, 0, 0, 0,
    0, 0, 0, 0, 0, 0, 0, 0,
    0, 0, 0, 0, 0, 0, 0, 0,
    0, 0, 0, 0, 0, 0, 0, 0,
    0, 0, 0, 0, 0, 0, 0, 0,
    0, 0, 0, 0, 0, 0, 0, 0,
    0, 0, 0, 0, 0, 0, 0, 0,
    0, 0, 0, 0, 0, 0, 0, 0,
    0, 0, 0, 0, 0, 0, 0, 0,
    0, -22, 0, 0, 0, 0, 0, 0,
    0, -6, 0, 35, -22, 0, -13, 0,
    -19, 0, 0, 0, 0, 0, 0, 0,
    0, 0, 0, 0, 0, 0, 0, 0,
    0, 0, 0, 0, 0, 0, 0, 0,
    0, 0, 0, 0, 0, 0, 0, 0,
    0, 0, 0, 0, 0, 0, 0, 0,
    0, 0, 0, 0, 0, 0, 0, 0,
    0, 0, 0, 0, 0, 0, 0, 0,
    0, 0, 0, 0, 0, 0, 0, 0,
    0, 0, 0, 0, 0, 0, 0, 0,
    0, 0, 0, 0, 0, 0, 0, 0,
    0, 0, 22, 21, 0, 34, 0, 0,
    0, 33, 0, 0, 0, 0, 0, 0,
    0, 0, 0, 0, 0, 10, 0, 0,
    0, 0, 0, 0, 0, 0, 0, 0,
    0, 22, 0, 0, 0, 0, 0, 0,
    0, 0, 0, 0, 0, 0, 0, 0,
    0, 0, 0, 0, 0, 0, 0, 0,
    0, 0, 0, 0, 0, 0, 0, 0,
    0, 0, 0, 0, 0, 0, 0, 0,
    0, 0, 0, 0, 0, 0, 0, 0,
    0, 0, 0, 0, 0, 0, 0, 0,
    0, 0, 0, 0, 0, 0, 0, 0,
    0, 0, 0, 25, 0, 0, 0, 16,
    0, 0, 0, 0, 0, 0, 0, 0,
    0, 0, 0, 0, 0, 0, 0, 0,
    0, 0, 0, 0, 0, 0, 0, 0,
    0, 0, 0, 0, 40, 0, 0, 0,
    0, 0, 0, 0, 0, 0, 0, 0,
    0, 0, 0, 0, 0, 0, 0, 0,
    0, 0, 0, 0, 0, 0, 0, 0,
    0, 0, 0, 0, 0, 0, 0, 0,
    0, 0, 0, 0, 0, 0, 0, 0,
    0, 0, 0, 0, 0, 0, 0, 0,
    0, 0, 0, 0, 0, 0, 0, 0,
    0, 0, 0, 0, 0, 0, 0, 0,
    0, 0, 0, 0, 0, 0, 0, 0,
    0, 16, 0, 0, 0, 0, 0, 0,
    0, 0, 0, 0, 0, 0, 0, 0,
    0, 0, 0, 0, 0, 0, 0, 0,
    0, 0, 0, 0, 0, 0, 0, 0,
    0, 0, 0, 0, 0, 0, 0, 0,
    0, 0, 0, 0, 0, 0, 0, 0,
    0, 0, 0, 0, 0, 0, 0, 0,
    0, 0, 0, 0, 0, 0, 0, 0,
    0, 0, 0, 0, 0, 0, 0, 0,
    0, 0, 0, 0, 0, 0, 0, 0,
    0, 0, 0, 0, 0, 0, 0, 0,
    28, 31, 0, 43, 0, 0, 0, 38,
    0, 0, 0, 0, 0, 0, 0, 0,
    0, 0, 0, 0, 0, 0, 0, 0,
    0, 0, 0, 0, 0, 0, 0, 0,
    0, 0, 0, 0, 0, 0, 0, 0,
    0, 0, 0, 0, 0, 0, 0, 0,
    0, 0, 0, 0, 0, 0, 0, 0,
    0, 0, 0, 0, 0, 0, 0, 0,
    0, 0, 0, 0, 0, 0, 0, 0,
    0, 0, 0, 0, 0, 0, 0, 0,
    0, 0, 0, 0, 0, 0, 0, 0,
    0, 0, 0, 0, 0, 0, 0, 0,
    0, 25, 0, 0, 0, 0, 0, 0,
    0, 0, -6, 0, 6, 0, 19, 0,
    22, 16, 19, 0, 0, 0, 0, 0,
    0, 0, 0, 0, 0, 0, 0, 0,
    0, 0, 0, 0, 0, 0, 0, 0,
    0, 0, 0, 0, 0, 0, 0, 0,
    0, 0, 0, 0, 0, 0, 0, 0,
    0, 0, 0, 0, 0, 0, 0, 0,
    0, 0, 0, 0, 0, 0, 0, 0,
    0, 0, 0, 0, 0, 0, 0, 0,
    0, 0, 0, 0, 0, 0, 0, 0,
    0, 0, 0, 0, 0, 0, 0, 0,
    0, 0, 0, 0, 0, 0, 0, 0,
    0, 0, 0, 0, 0, 0, 0, 0,
    0, 0, 0, 0, 0, 0, 0, 6,
    0, 13, 0, 0, 0, 0, 16, 0,
    0, 0, 0, 0, 0, 0, 0, 0,
    0, 0, 0, 0, 0, 0, 0, 0,
    0, 0, 0, 0, 0, 0, 0, 0,
    0, 0, 0, 0, 0, 0, 0, 0,
    0, 0, 0, 0, 0, 0, 0, 0,
    0, 0, 0, 0, 0, 0, 0, 0,
    0, 0, 0, 0, 0, 0, 0, 0,
    0, 0, 0, 0, 0, 0, 0, 0,
    0, 0, 0, 0, 0, 0, 0, 0,
    0, 0, 0, 0, 0, 0, -10, -3,
    6, 0, 22, 0, 22, 16, 19, 0,
    -10, 0, -6, 0, -6, 0, 0, 0,
    0, 0, 0, 0, 0, 0, 0, 0,
    0, 0, 0, 0, 0, 0, 0, 0,
    0, 0, 0, 0, 0, 0, 0, 0,
    0, 0, 0, 0, 0, 0, 0, 0,
    0, 0, 0, 0, 0, 0, 0, 0,
    0, 0, 0, 0, 0, 0, 0, 0,
    0, 0, 0, 0, 0, 0, 0, 0,
    0, 0, 0, 0, 0, 0, 0, 0,
    0, 0, 0, 0, 0, 0, 0, 0,
    0, 0, 0, 0, 0, 0, 0, 0,
    0, 0, 0, 0, 0, 0, 0, 0,
    0, 0, 0, 6, 0, 16, 0, 0,
    0, 0, 16, 0, 0, 0, 0, 0,
    0, 0, 0, 0, 0, 0, 0, 0,
    0, 0, 0, 0, 0, 0, 0, 0,
    0, 0, 0, 0, 0, 0, 0, 0,
    0, 0, 0, 0, 0, 0, 0, 0,
    0, 0, 0, 0, 0, 0, 0, 0,
    0, 0, 0, 0, 0, 0, 0, 0,
    0, 0, 0, 0, 0, 0, 0, 0,
    0, 0, 0, 0, 0, 0, 0, 0,
    0, 0, 0, -22, 0, 0, 0, 0,
    0, 0, 0, 0, 0, 0, 0, 0,
    0, 0, 0, 0, 0, 0, 0, 0,
    0, 0, 0, 0, 0, 0, 0, 0,
    0, 0, 0, 0, -6, -19, 0, 0,
    -22, 0, 0, 0, 0, 0, 0, 0,
    0, 0, 0, 0, 0, 0, 0, 0,
    0, 0, 0, 0, 0, 0, 0, 0,
    0, 0, 0, 0, 0, 0, 0, 0,
    0, 0, 0, 0, 0, 0, 0, 0,
    0, 0, 0, 0, 0, 0, 0, 0,
    0, 0, 0, 0, 0, 0, 0, 0,
    0, 0, 0, 0, 0, 0, 0, 0,
    -13, 0, 0, 0, 0, 0, 0, 0,
    0, 0, 0, 0, 0, 0, 0, 0,
    0, 0, 0, 0, 0, 0, 0, 0,
    0, 0, 0, 0, 0, -6, 0, -3,
    0, -3, -10, -6, 0, 0, 0, 0,
    0, 0, 0, 0, 0, 0, 0, 0,
    0, 0, 0, 0, 0, 0, 0, 0,
    0, 0, 0, 0, 0, 0, 0, 0,
    0, 0, 0, 0, 0, 0, 0, 0,
    0, 0, 0, 0, 0, 0, 0, 0,
    0, 0, 0, 0, 0, 0, 0, 0,
    0, 0, 0, 0, 0, 0, 0, 0,
    0, 0, -19, 0, 0, 0, 0, 0,
    0, 0, 0, 0, 0, 0, 0, 0,
    0, 0, 0, 0, 0, 0, 0, 0,
    0, 0, -26, -10, 0, 0, 0, -19,
    -6, 0, -10, 0, 0, 0, -16, -16,
    -10, -10, 0, -16, 0, 0, -16, 0,
    0, 0, 0, 0, 0, 0, 0, 0,
    0, 0, 0, 0, 0, 0, 0, 0,
    0, 0, 0, 0, 0, 0, 0, 0,
    0, 0, 0, 0, 0, 0, 0, 0,
    0, 0, 0, 0, 0, 0, 0, 0,
    0, 0, 0, 0, 0, 0, 0, 0,
    0, 13, 0, 0, -6, 0, 0, 0,
    0, 0, 0, 0, 0, 0, 0, 0,
    0, 0, 0, 0, 0, 0, 0, 0,
    0, 0, 0, 0, 0, 0, 0, 0,
    0, 0, 0, 0, 0, 0, 0, 0,
    -6, -6, -3, 0, -6, -6, -6, 0,
    -6, -6, -6, -6, 0, 0, 0, 0,
    0, 0, 0, 0, 0, 0, 0, 0,
    0, 0, 0, 0, 0, 0, 0, 0,
    0, 0, 0, 0, 0, 0, 0, 0,
    0, 0, 0, 0, 0, 0, 0, 0,
    0, 0, 0, 0, 0, 0, 0, 0,
    0, 0, 0, 0, 0, 0, -26, -13,
    0, 0, 0, 0, 0, 0, 0, 0,
    0, 0, 0, 0, 0, 0, 0, 0,
    0, 0, 0, 0, 0, 0, -19, -10,
    0, 0, 0, -22, -6, 0, -16, 0,
    6, 0, -22, -22, -16, -16, -6, -22,
    0, -6, -22, 0, 0, -6, 0, 0,
    0, 0, 0, 0, 0, 0, 0, 0,
    0, 0, 0, 0, 0, 0, 0, 0,
    0, 0, 0, 0, 0, 0, 0, 0,
    0, 0, 0, 0, 0, 0, 0, 0,
    0, 0, 0, 0, 0, 0, 0, 0,
    0, 0, 0, 0, 0, 0, 0, 0,
    0, 0, 0, 0, 0, 0, 0, 0,
    0, 0, 0, 0, 0, 0, 0, 0,
    0, 0, 0, 0, 0, 0, 0, 0,
    -6, 0, 0, 0, 0, 0, -3, 0,
    0, 0, 0, 0, 0, 0, 0, 0,
    0, 0, 0, 0, 0, 0, 0, 0,
    0, 0, 0, 0, 0, 0, 0, 0,
    0, 0, 0, 0, 0, 0, 0, 0,
    0, 0, 0, 0, 0, 0, 0, 0,
    0, 0, 0, 0, 0, 0, 0, 0,
    0, 0, 0, 0, 0, 0, 0, 0,
    0, 0, 0, 0, 0, 0, 0, 0,
    0, 0, 0, 0, 0, 0, 0, 0,
    0, 0, 0, 0, 0, 0, 0, 0,
    0, 0, 0, 0, 0, 0, 0, 0,
    0, 0, -6, 0, 0, 0, 0, 0,
    -6, 0, 0, 0, 0, 0, 0, 0,
    0, 0, 0, 0, 0, 0, 0, 0,
    0, 0, 0, 0, 0, 0, 0, 0,
    0, 0, 0, 0, 0, 0, 0, 0,
    0, 0, 0, 0, 0, 0, 0, 0,
    0, 0, 0, 0, 0, 0, 0, 0,
    0, 0, 0, 0, 0, 0, 0, 0,
    0, 0, 0, 0, 0, 0, 0, 0,
    0, 0, 0, 0, -19, -13, 0, 0,
    0, 0, 0, 0, 0, 0, 0, 0,
    0, 0, 0, 0, 0, 0, 0, 0,
    0, 0, 0, 0, -19, -10, 0, 0,
    0, -22, -6, 0, -16, 0, 6, 0,
    -22, -22, -16, -16, -6, -22, 0, -6,
    -22, 0, 0, -6, 0, 0, 0, 0,
    0, 0, 0, 0, 0, 0, 0, 0,
    0, 0, 0, 0, 0, 0, 0, 0,
    0, 0, 0, 0, 0, 0, 0, 0,
    0, 0, 0, 0, 0, 0, 0, 0,
    0, 0, 0, 0, 0, 0, 0, 0,
    0, 0, 0, 13, 0, 0, -6, 0,
    0, 0, 0, 0, 0, 0, 0, 0,
    0, 0, 0, 0, 0, 0, 0, 0,
    0, 0, 0, 0, 0, 0, 0, 0,
    0, 0, 0, 0, 0, 0, 0, 0,
    0, 0, -3, -6, -3, 0, -2, -6,
    -3, 0, -6, -3, -3, -3, 0, 0,
    0, 0, 0, 0, 0, 0, 0, 0,
    0, 0, 0, 0, 0, 0, 0, 0,
    0, 0, 0, 0, 0, 0, 0, 0,
    0, 0, 0, 0, 0, 0, 0, 0,
    0, 0, 0, 0, 0, 0, 0, 0,
    0, 0, 0, 0, 0, 6, 0, 0,
    0, 0, 0, 0, 0, 0, 0, 0,
    0, 0, 0, 0, 0, 0, 0, 0,
    0, 0, 0, 0, 0, 0, 0, 0,
    0, 0, 0, 0, 0, 0, 0, 0,
    0, 0, 0, 0, -3, 0, 0, 0,
    0, 0, 0, 0, 0, 0, 0, 0,
    0, 0, 0, 0, 0, 0, 0, 0,
    0, 0, 0, 0, 0, 0, 0, 0,
    0, 0, 0, 0, 0, 0, 0, 0,
    0, 0, 0, 0, 0, 0, 0, 0,
    0, 0, 0, 0, 0, 0, 0, 0,
    0, 0, 0, 0, 0, 0, 0, -3,
    0, 0, 0, 0, 0, 0, 0, 0,
    0, 0, 0, 0, 0, 0, 0, 0,
    0, 0, 0, 0, 0, 0, 0, 0,
    0, 0, 0, 0, 0, 0, 0, 0,
    0, 0, 0, 0, 0, 0, 0, 0,
    0, 0, -2, 0, 0, 0, 0, -3,
    0, 0, 0, 0, 0, 0, 0, 0,
    0, 0, 0, 0, 0, 0, 0, 0,
    0, 0, 0, 0, 0, 0, 0, 0,
    0, 0, 0, 0, 0, 0, 0, 0,
    0, 0, 0, 0, 0, 0, 0, 0,
    0, 0, 0, 0, 0, 0, 0, 0,
    0, -3, 0, 0, 0, 0, 0, 0,
    0, 0, 0, 0, 0, 0, 0, 0,
    0, 0, 0, 0, 0, 0, 0, 0,
    0, 0, 0, 0, 0, 0, 0, 0,
    0, 0, 0, 0, 0, 0, 0, 0,
    0, 0, 0, 0, -6, 0, 0, -10,
    0, -3, -3, -6, 0, 0, 0, 0,
    0, 0, 0, 0, 0, 0, 0, 0,
    0, 0, 0, 0, 0, 0, 0, 0,
    0, 0, 0, 0, 0, 0, 0, 0,
    0, 0, 0, 0, 0, 0, 0, 0,
    0, 0, 0, 0, 0, 0, 0, 0,
    0, 0, 0, -3, 0, 0, 0, 0,
    0, 0, 0, 0, 0, 0, 0, 0,
    0, 0, 0, 0, 0, 0, 0, 0,
    0, 0, 0, 0, 0, 0, 0, 0,
    0, 0, 0, 0, 0, 0, 0, 0,
    0, 0, 0, 0, 0, 0, -6, 0,
    0, -6, 0, 0, 0, -6, 0, 0,
    0, 0, 0, 0, 0, 0, 0, 0,
    0, 0, 0, 0, 0, 0, 0, 0,
    0, 0, 0, 0, 0, 0, 0, 0,
    0, 0, 0, 0, 0, 0, 0, 0,
    0, 0, 0, 0, 0, 0, 0, 0,
    0, 0, 0, 0, 0, 13, 0, 0,
    -13, 0, 0, 0, 0, 0, 0, 0,
    0, 0, 0, 0, 0, 0, 0, 0,
    0, 0, 0, 0, 0, 0, 0, 0,
    0, 0, 0, 0, 0, 0, 0, 0,
    0, 0, 0, 0, -3, 0, 0, 0,
    0, 0, 0, -3, 0, 0, 0, 0,
    0, 0, 0, 0, 0, 0, 0, 0,
    0, 0, 0, 0, 0, 0, 0, 0,
    0, 0, 0, 0, 0, 0, 0, 0,
    0, 0, 0, 0, 0, 0, 0, 0,
    0, 0, 0, 0, 0, 0, 0, 0,
    0, 0, 0, 0, 0, 0, 0, -3,
    0, 0, 0, 0, 0, 0, 0, 0,
    0, 0, 0, 0, 0, 0, 0, 0,
    0, 0, 0, 0, 0, 0, 0, 0,
    0, 0, 0, 0, 0, 0, 0, 0,
    0, 0, 0, 0, 0, 0, 0, 0,
    0, 0, -6, 0, 0, -6, 0, -3,
    -3, -6, 0, 0, 0, 0, 0, 0,
    0, 0, 0, 0, 0, 0, 0, 0,
    0, 0, 0, 0, 0, 0, 0, 0,
    0, 0, 0, 0, 0, 0, 0, 0,
    0, 0, 0, 0, 0, 0, 0, 0,
    0, 0, 0, 0, 0, 0, 0, 0,
    0, 6, 0, 0, 0, 0, 0, 0,
    0, 0, 0, 0, 0, 0, 0, 0,
    0, 0, 0, 0, 0, 0, 0, 0,
    0, 0, 0, 0, 0, 0, 0, 0,
    0, 0, 0, 0, 0, 0, 0, 0,
    -8, -3, 0, 0, 0, 0, 0, 0,
    0, 0, -3, 0, 0, 0, 0, 0,
    0, 0, 0, 0, 0, 0, 0, 0,
    0, 0, 0, 0, 0, 0, 0, 0,
    0, 0, 0, 0, 0, 0, 0, 0,
    0, 0, 0, 0, 0, 0, 0, 0,
    0, 0, 0, 0, 0, 0, 0, 0,
    0, 0, 0, 0, 0, 0, 0, 0,
    0, 0, 0, 0, 0, 0, 0, 0,
    0, 0, 0, 0, 0, 0, 0, 0,
    0, 0, 0, 0, 0, 0, 0, 0,
    0, 0, 0, 0, 0, 0, 0, 0,
    0, 0, 0, -3, 0, 0, 0, 0,
    0, -6, 0, 0, 0, 0, 0, 0,
    0, 0, 0, 0, 0, 0, 0, 0,
    0, 0, 0, 0, 0, 0, 0, 0,
    0, 0, 0, 0, 0, 0, 0, 0,
    0, 0, 0, 0, 0, 0, 0, 0,
    0, 0, 0, 0, 0, 0, 0, 0,
    0, 0, 0, 0, 0, 13, 0, 0,
    -6, 0, 0, 0, 0, 0, 0, 0,
    0, 0, 0, 0, 0, 0, 0, 0,
    0, 0, 0, 0, 0, 0, 0, 0,
    0, 0, 0, 0, 0, 0, 0, 0,
    0, 0, 0, 0, -3, 0, 0, 0,
    -6, 0, -6, 0, -3, -3, -6, -16,
    0, 0, 0, 0, 0, 0, 0, 0,
    0, 0, 0, 0, 0, 0, 0, 0,
    0, 0, 0, 0, 0, 0, 0, 0,
    0, 0, 0, 0, 0, 0, 0, 0,
    0, 0, 0, 0, 0, 0, 0, 0,
    0, 0, 0, 0, 0, 0, 0, 6,
    0, 0, 0, 0, 0, 0, 0, 0,
    0, 0, 0, 0, 0, 0, 0, 0,
    0, 0, 0, 0, 0, 0, 0, 0,
    0, 0, 0, 0, 0, 0, 0, 0,
    0, 0, -3, 0, 0, 0, -3, 0,
    -6, 0, 0, 0, 0, 0, 0, 0,
    0, 0, 0, 0, 0, 0, 0, 0,
    0, 0, 0, 0, 0, 0, 0, 0,
    0, 0, 0, 0, 0, 0, 0, 0,
    0, 0, 0, 0, 0, 0, 0, 0,
    0, 0, 0, 0, 0, 0, 0, 0,
    0, 0, 0, 0, 0, 0, 0, 0,
    0, 13, 0, 0, -13, 0, 0, 0,
    0, 0, 0, 0, 0, 0, 0, 0,
    0, 0, 0, 0, 0, 0, 0, 0,
    0, 0, 0, 0, 0, 0, 0, 0,
    0, 0, 0, 0, 0, 0, 0, 0,
    -6, -6, 0, 0, 0, -6, 0, 0,
    -6, 0, 0, 0, 0, 0, 0, 0,
    0, 0, 0, 0, 0, 0, 0, 0,
    0, 0, 0, 0, 0, 0, 0, 0,
    0, 0, 0, 0, 0, 0, 0, 0,
    0, 0, 0, 0, 0, 0, 0, 0,
    0, 0, 0, 0, 0, 0, 0, 0,
    0, 0, 0, 13, 0, 0, -6, 0,
    0, 0, 0, 0, 0, 0, 0, 0,
    0, 0, 0, 0, 0, 0, 0, 0,
    0, 0, 0, 0, 0, 0, 0, 0,
    0, 0, 0, 0, 0, 0, 0, 0,
    0, 0, -6, -6, 0, 0, 0, -6,
    0, 0, -6, 0, 0, 0, 0, 0,
    0, 0, 0, 0, 0, 0, 0, 0,
    0, 0, 0, 0, 0, 0, 0, 0,
    0, 0, 0, 0, 0, 0, 0, 0,
    0, 0, 0, 0, 0, 0, 0, 0,
    0, 0, 0, 0, 0, 0, 0, 0,
    0, 0, 0, 0, 0, 13, 0, 0,
    0, 0, 0, 0, 0, 0, 0, 0,
    0, 0, 0, 0, 0, 0, 0, 0,
    0, 0, 0, 0, 0, 0, 0, 0,
    0, 0, 0, 0, 0, 0, 0, 0,
    0, 0, 0, 0, -10, -6, -3, 0,
    0, 0, 0, -11, 0, 0, 0, 0,
    0, 0, 0, 0, 0, 0, 0, 0,
    0, 0, 0, 0, 0, 0, 0, 0,
    0, 0, 0, 0, 0, 0, 0, 0,
    0, 0, 0, 0, 0, 0, 0, 0,
    0, 0, 0, 0, 0, 0, 0, 0,
    0, 0, 0, 0, 0, 0, 0, 0,
    0, 0, 0, 0, 0, 0, 0, 0,
    0, 0, 0, 0, 0, 0, 0, 0,
    0, 0, 0, 0, 0, 0, 0, 0,
    0, 0, 0, 0, 0, 0, 0, 0,
    0, 0, 0, 0, 0, 0, 0, 0,
    0, 0, 0, 0, 0, 0, 0, 0,
    0, 0, 0, 0, 0, 16, 0, 0,
    0, 0, 0, 0, 0, 0, 0, 0,
    0, 0, 0, 0, 0, 0, 0, 0,
    0, 0, 0, 0, 0, 0, 0, 0,
    0, 0, 0, 0, 0, 0, 0, 0,
    0, 0, 0, 0, 0, 0, 0, 0,
    0, -22, 0, 0, 0, 0, 0, 0,
    0, 0, 0, 0, 0, 0, 0, 0,
    0, 0, 0, 0, 0, 0, 0, 0,
    0, 0, 0, 0, 0, 0, 0, 0,
    0, 0, 0, 0, 0, 0, 0, 0,
    0, 0, 0, 0, 0, 0, 0, 0,
    0, 0, 0, 0, -16, 0, 0, 0,
    0, -6, 0, 0, 0, 0, 0, -10,
    0, 0, 0, 0, 0, 0, 0, 0,
    0, -6, -6, -6, 0, 0, 0, 0,
    0, 0, 0, -6, 0, -13, -19, -16,
    -6, 0, 0, 0, 0, 0, 0, -16,
    -10, -10, 0, 6, 0, 0, -16, -13,
    -10, 0, 0, 0, 0, 0, 0, 0,
    0, 0, 0, 0, 0, 0, 0, 0,
    0, 0, 0, 0, 0, 0, 0, -10,
    0, 0, 0, 0, 0, 0, 0, 0,
    0, 0, 0, 0, 0, 0, 0, 0,
    0, 0, 0, 0, 0, 0, 6, -6,
    0, 0, -8, 0, -22, -8, 0, 0,
    -11, 0, 0, -13, -6, -10, -13, -13,
    -3, -3, -10, -3, -5, -10, -13, 0,
    -6, 0, 0, 0, 0, 0, 0, 0,
    3, 0, 0, 0, 0, 0, 0, 0,
    0, 0, 0, 0, 0, 0, 0, 0,
    0, 0, 0, 0, 0, 0, 0, 0,
    0, 0, 0, 0, 0, 0, 0, 0,
    0, 0, 0, 0, 0, 0, 0, 0,
    -6, 0, 0, 0, 0, 0, 0, 0,
    0, 0, 0, 0, 0, 0, 0, 0,
    0, 0, 0, 0, 0, 0, 0, 0,
    0, -6, 0, 0, 0, 0, 0, 0,
    0, 0, -10, 0, 0, 0, 0, 0,
    0, 0, 0, 0, 0, 0, 0, -6,
    0, 0, 0, 0, 0, -6, 0, 0,
    0, 0, 0, 0, 0, -6, 0, 0,
    0, 0, -6, 0, -6, 0, 0, 0,
    0, 0, -6, 0, 0, 0, 0, 0,
    0, 0, 0, 0, 0, 0, 0, 0,
    0, 0, 0, 0, 0, 0, 0, 0,
    0, 0, 0, 0, 0, 0, 0, 0,
    0, 0, 0, 0, 0, 0, 0, 0,
    0, 0, 0, 0, 0, 0, 0, 0,
    0, 0, 0, 0, 0, 0, 0, 0,
    0, 0, 0, 0, -3, 0, 0, 0,
    0, 0, 0, 0, 0, 0, 0, 0,
    0, 0, 0, 0, 0, 0, 0, 0,
    0, 0, 0, 0, 0, 0, 0, 0,
    0, 0, 0, 0, 0, 0, 0, 0,
    0, -29, 0, 0, -3, 0, 0, 0,
    0, 0, 0, 0, 0, 0, 0, 0,
    0, 0, 0, 0, 0, 0, 0, 0,
    0, 0, 0, 0, 0, 0, 0, 0,
    0, 0, 0, 0, 0, 0, 0, 0,
    0, 0, 0, 0, 0, 0, 0, 0,
    0, 0, 0, 0, -19, 0, 0, 0,
    0, -6, 0, 0, 0, 0, 0, -10,
    0, 0, 0, 0, 0, 0, -6, 0,
    0, -6, -6, 0, -6, 0, 0, 0,
    0, 0, 0, 0, 0, 0, -10, 0,
    0, 0, 0, 0, 0, 0, 0, 0,
    0, -19, 0, 6, 0, 0, 0, -3,
    -3, 0, 0, 0, 0, 0, 0, 0,
    0, 0, 0, 0, 0, 0, 0, 0,
    0, 0, 0, 0, 0, 0, -6, 0,
    0, 0, 0, 0, 0, 0, 0, 0,
    0, 0, 0, 0, 0, 0, 0, 0,
    0, 0, 0, 0, 0, 0, 0, -6,
    0, 0, 0, 0, 0, 0, 0, 0,
    -13, -3, 0, -3, -6, 0, 0, -6,
    0, 0, 0, -3, -3, -6, 0, 0,
    0, 0, 0, -6, 0, 0, 0, 0,
    0, 0, 0, -16, 0, 0, 0, 0,
    -6, 0, -6, 0, 0, 6, 0, 0,
    -22, -6, -3, 0, 0, 0, 0, 0,
    0, 0, 0, 0, 0, 0, 0, 0,
    0, 0, 0, 0, 0, 0, 0, 0,
    -16, -6, 0, 0, 0, 0, 0, 0,
    0, 0, 0, 0, 0, 0, 0, 0,
    0, 0, 0, 0, 0, 0, 0, 0,
    0, -13, -6, 0, -28, 0, -38, -33,
    0, 0, -10, 0, -10, -16, -13, -3,
    -31, -20, -10, -6, -16, 0, 0, -6,
    -16, 16, -10, 0, 0, -3, 0, 0,
    0, 0, 0, 0, 0, -6, -10, -16,
    0, 0, -22, 0, 0, 0, 0, -22,
    0, 0, 0, 0, 0, 0, 0, 0,
    0, 0, 0, 0, 0, 0, 0, 0,
    0, 0, 0, 0, 0, 0, 0, 0,
    0, 0, 0, -3, 0, 0, 0, 0,
    0, 0, 0, 0, 0, 0, 0, 0,
    0, 0, 0, 0, 0, 0, 0, 0,
    0, 0, -22, -6, 0, 16, 0, -8,
    0, 0, 0, 0, -11, -19, 0, 0,
    0, 0, 0, -3, 0, 0, 0, -10,
    -6, -10, 0, 0, 0, 0, 0, 0,
    0, -6, 0, -13, -16, -19, 0, -16,
    0, 0, 0, -3, 0, -22, -10, -13,
    0, 0, 0, 0, 0, 0, 0, 0,
    0, 0, 0, 0, 0, 0, 0, 0,
    0, 0, 0, 0, 0, 0, 0, 0,
    0, 0, 0, 0, 0, 0, 0, 0,
    0, 0, 0, 0, 0, 0, 0, 0,
    0, 0, 0, 0, 0, 0, 0, 0,
    0, 0, 0, 0, 0, 0, 0, 0,
    0, 0, 0, 0, 0, 0, 0, 0,
    0, 0, 0, 0, 0, 0, -3, 0,
    0, 0, -3, 0, 0, 0, 0, 0,
    0, 0, 0, 0, 0, 0, 0, 0,
    0, 0, 0, 0, 0, 0, 0, 0,
    0, 0, 0, 0, 0, -6, 0, 0,
    0, 0, 0, 0, 0, 0, 0, 0,
    0, 0, 0, 0, 0, 0, 0, 0,
    0, 0, 0, 0, 0, 0, 0, 0,
    0, 0, 0, 0, 0, 0, 0, 0,
    0, 0, 0, 0, 0, 0, 0, 0,
    0, 0, 0, 0, 0, 0, 0, 0,
    0, 0, 0, 0, 0, 0, 0, 0,
    0, 0, 0, 0, 0, 0, 0, 0,
    -3, 0, 0, 0, 0, -5, -3, 0,
    0, 0, 0, 0, 0, 0, 0, 0,
    0, 0, 0, 0, 0, 0, 0, 0,
    0, 0, 0, 0, 0, 0, 0, 0,
    10, 0, 0, 0, 0, 0, 0, 0,
    0, 0, 0, 0, 0, 0, 0, 0,
    0, 0, 0, 0, 0, 0, 0, 0,
    0, 0, 0, 0, 0, 0, 0, 0,
    0, 0, 0, 0, 0, 0, 0, 0,
    0, 0, 0, 0, 0, 0, 0, 0,
    0, 0, 0, 29, 10, 0, 0, 13,
    0, 0, -3, -8, 0, 0, 0, 0,
    10, 0, 0, 0, 10, -3, 10, -6,
    0, 0, 0, 0, 22, 0, 0, 0,
    0, 0, 0, 0, 0, 0, 0, 0,
    0, 0, 0, 0, -6, 0, 0, 0,
    0, 0, -13, 0, 0, 0, 0, 0,
    0, 0, 0, 0, 0, 0, 0, 0,
    0, 0, 0, 0, 0, 0, 0, 0,
    0, 0, 0, 0, 0, 0, 0, 0,
    0, 0, 0, 0, 0, 0, 0, 0,
    0, 0, 0, 0, 0, 0, 0, 0,
    0, 0, -6, 0, 0, 0, -3, -13,
    -6, -3, -6, -3, 0, 0, 0, 0,
    0, 0, -3, 0, -5, 0, -3, 0,
    0, 0, -3, 0, 0, 0, 0, 0,
    0, 0, 0, -3, -3, -3, 0, 0,
    0, -6, 0, 0, 0, -6, 0, 0,
    0, 0, 0, 0, -42, -3, -3, 0,
    0, 0, 0, 0, 0, 0, 0, 0,
    0, 0, 0, 0, 0, 0, 0, 0,
    0, 0, 0, 0, -6, -3, 0, 0,
    0, 0, 0, 0, 0, 0, 0, 0,
    0, 0, 0, 0, 0, 0, 0, 0,
    0, 0, 0, 0, 0, 0, 0, 0,
    -19, -6, -16, -19, -6, 0, -3, 0,
    0, -8, 0, 0, -16, -3, 0, 0,
    -13, 0, 0, 0, -3, 0, 0, 0,
    0, 0, 0, 0, 0, 0, 0, 0,
    0, 0, 0, -19, 0, 0, -13, 0,
    0, 0, 0, -3, 0, -8, -13, 0,
    -3, 0, 0, 0, 0, 0, 0, 0,
    0, 0, 0, 0, 0, 0, 0, 0,
    0, 0, 0, 0, 0, 0, 0, 0,
    0, 0, 0, 0, 0, 0, 0, 0,
    0, 0, 0, 0, 0, 0, 0, 0,
    0, 0, 0, 0, 0, 0, -11, 0,
    -3, 0, -7, -10, -11, -10, -13, -10,
    0, 0, -3, 0, 0, 0, -8, 0,
    -5, 0, -5, 0, 0, 0, -3, 0,
    0, 0, 0, 0, 0, 0, 0, 0,
    -6, 0, 0, 0, 0, 0, 0, 0,
    0, 0, 0, 0, 0, -3, 0, 0,
    0, 0, 0, 0, 0, 0, 0, 0,
    0, 0, 0, 0, 0, 0, 0, 0,
    0, 0, 0, 0, 0, 0, 0, 0,
    0, 0, 0, 0, 0, 0, 0, 0,
    0, 0, 0, 0, 0, 0, 0, 0,
    0, 0, 0, 0, 0, 0, 0, 0,
    -13, 0, 0, 0, 0, -12, 0, 0,
    0, 0, 0, 0, 0, 0, 0, 0,
    0, 0, -6, 0, 0, -3, -3, 0,
    0, 0, 0, 0, 0, 0, 0, 0,
    0, 0, 0, 0, 0, 0, 0, 0,
    0, 0, 0, 0, 0, 0, 0, -1,
    0, 0, 0, 0, 0, 0, 0, 0,
    0, 0, 0, 0, 0, 0, 0, 0,
    0, 0, 0, 0, 0, 0, 0, 0,
    0, 0, 0, 0, 0, 0, 0, 0,
    0, 0, 0, 0, 0, 0, 0, 0,
    0, 0, 0, 0, 0, 0, 0, 0,
    0, 0, -6, 0, 0, 0, 0, -12,
    -3, 0, -3, 0, 0, 0, -6, 0,
    0, 0, -3, 0, -6, 0, 0, -3,
    -10, -3, -3, 0, 0, 0, 0, 0,
    0, 0, 0, 0, 0, 0, 0, 0,
    0, 0, 0, 0, 0, 0, -3, 0,
    0, 0, 0, -3, 0, 0, 0, 0,
    0, 0, 0, 0, 0, 0, 0, 0,
    0, 0, 0, 0, 0, 0, 0, 0,
    0, 0, 0, 0, 0, 0, 0, 0,
    0, 0, 0, 0, 0, 0, 0, 0,
    0, 0, 0, 0, 0, 0, 0, 0,
    0, 0, 0, 0, -10, 0, 0, 0,
    0, -3, 0, 0, -3, 0, 0, 0,
    -3, 0, 0, 0, 0, 0, -6, 0,
    0, -3, -3, 0, 0, 0, 0, 0,
    0, 0, 0, 0, 0, 0, 0, 0,
    0, 0, 0, 0, 0, 0, 0, 0,
    0, 0, 0, 10, 0, 0, -13, -6,
    0, 0, 0, 0, 0, 0, 0, 0,
    0, 0, 0, 0, 0, 0, 0, 0,
    0, 0, 0, 0, 0, 0, 0, 0,
    0, 0, 0, 0, 0, 0, 0, 0,
    0, 0, 0, 0, 0, 0, 0, 0,
    0, 0, 0, 0, 0, 0, 0, 0,
    0, 0, -6, 0, -10, -10, -3, 0,
    0, 0, 0, 0, 0, 0, -13, -3,
    0, 0, -10, 0, 0, 0, 0, 0,
    0, 0, 0, 0, 0, 0, 0, 0,
    0, 0, 0, 0, 0, 0, 0, 0,
    0, 0, 0, 13, 0, -3, 0, 0,
    6, 0, 0, 0, 0, 0, 0, 0,
    0, 0, 0, 0, 0, 0, 0, 0,
    0, 0, 0, 0, 0, 0, 0, 0,
    0, 0, 0, 0, 0, 0, 0, 0,
    0, 0, 0, 0, 0, 0, 0, 0,
    0, 0, 0, 0, 0, 0, 0, 0,
    -10, 0, 0, 32, 6, 0, 0, 10,
    0, 0, 0, -5, 0, 0, 0, 0,
    6, 0, 0, 0, 8, -5, 0, -10,
    0, 0, 0, 0, 19, 0, 0, 0,
    0, 0, 0, 0, 0, 0, 0, 0,
    0, 0, 0, 0, 0, 0, 0, -1,
    0, 0, 0, 0, 0, 0, 0, 0,
    0, 0, 0, 0, 0, 0, 0, 0,
    0, 0, 0, 0, 0, 0, 0, 0,
    0, 0, 0, 0, 0, 0, 0, 0,
    0, 0, 0, 0, 0, 0, 0, 0,
    0, 0, 0, 0, 0, 0, 0, 0,
    0, 0, -13, 0, 0, 0, 0, -12,
    -3, 0, -6, 0, 0, 0, -6, 0,
    0, 0, -3, 0, -6, 0, 0, -3,
    -10, -3, -3, 0, 0, 0, 0, 0,
    0, 0, 0, 0, 0, 0, 0, 0,
    0, 0, 0, 0, 0, 0, -3, 0,
    0, 0, 0, 0, 0, -3, 0, 0,
    0, 0, 0, 0, 0, 0, 0, 0,
    0, 0, 0, 0, 0, 0, 0, 0,
    0, 0, 0, 0, 0, 0, 0, 0,
    0, 0, 0, 0, 0, 0, 0, 0,
    0, 0, 0, 0, 0, 0, 0, 0,
    0, 0, 0, 0, -3, -5, 0, 0,
    0, -3, 0, 0, 0, 0, -5, -3,
    0, -6, 0, 0, 0, -6, 0, 0,
    0, 0, 0, -6, -3, 0, 0, 0,
    0, 0, 0, 0, 0, 0, 0, 0,
    0, 0, -6, 0, 0, 0, 0, 0,
    0, 10, 0, 0, 0, 0, 0, 0,
    0, 0, 0, 0, 0, 0, 0, 0,
    0, 0, 0, 0, 0, 0, 0, 0,
    0, 0, 0, 0, 0, 0, 0, 0,
    0, 0, 0, 0, 0, 0, 0, 0,
    0, 0, 0, 0, 0, 0, 0, 0,
    0, 0, 0, 0, 0, 0, -10, 0,
    0, 0, 0, 0, 0, 0, 0, 0,
    0, 0, 0, 0, 0, 0, 0, 0,
    0, 0, 0, 0, 0, 0, 0, -1,
    0, 0, 0, 0, 0, 0, 0, 0,
    0, 0, 0, 0, 0, 0, 0, 0,
    0, 0, 0, 0, 0, 6, 0, 0,
    0, 0, 0, 0, 0, 0, 0, 0,
    0, 0, 0, 0, 0, 0, 0, 0,
    0, 0, 0, 0, 0, 0, 0, 0,
    0, 0, 0, 0, 0, 0, 0, 0,
    0, 0, 0, 0, 0, 0, 0, 0,
    0, 0, 0, 0, 0, 0, 0, 0,
    -6, 0, 0, 0, 0, 0, 0, 0,
    0, 0, 0, 0, 0, 0, 0, 0,
    0, -3, 0, 0, 0, 0, 0, 0,
    -3, 0, 0, 0, 0, 0, 0, 0,
    0, 0, 0, 0, 0, 0, 0, 0,
    0, 0, 0, 0, 0, 0, 0, 6,
    0, 0, -13, 0, 0, 0, 0, 0,
    0, 0, 0, 0, 0, 0, 0, 0,
    0, 0, 0, 0, 0, 0, 0, 0,
    0, 0, 0, 0, 0, 0, 0, 0,
    0, 0, 0, 0, 0, 0, 0, 0,
    0, 0, 0, 0, 0, 0, 0, 0,
    0, 0, 0, 0, 0, 0, -6, 0,
    -6, -10, -3, 0, 0, 0, 0, -3,
    0, 0, -16, -10, 0, 0, -16, 0,
    0, 0, -10, 0, 0, 0, 0, 0,
    0, 0, 0, 0, 0, 0, 0, 0,
    0, 0, 0, 0, 0, 0, 0, 13,
    0, -26, 0, 0, 0, 0, -3, 0,
    0, 0, 0, 0, 0, 0, 0, 0,
    0, 0, 0, 0, 0, 0, 0, 0,
    0, 0, 0, 0, 0, 0, 0, 0,
    0, 0, 0, 0, 0, 0, 0, 0,
    0, 0, 0, 0, 0, 0, 0, 0,
    0, 0, 0, 0, -19, 0, 0, 0,
    0, -6, -3, 0, -3, 0, -3, -22,
    -6, 0, 0, 0, 0, 0, -6, 0,
    0, -19, -14, -13, -6, 0, 0, 0,
    0, 0, -6, 0, 0, 0, 0, 0,
    -10, 0, -6, 0, 0, 0, 0, 0,
    -16, -10, 0, -3, 0, 0, 0, 0,
    0, 0, 0, 0, 0, 0, 0, 0,
    0, 0, 0, 0, 0, 0, 0, 0,
    0, 0, 0, 0, 0, 0, 0, 0,
    0, 0, 0, 0, 0, 0, 0, 0,
    0, 0, 0, 0, 0, 0, 0, 0,
    0, 0, 0, 0, 0, 0, -13, 0,
    0, 13, 0, 0, 0, 0, 0, 0,
    0, 0, 0, 0, 0, 0, 0, 0,
    0, 0, 0, -10, -16, 0, 0, 0,
    0, 0, 6, 0, 0, 0, 0, 0,
    0, 0, 0, 0, 0, 0, 0, 0,
    0, 0, -6, 0, 0, 10, 0, 0,
    -13, -6, 0, 0, 0, 0, 0, 0,
    0, 0, 0, 0, 0, 0, 0, 0,
    0, 0, 0, 0, 0, 0, 0, 0,
    0, 0, 0, 0, 0, 0, 0, 0,
    0, 0, 0, 0, 0, 0, 0, 0,
    0, 0, 0, 0, 0, 0, 0, 0,
    0, 0, 0, 0, -6, 2, -10, -10,
    -3, 0, 0, 0, 0, 0, 0, 0,
    -13, -3, 0, 0, -10, 0, 0, 0,
    0, 2, 0, 2, 0, 0, 0, 0,
    0, 0, 0, 0, 0, 0, 0, 0,
    0, 0, 0, 0, 0, 13, 0, 0,
    0, 0, 0, 0, 0, 0, 0, 0,
    0, 0, 0, 0, 0, 0, 0, 0,
    0, 0, 0, 0, 0, 0, 0, 0,
    0, 0, 0, 0, 0, 0, 0, 0,
    0, 0, 0, 0, 0, 0, 0, 0,
    0, 0, 0, 0, 0, 0, 0, 0,
    0, 0, -6, 0, 0, 0, 0, -10,
    0, 0, 0, 0, 0, 0, -3, 0,
    0, 0, 0, 0, 0, 0, 0, 0,
    0, 0, -6, 0, 0, 0, 0, 0,
    0, 0, 0, 0, 0, 0, 0, 0,
    0, 0, 0, 0, 0, 0, 0, 0,
    0, 10, 0, 0, 0, 0, 0, 0,
    0, 0, 0, 0, 0, 0, 0, 0,
    0, 0, 0, 0, 0, 0, 0, 0,
    0, 0, 0, 0, 0, 0, 0, 0,
    0, 0, 0, 0, 0, 0, 0, 0,
    0, 0, 0, 0, 0, 0, 0, 0,
    0, 0, 0, 0, 6, 0, 0, 0,
    0, 0, 0, 0, 0, 0, 0, 0,
    0, 0, 0, 0, 0, 0, 0, 0,
    0, 0, 0, 0, 0, 11, 0, 4,
    0, 0, 0, 0, 0, 0, 0, 0,
    0, 0, 0, 0, 0, 0, 0, 0,
    0, 0, 0, 0, 0, 0, 0, 0,
    0, 0, 0, 0, 0, 0, 0, 0,
    0, 0, 0, 0, 0, 0, 0, 0,
    0, 0, 0, 0, 0, 0, 0, 0,
    0, 0, 0, 0, 0, 0, 0, 0,
    0, 0, 0, 0, 0, 0, 0, 0,
    0, 0, 0, 0, 0, 0, 0, 0,
    0, 10, 0, 0, 0, 0, 0, 0,
    0, 0, 0, 0, 0, 0, 0, 0,
    0, 0, 0, 0, 0, 0, 0, 0,
    0, 0, 6, 0, 0, 0, 0, 0,
    0, 0, 0, 0, 0, 0, 0, 0,
    0, 0, 0, 0, 0, -3, 0, 0,
    0, 0, 0, 0, 0, 0, 0, 0,
    0, 0, 0, 0, 0, 0, 0, 0,
    0, 0, 0, 0, 0, 0, 0, 0,
    0, 0, 0, 0, 0, 0, 0, 0,
    0, 0, 0, 0, 0, 0, 0, 0,
    0, 0, 0, 0, 0, 0, 0, 0,
    -13, 0, 0, 13, 0, 0, 0, 0,
    0, 0, 0, 0, 0, 0, 0, 0,
    0, 0, 0, 0, 0, -10, -16, 0,
    0, 0, 0, 0, 0, 0, 0, 0,
    0, 0, 0, 0, 0, 0, 0, 0,
    0, 0, 0, 0, -6, 0, 0, 0,
    0, 0, -13, 0, 0, 0, 0, 0,
    0, 0, 0, 0, 0, 0, 0, 0,
    0, 0, 0, 0, 0, 0, 0, 0,
    0, 0, 0, 0, 0, 0, 0, 0,
    0, 0, 0, 0, 0, 0, 0, 0,
    0, 0, 0, 0, 0, 0, 0, 0,
    0, 0, 0, 0, 0, 0, 0, 0,
    0, 0, 0, 0, 0, 0, 0, 0,
    0, 0, -6, 0, 0, 0, 0, 0,
    0, 0, 0, 0, 0, 0, 0, 0,
    0, 0, 0, 0, 0, 0, 0, 0,
    0, 0, 0, 0, 0, 0, 0, 0,
    0, -13, 0, 0, 0, 0, 0, 0,
    0, 0, 0, 0, 0, 0, 0, 0,
    0, 0, 0, 0, 0, 0, 0, 0,
    0, 0, 0, 0, 0, 0, 0, 0,
    0, 0, 0, 0, 0, 0, 0, 0,
    0, 0, 0, 0, 0, 0, 0, 0,
    0, 0, 0, 0, -13, 0, 0, 0,
    0, 0, 0, 0, 0, 0, 0, -13,
    0, 0, 0, 0, 0, 0, 0, 0,
    0, -6, 0, 0, 0, 0, 0, 0,
    0, 0, 0, 0, 0, -10, -6, -10,
    0, 0, 0, 0, 0, 0, 0, -16,
    0, 0, 0, -22, 0, 0, 0, 0,
    0, 0, 0, 0, 0, 0, 0, 0,
    0, 0, 0, 0, 0, 0, 0, 0,
    0, 0, 0, 0, 0, 0, 0, 0,
    0, 0, 0, 0, 0, 0, 0, 0,
    0, 0, 0, 0, 0, 0, 0, 0,
    0, 0, 0, 0, 0, 0, 0, 0,
    0, 0, 0, 0, 0, 0, 0, 0,
    0, 0, 0, -6, 0, 0, 0, 0,
    0, 0, 0, -16, -10, -10, 0, 0,
    0, 0, 0, 0, -6, 0, 0, 0,
    0, 0, -6, 0, -6, 0, 0, 0,
    0, 0, -19, 0, 0, 0, 0, 0,
    0, 0, 0, 0, 0, 0, 0, 0,
    0, 0, 0, 0, 0, 0, 0, 0,
    0, 0, 0, 0, 0, 0, 0, 0,
    0, 0, 0, 0, 0, 0, 0, 0,
    0, 0, 0, 0, 0, 0, 0, 0,
    0, 0, 0, 0, 0, 0, 0, 0,
    0, 0, 0, 0, 0, 0, 0, 0,
    0, 0, 0, 0, 0, 0, 0, 0,
    0, 0, 0, 0, 0, 0, 0, 0,
    0, 0, 0, 0, 0, 0, 0, 0,
    0, 0, 0, 0, 0, 0, 0, 0,
    0, 0, 0, -3, 0, 0, 0, 0,
    0, 0, -13, 0, 0, 0, 0, 0,
    0, 0, 0, 0, 0, 0, 0, 0,
    0, 0, 0, 0, 0, 0, 0, 0,
    0, 0, 0, 0, 0, 0, 0, 0,
    0, 0, 0, 0, 0, 0, 0, 0,
    0, 0, 0, 0, 0, 0, 0, 0,
    0, 0, 0, 0, 0, 0, 0, 0,
    0, 0, 0, 0, 0, 0, 0, 0,
    0, 0, 0, 0, 0, 0, 0, 0,
    0, 0, 0, 0, 0, 0, 0, 0,
    0, 0, 0, -3, 0, -3, 0, 0,
    0, 0, 0, 0, 0, -6, 0, 0,
    0, 0, 0, 0, -19, -13, 0, 0,
    0, 0, 0, 0, 0, 0, 0, 0,
    0, 0, 0, 0, 0, 0, 0, 0,
    0, 0, 0, 0, -19, -10, 0, 0,
    0, 0, 0, 0, 0, 0, 0, 0,
    0, 0, 0, 0, 0, 0, 0, 0,
    0, 0, 0, 0, 6, -6, 0, 0,
    -13, 0, -22, -16, 0, 0, -11, 0,
    0, -22, 0, 0, -19, 0, -6, -6,
    0, -13, -13, -16, 0, 0, 0, 0,
    0, -6, -6, 0, -16, 0, 0, 0,
    -13, -16, -22, -16, -26, 0, -22, 0,
    -16, 0, 0, 0, 0, 0, -16, -6,
    0, 0, 0, 0, 0, 0, 0, 0,
    0, 0, 0, 0, 0, 0, 0, 0,
    0, 0, 0, 0, 0, 0, 0, 0,
    0, 0, 0, 0, 0, 0, 0, 0,
    0, 0, 0, 0, 0, 0, 0, 0,
    0, 0, 0, 0, 0, 0, 0, 0,
    0, 0, 0, 0, -10, 0, 0, 0,
    0, 0, 0, -3, 0, 0, -13, -3,
    0, 0, -10, 0, 0, 0, 0, 0,
    0, 0, 0, 0, 0, 0, 0, 0,
    0, 0, 0, 0, 0, 0, 0, 0,
    0, 0, 0, 0, 0, 0, 0, 0,
    -16, -6, 0, 0, 0, 0, 0, 0,
    0, 0, 0, 0, 0, 0, 0, 0,
    0, 0, 0, 0, 0, 0, 0, 0,
    0, 0, 0, 0, 0, 0, 0, 0,
    0, 0, 0, 0, 0, 0, 0, 0,
    0, 0, 0, 0, 0, 0, 0, 0,
    6, 0, 0, 0, 0, 0, -19, 0,
    0, 0, 0, 0, 0, -13, 0, 0,
    -16, 0, -6, -6, 0, 0, 0, -16,
    0, 6, 0, 0, 0, -6, 0, 0,
    -10, 0, 6, 0, 0, -6, -10, -13,
    0, 0, -16, 0, -6, 0, 0, 0,
    0, 0, -10, 0, 0, 0, 0, 0,
    0, 0, 0, 0, 0, 0, 0, 0,
    0, 0, 0, 0, 0, 0, 0, 0,
    0, 0, 0, 0, 0, 0, 0, 0,
    0, 0, 0, 0, 0, 0, 0, 0,
    0, 0, 0, 0, 0, 0, 0, 0,
    0, 0, 0, 0, 0, 0, 0, 0,
    0, 0, 0, 0, 0, 0, 0, -6,
    0, 0, -10, 0, 0, 0, 0, 0,
    0, 0, 0, 0, 0, 0, 0, 0,
    0, 0, 0, 0, 0, 0, 0, 0,
    0, 0, 0, 0, 0, 0, 0, 0,
    0, 0, 0, 0, 0, 0, 0, 0,
    0, 0, 0, 0, 0, 0, 0, 0,
    0, 0, 0, 0, 0, 0, 0, 0,
    0, 0, 0, 0, 0, 0, 0, 0,
    0, 0, 0, 0, 0, 0, 0, 0,
    0, 0, 0, 0, 0, 0, 0, 0,
    0, 0, 0, 0, 0, 0, 0, 0,
    0, 0, 0, 0, 0, 0, 0, 0,
    0, 0, 0, 0, 0, 0, 0, 0,
    0, -6, 0, -16, 0, 0, 0, 0,
    0, -6, 0, 0, 0, 0, 0, 0,
    0, -16, -6, 0, 0, 0, 0, 0,
    -6, 0, 0, 0, 0, 0, 0, 0,
    0, 0, 0, 0, 0, 0, 0, 0,
    0, 0, 0, 0, 0, 0, 0, 0,
    0, 0, 0, 0, 0, 0, 0, 0,
    0, 0, 0, 0, 0, 0, 0, 0,
    0, 0, 0, 0, 0, 0, 0, 0,
    0, 0, 0, 0, 0, 0, 0, 0,
    0, 0, 0, 0, 0, 0, 0, 0,
    0, 0, 0, -3, 0, 0, 0, 0,
    0, 0, 0, 0, 0, -3, 0, 0,
    0, 0, 0, 0, 0, 0, 0, 0,
    0, 0, 0, 0, 0, 0, 0, 0,
    0, 0, -6, 0, 0, 0, 0, 0,
    -19, 0, 0, 0, 0, 0, 0, 0,
    0, 0, 0, 0, 0, 0, 0, 0,
    0, 0, 0, 0, 0, 0, 0, 0,
    0, 0, 0, 0, 0, 0, 0, 0,
    0, 0, 0, 0, 0, 0, 0, 0,
    0, 0, 0, 0, 0, 0, 0, 0,
    0, 0, 0, 0, 0, 0, -19, 0,
    0, 0, 0, 0, 0, -16, 0, 0,
    -16, 0, 0, 0, 0, 0, 0, -13,
    0, 6, 0, 0, 0, -6, 0, 0,
    -10, 0, 0, 0, 0, 0, -13, -13,
    -13, -3, -13, 0, -6, 0, 0, 0,
    0, 0, -13, 0, 0, 0, 0, 0,
    0, 0, 0, 0, 0, 0, 0, 0,
    0, 0, 0, 0, 0, 0, 0, 0,
    0, 0, 0, 0, 0, 0, 0, 0,
    0, 0, 0, 0, 0, 0, 0, 0,
    0, 0, 0, 0, 0, 0, 0, 0,
    0, 0, 0, 0, 0, 0, 0, 0,
    0, 0, 0, 0, 0, 0, 0, 0,
    0, 0, -3, 0, 0, 0, 0, 0,
    0, 0, 0, 0, 0, 0, 0, 0,
    0, 0, 0, 0, 0, 0, 0, 0,
    0, 0, 0, 0, 0, 0, 0, 0,
    0, 0, 0, 0, 0, 0, 0, 0,
    0, 0, 0, 0, 0, 0, 0, 0,
    0, 0, 0, 0, 0, 0, 0, 0,
    0, 0, 0, 0, 0, 0, 0, 0,
    0, 0, 0, 0, 0, 0, 0, 0,
    0, 0, 0, 0, 0, 0, 0, 0,
    0, 0, 0, 0, -6, 0, 0, 0,
    0, 0, 0, 0, 0, 0, 0, 0,
    0, 0, 0, 0, 0, 0, 0, 0,
    0, 0, 0, 0, 0, 0, 0, 0,
    0, 0, 0, 0, 0, -3, 0, -3,
    0, 0, 0, 0, 0, 0, 0, -3,
    0, 0, 0, -3, 0, 0, 0, 0,
    0, 0, 0, 0, 0, 0, 0, 0,
    0, 0, 0, 0, 0, 0, 0, 0,
    0, 0, 0, 0, 0, 0, 0, 0,
    0, 0, 0, 0, 0, 0, 0, 0,
    0, 0, 0, 0, 0, 0, 0, 0,
    0, 0, 0, 0, 0, 0, 0, 0,
    0, 0, 0, 0, 0, 0, 0, 0,
    0, 0, 0, 0, 0, 0, 0, 0,
    -6, 0, 0, 0, -3, 0, 0, 0,
    0, 0, 0, 0, 0, 0, 0, 0,
    0, 0, 0, 0, 0, 0, 0, 0,
    0, 0, 0, 0, 0, -16, 0, 0,
    0, 0, 0, 0, 0, 0, 0, 0,
    0, 0, 0, 0, 0, 0, 0, 0,
    0, 0, 0, 0, 0, 0, 0, 0,
    0, 0, 0, 0, 0, 0, 0, 0,
    0, 0, 0, 0, 0, 0, 0, 0,
    0, 0, 0, 0, 0, 0, 0, 0,
    -22, 0, 0, 0, 0, -10, -10, 0,
    -10, 0, 0, -10, 0, 0, 0, 0,
    0, 0, -6, 0, 0, -10, 0, -6,
    0, 0, 0, 0, 0, 0, 0, 0,
    0, -10, -13, -13, 0, 0, 0, 0,
    0, 0, 0, -10, -6, 0, 0, -16,
    0, 0, 0, 0, 0, 0, 0, 0,
    0, 0, 0, 0, 0, 0, 0, 0,
    0, 0, 0, 0, 0, 0, 0, 0,
    0, 0, 0, 0, 0, 0, 0, 0,
    0, 0, 0, 0, 0, 0, 0, 0,
    0, 0, 0, 0, 0, 0, 0, 0,
    0, 0, 0, 0, 0, 0, 0, 0,
    0, 0, 0, 0, 0, 0, 0, 0,
    0, 0, 0, 0, -6, 0, 0, -10,
    -6, -6, 0, 0, 0, 0, 0, 0,
    0, 0, 0, 0, 0, 0, 0, 0,
    0, 0, 0, 0, 0, 0, -16, 0
};


/*Collect the kern class' data in one place*/
static const lv_font_fmt_txt_kern_classes_t kern_classes =
{
    .class_pair_values   = kern_class_values,
    .left_class_mapping  = kern_left_class_mapping,
    .right_class_mapping = kern_right_class_mapping,
    .left_class_cnt      = 112,
    .right_class_cnt     = 98,
};

/*--------------------
 *  ALL CUSTOM DATA
 *--------------------*/

#if LVGL_VERSION_MAJOR == 8
/*Store all the custom data of the font*/
static  lv_font_fmt_txt_glyph_cache_t cache;
#endif

#if LVGL_VERSION_MAJOR >= 8
static const lv_font_fmt_txt_dsc_t font_dsc = {
#else
static lv_font_fmt_txt_dsc_t font_dsc = {
#endif
    .glyph_bitmap = glyph_bitmap,
    .glyph_dsc = glyph_dsc,
    .cmaps = cmaps,
    .kern_dsc = &kern_classes,
    .kern_scale = 16,
    .cmap_num = 13,
    .bpp = 4,
    .kern_classes = 1,
    .bitmap_format = 1,
#if LVGL_VERSION_MAJOR == 8
    .cache = &cache
#endif
};



/*-----------------
 *  PUBLIC FONT
 *----------------*/

/*Initialize a public general font descriptor*/
#if LVGL_VERSION_MAJOR >= 8
const lv_font_t ui_font_20 = {
#else
lv_font_t ui_font_20 = {
#endif
    .get_glyph_dsc = lv_font_get_glyph_dsc_fmt_txt,    /*Function pointer to get glyph's data*/
    .get_glyph_bitmap = lv_font_get_bitmap_fmt_txt,    /*Function pointer to get glyph's bitmap*/
    .line_height = 28,          /*The maximum line height required by the font*/
    .base_line = 6,             /*Baseline measured from the bottom of the line*/
#if !(LVGL_VERSION_MAJOR == 6 && LVGL_VERSION_MINOR == 0)
    .subpx = LV_FONT_SUBPX_NONE,
#endif
#if LV_VERSION_CHECK(7, 4, 0) || LVGL_VERSION_MAJOR >= 8
    .underline_position = -2,
    .underline_thickness = 1,
#endif
    .dsc = &font_dsc,          /*The custom font data. Will be accessed by `get_glyph_bitmap/dsc` */
#if LV_VERSION_CHECK(8, 2, 0) || LVGL_VERSION_MAJOR >= 9
    .fallback = NULL,
#endif
    .user_data = NULL,
};



#endif /*#if UI_FONT_20*/

