/*******************************************************************************
 * Size: 14 px
 * Bpp: 4
 * Opts: --bpp 4 --size 14 --force-fast-kern-format --font /var/folders/1d/dgkmygls6x5gsb16pbn2mwlr0000gn/T//meshcore-ui-fonts/NotoSans-Medium.ttf -r 0x20-0x7E,0xA0-0x24F,0x370-0x3FF,0x400-0x52F,0x1E80-0x1E85,0x1E9E,0x1EF2-0x1EF3,0x2010-0x2027,0x2030,0x2039-0x203A,0x20A4-0x20BF,0x2116,0x2122 --font /var/folders/1d/dgkmygls6x5gsb16pbn2mwlr0000gn/T//meshcore-ui-fonts/fa.woff -r 61612,61445,61441,61448,61451,61452,61453,61457,61459,61461,61465,61468,61473,61478,61479,61480,61502,61507,61512,61515,61516,61517,61521,61522,61523,61524,61543,61544,61550,61552,61553,61556,61559,61560,61561,61563,61587,61589,61636,61637,61639,61641,61664,61671,61674,61683,61724,61732,61787,61931,62016,62017,62018,62019,62020,62087,62099,62212,62189,62810,63426,63650 --format lvgl --lv-include lvgl.h --lv-font-name ui_font_14 -o /Users/jakub/Documents/MeshCore/MeshCore/examples/companion_radio/ui-lvgl/fonts/ui_font_14.c
 ******************************************************************************/

#ifdef LV_LVGL_H_INCLUDE_SIMPLE
#include "lvgl.h"
#else
#include "lvgl.h"
#endif

#ifndef UI_FONT_14
#define UI_FONT_14 1
#endif

#if UI_FONT_14

/*-----------------
 *    BITMAPS
 *----------------*/

/*Store the image of the glyphs*/
static LV_ATTRIBUTE_LARGE_CONST const uint8_t glyph_bitmap[] = {
    /* U+0020 " " */

    /* U+0021 "!" */
    0xf, 0xc0, 0x17, 0x3, 0x10, 0x13, 0x0, 0xce,
    0x20, 0x3e, 0x12, 0xa1, 0xb2, 0x6, 0x20,

    /* U+0022 "\"" */
    0x1f, 0x66, 0x78, 0x88, 0x8, 0x80, 0x20, 0x2e,
    0xe1, 0x0, 0x20, 0x89, 0x0,

    /* U+0023 "#" */
    0x0, 0xa9, 0xc2, 0xd8, 0x3, 0x39, 0x83, 0x28,
    0x6, 0x25, 0x2, 0x30, 0x2f, 0xf0, 0x77, 0x87,
    0xd1, 0x6b, 0x9e, 0xb2, 0x6d, 0x81, 0xa, 0x11,
    0xe1, 0xd, 0x7b, 0x3f, 0xac, 0x79, 0xde, 0x86,
    0x60, 0x33, 0x4c, 0x40, 0x4d, 0xc4, 0xc8, 0x0,
    0xea, 0x6, 0xa0, 0x10,

    /* U+0024 "$" */
    0x0, 0x9d, 0xc0, 0x18, 0x66, 0xaa, 0x60, 0x7,
    0xa0, 0xb0, 0x60, 0x10, 0xcd, 0xe5, 0x50, 0x8,
    0x23, 0x40, 0x3b, 0x5, 0x65, 0xc0, 0x23, 0xd7,
    0x38, 0xd0, 0xd, 0xf5, 0x64, 0x84, 0xc4, 0x1f,
    0xa0, 0xa1, 0x1b, 0xe, 0xea, 0x12, 0xed, 0x67,
    0xe5, 0x0, 0x8b, 0xf8, 0x2,

    /* U+0025 "%" */
    0x8, 0xec, 0x20, 0x1, 0x78, 0x80, 0x9, 0xf5,
    0xa0, 0x1, 0x2e, 0x20, 0x7, 0x23, 0xf7, 0x4,
    0x58, 0x0, 0xfe, 0x98, 0x0, 0xce, 0x43, 0x8c,
    0xc0, 0x5c, 0xd5, 0x2, 0x6e, 0x7f, 0x89, 0x84,
    0x9a, 0x10, 0x9f, 0xec, 0x24, 0x45, 0xa0, 0xa8,
    0x4, 0x2f, 0xe0, 0x1f, 0xd0, 0xa6, 0x8, 0x82,
    0x15, 0x0, 0x13, 0x58, 0x2, 0x2b, 0x24, 0x40,

    /* U+0026 "&" */
    0x0, 0x3f, 0x7e, 0x10, 0x7, 0x24, 0x35, 0x94,
    0x80, 0x70, 0x85, 0x22, 0x80, 0x79, 0x4a, 0x64,
    0xb0, 0x1, 0xe4, 0x43, 0x61, 0x82, 0x18, 0x2,
    0xda, 0x47, 0x80, 0x16, 0x80, 0x69, 0x2d, 0x85,
    0x90, 0xa, 0xe, 0x4, 0x5, 0x84, 0xee, 0x20,
    0x41, 0x94, 0x45, 0x8, 0x20, 0x5, 0xad, 0x76,
    0x4a, 0xc2, 0xc0,

    /* U+0027 "'" */
    0x1f, 0x61, 0x2, 0x1, 0x70, 0x41,

    /* U+0028 "(" */
    0x0, 0x5d, 0x2, 0xa5, 0x84, 0xa8, 0x88, 0xfc,
    0x14, 0x1c, 0x8, 0x8, 0x3, 0x8c, 0x2, 0x60,
    0x30, 0x30, 0x50, 0x2, 0xd0, 0x2, 0x4c, 0xc0,
    0x73, 0x60,

    /* U+0029 ")" */
    0x4f, 0x10, 0x44, 0x58, 0x3, 0x94, 0x41, 0x41,
    0xc0, 0x7, 0x80, 0x7, 0x10, 0x0, 0xb8, 0x0,
    0x5c, 0x0, 0xc4, 0x2, 0x58, 0xe, 0xa, 0x16,
    0xe0, 0x6f, 0x0,

    /* U+002A "*" */
    0x0, 0xba, 0x0, 0x3c, 0x5c, 0x1, 0x2e, 0x40,
    0x7c, 0xf0, 0x32, 0x11, 0xb8, 0x30, 0x1c, 0x1a,
    0xe, 0xc0, 0x1, 0x1a, 0x1a, 0x84, 0x0, 0x92,
    0x77, 0x61, 0x0,

    /* U+002B "+" */
    0x0, 0xff, 0xa6, 0x40, 0x1f, 0xfc, 0x75, 0xff,
    0x33, 0x3f, 0xc8, 0xbb, 0xa5, 0x56, 0xe9, 0x0,
    0x88, 0x66, 0x22, 0x0, 0x7f, 0x0,

    /* U+002C "," */
    0x7, 0x60, 0x8e, 0x20, 0xb7, 0x33, 0x0,

    /* U+002D "-" */
    0x1, 0x19, 0xfb, 0xa5, 0xbb, 0x80,

    /* U+002E "." */
    0x0, 0xdd, 0x60, 0x62,

    /* U+002F "/" */
    0x0, 0x97, 0xc4, 0x2, 0xe4, 0x10, 0x0, 0xa7,
    0x0, 0x4c, 0x2a, 0x1, 0x53, 0x80, 0x46, 0x54,
    0x1, 0x51, 0x18, 0x4, 0xf4, 0x1, 0x28, 0xb0,
    0x5, 0xc8, 0x20, 0x10,

    /* U+0030 "0" */
    0x1, 0xae, 0xf9, 0x0, 0xad, 0x62, 0xd, 0x20,
    0x2b, 0xc, 0xee, 0x60, 0x50, 0x40, 0x5, 0x82,
    0x8, 0x8, 0x0, 0x40, 0x40, 0x3f, 0x8, 0x8,
    0x0, 0x40, 0x54, 0x10, 0x0, 0x80, 0xa2, 0xb0,
    0xcf, 0xa, 0x21, 0x4b, 0x32, 0x5a, 0x0,

    /* U+0031 "1" */
    0x0, 0x57, 0x99, 0x62, 0x0, 0x2d, 0xa8, 0x1,
    0x34, 0x1, 0xff, 0xd5,

    /* U+0032 "2" */
    0x3, 0xcf, 0xea, 0x10, 0x1d, 0x69, 0x92, 0xd8,
    0xf, 0xd3, 0x3b, 0x28, 0x0, 0x40, 0x23, 0x20,
    0xe, 0x35, 0xb0, 0xc, 0x5a, 0xac, 0x1, 0x16,
    0x25, 0x0, 0x45, 0x89, 0x40, 0x11, 0x60, 0x63,
    0x34, 0x4e, 0x22, 0x99, 0xce,

    /* U+0033 "3" */
    0x6, 0xdf, 0xea, 0x10, 0x1a, 0x5a, 0x84, 0xd0,
    0x1c, 0x85, 0x67, 0x20, 0xc, 0x28, 0xec, 0x1,
    0x77, 0x2d, 0xe0, 0x2, 0xdb, 0x97, 0xb0, 0x8,
    0xd1, 0xad, 0xc, 0x3, 0x8c, 0x0, 0xb2, 0xc8,
    0xf2, 0x46, 0xc5, 0x17, 0x2d, 0x80,

    /* U+0034 "4" */
    0x0, 0xcf, 0xea, 0x1, 0x92, 0x40, 0x38, 0x6a,
    0xc0, 0x3b, 0x59, 0x0, 0x34, 0x4, 0x0, 0x65,
    0x6e, 0x13, 0x3, 0xe, 0x1d, 0xed, 0x9, 0xb9,
    0xbb, 0xa8, 0x1e, 0x49, 0x13, 0x6, 0x90, 0x7,
    0xe0,

    /* U+0035 "5" */
    0xa, 0xff, 0xd2, 0x0, 0x13, 0x99, 0xa8, 0x0,
    0xca, 0xcd, 0x18, 0x0, 0xdb, 0xfd, 0x42, 0x0,
    0xaa, 0x5c, 0x2e, 0x80, 0x11, 0x51, 0xe0, 0xc8,
    0x3, 0x8c, 0x4, 0x3, 0xb0, 0xc, 0xb1, 0x96,
    0x1d, 0x80, 0xda, 0x29, 0x62, 0x40,

    /* U+0036 "6" */
    0x0, 0x15, 0x77, 0xc8, 0x0, 0xb4, 0x6e, 0xd4,
    0x0, 0x95, 0xb5, 0x43, 0x1, 0x4d, 0xd7, 0xe1,
    0x81, 0x4, 0xc5, 0x86, 0x83, 0x85, 0xaa, 0x78,
    0xa3, 0x80, 0x80, 0x8, 0x4, 0x83, 0x0, 0xa,
    0xc, 0x2c, 0xee, 0x59, 0x23, 0x9, 0x79, 0xb6,
    0xc0,

    /* U+0037 "7" */
    0x7f, 0xff, 0x32, 0xcc, 0xe6, 0x5, 0x26, 0x6c,
    0x46, 0x60, 0xc, 0x69, 0x20, 0x1d, 0x24, 0xa0,
    0x18, 0x56, 0xc0, 0x3a, 0x5, 0x80, 0x30, 0xb3,
    0x0, 0x39, 0x82, 0x40, 0x3a, 0x54, 0x40, 0x20,

    /* U+0038 "8" */
    0x2, 0xbf, 0xf5, 0x90, 0x3, 0xda, 0xec, 0xde,
    0x0, 0x2b, 0x44, 0x51, 0x0, 0x12, 0xc8, 0x94,
    0xa0, 0xb, 0x6d, 0xd2, 0x50, 0x1, 0x91, 0xd5,
    0x94, 0xa, 0x6a, 0x2a, 0x68, 0x9c, 0x10, 0x0,
    0x80, 0xe8, 0x14, 0x88, 0x90, 0x41, 0xb7, 0xbb,
    0x3e, 0x8,

    /* U+0039 "9" */
    0x2, 0xbe, 0xe4, 0x80, 0x5e, 0xd7, 0xd, 0x40,
    0x85, 0xca, 0xd2, 0xa2, 0x20, 0x10, 0x2, 0x82,
    0xb8, 0x58, 0x94, 0x0, 0x94, 0xb7, 0x6e, 0x0,
    0x83, 0x7e, 0xf9, 0x2, 0x80, 0x44, 0x12, 0x62,
    0x6, 0x8b, 0x67, 0xe0, 0xa, 0xbb, 0x6, 0x18,
    0x0,

    /* U+003A ":" */
    0xd, 0xa0, 0x31, 0xe, 0xb0, 0xf, 0xf7, 0x58,
    0x18, 0x80,

    /* U+003B ";" */
    0xd, 0x90, 0x32, 0xe, 0xb0, 0xf, 0xf4, 0x30,
    0x38, 0x98, 0x2a, 0x20, 0x80,

    /* U+003C "<" */
    0x0, 0xf4, 0x20, 0x6, 0x7e, 0x46, 0x0, 0x37,
    0x5d, 0x61, 0x13, 0xab, 0x71, 0x0, 0x25, 0x3a,
    0x20, 0x8, 0xaf, 0x4f, 0x6d, 0x0, 0x22, 0xae,
    0x3b, 0x50, 0xc, 0x31, 0xc8,

    /* U+003D "=" */
    0x4f, 0xff, 0x22, 0x33, 0x3c, 0x80, 0x67, 0xe0,
    0x4f, 0xff, 0x22, 0x33, 0x3c, 0x80,

    /* U+003E ">" */
    0x48, 0x0, 0xf3, 0x27, 0x38, 0x6, 0x2c, 0xab,
    0xe6, 0x0, 0xc9, 0x95, 0x4e, 0x20, 0x8, 0xb4,
    0xd4, 0x0, 0x97, 0xa7, 0xb6, 0x4b, 0x67, 0xd4,
    0x40, 0x4, 0xe8, 0x10, 0xc,

    /* U+003F "?" */
    0x5c, 0xee, 0x58, 0x92, 0xc4, 0x16, 0x9e, 0x59,
    0xb0, 0x4, 0x2a, 0xa0, 0x1, 0x7b, 0xc0, 0x3,
    0x9e, 0x80, 0x21, 0xb0, 0xd, 0xa4, 0x1, 0x1f,
    0xb8, 0x4, 0x23, 0x0, 0x0,

    /* U+0040 "@" */
    0x0, 0x8a, 0x7b, 0xfa, 0xd0, 0x3, 0x36, 0x8e,
    0xf6, 0x6d, 0x40, 0x0, 0xe7, 0x2f, 0xfb, 0x3f,
    0x19, 0x3, 0xdc, 0xf5, 0x39, 0x94, 0x9b, 0x84,
    0xe9, 0x42, 0x7, 0xdc, 0x35, 0x88, 0x8, 0xc8,
    0x1, 0xc2, 0x6, 0xe2, 0x0, 0x53, 0x11, 0x3b,
    0x5, 0x69, 0x1, 0x1b, 0x77, 0xd0, 0x7b, 0xb0,
    0x24, 0x4, 0xff, 0x26, 0x7d, 0x80, 0x29, 0x28,
    0x80, 0x2, 0xc2, 0x1, 0xf, 0x9e, 0x7f, 0xbb,
    0x40, 0x38, 0x67, 0xba, 0xfb, 0x10, 0x0,

    /* U+0041 "A" */
    0x0, 0x9b, 0xe0, 0x3, 0xea, 0x16, 0x0, 0xf1,
    0x1c, 0xa, 0x0, 0x75, 0xb, 0x1f, 0x0, 0x73,
    0x38, 0x5a, 0x88, 0x4, 0x83, 0x82, 0x80, 0xc0,
    0x17, 0x5, 0x76, 0x5, 0x0, 0x5, 0x55, 0x77,
    0x39, 0x18, 0x38, 0x42, 0x25, 0x21, 0x41, 0x46,
    0x40, 0x10, 0xab, 0x80,

    /* U+0042 "B" */
    0xbf, 0xfb, 0xa8, 0x80, 0x3, 0x75, 0x29, 0x80,
    0x3, 0x45, 0x76, 0x10, 0xe, 0x24, 0x30, 0x1,
    0x7f, 0xb4, 0x34, 0x0, 0x59, 0x8a, 0x1c, 0x0,
    0x8c, 0xcb, 0x24, 0xa0, 0x1c, 0x20, 0x11, 0xa2,
    0x1a, 0xc5, 0x0, 0x6e, 0xd0, 0xb8, 0x20,

    /* U+0043 "C" */
    0x0, 0xc, 0x6f, 0xf5, 0x90, 0xe, 0x3a, 0x4c,
    0x80, 0xc2, 0xb, 0x25, 0x9e, 0xc4, 0x19, 0x4c,
    0x3, 0x84, 0x34, 0x3, 0xc6, 0x1, 0xf8, 0x83,
    0x40, 0x3e, 0x45, 0x20, 0xf, 0x48, 0xec, 0x33,
    0x24, 0x0, 0x58, 0xad, 0x30, 0x40,

    /* U+0044 "D" */
    0xbf, 0xfb, 0xa8, 0x80, 0x21, 0xaa, 0x32, 0x6a,
    0x0, 0xd, 0x55, 0x1e, 0x34, 0x1, 0xe1, 0x81,
    0x30, 0xf, 0x10, 0x30, 0x7, 0xff, 0xc, 0xc1,
    0x80, 0x38, 0x64, 0x8c, 0xd, 0x5a, 0x78, 0x78,
    0x0, 0x35, 0x28, 0xda, 0x60,

    /* U+0045 "E" */
    0xaf, 0xfe, 0x1, 0xaa, 0xc0, 0x6a, 0xb8, 0x0,
    0x23, 0x0, 0xb, 0xba, 0xb0, 0x1b, 0xba, 0x40,
    0xd1, 0x22, 0x0, 0xf8, 0xd5, 0x70, 0xd, 0x56,

    /* U+0046 "F" */
    0xaf, 0xfe, 0x1, 0xaa, 0xc0, 0x6a, 0xb8, 0x0,
    0x23, 0x0, 0xb, 0xba, 0xb0, 0x2b, 0xba, 0x40,
    0x8, 0x91, 0x0, 0x7f, 0xf1, 0x80,

    /* U+0047 "G" */
    0x0, 0x9f, 0x3f, 0xdb, 0x0, 0x16, 0x43, 0x44,
    0xaf, 0x80, 0x24, 0xea, 0x8e, 0xd0, 0xe0, 0x6,
    0x45, 0x0, 0x8, 0xc0, 0x21, 0x80, 0x8, 0xee,
    0x84, 0xc0, 0x35, 0x5b, 0x80, 0x8, 0x34, 0x0,
    0x49, 0xc0, 0x12, 0xa8, 0x80, 0x3e, 0x81, 0xd8,
    0x56, 0xd0, 0x8, 0xbd, 0x99, 0x52, 0xcc, 0x10,

    /* U+0048 "H" */
    0xad, 0x0, 0xcd, 0xe4, 0x1, 0xff, 0xc8, 0x11,
    0xe0, 0x8, 0xbb, 0xb4, 0x0, 0x43, 0x77, 0x9c,
    0x2, 0x34, 0x4d, 0xc0, 0x1f, 0xfd, 0x10,

    /* U+0049 "I" */
    0x7f, 0xf9, 0x9e, 0x82, 0x98, 0x4, 0x18, 0x3,
    0xff, 0x9e, 0x20, 0xc0, 0xf4, 0x14, 0xc0,

    /* U+004A "J" */
    0x0, 0xaf, 0x0, 0x3f, 0xfc, 0x8e, 0xe0, 0x14,
    0x33, 0xf, 0x59, 0x48, 0xe6, 0x34, 0x40,

    /* U+004B "K" */
    0xad, 0x0, 0x9b, 0xd0, 0x3, 0x24, 0xc9, 0x0,
    0x23, 0xb7, 0x60, 0x8, 0x75, 0x60, 0x2, 0x3c,
    0x1b, 0x0, 0xc2, 0xc1, 0x40, 0x18, 0xae, 0x51,
    0x80, 0x39, 0x96, 0x48, 0x3, 0xac, 0x78, 0x3,
    0x86, 0x8d, 0xc0,

    /* U+004C "L" */
    0xbd, 0x0, 0xff, 0xf5, 0x9b, 0x36, 0x0, 0xc,
    0xce, 0x10,

    /* U+004D "M" */
    0xaf, 0xa0, 0xe, 0xdf, 0x80, 0x2, 0x80, 0x63,
    0x20, 0x9, 0x1, 0x80, 0x2a, 0x41, 0x0, 0x97,
    0x40, 0x27, 0xe1, 0x0, 0xb9, 0x4, 0x10, 0x54,
    0x3, 0x20, 0xb0, 0x72, 0x80, 0x79, 0xec, 0x57,
    0x80, 0x3d, 0x47, 0x2, 0x80, 0x1e, 0x32, 0x66,
    0x0, 0x7e, 0xa0, 0xa0, 0xc,

    /* U+004E "N" */
    0xaf, 0x70, 0xd, 0xb0, 0x0, 0x81, 0x0, 0xf2,
    0xd, 0x80, 0x78, 0x6d, 0x50, 0x3, 0x85, 0x52,
    0x40, 0x3e, 0x92, 0x70, 0xf, 0x14, 0x40, 0x40,
    0x3c, 0xe5, 0x60, 0x1f, 0x72, 0x90, 0x7, 0x8d,
    0x80, 0x0,

    /* U+004F "O" */
    0x0, 0x14, 0xf7, 0xf4, 0x88, 0x4, 0x58, 0xcc,
    0x96, 0x67, 0x88, 0x2, 0x47, 0x61, 0xa3, 0x46,
    0xc0, 0x8, 0xa4, 0x1, 0x12, 0xa8, 0x8, 0x34,
    0x3, 0x88, 0x4, 0x3, 0xfe, 0x20, 0xd0, 0xe,
    0x20, 0x10, 0x45, 0x20, 0x8, 0x95, 0x40, 0x9,
    0x1c, 0x86, 0x8c, 0x1b, 0x0, 0x16, 0x23, 0x4b,
    0x3f, 0x88, 0x0,

    /* U+0050 "P" */
    0xbf, 0xfb, 0x5c, 0x0, 0x35, 0x2d, 0xe, 0x6,
    0xad, 0x65, 0x60, 0x1c, 0x20, 0x10, 0x93, 0x9d,
    0x81, 0x76, 0xc3, 0x38, 0x16, 0x63, 0xa4, 0x2,
    0x33, 0x8, 0x7, 0xff, 0x10,

    /* U+0051 "Q" */
    0x0, 0x14, 0xf7, 0xf4, 0x88, 0x4, 0x58, 0xcc,
    0x96, 0x67, 0x88, 0x2, 0x47, 0x61, 0xa3, 0x46,
    0xc0, 0x8, 0xa4, 0x1, 0x12, 0xa8, 0x8, 0x34,
    0x3, 0x88, 0x4, 0x3, 0xfe, 0x20, 0xd0, 0xe,
    0x20, 0x10, 0x45, 0x20, 0x8, 0x95, 0x40, 0x9,
    0x1c, 0x86, 0x8c, 0x1b, 0x0, 0x16, 0x23, 0x4b,
    0xaf, 0x88, 0x4, 0x55, 0xde, 0x6a, 0x60, 0x1f,
    0xb8, 0x3c, 0x40, 0x3e, 0x2a, 0x55, 0x0,

    /* U+0052 "R" */
    0xbf, 0xfb, 0x5c, 0x2, 0x1a, 0xa3, 0xc3, 0x80,
    0xd, 0x55, 0x47, 0x60, 0x1f, 0x8, 0x6, 0x16,
    0x3a, 0x0, 0x17, 0xf4, 0xc3, 0x80, 0xb, 0x24,
    0x4, 0x3, 0x1b, 0x2c, 0x88, 0x7, 0x58, 0xd0,
    0x7, 0xc, 0x22, 0x80,

    /* U+0053 "S" */
    0x2, 0xbe, 0xfc, 0x70, 0x6, 0x2c, 0x4a, 0x80,
    0x8, 0x61, 0x99, 0x2e, 0x4, 0x1a, 0x1, 0xeb,
    0x4e, 0x81, 0x0, 0x93, 0xa5, 0xb9, 0x0, 0x21,
    0x7e, 0x4a, 0x0, 0xf1, 0x88, 0x25, 0x3a, 0xbb,
    0x90, 0x18, 0x66, 0xa5, 0xac, 0x0,

    /* U+0054 "T" */
    0xdf, 0xff, 0x5c, 0xd5, 0x4, 0xea, 0x90, 0x8a,
    0xa3, 0x75, 0x51, 0x80, 0x7f, 0xfb, 0x0,

    /* U+0055 "U" */
    0xcc, 0x0, 0x66, 0xf1, 0x0, 0xff, 0xf0, 0xb8,
    0x7, 0x8, 0x0, 0xcc, 0x20, 0x16, 0x8, 0xa8,
    0x31, 0x99, 0x49, 0x20, 0x5a, 0xd1, 0x2f, 0x2e,
    0x0,

    /* U+0056 "V" */
    0xdb, 0x0, 0xc5, 0xed, 0x48, 0x20, 0x12, 0x83,
    0xa8, 0x38, 0x5, 0x68, 0x24, 0x7a, 0x0, 0x23,
    0xe0, 0x5, 0x20, 0x82, 0x82, 0x80, 0x1c, 0x1c,
    0x29, 0x40, 0x21, 0x4a, 0x22, 0x78, 0x6, 0xe3,
    0xa1, 0x50, 0xc, 0xa0, 0xee, 0x0, 0xf2, 0x86,
    0x80, 0x40,

    /* U+0057 "W" */
    0xcc, 0x0, 0x4b, 0xee, 0x1, 0x4f, 0x5, 0x98,
    0x5, 0xe1, 0x80, 0x12, 0x20, 0x10, 0x10, 0x0,
    0x89, 0x0, 0x4, 0xb0, 0xc, 0x30, 0xc, 0x60,
    0x14, 0x10, 0x10, 0x0, 0x88, 0x4, 0x13, 0x36,
    0x6, 0x11, 0x0, 0x18, 0x61, 0x6e, 0x16, 0xe0,
    0x88, 0x0, 0x94, 0x10, 0xf0, 0x10, 0x50, 0xb0,
    0x2, 0x21, 0xf0, 0x40, 0x31, 0xf0, 0x40, 0xc,
    0x88, 0x31, 0x0, 0x3a, 0x10, 0x80, 0x6c, 0xb,
    0x0, 0xb0, 0x14, 0x2,

    /* U+0058 "X" */
    0x6f, 0x40, 0xa, 0xf8, 0x18, 0xe4, 0x0, 0xa9,
    0x40, 0xe, 0x27, 0xb, 0x54, 0x0, 0x14, 0x42,
    0x82, 0xc0, 0x33, 0x92, 0xc0, 0x80, 0x61, 0x20,
    0xf0, 0xe, 0xa2, 0x96, 0x30, 0x9, 0x53, 0x98,
    0xf8, 0x0, 0x36, 0xc6, 0x1c, 0x50, 0x10, 0x10,
    0x0, 0x27, 0x71, 0x80,

    /* U+0059 "Y" */
    0xbe, 0x0, 0xd7, 0xa1, 0x2, 0xc0, 0x3, 0x48,
    0x3, 0x58, 0x0, 0x41, 0xa8, 0x2, 0x5, 0x8d,
    0x20, 0x2, 0x26, 0xb8, 0x44, 0x0, 0x68, 0x24,
    0x80, 0xe, 0x14, 0x23, 0x0, 0xff, 0xe9, 0x0,

    /* U+005A "Z" */
    0x6f, 0xff, 0x32, 0x55, 0x63, 0x4, 0x25, 0x59,
    0x8e, 0x8, 0x3, 0x71, 0xb8, 0x6, 0x82, 0xe0,
    0xc, 0x6f, 0x24, 0x1, 0xb9, 0x18, 0x3, 0x49,
    0x48, 0x6, 0x46, 0x47, 0x55, 0x8f, 0x1, 0x2a,
    0xb5, 0x80,

    /* U+005B "[" */
    0xef, 0xf2, 0x3, 0xe2, 0x7, 0x98, 0x7, 0xff,
    0x6a, 0x3d, 0x33, 0x74, 0x80,

    /* U+005C "\\" */
    0xbb, 0x0, 0x6e, 0x41, 0x0, 0x94, 0x58, 0x3,
    0x3d, 0x0, 0x6a, 0x23, 0x0, 0x8c, 0xa8, 0x3,
    0x53, 0x0, 0x66, 0x5, 0x0, 0x85, 0x38, 0x3,
    0x72, 0x8,

    /* U+005D "]" */
    0xaf, 0xf4, 0x5e, 0x10, 0x9, 0x80, 0x7f, 0xf6,
    0xab, 0xc8, 0x2f, 0x75, 0x20,

    /* U+005E "^" */
    0x0, 0x94, 0x80, 0x38, 0x6a, 0x40, 0x39, 0x91,
    0x4c, 0x3, 0x4c, 0x4f, 0x80, 0x4c, 0x46, 0xe4,
    0x80, 0xb, 0x90, 0x4, 0xc0, 0x21, 0xa8, 0x1,
    0xc9, 0x0,

    /* U+005F "_" */
    0xf, 0xff, 0x8,

    /* U+0060 "`" */
    0x28, 0x30, 0x23, 0xe0, 0x5, 0x8b, 0x80,

    /* U+0061 "a" */
    0x3, 0xbe, 0xfb, 0x20, 0x1, 0xd5, 0xac, 0x81,
    0xc2, 0x21, 0xd4, 0x12, 0xfb, 0xd8, 0xa, 0xc7,
    0xfc, 0xe0, 0xe1, 0x22, 0x6, 0xc, 0x16, 0x2c,
    0x80, 0x70, 0xdd, 0x94, 0x0,

    /* U+0062 "b" */
    0xda, 0x0, 0xff, 0xe0, 0x98, 0x7, 0xd3, 0xfc,
    0xe0, 0x6, 0xa, 0x78, 0x50, 0x29, 0x59, 0x2e,
    0x7, 0x0, 0x9d, 0x40, 0x3c, 0x60, 0xe0, 0x13,
    0xb0, 0x14, 0xac, 0x97, 0x4, 0x9d, 0x3c, 0x28,

    /* U+0063 "c" */
    0x0, 0x47, 0x7e, 0x98, 0x4b, 0xb5, 0x29, 0xb,
    0x3c, 0x2c, 0x9, 0x6, 0x80, 0x7f, 0xc4, 0x1a,
    0x1, 0x85, 0x5e, 0x16, 0xc, 0x29, 0x99, 0x48,
    0x20,

    /* U+0064 "d" */
    0x0, 0xf7, 0xc0, 0x7, 0xff, 0x14, 0x6b, 0xf9,
    0x44, 0x1, 0x6b, 0x17, 0x22, 0x2, 0xae, 0xe5,
    0xe0, 0x1, 0x6, 0x80, 0x8, 0x3, 0x8, 0x4,
    0x20, 0x41, 0x80, 0x1, 0x10, 0xa, 0x3b, 0x2e,
    0x80, 0x54, 0xb3, 0x72, 0x80,

    /* U+0065 "e" */
    0x0, 0x47, 0x72, 0xc8, 0x1, 0x2d, 0x74, 0xfe,
    0x2, 0xd0, 0xa9, 0xe4, 0x64, 0x13, 0xfe, 0xc0,
    0x60, 0x4, 0x6e, 0xe5, 0x20, 0xe2, 0x2c, 0x2,
    0xcc, 0x84, 0x59, 0x0, 0x4b, 0xb5, 0xd8, 0xc0,

    /* U+0066 "f" */
    0x0, 0x4f, 0x7b, 0x2, 0xb4, 0xdb, 0x81, 0x3,
    0xa0, 0xc4, 0x3, 0xf4, 0x29, 0x83, 0x3c, 0x8,
    0x40, 0xc8, 0x3, 0xff, 0xa6,

    /* U+0067 "g" */
    0x1, 0xaf, 0xe6, 0xc8, 0xb, 0x58, 0xba, 0x30,
    0x15, 0x77, 0x2f, 0x0, 0x8, 0x34, 0x0, 0x40,
    0x18, 0x40, 0x21, 0x2, 0x3, 0x0, 0x8, 0x80,
    0x56, 0x19, 0x68, 0x2, 0xb4, 0x9b, 0xd1, 0x0,
    0xd, 0xff, 0x38, 0xf0, 0x3b, 0x22, 0xe8, 0x20,
    0x2, 0xed, 0x41, 0x64,

    /* U+0068 "h" */
    0xda, 0x0, 0xff, 0xe0, 0x98, 0x7, 0x8e, 0x7f,
    0xa4, 0x0, 0xa7, 0x4c, 0xd0, 0x15, 0x2c, 0x16,
    0x3, 0x80, 0x42, 0x20, 0xf, 0xfe, 0x80,

    /* U+0069 "i" */
    0xc9, 0x4f, 0x86, 0xda, 0x0, 0xff, 0xe1, 0x0,

    /* U+006A "j" */
    0x0, 0x64, 0x80, 0x13, 0xc0, 0x10, 0xc0, 0xd,
    0xa0, 0xf, 0xfe, 0x99, 0x99, 0x8b, 0xa6, 0x48,
    0xc0,

    /* U+006B "k" */
    0xda, 0x0, 0xff, 0xe5, 0xcf, 0x10, 0x4, 0xed,
    0xa4, 0x6, 0xb1, 0x46, 0x0, 0x5a, 0x45, 0x0,
    0x8d, 0x12, 0x0, 0x96, 0xd2, 0x84, 0x3, 0x50,
    0xd8, 0x6, 0x1a, 0x56,

    /* U+006C "l" */
    0xda, 0x0, 0xff, 0xe4, 0x0,

    /* U+006D "m" */
    0xd7, 0xaf, 0xe7, 0x2c, 0xfd, 0x40, 0x4, 0x1d,
    0x2c, 0x65, 0xd0, 0x50, 0x0, 0xa5, 0x64, 0x1d,
    0xcb, 0x62, 0x20, 0x70, 0x1, 0x87, 0x80, 0xc,
    0xc, 0x3, 0xff, 0xc8,

    /* U+006E "n" */
    0xd7, 0x9f, 0xe9, 0x0, 0x41, 0xd3, 0x34, 0x5,
    0x4b, 0x5, 0x80, 0xe0, 0x10, 0x88, 0x3, 0xff,
    0xa0,

    /* U+006F "o" */
    0x0, 0x47, 0x7e, 0x18, 0x2, 0x5e, 0x69, 0xf0,
    0x81, 0x9d, 0xcb, 0x61, 0x66, 0x1a, 0x1, 0x1a,
    0x80, 0x7e, 0x30, 0xd0, 0x8, 0xd4, 0x19, 0xdc,
    0x96, 0x16, 0x12, 0xf3, 0x6f, 0x64,

    /* U+0070 "p" */
    0xd7, 0x9f, 0xe8, 0x0, 0x40, 0x52, 0x3a, 0x81,
    0x4a, 0xd1, 0x70, 0x38, 0x4, 0xea, 0x1, 0xe3,
    0x7, 0x0, 0x9d, 0x80, 0xa5, 0x68, 0xb8, 0x18,
    0x29, 0x21, 0x40, 0x13, 0xfc, 0xe0, 0x3, 0x0,
    0xff, 0xe0, 0x0,

    /* U+0071 "q" */
    0x1, 0xaf, 0xe5, 0xc8, 0xb, 0x59, 0xb9, 0x30,
    0x15, 0x76, 0x5e, 0x0, 0x10, 0x68, 0x0, 0x80,
    0x30, 0x80, 0x42, 0x4, 0x18, 0x0, 0x11, 0x0,
    0xa3, 0xb2, 0xd0, 0x5, 0x4b, 0x37, 0xc2, 0x0,
    0x1a, 0xfe, 0x51, 0x0, 0xff, 0xe2, 0x80,

    /* U+0072 "r" */
    0xd6, 0x7e, 0xa0, 0xba, 0x9e, 0x3, 0xc7, 0x40,
    0x41, 0x0, 0xff, 0xe5, 0x0,

    /* U+0073 "s" */
    0x6, 0xdf, 0xe9, 0x2, 0x95, 0xcb, 0xe0, 0x10,
    0xe3, 0x57, 0x3, 0x69, 0xd5, 0x0, 0xa7, 0x1e,
    0xac, 0x2, 0x3a, 0x94, 0x23, 0x84, 0x3c, 0x2,
    0x14, 0xbc, 0x6b, 0x0,

    /* U+0074 "t" */
    0x4, 0xc0, 0xd, 0xa0, 0x1a, 0x18, 0xff, 0xc1,
    0x46, 0x59, 0xa0, 0x4e, 0x26, 0x40, 0x1f, 0xfc,
    0x82, 0x35, 0x50, 0x2, 0xe, 0xa0, 0x0,

    /* U+0075 "u" */
    0xf9, 0x0, 0xb6, 0x80, 0x3f, 0xf9, 0xc6, 0x2,
    0x60, 0x1, 0x10, 0x22, 0xa1, 0xd8, 0x2, 0xd2,
    0xf8, 0x94, 0x0,

    /* U+0076 "v" */
    0xdb, 0x0, 0x97, 0xce, 0x90, 0x40, 0x1c, 0x46,
    0xc0, 0xe0, 0x4, 0xa0, 0x13, 0xd0, 0x50, 0x60,
    0x5, 0x20, 0xf1, 0x88, 0x1, 0xc1, 0xd2, 0x80,
    0x21, 0x58, 0x7, 0x0, 0xde, 0x2a, 0x20, 0x0,

    /* U+0077 "w" */
    0xbc, 0x0, 0x27, 0xc8, 0x1, 0xfc, 0x30, 0xc0,
    0x1a, 0x28, 0x0, 0xc4, 0x4, 0x4, 0x4, 0x92,
    0x20, 0x26, 0x1, 0x8e, 0x11, 0x14, 0x50, 0xc1,
    0x0, 0x8, 0x68, 0x24, 0xf8, 0x80, 0x60, 0xc,
    0x5c, 0x70, 0xc4, 0xd4, 0x0, 0x90, 0x53, 0x1,
    0x5, 0x74, 0x2, 0x21, 0x12, 0x80, 0x98, 0x20,
    0x0,

    /* U+0078 "x" */
    0x5f, 0x50, 0x5, 0xf0, 0x2a, 0x58, 0x2a, 0x50,
    0x2, 0x86, 0x6d, 0x50, 0x0, 0x32, 0xc1, 0x60,
    0x18, 0x40, 0x4c, 0x2, 0x28, 0x81, 0x70, 0x5,
    0xc6, 0xfc, 0x6c, 0xe, 0x7e, 0x6, 0xd2, 0x20,

    /* U+0079 "y" */
    0xcc, 0x0, 0x4b, 0xe7, 0x46, 0x40, 0xe, 0x23,
    0x60, 0x50, 0x14, 0xa0, 0x3, 0x50, 0x38, 0x30,
    0x2, 0x88, 0xf5, 0x4, 0x0, 0x66, 0xa4, 0xe0,
    0xd, 0x4c, 0x2a, 0x1, 0x9c, 0x1c, 0x3, 0x90,
    0x28, 0x2, 0x35, 0xb4, 0x30, 0xa, 0x29, 0x68,
    0x3, 0x0,

    /* U+007A "z" */
    0x4f, 0xfe, 0x4, 0xcc, 0x84, 0xc0, 0x6, 0x64,
    0x1e, 0x0, 0x8a, 0x20, 0x40, 0x17, 0x1b, 0x80,
    0x4e, 0x7c, 0x1, 0x14, 0x30, 0x99, 0x81, 0x41,
    0xb3, 0x22,

    /* U+007B "{" */
    0x0, 0x16, 0x68, 0x3, 0x86, 0x40, 0x5, 0x48,
    0x0, 0x10, 0xe, 0x10, 0x2, 0x81, 0x5, 0x52,
    0x10, 0x21, 0xe0, 0xc0, 0xa0, 0x14, 0x3, 0x8,
    0x4, 0x20, 0x18, 0xf0, 0x2, 0x85, 0xe0, 0x2,
    0xf6, 0x0,

    /* U+007C "|" */
    0xb7, 0x0, 0xff, 0xe7, 0x0,

    /* U+007D "}" */
    0x8d, 0x60, 0xa, 0x92, 0x48, 0x0, 0x50, 0xc,
    0x1, 0xc2, 0x1, 0x8, 0x7, 0x87, 0xc4, 0x2,
    0xd4, 0xe0, 0xb, 0x96, 0xc0, 0x22, 0xe4, 0x0,
    0x8, 0x7, 0x20, 0x8, 0x2, 0x29, 0x10, 0x0,
    0x9e, 0xb0, 0x8,

    /* U+007E "~" */
    0x1b, 0xfc, 0x50, 0x44, 0xb3, 0x9, 0x7f, 0x4c,
    0xae, 0x71, 0xdb, 0xc4,

    /* U+00A0 " " */

    /* U+00A1 "¡" */
    0xd, 0xa0, 0x31, 0xe, 0xb0, 0xa7, 0x1, 0xf0,
    0x70, 0x8, 0x40, 0x4c, 0xc, 0x40, 0x40, 0x17,
    0x0,

    /* U+00A2 "¢" */
    0x0, 0xbc, 0x2, 0x6e, 0xf, 0x95, 0x94, 0xba,
    0xdf, 0x1a, 0x45, 0x46, 0x50, 0xc, 0xec, 0x1,
    0xb0, 0x9c, 0x48, 0xdd, 0x63, 0xb6, 0x42, 0xb8,
    0x36, 0x80, 0x2, 0x4, 0x0,

    /* U+00A3 "£" */
    0x0, 0x1e, 0x7f, 0x50, 0x80, 0x30, 0x2e, 0xc4,
    0x20, 0x41, 0x28, 0xb0, 0x0, 0x10, 0x10, 0xc,
    0xf8, 0x17, 0xfe, 0x0, 0x35, 0x4, 0xee, 0x80,
    0x2, 0xc0, 0x45, 0x0, 0x4c, 0xc, 0x1, 0x8e,
    0xcd, 0x19, 0xa3, 0xb1, 0x39, 0x9d, 0x40,

    /* U+00A4 "¤" */
    0x3, 0x0, 0xc6, 0x0, 0xdb, 0xee, 0x5e, 0x80,
    0x21, 0x76, 0x96, 0x0, 0x19, 0x26, 0x93, 0x80,
    0x10, 0x80, 0x4, 0x2, 0xdb, 0x11, 0x5e, 0x0,
    0x28, 0x3b, 0x81, 0x40, 0x8, 0xde, 0xe6, 0xc8,
    0x0,

    /* U+00A5 "¥" */
    0x9e, 0x0, 0xdd, 0x10, 0x16, 0x0, 0x30, 0xc8,
    0xbd, 0x80, 0x22, 0x2, 0x10, 0x6a, 0xc0, 0xe0,
    0x14, 0x4d, 0xc0, 0x5, 0x50, 0x65, 0x14, 0x0,
    0xbf, 0x44, 0x7d, 0x80, 0x2f, 0xd1, 0x1f, 0x60,
    0xb, 0xf4, 0x47, 0xd8, 0x0, 0x44, 0x0, 0x11,
    0x0,

    /* U+00A6 "¦" */
    0xb7, 0x0, 0xfd, 0x86, 0xe8, 0x0, 0x74, 0xc3,
    0x0, 0xfc,

    /* U+00A7 "§" */
    0x4, 0xdf, 0xea, 0x0, 0x5d, 0x76, 0xe0, 0x0,
    0x74, 0xd, 0x80, 0x16, 0xbd, 0x22, 0x0, 0xb9,
    0xc2, 0xc0, 0x0, 0xa9, 0xd1, 0x10, 0x1b, 0x5d,
    0x84, 0x82, 0x6e, 0xd0, 0xc0, 0x12, 0xe4, 0xb8,
    0x93, 0x10, 0x88, 0x0, 0x75, 0xbd, 0x76, 0x10,

    /* U+00A8 "¨" */
    0x6, 0x20, 0x70, 0x5, 0xb9, 0x48, 0x80,

    /* U+00A9 "©" */
    0x0, 0x96, 0xf7, 0x24, 0x80, 0x35, 0x64, 0xee,
    0x6f, 0xa0, 0x1, 0xca, 0x57, 0xb9, 0x98, 0x92,
    0xa, 0x84, 0x9c, 0xfa, 0x18, 0xb3, 0x70, 0xe6,
    0x21, 0x20, 0x54, 0x72, 0x1, 0xe0, 0xf, 0x39,
    0x0, 0x88, 0x3, 0xc6, 0xe1, 0xd4, 0x40, 0x40,
    0x88, 0x5, 0x84, 0xac, 0xe4, 0x19, 0xb0, 0x83,
    0xa5, 0xee, 0x16, 0x41, 0x0, 0x2f, 0xe7, 0x75,
    0xde, 0xa0,

    /* U+00AA "ª" */
    0x1b, 0xdc, 0x23, 0x76, 0x14, 0xa4, 0xb6, 0x1b,
    0x5b, 0x10,

    /* U+00AB "«" */
    0x0, 0x3d, 0x3, 0x50, 0x1, 0x23, 0xd2, 0x7c,
    0x6, 0x99, 0xe9, 0xd4, 0x8, 0x7c, 0x45, 0xc0,
    0x3, 0x99, 0x4, 0xc8, 0xc0, 0xc, 0xbe, 0xcb,
    0x0, 0x15, 0x60, 0x55, 0x80,

    /* U+00AC "¬" */
    0x5f, 0xff, 0x2a, 0xb7, 0x78, 0x80, 0x4, 0x5c,
    0x1, 0xf9, 0x58,

    /* U+00AD "­" */
    0x1, 0x19, 0xfb, 0xa5, 0xbb, 0x80,

    /* U+00AE "®" */
    0x0, 0x96, 0xf7, 0x24, 0x80, 0x35, 0x64, 0xee,
    0x6f, 0xa0, 0x1, 0xca, 0x37, 0xf4, 0x32, 0x48,
    0x2a, 0x0, 0x1f, 0x12, 0x31, 0x66, 0xe0, 0x18,
    0xc4, 0x15, 0x1c, 0x80, 0x2e, 0x9e, 0x0, 0x9c,
    0x80, 0x2e, 0x26, 0x0, 0x8d, 0xc0, 0x34, 0x40,
    0x11, 0x0, 0xb0, 0xc, 0xa, 0xa3, 0x9b, 0x8,
    0x3b, 0xb0, 0x3, 0x7a, 0x8, 0x1, 0x7f, 0x3b,
    0xae, 0xf5, 0x0,

    /* U+00AF "¯" */
    0xf, 0xff, 0x80, 0x1b, 0xbf, 0x0,

    /* U+00B0 "°" */
    0x5, 0xee, 0x28, 0xd, 0xe6, 0x2c, 0x48, 0xbf,
    0x8, 0x88, 0x83, 0x3d, 0xc8, 0x10, 0x7f, 0xf3,
    0x0,

    /* U+00B1 "±" */
    0x0, 0xa6, 0x40, 0x1f, 0xfc, 0x75, 0xff, 0x33,
    0x3f, 0xca, 0xac, 0xc2, 0xab, 0x30, 0xa0, 0x67,
    0xe0, 0xf, 0xf1, 0x9a, 0xa8, 0x66, 0x5, 0xcc,
    0xf2, 0x80,

    /* U+00B2 "²" */
    0x3c, 0xfb, 0x1, 0x8e, 0x55, 0x12, 0x0, 0x1c,
    0x7, 0x2c, 0x89, 0x96, 0x81, 0x5, 0x3c, 0xe0,

    /* U+00B3 "³" */
    0x4c, 0xeb, 0x7, 0xff, 0x32, 0x99, 0x80, 0x2,
    0x15, 0xc2, 0x81, 0x5e, 0xee, 0x41, 0x0, 0x7e,
    0x7f, 0x82, 0x40,

    /* U+00B4 "´" */
    0x1, 0x84, 0x8, 0x65, 0x37, 0xc1,

    /* U+00B5 "µ" */
    0xda, 0x0, 0xb2, 0xc0, 0x3f, 0xf9, 0xc2, 0x1,
    0xe2, 0x0, 0x2a, 0x1d, 0x0, 0x45, 0x58, 0x6c,
    0x0, 0x4e, 0xf9, 0x95, 0x81, 0x80, 0x7f, 0xf0,
    0x0,

    /* U+00B6 "¶" */
    0x2, 0xbf, 0xfd, 0x81, 0xe8, 0x0, 0x7d, 0x2,
    0x20, 0x7, 0x84, 0x3, 0xe1, 0x0, 0xf8, 0x80,
    0x3f, 0x48, 0x7, 0xcd, 0xd8, 0xe0, 0x1c, 0x27,
    0xc0, 0x1f, 0xfd, 0x4f, 0x7,

    /* U+00B7 "·" */
    0x0, 0xdd, 0x60, 0x62,

    /* U+00B8 "¸" */
    0x7, 0x0, 0xd, 0x38, 0xf, 0x40, 0x5e, 0xb8,
    0x0,

    /* U+00B9 "¹" */
    0x0, 0x19, 0x4, 0xe5, 0x21, 0xa8, 0x25, 0x0,
    0x7f, 0xf0, 0x80,

    /* U+00BA "º" */
    0xa, 0xec, 0x26, 0xe, 0xa9, 0xed, 0x4, 0x6d,
    0xc0, 0x46, 0x52, 0xdd, 0x48,

    /* U+00BB "»" */
    0x2c, 0x13, 0xc1, 0x0, 0x10, 0x69, 0x86, 0x80,
    0x5a, 0x53, 0xa5, 0x20, 0x1, 0x25, 0x13, 0x50,
    0x4, 0x96, 0xd1, 0xe8, 0x1b, 0x69, 0x2e, 0x88,
    0x1f, 0x19, 0xb8, 0xc0, 0x0,

    /* U+00BC "¼" */
    0x0, 0x18, 0x80, 0x63, 0x0, 0xab, 0x1c, 0x2,
    0x9a, 0x0, 0x21, 0x18, 0x4, 0x6f, 0x0, 0x4,
    0x80, 0xd, 0xf2, 0x20, 0x1f, 0x28, 0xb9, 0x18,
    0x7, 0xae, 0x43, 0xfc, 0x1, 0xd0, 0xa8, 0xe0,
    0x1d, 0x8e, 0xe9, 0x2a, 0xa0, 0x7, 0x5b, 0x94,
    0xc8, 0x40, 0x31, 0xa4, 0x8a, 0x5c, 0x9c, 0x80,
    0x3e, 0x4, 0x5f, 0xe9, 0x39,

    /* U+00BD "½" */
    0x0, 0x18, 0x80, 0x44, 0x40, 0xa, 0xb1, 0x40,
    0x2f, 0x70, 0x3, 0x99, 0x0, 0x4e, 0x2a, 0x0,
    0x79, 0x0, 0x86, 0x7c, 0x3, 0x8c, 0x1, 0xe,
    0x60, 0x1f, 0x1b, 0xd5, 0xf6, 0x10, 0x6, 0xf9,
    0x3f, 0xe7, 0xa0, 0x7, 0x8, 0x9c, 0x10, 0x1b,
    0x40, 0x28, 0x80, 0x5, 0x48, 0xa0, 0x7, 0x65,
    0x0, 0x51, 0xc8, 0x0, 0x62, 0x40, 0xc, 0xad,
    0xf2, 0x3, 0xc4, 0x0, 0x6d, 0xda, 0x0,

    /* U+00BE "¾" */
    0x4c, 0xeb, 0x0, 0xda, 0xa0, 0x6, 0x8f, 0x65,
    0x0, 0x30, 0x28, 0x0, 0x90, 0x40, 0x40, 0x11,
    0x20, 0x1a, 0xbd, 0x90, 0x1c, 0x90, 0x3, 0x57,
    0x83, 0x8c, 0xf8, 0x20, 0x0, 0xc4, 0x1, 0xf2,
    0x86, 0xf6, 0x60, 0xbf, 0xc1, 0x6f, 0x3, 0x60,
    0x13, 0x77, 0x2e, 0x58, 0xaa, 0x0, 0x3c, 0x4b,
    0x8, 0x28, 0x1, 0xe9, 0x71, 0xe5, 0xf0, 0xc1,
    0x0, 0x22, 0xc0, 0x57, 0xf8, 0x30, 0x40,

    /* U+00BF "¿" */
    0x0, 0x1f, 0x30, 0x7, 0x8, 0x80, 0x31, 0xfb,
    0x80, 0x76, 0x18, 0x6, 0x53, 0x20, 0x9, 0x6a,
    0x44, 0x0, 0x95, 0x46, 0x0, 0xb4, 0xd4, 0x3,
    0x9, 0x18, 0xa3, 0x4, 0x9e, 0x75, 0xe8, 0xe,
    0xeb, 0x3a, 0xc0,

    /* U+00C0 "À" */
    0x0, 0xb, 0xa0, 0x7, 0xc2, 0x16, 0x40, 0x1f,
    0x3d, 0xb8, 0x7, 0xe4, 0x50, 0xf, 0x9b, 0xe0,
    0x3, 0xea, 0x16, 0x0, 0xf1, 0x1c, 0xa, 0x0,
    0x75, 0xb, 0x1f, 0x0, 0x73, 0x38, 0x5a, 0x88,
    0x4, 0x83, 0x82, 0x80, 0xc0, 0x17, 0x5, 0x76,
    0x5, 0x0, 0x5, 0x55, 0x77, 0x39, 0x18, 0x38,
    0x42, 0x25, 0x21, 0x41, 0x46, 0x40, 0x10, 0xab,
    0x80,

    /* U+00C1 "Á" */
    0x0, 0xe7, 0x50, 0xf, 0xa6, 0x90, 0x3, 0xc3,
    0xda, 0x20, 0x1e, 0x17, 0x0, 0xfc, 0xdf, 0x0,
    0x1f, 0x50, 0xb0, 0x7, 0x88, 0xe0, 0x50, 0x3,
    0xa8, 0x58, 0xf8, 0x3, 0x99, 0xc2, 0xd4, 0x40,
    0x24, 0x1c, 0x14, 0x6, 0x0, 0xb8, 0x2b, 0xb0,
    0x28, 0x0, 0x2a, 0xab, 0xb9, 0xc8, 0xc1, 0xc2,
    0x11, 0x29, 0xa, 0xa, 0x32, 0x0, 0x85, 0x5c,
    0x0,

    /* U+00C2 "Â" */
    0x0, 0x8e, 0x10, 0x3, 0xc5, 0xa3, 0x46, 0x1,
    0xc9, 0xb3, 0x88, 0x1, 0xcc, 0x60, 0x4e, 0x1,
    0xe6, 0xf8, 0x0, 0xfa, 0x85, 0x80, 0x3c, 0x47,
    0x2, 0x80, 0x1d, 0x42, 0xc7, 0xc0, 0x1c, 0xce,
    0x16, 0xa2, 0x1, 0x20, 0xe0, 0xa0, 0x30, 0x5,
    0xc1, 0x5d, 0x81, 0x40, 0x1, 0x55, 0x5d, 0xce,
    0x46, 0xe, 0x10, 0x89, 0x48, 0x50, 0x51, 0x90,
    0x4, 0x2a, 0xe0,

    /* U+00C3 "Ã" */
    0x0, 0x4f, 0xfd, 0xa2, 0x1, 0xaf, 0x77, 0x8,
    0x6, 0x22, 0xc0, 0x1f, 0x37, 0xc0, 0x7, 0xd4,
    0x2c, 0x1, 0xe2, 0x38, 0x14, 0x0, 0xea, 0x16,
    0x3e, 0x0, 0xe6, 0x70, 0xb5, 0x10, 0x9, 0x7,
    0x5, 0x1, 0x80, 0x2e, 0xa, 0xec, 0xa, 0x0,
    0xa, 0xaa, 0xee, 0x72, 0x30, 0x70, 0x84, 0x4a,
    0x42, 0x82, 0x8c, 0x80, 0x21, 0x57, 0x0,

    /* U+00C4 "Ä" */
    0x0, 0x36, 0x5, 0x40, 0x7, 0x25, 0x7, 0xd8,
    0x7, 0x13, 0x2, 0x98, 0x7, 0x9b, 0xe0, 0x3,
    0xea, 0x16, 0x0, 0xf1, 0x1c, 0xa, 0x0, 0x75,
    0xb, 0x1f, 0x0, 0x73, 0x38, 0x5a, 0x88, 0x4,
    0x83, 0x82, 0x80, 0xc0, 0x17, 0x5, 0x76, 0x5,
    0x0, 0x5, 0x55, 0x77, 0x39, 0x18, 0x38, 0x42,
    0x25, 0x21, 0x41, 0x46, 0x40, 0x10, 0xab, 0x80,

    /* U+00C5 "Å" */
    0x0, 0x9b, 0x5c, 0x3, 0xeb, 0xda, 0x10, 0xf,
    0x84, 0x3, 0xf3, 0x71, 0x8, 0x7, 0x9c, 0x44,
    0x1, 0xe2, 0x38, 0x14, 0x0, 0xea, 0x6, 0x3e,
    0x0, 0xe6, 0x60, 0x5a, 0x88, 0x4, 0x83, 0x82,
    0x80, 0xc0, 0x17, 0x5, 0x76, 0x5, 0x0, 0x5,
    0x55, 0x77, 0x39, 0x18, 0x38, 0x42, 0x25, 0x21,
    0x41, 0x46, 0x40, 0x10, 0xab, 0x80,

    /* U+00C6 "Æ" */
    0x0, 0xe9, 0xff, 0xf6, 0x0, 0x61, 0x66, 0x18,
    0xd5, 0x50, 0x1, 0xa4, 0x25, 0x81, 0x56, 0x40,
    0xc, 0xce, 0x1, 0x8, 0xc0, 0x19, 0xc6, 0x40,
    0x3, 0xdd, 0x40, 0x5, 0x28, 0x2, 0x3, 0x77,
    0x50, 0x1, 0x85, 0x3b, 0x8a, 0x8, 0x91, 0x0,
    0x2c, 0xee, 0xe4, 0x0, 0xf2, 0x94, 0x22, 0x42,
    0xa, 0xb2, 0x4, 0x9a, 0x0, 0x61, 0xaa, 0xa0,

    /* U+00C7 "Ç" */
    0x0, 0xc, 0x6f, 0xf5, 0x90, 0xe, 0x3a, 0x4c,
    0x80, 0xc2, 0xb, 0x25, 0x9e, 0xc4, 0x19, 0x4c,
    0x3, 0x84, 0x34, 0x3, 0xc6, 0x1, 0xf8, 0x83,
    0x40, 0x3e, 0x45, 0x20, 0xf, 0x48, 0xec, 0x33,
    0x24, 0x0, 0x58, 0xad, 0x30, 0x40, 0x11, 0x54,
    0xa7, 0xd8, 0x7, 0x38, 0xc0, 0x7, 0x1f, 0x3e,
    0x80, 0x0,

    /* U+00C8 "È" */
    0x5, 0x70, 0xc, 0x97, 0x40, 0x10, 0xe6, 0x90,
    0x6, 0x72, 0xa, 0xff, 0xe0, 0x1a, 0xac, 0x6,
    0xab, 0x80, 0x2, 0x30, 0x0, 0xbb, 0xab, 0x1,
    0xbb, 0xa4, 0xd, 0x12, 0x20, 0xf, 0x8d, 0x57,
    0x0, 0xd5, 0x60,

    /* U+00C9 "É" */
    0x0, 0x8e, 0x8, 0x0, 0x3a, 0x4, 0x0, 0x5a,
    0x80, 0x9, 0x10, 0x0, 0xaf, 0xfe, 0x1, 0xaa,
    0xc0, 0x6a, 0xb8, 0x0, 0x23, 0x0, 0xb, 0xba,
    0xb0, 0x1b, 0xba, 0x40, 0xd1, 0x22, 0x0, 0xf8,
    0xd5, 0x70, 0xd, 0x56,

    /* U+00CA "Ê" */
    0x0, 0x2b, 0x88, 0x1, 0xaf, 0x74, 0x2, 0x2f,
    0xa9, 0x41, 0x71, 0x5, 0x4a, 0xff, 0xe0, 0x1a,
    0xac, 0x6, 0xab, 0x80, 0x2, 0x30, 0x0, 0xbb,
    0xab, 0x1, 0xbb, 0xa4, 0xd, 0x12, 0x20, 0xf,
    0x8d, 0x57, 0x0, 0xd5, 0x60,

    /* U+00CB "Ë" */
    0xb, 0x70, 0xe3, 0xe, 0x40, 0x92, 0x5, 0x30,
    0x71, 0xaf, 0xfe, 0x1, 0xaa, 0xc0, 0x6a, 0xb8,
    0x0, 0x23, 0x0, 0xb, 0xba, 0xb0, 0x1b, 0xba,
    0x40, 0xd1, 0x22, 0x0, 0xf8, 0xd5, 0x70, 0xd,
    0x56,

    /* U+00CC "Ì" */
    0x38, 0x20, 0x1, 0x97, 0x80, 0x55, 0x6, 0x1,
    0x29, 0x83, 0xff, 0xcc, 0xf4, 0x14, 0xc0, 0x20,
    0xc0, 0x1f, 0xfc, 0xf1, 0x6, 0x7, 0xa0, 0xa6,

    /* U+00CD "Í" */
    0x0, 0xc, 0x20, 0x3, 0x4d, 0x0, 0xaa, 0xc0,
    0x4, 0xc0, 0x7, 0xff, 0x99, 0xe8, 0x29, 0x80,
    0x41, 0x80, 0x3f, 0xf9, 0xe2, 0xc, 0xf, 0x41,
    0x4c,

    /* U+00CE "Î" */
    0x0, 0x1c, 0x18, 0x0, 0xf4, 0x74, 0x81, 0x32,
    0x75, 0x1, 0xc8, 0xd, 0x81, 0xff, 0xe6, 0x7,
    0xa0, 0xa6, 0x0, 0x8, 0x30, 0x7, 0xff, 0x54,
    0x41, 0x80, 0xf, 0x41, 0x4c,

    /* U+00CF "Ï" */
    0x7a, 0xb, 0x74, 0xf0, 0xe4, 0x35, 0x5, 0x37,
    0xff, 0x99, 0xe8, 0x29, 0x80, 0x41, 0x80, 0x3f,
    0xf9, 0xe2, 0xc, 0xf, 0x41, 0x4c,

    /* U+00D0 "Ð" */
    0x9, 0xff, 0xba, 0x88, 0x3, 0xd, 0x51, 0x93,
    0x50, 0x3, 0x2a, 0xa3, 0xc6, 0x80, 0x6, 0x2,
    0x20, 0x18, 0x13, 0xa5, 0x1e, 0xe1, 0x81, 0x3,
    0x42, 0xd, 0xd8, 0xc0, 0x31, 0x10, 0x11, 0x0,
    0x3, 0x6, 0x0, 0xf0, 0xc9, 0x18, 0x0, 0x55,
    0xa7, 0x87, 0x80, 0x35, 0x4a, 0x36, 0x98, 0x0,

    /* U+00D1 "Ñ" */
    0x0, 0x5f, 0xfd, 0x80, 0x1a, 0x77, 0x6c, 0x0,
    0xc4, 0x58, 0x2, 0xaf, 0x70, 0xd, 0xb0, 0x0,
    0x81, 0x0, 0xf2, 0xd, 0x80, 0x78, 0x6d, 0x50,
    0x3, 0x85, 0x52, 0x40, 0x3e, 0x92, 0x70, 0xf,
    0x14, 0x40, 0x40, 0x3c, 0xe5, 0x60, 0x1f, 0x72,
    0x90, 0x7, 0x8d, 0x80, 0x0,

    /* U+00D2 "Ò" */
    0x0, 0x8f, 0xe4, 0x3, 0xf1, 0xd3, 0x18, 0x7,
    0xe5, 0xb6, 0x0, 0xfe, 0x45, 0x0, 0xf1, 0x4f,
    0x7f, 0x48, 0x80, 0x45, 0x8c, 0xc9, 0x66, 0x78,
    0x80, 0x24, 0x76, 0x1a, 0x34, 0x6c, 0x0, 0x8a,
    0x40, 0x11, 0x2a, 0x80, 0x83, 0x40, 0x38, 0x80,
    0x40, 0x3f, 0xe2, 0xd, 0x0, 0xe2, 0x1, 0x4,
    0x52, 0x0, 0x89, 0x54, 0x0, 0x91, 0xc8, 0x68,
    0xc1, 0xb0, 0x1, 0x62, 0x34, 0xb3, 0xf8, 0x80,

    /* U+00D3 "Ó" */
    0x0, 0xe3, 0xf8, 0x0, 0xfd, 0xeb, 0x0, 0x1f,
    0x15, 0x50, 0x3, 0xf1, 0x30, 0x7, 0xc5, 0x3d,
    0xfd, 0x22, 0x1, 0x16, 0x33, 0x25, 0x99, 0xe2,
    0x0, 0x91, 0xd8, 0x68, 0xd1, 0xb0, 0x2, 0x29,
    0x0, 0x44, 0xaa, 0x2, 0xd, 0x0, 0xe2, 0x1,
    0x0, 0xff, 0x88, 0x34, 0x3, 0x88, 0x4, 0x11,
    0x48, 0x2, 0x25, 0x50, 0x2, 0x47, 0x21, 0xa3,
    0x6, 0xc0, 0x5, 0x88, 0xd2, 0xcf, 0xe2, 0x0,

    /* U+00D4 "Ô" */
    0x0, 0xd3, 0xf0, 0x1, 0xf2, 0xbc, 0xba, 0x0,
    0x78, 0xb1, 0xb4, 0xc0, 0x3c, 0xe4, 0x4, 0xe0,
    0x1c, 0x53, 0xdf, 0xd2, 0x20, 0x11, 0x63, 0x32,
    0x59, 0x9e, 0x20, 0x9, 0x1d, 0x86, 0x8d, 0x1b,
    0x0, 0x22, 0x90, 0x4, 0x4a, 0xa0, 0x20, 0xd0,
    0xe, 0x20, 0x10, 0xf, 0xf8, 0x83, 0x40, 0x38,
    0x80, 0x41, 0x14, 0x80, 0x22, 0x55, 0x0, 0x24,
    0x72, 0x1a, 0x30, 0x6c, 0x0, 0x58, 0x8d, 0x2c,
    0xfe, 0x20,

    /* U+00D5 "Õ" */
    0x0, 0xab, 0xfe, 0xd0, 0xf, 0x46, 0xee, 0x0,
    0xf1, 0x16, 0x0, 0xf1, 0x4f, 0x7f, 0x48, 0x80,
    0x45, 0x8c, 0xc9, 0x66, 0x78, 0x80, 0x24, 0x76,
    0x1a, 0x34, 0x6c, 0x0, 0x8a, 0x40, 0x11, 0x2a,
    0x80, 0x83, 0x40, 0x38, 0x80, 0x40, 0x3f, 0xe2,
    0xd, 0x0, 0xe2, 0x1, 0x4, 0x52, 0x0, 0x89,
    0x54, 0x0, 0x91, 0xc8, 0x68, 0xc1, 0xb0, 0x1,
    0x62, 0x34, 0xb3, 0xf8, 0x80,

    /* U+00D6 "Ö" */
    0x0, 0x8d, 0x41, 0x4c, 0x3, 0xc9, 0xc1, 0xc8,
    0x1, 0xe7, 0xb0, 0xb7, 0x0, 0xff, 0xe2, 0x14,
    0xf7, 0xf4, 0x88, 0x4, 0x58, 0xcc, 0x96, 0x67,
    0x88, 0x2, 0x47, 0x61, 0xa3, 0x46, 0xc0, 0x8,
    0xa4, 0x1, 0x12, 0xa8, 0x8, 0x34, 0x3, 0x88,
    0x4, 0x3, 0xfe, 0x20, 0xd0, 0xe, 0x20, 0x10,
    0x45, 0x20, 0x8, 0x95, 0x40, 0x9, 0x1c, 0x86,
    0x8c, 0x1b, 0x0, 0x16, 0x23, 0x4b, 0x3f, 0x88,
    0x0,

    /* U+00D7 "×" */
    0x1, 0x0, 0xc2, 0x0, 0xc8, 0x0, 0x46, 0x0,
    0x39, 0xdd, 0xd, 0xe0, 0x3, 0xc8, 0x7d, 0x20,
    0x9, 0x0, 0xa, 0x1, 0x34, 0x5d, 0xa5, 0x40,
    0x15, 0x68, 0x8b, 0xe0, 0x6, 0x20, 0x1, 0x2c,
    0x0,

    /* U+00D8 "Ø" */
    0x0, 0xfc, 0x20, 0x18, 0xa7, 0xbf, 0x67, 0xd0,
    0x0, 0x58, 0xcc, 0x95, 0x61, 0x50, 0x4, 0x8e,
    0xc3, 0x68, 0x84, 0x0, 0x11, 0x48, 0xa, 0xa8,
    0xac, 0x4, 0x1a, 0x0, 0xe7, 0x42, 0x1, 0x0,
    0xd2, 0x10, 0x1, 0x88, 0x35, 0x1f, 0x40, 0x4,
    0x2, 0xa, 0xaa, 0xb1, 0x2, 0x55, 0x0, 0x20,
    0x4, 0x9a, 0x30, 0x6c, 0x0, 0xe2, 0xd3, 0x26,
    0x7f, 0x10, 0x2, 0xe4, 0xf7, 0xf4, 0x88, 0x0,

    /* U+00D9 "Ù" */
    0x0, 0x4f, 0x90, 0x7, 0xa5, 0x24, 0x3, 0xeb,
    0xc1, 0x0, 0xf9, 0xc4, 0x2, 0xcc, 0x0, 0x66,
    0xf1, 0x0, 0xff, 0xf0, 0xb8, 0x7, 0x8, 0x0,
    0xcc, 0x20, 0x16, 0x8, 0xa8, 0x31, 0x99, 0x49,
    0x20, 0x5a, 0xd1, 0x2f, 0x2e, 0x0,

    /* U+00DA "Ú" */
    0x0, 0xd5, 0xe4, 0x1, 0xc8, 0xb6, 0x40, 0x1c,
    0x38, 0x80, 0x1e, 0x53, 0x0, 0xd9, 0x80, 0xc,
    0xde, 0x20, 0x1f, 0xfe, 0x17, 0x0, 0xe1, 0x0,
    0x19, 0x84, 0x2, 0xc1, 0x15, 0x6, 0x33, 0x29,
    0x24, 0xb, 0x5a, 0x25, 0xe5, 0xc0,

    /* U+00DB "Û" */
    0x0, 0xbb, 0xcc, 0x3, 0xa9, 0x5f, 0x84, 0x2,
    0x2d, 0xb8, 0x82, 0x80, 0x44, 0xe0, 0x5, 0x40,
    0x6, 0x60, 0x3, 0x37, 0x88, 0x7, 0xff, 0x85,
    0xc0, 0x38, 0x40, 0x6, 0x61, 0x0, 0xb0, 0x45,
    0x41, 0x8c, 0xca, 0x49, 0x2, 0xd6, 0x89, 0x79,
    0x70,

    /* U+00DC "Ü" */
    0x0, 0x31, 0x3, 0x80, 0x75, 0x20, 0xc9, 0x0,
    0x6c, 0x61, 0xe2, 0x0, 0xff, 0xb3, 0x0, 0x19,
    0xbc, 0x40, 0x3f, 0xfc, 0x2e, 0x1, 0xc2, 0x0,
    0x33, 0x8, 0x5, 0x82, 0x2a, 0xc, 0x66, 0x52,
    0x48, 0x16, 0xb4, 0x4b, 0xcb, 0x80,

    /* U+00DD "Ý" */
    0x0, 0xc9, 0x2, 0x1, 0xc5, 0x5e, 0x20, 0x1c,
    0xf4, 0xe0, 0x1e, 0x54, 0x0, 0xd7, 0xc0, 0x1a,
    0xf4, 0x20, 0x58, 0x0, 0x69, 0x0, 0x6b, 0x0,
    0x8, 0x35, 0x0, 0x40, 0xb1, 0xa4, 0x0, 0x44,
    0xd7, 0x8, 0x80, 0xd, 0x4, 0x90, 0x1, 0xc2,
    0x84, 0x60, 0x1f, 0xfd, 0x20,

    /* U+00DE "Þ" */
    0xad, 0x10, 0xe, 0x2e, 0xfe, 0x70, 0x0, 0xdd,
    0x24, 0x28, 0x1a, 0x2d, 0x17, 0x0, 0x73, 0x30,
    0x3, 0x99, 0x80, 0x1, 0x28, 0x2d, 0x2, 0xed,
    0x77, 0x30, 0xe, 0x63, 0xe0, 0x0, 0x67, 0x0,
    0x40,

    /* U+00DF "ß" */
    0x9, 0xef, 0xd8, 0x0, 0x4b, 0x4d, 0xd3, 0xb8,
    0x11, 0x5d, 0x1c, 0x3c, 0x3, 0xa8, 0x68, 0x3,
    0x42, 0x61, 0x0, 0x63, 0x3, 0x0, 0xe9, 0xf,
    0x40, 0xc, 0x5e, 0x96, 0x60, 0x18, 0x68, 0x2c,
    0x0, 0x4c, 0x6c, 0x1a, 0x1, 0x56, 0x43, 0x28,

    /* U+00E0 "à" */
    0x0, 0x4f, 0x90, 0x6, 0x96, 0xe0, 0xe, 0x9e,
    0x0, 0x8e, 0xfb, 0x6c, 0x80, 0x7, 0x56, 0xb2,
    0x7, 0x8, 0x87, 0x50, 0x4b, 0xef, 0x60, 0x2b,
    0x1f, 0xf3, 0x83, 0x84, 0x88, 0x18, 0x30, 0x58,
    0xb2, 0x1, 0xc3, 0x76, 0x50, 0x0,

    /* U+00E1 "á" */
    0x0, 0xd7, 0xc2, 0x1, 0x3b, 0x78, 0x80, 0x4b,
    0xa2, 0x0, 0x3b, 0xcf, 0xb2, 0x0, 0x1d, 0x5a,
    0xc8, 0x1c, 0x22, 0x1d, 0x41, 0x2f, 0xbd, 0x80,
    0xac, 0x7f, 0xce, 0xe, 0x12, 0x20, 0x60, 0xc1,
    0x62, 0xc8, 0x7, 0xd, 0xd9, 0x40,

    /* U+00E2 "â" */
    0x0, 0x17, 0xf8, 0x80, 0x3, 0xf3, 0x1e, 0x20,
    0xf, 0x67, 0xf0, 0x1, 0x4f, 0x7c, 0x98, 0x0,
    0xea, 0xd6, 0x40, 0xe1, 0x10, 0xea, 0x9, 0x7d,
    0xec, 0x5, 0x63, 0xfe, 0x70, 0x70, 0x91, 0x3,
    0x6, 0xb, 0x16, 0x40, 0x38, 0x6e, 0xca, 0x0,

    /* U+00E3 "ã" */
    0x1, 0xdd, 0x22, 0x24, 0x19, 0x62, 0xae, 0x81,
    0xa1, 0x7b, 0xcc, 0xa, 0xfb, 0xec, 0x80, 0x7,
    0x56, 0xb2, 0x7, 0x8, 0x87, 0x50, 0x4b, 0xef,
    0x60, 0x2b, 0x1f, 0xf3, 0x83, 0x84, 0x88, 0x18,
    0x30, 0x58, 0xb2, 0x1, 0xc3, 0x76, 0x50, 0x0,

    /* U+00E4 "ä" */
    0x0, 0x72, 0x1f, 0x0, 0x52, 0xa5, 0x20, 0x3,
    0xcf, 0xec, 0x20, 0x1, 0xd5, 0xac, 0x81, 0xc2,
    0x21, 0xd4, 0x12, 0xfb, 0xd8, 0xa, 0xc7, 0xfc,
    0xe0, 0xe1, 0x22, 0x6, 0xc, 0x16, 0x2c, 0x80,
    0x70, 0xdd, 0x94, 0x0,

    /* U+00E5 "å" */
    0x0, 0x16, 0x60, 0x80, 0x2a, 0x9a, 0xa0, 0x5,
    0x53, 0x56, 0x1, 0x16, 0x60, 0xc0, 0x7, 0x7d,
    0xf6, 0x40, 0x3, 0xab, 0x59, 0x3, 0x84, 0x43,
    0xa8, 0x25, 0xf7, 0xb0, 0x15, 0x8f, 0xf9, 0xc1,
    0xc2, 0x44, 0xc, 0x18, 0x2c, 0x59, 0x0, 0xe1,
    0xbb, 0x28, 0x0,

    /* U+00E6 "æ" */
    0x4, 0xce, 0xf9, 0x3c, 0xfd, 0x50, 0xa, 0xea,
    0x8d, 0x8b, 0x89, 0x46, 0x8, 0xe8, 0xa8, 0x32,
    0x72, 0x36, 0x9, 0x7d, 0xe8, 0x3f, 0xf0, 0x91,
    0x2c, 0x37, 0x46, 0x5b, 0xba, 0xdc, 0x20, 0xc8,
    0x48, 0xc8, 0xa1, 0x60, 0xa4, 0xa0, 0x1d, 0x55,
    0x41, 0x9a, 0x1e, 0xc3, 0x30, 0xf5, 0x43, 0x10,

    /* U+00E7 "ç" */
    0x0, 0x47, 0x7e, 0x98, 0x4b, 0xb5, 0x29, 0xb,
    0x3c, 0x2c, 0x9, 0x6, 0x80, 0x7f, 0xc4, 0x1a,
    0x1, 0x85, 0x5e, 0x16, 0xc, 0x29, 0x9e, 0x90,
    0x40, 0x12, 0xaf, 0x84, 0x1, 0x52, 0xb0, 0x4,
    0xde, 0x28, 0x0,

    /* U+00E8 "è" */
    0x0, 0x47, 0x90, 0x7, 0x43, 0xf8, 0x7, 0xa3,
    0xc4, 0x3, 0x47, 0x65, 0x10, 0x2, 0x5a, 0xe9,
    0xfc, 0x5, 0xa1, 0x53, 0xc8, 0xc8, 0x27, 0xfd,
    0x80, 0xc0, 0x8, 0xdd, 0xca, 0x41, 0xc4, 0x58,
    0x5, 0x99, 0x8, 0xb2, 0x0, 0x97, 0x6b, 0xb1,
    0x80,

    /* U+00E9 "é" */
    0x0, 0xd7, 0xc2, 0x1, 0x99, 0x98, 0x20, 0x19,
    0x30, 0x80, 0x34, 0x67, 0xd9, 0x0, 0x25, 0xae,
    0x9f, 0xc0, 0x5a, 0x15, 0x3c, 0x8c, 0x82, 0x7f,
    0xd8, 0xc, 0x0, 0x8d, 0xdc, 0xa4, 0x1c, 0x45,
    0x80, 0x59, 0x90, 0x8b, 0x20, 0x9, 0x76, 0xbb,
    0x18, 0x0,

    /* U+00EA "ê" */
    0x0, 0x17, 0xf8, 0x80, 0x21, 0xf8, 0x9f, 0x10,
    0xb, 0xdd, 0xbc, 0x2, 0x1a, 0xee, 0x49, 0x80,
    0x25, 0xae, 0x9f, 0xc0, 0x5a, 0x15, 0x3c, 0x8c,
    0x82, 0x7f, 0xd8, 0xc, 0x0, 0x8d, 0xdc, 0xa4,
    0x1c, 0x45, 0x80, 0x59, 0x90, 0x8b, 0x20, 0x9,
    0x76, 0xbb, 0x18, 0x0,

    /* U+00EB "ë" */
    0x0, 0x6a, 0x17, 0x8, 0x5, 0x4a, 0x72, 0x20,
    0x17, 0xfd, 0x84, 0x0, 0x96, 0xba, 0x7f, 0x1,
    0x68, 0x54, 0xf2, 0x32, 0x9, 0xff, 0x60, 0x30,
    0x2, 0x37, 0x72, 0x90, 0x71, 0x16, 0x1, 0x66,
    0x42, 0x2c, 0x80, 0x25, 0xda, 0xec, 0x60,

    /* U+00EC "ì" */
    0xa, 0xe1, 0x0, 0x53, 0xd0, 0x5, 0x34, 0x1,
    0x6d, 0x80, 0x7f, 0xf6, 0x0,

    /* U+00ED "í" */
    0xd, 0xc0, 0x96, 0xc0, 0x8b, 0x0, 0x65, 0x0,
    0x7f, 0xf4, 0x80,

    /* U+00EE "î" */
    0x4, 0xfe, 0x10, 0x3a, 0xb9, 0xc1, 0x2e, 0x47,
    0xc1, 0x10, 0x6d, 0x8, 0x7, 0xff, 0x7c,

    /* U+00EF "ï" */
    0x1e, 0x25, 0xd0, 0x19, 0x27, 0xb0, 0x3, 0xec,
    0x30, 0x7, 0xff, 0x7c,

    /* U+00F0 "ð" */
    0x0, 0xff, 0x27, 0x34, 0xe0, 0x4, 0x88, 0x97,
    0xd0, 0x9, 0xdd, 0x22, 0xc0, 0x13, 0xeb, 0x44,
    0x4, 0x6, 0xbb, 0x9a, 0xc, 0x14, 0x97, 0x46,
    0x18, 0x29, 0xa, 0x92, 0x4e, 0x40, 0x40, 0x13,
    0x39, 0x1, 0x80, 0x4a, 0x42, 0x92, 0xc9, 0x43,
    0x61, 0x6f, 0x16, 0xd6, 0x40,

    /* U+00F1 "ñ" */
    0x8, 0xe8, 0xd, 0x1, 0x5d, 0x4f, 0x50, 0x1c,
    0x3c, 0xe8, 0xd, 0x69, 0xff, 0x48, 0x2, 0xe,
    0x99, 0xa0, 0x2a, 0x58, 0x2c, 0x7, 0x0, 0x84,
    0x40, 0x1f, 0xfd, 0x0,

    /* U+00F2 "ò" */
    0x0, 0x2f, 0xb0, 0x7, 0x2d, 0x41, 0x0, 0x72,
    0xe1, 0x80, 0x68, 0xed, 0xd1, 0x80, 0x25, 0xe6,
    0x9f, 0x8, 0x19, 0xdc, 0xb6, 0x16, 0x61, 0xa0,
    0x11, 0xa8, 0x7, 0xe3, 0xd, 0x0, 0x8d, 0x41,
    0x9d, 0xc9, 0x61, 0x61, 0x2f, 0x36, 0xf6, 0x40,

    /* U+00F3 "ó" */
    0x0, 0xcf, 0xe8, 0x1, 0x8a, 0x6d, 0x0, 0x31,
    0xfa, 0x0, 0x68, 0xfe, 0xc3, 0x0, 0x4b, 0xcd,
    0x3e, 0x10, 0x33, 0xb9, 0x6c, 0x2c, 0xc3, 0x40,
    0x23, 0x50, 0xf, 0xc6, 0x1a, 0x1, 0x1a, 0x83,
    0x3b, 0x92, 0xc2, 0xc2, 0x5e, 0x6d, 0xec, 0x80,

    /* U+00F4 "ô" */
    0x0, 0xb7, 0xd8, 0x3, 0x53, 0xdc, 0x20, 0x5,
    0x34, 0x9e, 0xc0, 0x15, 0xf7, 0xe8, 0x80, 0x25,
    0xe6, 0x9f, 0x8, 0x19, 0xdc, 0xb6, 0x16, 0x61,
    0xa0, 0x11, 0xa8, 0x7, 0xe3, 0xd, 0x0, 0x8d,
    0x41, 0x9d, 0xc9, 0x61, 0x61, 0x2f, 0x36, 0xf6,
    0x40,

    /* U+00F5 "õ" */
    0x0, 0x57, 0x30, 0xe8, 0x0, 0xc6, 0xaf, 0xac,
    0x0, 0x74, 0x9b, 0xcc, 0x1, 0x4f, 0x7e, 0x98,
    0x2, 0x5e, 0x69, 0xf0, 0x81, 0x9d, 0xcb, 0x61,
    0x66, 0x1a, 0x1, 0x1a, 0x80, 0x7e, 0x30, 0xd0,
    0x8, 0xd4, 0x19, 0xdc, 0x96, 0x16, 0x12, 0xf3,
    0x6f, 0x64,

    /* U+00F6 "ö" */
    0x0, 0x54, 0x7, 0x20, 0x5, 0xf6, 0x12, 0xa0,
    0x16, 0xeb, 0xec, 0x80, 0x12, 0xf3, 0x4f, 0x84,
    0xc, 0xee, 0x5b, 0xb, 0x30, 0xd0, 0x8, 0xd4,
    0x3, 0xf1, 0x86, 0x80, 0x46, 0xa0, 0xce, 0xe4,
    0xb0, 0xb0, 0x97, 0x9b, 0x7b, 0x20,

    /* U+00F7 "÷" */
    0x0, 0xa6, 0x0, 0x3c, 0x64, 0x1, 0xea, 0xa0,
    0x4, 0xbf, 0xfe, 0x55, 0x6e, 0xf9, 0x40, 0x89,
    0x74, 0x44, 0x0, 0xc6, 0x40, 0x10,

    /* U+00F8 "ø" */
    0x0, 0xf0, 0x80, 0x53, 0xdf, 0x9e, 0x61, 0x2d,
    0x34, 0x42, 0x40, 0xce, 0xe0, 0xa, 0x4c, 0x30,
    0x6e, 0x8c, 0xc0, 0x15, 0x3a, 0x0, 0xc, 0x25,
    0xa4, 0xc, 0x81, 0xc9, 0xd6, 0xc2, 0xc0, 0x8d,
    0x29, 0xec, 0x82, 0xf3, 0xbf, 0x10, 0x0,

    /* U+00F9 "ù" */
    0x3, 0xf8, 0x0, 0xc7, 0x8c, 0x80, 0x18, 0xf9,
    0x40, 0x1f, 0x20, 0x1, 0xda, 0x0, 0xff, 0xe7,
    0x18, 0x9, 0x80, 0x4, 0x40, 0x8a, 0x87, 0x60,
    0xb, 0x4b, 0xe2, 0x50,

    /* U+00FA "ú" */
    0x0, 0x9b, 0xd4, 0x2, 0x28, 0xa5, 0x0, 0x8b,
    0xd4, 0x1, 0xf2, 0x2, 0x1b, 0x40, 0x1f, 0xfc,
    0xe3, 0x1, 0x30, 0x0, 0x88, 0x11, 0x50, 0xec,
    0x1, 0x69, 0x7c, 0x4a, 0x0,

    /* U+00FB "û" */
    0x0, 0x5f, 0xc0, 0x5, 0x43, 0x8a, 0xc0, 0xb,
    0xa3, 0xd7, 0xf, 0x80, 0xb, 0x28, 0x3, 0xff,
    0x9c, 0x60, 0x26, 0x0, 0x11, 0x2, 0x2a, 0x1d,
    0x80, 0x2d, 0x2f, 0x89, 0x40,

    /* U+00FC "ü" */
    0x8, 0x90, 0xc5, 0x0, 0x66, 0x85, 0x38, 0x7e,
    0xa0, 0x37, 0xd0, 0x7, 0xff, 0x38, 0xc0, 0x4c,
    0x0, 0x22, 0x4, 0x54, 0x3b, 0x0, 0x5a, 0x5f,
    0x12, 0x80,

    /* U+00FD "ý" */
    0x0, 0x87, 0xe8, 0x3, 0xb5, 0xa8, 0x3, 0xb6,
    0x40, 0x2c, 0xc0, 0x8, 0x2f, 0x9d, 0x19, 0x0,
    0x38, 0x8d, 0x81, 0x40, 0x52, 0x80, 0xd, 0x40,
    0xe0, 0xc0, 0xa, 0x23, 0xd4, 0x10, 0x1, 0x9a,
    0x93, 0x80, 0x35, 0x30, 0xa8, 0x6, 0x70, 0x70,
    0xe, 0x40, 0xa0, 0x8, 0xd6, 0xd0, 0xc0, 0x28,
    0xa5, 0xa0, 0xc,

    /* U+00FE "þ" */
    0xda, 0x0, 0xff, 0xe4, 0xcf, 0xf3, 0x80, 0x14,
    0x29, 0xe1, 0x40, 0xa5, 0x64, 0xb8, 0x1c, 0x2,
    0x75, 0x0, 0xf1, 0x83, 0x80, 0x4e, 0xc0, 0x54,
    0xb2, 0x5c, 0xa, 0x74, 0xf0, 0xa0, 0x73, 0xfc,
    0xe0, 0x3, 0x0, 0xff, 0xe0, 0x0,

    /* U+00FF "ÿ" */
    0x4, 0xd0, 0x8a, 0x0, 0x96, 0x82, 0xfc, 0x1,
    0x9a, 0xe0, 0x61, 0xe7, 0x46, 0x40, 0xe, 0x23,
    0x60, 0x50, 0x14, 0xa0, 0x3, 0x50, 0x38, 0x30,
    0x2, 0x88, 0xf5, 0x4, 0x0, 0x66, 0xa4, 0xe0,
    0xd, 0x4c, 0x2a, 0x1, 0x9c, 0x1c, 0x3, 0x90,
    0x28, 0x2, 0x35, 0xb4, 0x30, 0xa, 0x29, 0x68,
    0x3, 0x0,

    /* U+0100 "Ā" */
    0x0, 0x4f, 0xfd, 0x60, 0x1d, 0x1b, 0xb5, 0x0,
    0x70, 0x91, 0x42, 0x1, 0xe6, 0xf8, 0x0, 0xfa,
    0x85, 0x80, 0x3c, 0x47, 0x2, 0x80, 0x1d, 0x42,
    0xc7, 0xc0, 0x1c, 0xce, 0x16, 0xa2, 0x1, 0x20,
    0xe0, 0xa0, 0x30, 0x5, 0xc1, 0x5d, 0x81, 0x40,
    0x1, 0x55, 0x5d, 0xce, 0x46, 0xe, 0x10, 0x89,
    0x48, 0x50, 0x51, 0x90, 0x4, 0x2a, 0xe0,

    /* U+0101 "ā" */
    0x2, 0xff, 0xc4, 0x5, 0xbb, 0x88, 0xe, 0x73,
    0x64, 0x80, 0x7, 0x56, 0xb2, 0x7, 0x8, 0x87,
    0x50, 0x4b, 0xef, 0x60, 0x2b, 0x1f, 0xf3, 0x83,
    0x84, 0x88, 0x18, 0x30, 0x58, 0xb2, 0x1, 0xc3,
    0x76, 0x50, 0x0,

    /* U+0102 "Ă" */
    0x0, 0x29, 0x81, 0x30, 0x7, 0xe, 0x7e, 0x80,
    0x79, 0x3f, 0x7d, 0x80, 0x3e, 0x20, 0xf, 0xcd,
    0xf0, 0x1, 0xf5, 0xb, 0x0, 0x78, 0x8e, 0x5,
    0x0, 0x3a, 0x85, 0x8f, 0x80, 0x39, 0x9c, 0x2d,
    0x44, 0x2, 0x41, 0xc1, 0x40, 0x60, 0xb, 0x82,
    0xbb, 0x2, 0x80, 0x2, 0xaa, 0xbb, 0x9c, 0x8c,
    0x1c, 0x21, 0x12, 0x90, 0xa0, 0xa3, 0x20, 0x8,
    0x55, 0xc0,

    /* U+0103 "ă" */
    0x2, 0xc1, 0x15, 0xa0, 0x13, 0x77, 0x5, 0x0,
    0x15, 0xdc, 0xa0, 0x1, 0xdf, 0xf5, 0x90, 0x0,
    0xea, 0xd6, 0x40, 0xe1, 0x10, 0xea, 0x9, 0x7d,
    0xec, 0x5, 0x63, 0xfe, 0x70, 0x70, 0x91, 0x3,
    0x6, 0xb, 0x16, 0x40, 0x38, 0x6e, 0xca, 0x0,

    /* U+0104 "Ą" */
    0x0, 0x9b, 0xe0, 0x3, 0xea, 0x36, 0x0, 0xf1,
    0x1f, 0x2, 0x0, 0x75, 0x21, 0x37, 0x0, 0x73,
    0x70, 0xda, 0x88, 0x4, 0x83, 0x5d, 0x80, 0xc0,
    0x17, 0x2d, 0xdc, 0xd4, 0x0, 0x15, 0xe4, 0x4a,
    0xc8, 0xc1, 0xc1, 0x0, 0x22, 0x25, 0x5, 0x20,
    0x7, 0x3b, 0x6, 0x58, 0x7, 0x35, 0x80, 0x7c,
    0x84, 0x80, 0x1f, 0x29, 0xf8, 0x80,

    /* U+0105 "ą" */
    0x3, 0xbe, 0xfb, 0x20, 0x8, 0xea, 0xd6, 0x40,
    0x7, 0x8, 0x87, 0x50, 0x2, 0x5f, 0x7b, 0x0,
    0xa, 0xc7, 0xfc, 0xe0, 0x7, 0x9, 0x10, 0x30,
    0x3, 0x5, 0x8b, 0x20, 0x0, 0xe1, 0xbb, 0x28,
    0x40, 0xf, 0xdf, 0x5f, 0x20, 0x1c, 0x4a, 0xc0,
    0x1c, 0x47, 0xe4,

    /* U+0106 "Ć" */
    0x0, 0xe6, 0xf4, 0x0, 0xe1, 0x89, 0x40, 0xe,
    0x5b, 0x60, 0xf, 0x22, 0x80, 0x70, 0xc6, 0xff,
    0x59, 0x0, 0xe3, 0xa4, 0xc8, 0xc, 0x20, 0xb2,
    0x59, 0xec, 0x41, 0x94, 0xc0, 0x38, 0x43, 0x40,
    0x3c, 0x60, 0x1f, 0x88, 0x34, 0x3, 0xe4, 0x52,
    0x0, 0xf4, 0x8e, 0xc3, 0x32, 0x40, 0x5, 0x8a,
    0xd3, 0x4, 0x0,

    /* U+0107 "ć" */
    0x0, 0xd9, 0xa2, 0x1, 0x38, 0xe0, 0x80, 0x4b,
    0xa2, 0x1, 0x46, 0x7e, 0x98, 0x4b, 0xb5, 0x29,
    0xb, 0x3c, 0x2c, 0x9, 0x6, 0x80, 0x7f, 0xc4,
    0x1a, 0x1, 0x85, 0x5e, 0x16, 0xc, 0x29, 0x99,
    0x48, 0x20,

    /* U+0108 "Ĉ" */
    0x0, 0xd9, 0xea, 0x1, 0xd0, 0x31, 0x64, 0x1,
    0xf, 0xe3, 0xd3, 0x80, 0x42, 0xe2, 0x8, 0xa0,
    0x10, 0xc6, 0xff, 0x59, 0x0, 0xe3, 0xa4, 0xc8,
    0xc, 0x20, 0xb2, 0x59, 0xec, 0x41, 0x94, 0xc0,
    0x38, 0x43, 0x40, 0x3c, 0x60, 0x1f, 0x88, 0x34,
    0x3, 0xe4, 0x52, 0x0, 0xf4, 0x8e, 0xc3, 0x32,
    0x40, 0x5, 0x8a, 0xd3, 0x4, 0x0,

    /* U+0109 "ĉ" */
    0x0, 0x17, 0xf8, 0x80, 0x3, 0xf1, 0xf, 0x10,
    0x7, 0xbb, 0xbc, 0x0, 0x35, 0xdf, 0xe2, 0x9,
    0x76, 0xa5, 0x21, 0x67, 0x85, 0x81, 0x20, 0xd0,
    0xf, 0xf8, 0x83, 0x40, 0x30, 0xab, 0xc2, 0xc1,
    0x85, 0x33, 0x29, 0x4,

    /* U+010A "Ċ" */
    0x0, 0xc9, 0x40, 0x1f, 0x12, 0x0, 0x7c, 0xdc,
    0x1, 0xff, 0xc2, 0x18, 0xdf, 0xeb, 0x20, 0x1c,
    0x74, 0x99, 0x1, 0x84, 0x16, 0x4b, 0x3d, 0x88,
    0x32, 0x98, 0x7, 0x8, 0x68, 0x7, 0x8c, 0x3,
    0xf1, 0x6, 0x80, 0x7c, 0x8a, 0x40, 0x1e, 0x91,
    0xd8, 0x66, 0x48, 0x0, 0xb1, 0x5a, 0x60, 0x80,

    /* U+010B "ċ" */
    0x0, 0xaa, 0xc0, 0x3b, 0x70, 0x3, 0x9d, 0xc0,
    0x1a, 0x3b, 0xf4, 0xc2, 0x5d, 0xa9, 0x48, 0x59,
    0xe1, 0x60, 0x48, 0x34, 0x3, 0xfe, 0x20, 0xd0,
    0xc, 0x2a, 0xf0, 0xb0, 0x61, 0x4c, 0xca, 0x41,

    /* U+010C "Č" */
    0x0, 0xe, 0xb0, 0x5c, 0x80, 0x43, 0xd3, 0xaf,
    0x20, 0x18, 0xe9, 0x78, 0x3, 0xcb, 0x4, 0x1,
    0x86, 0x37, 0xfa, 0xc8, 0x7, 0x1d, 0x26, 0x40,
    0x61, 0x5, 0x92, 0xcf, 0x62, 0xc, 0xa6, 0x1,
    0xc2, 0x1a, 0x1, 0xe3, 0x0, 0xfc, 0x41, 0xa0,
    0x1f, 0x22, 0x90, 0x7, 0xa4, 0x76, 0x19, 0x92,
    0x0, 0x2c, 0x56, 0x98, 0x20,

    /* U+010D "č" */
    0x3, 0xd3, 0x36, 0xa0, 0x1c, 0x66, 0x2d, 0x0,
    0xb, 0xb8, 0xc0, 0x14, 0x66, 0x34, 0xc2, 0x5d,
    0xa9, 0x48, 0x59, 0xe1, 0x60, 0x48, 0x34, 0x3,
    0xfe, 0x20, 0xd0, 0xc, 0x2a, 0xf0, 0xb0, 0x61,
    0x4c, 0xca, 0x41,

    /* U+010E "Ď" */
    0x2, 0x70, 0x2, 0xa0, 0x4, 0x5d, 0xb7, 0xc8,
    0x1, 0xa6, 0xb2, 0xc0, 0x3c, 0xee, 0x0, 0xd7,
    0xff, 0x75, 0x10, 0x4, 0x35, 0x46, 0x4d, 0x40,
    0x1, 0xaa, 0xa3, 0xc6, 0x80, 0x3c, 0x30, 0x26,
    0x1, 0xe2, 0x6, 0x0, 0xff, 0xe1, 0x98, 0x30,
    0x7, 0xc, 0x91, 0x81, 0xab, 0x4f, 0xf, 0x0,
    0x6, 0xa5, 0x1b, 0x4c, 0x0,

    /* U+010F "ď" */
    0x0, 0xf7, 0xc4, 0x34, 0x3, 0xf1, 0xd8, 0x7,
    0xef, 0x60, 0x1a, 0xfe, 0x51, 0x4, 0x0, 0x5a,
    0xc5, 0xc8, 0x80, 0x42, 0xae, 0xe5, 0xe0, 0xc,
    0x41, 0xa0, 0x2, 0x0, 0xf0, 0x80, 0x42, 0x1,
    0x10, 0x60, 0x0, 0x44, 0x1, 0xa, 0x3b, 0x2e,
    0x80, 0x75, 0x2c, 0xdc, 0xa0, 0x4,

    /* U+0110 "Đ" */
    0x9, 0xff, 0xba, 0x88, 0x3, 0xd, 0x51, 0x93,
    0x50, 0x3, 0x2a, 0xa3, 0xc6, 0x80, 0x6, 0x2,
    0x20, 0x18, 0x13, 0xa5, 0x1e, 0xe1, 0x81, 0x3,
    0x42, 0xd, 0xd8, 0xc0, 0x31, 0x10, 0x11, 0x0,
    0x3, 0x6, 0x0, 0xf0, 0xc9, 0x18, 0x0, 0x55,
    0xa7, 0x87, 0x80, 0x35, 0x4a, 0x36, 0x98, 0x0,

    /* U+0111 "đ" */
    0x0, 0xf7, 0xc0, 0x6, 0xaf, 0xf0, 0x3c, 0x0,
    0x57, 0xba, 0x6, 0x90, 0x1a, 0xfc, 0x71, 0x18,
    0x29, 0x66, 0xe4, 0x40, 0x2, 0x8c, 0xeb, 0xc0,
    0x11, 0x7, 0x80, 0x8, 0x3, 0x8c, 0x2, 0x10,
    0x1, 0x6, 0x0, 0x4, 0x40, 0x1, 0x46, 0x75,
    0xa0, 0xd, 0x4b, 0x17, 0xe6, 0x0,

    /* U+0112 "Ē" */
    0xe, 0xff, 0x98, 0x33, 0x76, 0x70, 0x22, 0xc3,
    0x5f, 0xfc, 0x3, 0x55, 0x80, 0xd5, 0x70, 0x0,
    0x46, 0x0, 0x17, 0x75, 0x60, 0x37, 0x74, 0x81,
    0xa2, 0x44, 0x1, 0xf1, 0xaa, 0xe0, 0x1a, 0xac,

    /* U+0113 "ē" */
    0x1, 0xff, 0xc4, 0x0, 0x1d, 0xdc, 0x40, 0x15,
    0x66, 0x24, 0x80, 0x12, 0xd7, 0x4f, 0xe0, 0x2d,
    0xa, 0x9e, 0x46, 0x41, 0x3f, 0xec, 0x6, 0x0,
    0x46, 0xee, 0x52, 0xe, 0x22, 0xc0, 0x2c, 0xc8,
    0x45, 0x90, 0x4, 0xbb, 0x5d, 0x8c, 0x0,

    /* U+0114 "Ĕ" */
    0x7, 0x10, 0x44, 0x7, 0xf7, 0xd3, 0x4, 0x76,
    0xf1, 0x0, 0x4, 0x80, 0x15, 0xff, 0xc0, 0x35,
    0x58, 0xd, 0x57, 0x0, 0x4, 0x60, 0x1, 0x77,
    0x56, 0x3, 0x77, 0x48, 0x1a, 0x24, 0x40, 0x1f,
    0x1a, 0xae, 0x1, 0xaa, 0xc0,

    /* U+0115 "ĕ" */
    0x2, 0xd1, 0x15, 0xa0, 0x0, 0x93, 0xb8, 0x28,
    0x1, 0x4f, 0x72, 0x80, 0x34, 0x7f, 0xac, 0x80,
    0x12, 0xd7, 0x4f, 0xe0, 0x2d, 0xa, 0x9e, 0x46,
    0x41, 0x3f, 0xec, 0x6, 0x0, 0x46, 0xee, 0x52,
    0xe, 0x22, 0xc0, 0x2c, 0xc8, 0x45, 0x90, 0x4,
    0xbb, 0x5d, 0x8c, 0x0,

    /* U+0116 "Ė" */
    0x0, 0x37, 0x0, 0x62, 0x40, 0xc, 0x94, 0x0,
    0xaf, 0xfe, 0x1, 0xaa, 0xc0, 0x6a, 0xb8, 0x0,
    0x23, 0x0, 0xb, 0xba, 0xb0, 0x1b, 0xba, 0x40,
    0xd1, 0x22, 0x0, 0xf8, 0xd5, 0x70, 0xd, 0x56,

    /* U+0117 "ė" */
    0x0, 0xaa, 0xc0, 0x3d, 0x86, 0x1, 0xe6, 0x80,
    0xe, 0x8e, 0xe5, 0x90, 0x2, 0x5a, 0xe9, 0xfc,
    0x5, 0xa1, 0x53, 0xc8, 0xc8, 0x27, 0xfd, 0x80,
    0xc0, 0x8, 0xdd, 0xca, 0x41, 0xc4, 0x58, 0x5,
    0x99, 0x8, 0xb2, 0x0, 0x97, 0x6b, 0xb1, 0x80,

    /* U+0118 "Ę" */
    0xaf, 0xfe, 0x1, 0xaa, 0xc0, 0x6a, 0xb8, 0x0,
    0x23, 0x0, 0xb, 0xba, 0xb0, 0x1b, 0xba, 0x40,
    0xd1, 0x22, 0x0, 0xf8, 0xd5, 0x70, 0xd, 0x57,
    0x7f, 0xb8, 0xf4, 0x2, 0x67, 0x20, 0x9, 0x17,
    0x40,

    /* U+0119 "ę" */
    0x0, 0x47, 0x72, 0xc8, 0x1, 0x2d, 0x74, 0xfe,
    0x2, 0xd0, 0xa9, 0xe4, 0x64, 0x13, 0xfe, 0xc0,
    0x60, 0x4, 0x6e, 0xe5, 0x20, 0xe2, 0x2c, 0x2,
    0xcc, 0x84, 0x59, 0x0, 0x4b, 0xb5, 0xd2, 0x80,
    0x51, 0xda, 0x7a, 0x1, 0xd4, 0xc2, 0x1, 0xd8,
    0x9a, 0x0,

    /* U+011A "Ě" */
    0x17, 0x10, 0x45, 0x11, 0x7d, 0x4a, 0x3, 0x59,
    0x78, 0x80, 0x16, 0x8, 0x2b, 0xff, 0x80, 0x6a,
    0xb0, 0x1a, 0xae, 0x0, 0x8, 0xc0, 0x2, 0xee,
    0xac, 0x6, 0xee, 0x90, 0x34, 0x48, 0x80, 0x3e,
    0x35, 0x5c, 0x3, 0x55, 0x80,

    /* U+011B "ě" */
    0x3, 0xd4, 0x2d, 0x50, 0x1, 0xcd, 0xed, 0xa8,
    0x4, 0x9b, 0x8c, 0x1, 0xa3, 0x36, 0xc8, 0x1,
    0x2d, 0x74, 0xfe, 0x2, 0xd0, 0xa9, 0xe4, 0x64,
    0x13, 0xfe, 0xc0, 0x60, 0x4, 0x6e, 0xe5, 0x20,
    0xe2, 0x2c, 0x2, 0xcc, 0x84, 0x59, 0x0, 0x4b,
    0xb5, 0xd8, 0xc0,

    /* U+011C "Ĝ" */
    0x0, 0xcf, 0xf6, 0x1, 0xe3, 0x89, 0x57, 0x0,
    0xe5, 0xc6, 0xf0, 0xf, 0x31, 0x80, 0xb8, 0x7,
    0x3e, 0x7f, 0xb6, 0x0, 0x2c, 0x86, 0x89, 0x5f,
    0x0, 0x49, 0xd5, 0x1d, 0xa1, 0xc0, 0xc, 0x8a,
    0x0, 0x11, 0x80, 0x43, 0x0, 0x11, 0xdd, 0x9,
    0x80, 0x6a, 0xb7, 0x0, 0x10, 0x68, 0x0, 0x93,
    0x80, 0x25, 0x51, 0x0, 0x7d, 0x3, 0xb0, 0xad,
    0xa0, 0x11, 0x7b, 0x32, 0xa5, 0x98, 0x20,

    /* U+011D "ĝ" */
    0x0, 0xe, 0xfa, 0x80, 0x6d, 0x4a, 0xb3, 0x0,
    0xf, 0xca, 0xf8, 0x80, 0x53, 0xfc, 0xfd, 0x1,
    0x6b, 0x17, 0x46, 0x2, 0xae, 0xe5, 0xe0, 0x1,
    0x6, 0x80, 0x8, 0x3, 0x8, 0x4, 0x20, 0x40,
    0x60, 0x1, 0x10, 0xa, 0xc3, 0x2d, 0x0, 0x56,
    0x93, 0x7a, 0x20, 0x1, 0xbf, 0xe7, 0x1e, 0x7,
    0x64, 0x5d, 0x4, 0x0, 0x5d, 0xa8, 0x2c, 0x80,

    /* U+011E "Ğ" */
    0x0, 0x90, 0xc0, 0x5c, 0x3, 0x9f, 0x7f, 0x80,
    0x3c, 0x7d, 0xbc, 0xe0, 0x1f, 0x10, 0x80, 0x79,
    0xf3, 0xfd, 0xb0, 0x1, 0x64, 0x34, 0x4a, 0xf8,
    0x2, 0x4e, 0xa8, 0xed, 0xe, 0x0, 0x64, 0x50,
    0x0, 0x8c, 0x2, 0x18, 0x0, 0x8e, 0xe8, 0x4c,
    0x3, 0x55, 0xb8, 0x0, 0x83, 0x40, 0x4, 0x9c,
    0x1, 0x2a, 0x88, 0x3, 0xe8, 0x1d, 0x85, 0x6d,
    0x0, 0x8b, 0xd9, 0x95, 0x2c, 0xc1,

    /* U+011F "ğ" */
    0x0, 0x67, 0xfc, 0x80, 0x16, 0x76, 0xfa, 0x0,
    0x61, 0x20, 0xc, 0x35, 0xfc, 0xd9, 0x1, 0x6b,
    0x17, 0x46, 0x2, 0xae, 0xe5, 0xe0, 0x1, 0x6,
    0x80, 0x8, 0x3, 0x8, 0x4, 0x20, 0x40, 0x60,
    0x1, 0x10, 0xa, 0xc3, 0x2d, 0x0, 0x56, 0x93,
    0x7a, 0x20, 0x1, 0xbf, 0xe7, 0x1e, 0x7, 0x64,
    0x5d, 0x4, 0x0, 0x5d, 0xa8, 0x2c, 0x80,

    /* U+0120 "Ġ" */
    0x0, 0xea, 0x40, 0xf, 0x85, 0x4, 0x3, 0xe1,
    0xe5, 0x0, 0xff, 0xe2, 0x3e, 0x7f, 0xb6, 0x0,
    0x2c, 0x86, 0x89, 0x5f, 0x0, 0x49, 0xd5, 0x1d,
    0xa1, 0xc0, 0xc, 0x8a, 0x0, 0x11, 0x80, 0x43,
    0x0, 0x11, 0xdd, 0x9, 0x80, 0x6a, 0xb7, 0x0,
    0x10, 0x68, 0x0, 0x93, 0x80, 0x25, 0x51, 0x0,
    0x7d, 0x3, 0xb0, 0xad, 0xa0, 0x11, 0x7b, 0x32,
    0xa5, 0x98, 0x20,

    /* U+0121 "ġ" */
    0x0, 0x9f, 0x40, 0x3c, 0x48, 0x1, 0xe5, 0x90,
    0xc, 0x35, 0xfc, 0xd9, 0x1, 0x6b, 0x17, 0x46,
    0x2, 0xae, 0xe5, 0xe0, 0x1, 0x6, 0x80, 0x8,
    0x3, 0x8, 0x4, 0x20, 0x40, 0x60, 0x1, 0x10,
    0xa, 0xc3, 0x2d, 0x0, 0x56, 0x93, 0x7a, 0x20,
    0x1, 0xbf, 0xe7, 0x1e, 0x7, 0x64, 0x5d, 0x4,
    0x0, 0x5d, 0xa8, 0x2c, 0x80,

    /* U+0122 "Ģ" */
    0x0, 0x9f, 0x3f, 0xdb, 0x0, 0x16, 0x43, 0x44,
    0xaf, 0x80, 0x24, 0xea, 0x8e, 0xd0, 0xe0, 0x6,
    0x45, 0x0, 0x8, 0xc0, 0x21, 0x80, 0x8, 0xee,
    0x84, 0xc0, 0x35, 0x5b, 0x80, 0x8, 0x34, 0x0,
    0x49, 0xc0, 0x12, 0xa8, 0x80, 0x3e, 0x81, 0xd8,
    0x56, 0xd0, 0x8, 0xbd, 0x99, 0x52, 0xcc, 0x10,
    0x0, 0xcf, 0x5e, 0xea, 0x40, 0x3d, 0x6c, 0x1,
    0xf2, 0x24, 0x1, 0x0,

    /* U+0123 "ģ" */
    0x0, 0xda, 0x40, 0x1c, 0xc0, 0x40, 0x1c, 0xbc,
    0x1, 0x86, 0xb3, 0x5b, 0x20, 0x2d, 0x62, 0xe8,
    0xc0, 0x55, 0xdc, 0xbc, 0x0, 0x20, 0xd0, 0x1,
    0x0, 0x61, 0x0, 0x84, 0x8, 0xc, 0x0, 0x22,
    0x1, 0x58, 0x65, 0xa0, 0xa, 0xd2, 0x6f, 0x44,
    0x0, 0x37, 0xfc, 0xe3, 0xc0, 0xec, 0x8b, 0xa0,
    0x80, 0xb, 0xb5, 0x5, 0x90,

    /* U+0124 "Ĥ" */
    0x0, 0x95, 0xc4, 0x3, 0x9a, 0xf7, 0x40, 0x18,
    0x45, 0xf5, 0x28, 0x1, 0xb, 0x88, 0x2a, 0x0,
    0x2b, 0x40, 0x33, 0x79, 0x0, 0x7f, 0xf2, 0x4,
    0x78, 0x2, 0x2e, 0xed, 0x0, 0x10, 0xdd, 0xe7,
    0x0, 0x8d, 0x13, 0x70, 0x7, 0xff, 0x44,

    /* U+0125 "ĥ" */
    0x0, 0x3b, 0x0, 0x7a, 0x26, 0x4a, 0x1, 0x95,
    0x59, 0x76, 0x20, 0x9, 0x74, 0x93, 0x88, 0x3,
    0xb6, 0x80, 0x3f, 0xf8, 0xa6, 0x1, 0xf8, 0xe7,
    0xfa, 0x40, 0x32, 0x9d, 0x33, 0x40, 0x11, 0x52,
    0xc1, 0x60, 0x4, 0xe0, 0x10, 0x88, 0x3, 0xff,
    0xb0,

    /* U+0126 "Ħ" */
    0xa, 0xd0, 0xc, 0xde, 0x41, 0xea, 0x5f, 0xfa,
    0x43, 0x5f, 0x50, 0xb7, 0x74, 0x5, 0xb1, 0x8,
    0x19, 0xe0, 0x3, 0x8, 0x0, 0xbb, 0xb4, 0x0,
    0x70, 0xdd, 0xe7, 0x0, 0xe3, 0x44, 0xdc, 0x1,
    0xff, 0xd8,

    /* U+0127 "ħ" */
    0xd, 0xa0, 0xe, 0xd2, 0x5f, 0xf2, 0x80, 0x3c,
    0x93, 0x74, 0xa0, 0x2, 0x1, 0xbd, 0xe9, 0x0,
    0x94, 0xe9, 0x9a, 0x0, 0xd, 0x2c, 0x16, 0x0,
    0x14, 0x2, 0x11, 0x0, 0x4, 0x3, 0xff, 0xa2,

    /* U+0128 "Ĩ" */
    0xc, 0xff, 0xac, 0x1, 0xdb, 0xb5, 0x80, 0x8,
    0xb0, 0x4, 0xff, 0xf3, 0x0, 0x1e, 0x82, 0x98,
    0x2, 0x10, 0x60, 0xf, 0xfe, 0xd8, 0x83, 0x0,
    0x4f, 0x41, 0x4c, 0x0,

    /* U+0129 "ĩ" */
    0x2e, 0xc2, 0x67, 0xb8, 0xbd, 0x86, 0x86, 0x7f,
    0xe1, 0x10, 0x6d, 0x0, 0x7f, 0xf8, 0x0,

    /* U+012A "Ī" */
    0xaf, 0xfa, 0x6f, 0x76, 0x81, 0x22, 0x85, 0xff,
    0xe6, 0x7a, 0xa, 0x60, 0x10, 0x60, 0xf, 0xfe,
    0x78, 0x83, 0x3, 0xd0, 0x53, 0x0,

    /* U+012B "ī" */
    0x4f, 0xfc, 0x9, 0xbb, 0x80, 0x5, 0xf0, 0x40,
    0x1f, 0xfd, 0xf0,

    /* U+012C "Ĭ" */
    0x52, 0x2, 0x60, 0xdf, 0xd3, 0x5f, 0xdf, 0x50,
    0x1, 0x0, 0x1f, 0xfe, 0x67, 0xa0, 0xa6, 0x1,
    0x6, 0x0, 0xff, 0xe7, 0x88, 0x30, 0x3d, 0x5,
    0x30,

    /* U+012D "ĭ" */
    0x4a, 0x1, 0xd2, 0x41, 0xfe, 0x52, 0xb, 0xde,
    0x80, 0xb, 0xec, 0x3, 0xff, 0xc0,

    /* U+012E "Į" */
    0x7f, 0xf9, 0x9e, 0x82, 0x98, 0x4, 0x18, 0x3,
    0xff, 0x9e, 0x20, 0xc0, 0xf4, 0x14, 0xcf, 0xf0,
    0xec, 0x0, 0x8a, 0x0, 0x93, 0x54,

    /* U+012F "į" */
    0xc, 0x90, 0x4f, 0x8, 0x60, 0xda, 0x0, 0xff,
    0xe3, 0x90, 0x9, 0xc4, 0xb1, 0x62, 0x68,

    /* U+0130 "İ" */
    0x3, 0xe3, 0x0, 0xa, 0x90, 0x0, 0xac, 0x41,
    0xff, 0xe6, 0x7a, 0xa, 0x60, 0x10, 0x60, 0xf,
    0xfe, 0x78, 0x83, 0x3, 0xd0, 0x53, 0x0,

    /* U+0131 "ı" */
    0xda, 0x0, 0xff, 0xe1, 0x0,

    /* U+0132 "Ĳ" */
    0x7f, 0xf9, 0x82, 0xf1, 0xe8, 0x29, 0x80, 0x30,
    0x83, 0x0, 0x7f, 0xf8, 0x44, 0x18, 0x3, 0x3d,
    0x5, 0x30, 0x4, 0xff, 0xf3, 0x3, 0xb8, 0x3,
    0x12, 0x19, 0x80, 0x21, 0xdb, 0x29, 0x0, 0x87,
    0x31, 0xa2,

    /* U+0133 "ĳ" */
    0xc9, 0x1, 0xe6, 0x4f, 0x1, 0x45, 0x86, 0x0,
    0x51, 0xed, 0x0, 0x3d, 0xc0, 0x3f, 0xfb, 0xdb,
    0x40, 0x10, 0x80, 0x12, 0x0, 0x80, 0x14, 0xec,
    0x80,

    /* U+0134 "Ĵ" */
    0x0, 0x9d, 0xc0, 0x19, 0xa6, 0x4c, 0x0, 0x38,
    0xdd, 0x41, 0x81, 0xf1, 0x9b, 0x8c, 0x2, 0xbc,
    0x0, 0xff, 0xfc, 0x3b, 0x80, 0x21, 0x43, 0x30,
    0x0, 0x7a, 0xca, 0x40, 0x3, 0x98, 0xd1, 0x0,
    0x0,

    /* U+0135 "ĵ" */
    0x4, 0xfe, 0x10, 0x3a, 0xb9, 0xc1, 0x2e, 0x47,
    0xc1, 0x10, 0x6d, 0x8, 0x7, 0xff, 0x88, 0xc0,
    0x6, 0xc5, 0xc0, 0x9, 0x92, 0x30, 0x0,

    /* U+0136 "Ķ" */
    0xad, 0x0, 0x9b, 0xd0, 0x3, 0x24, 0xc9, 0x0,
    0x23, 0xb7, 0x60, 0x8, 0x75, 0x60, 0x2, 0x3c,
    0x1b, 0x0, 0xc2, 0xc1, 0x40, 0x18, 0xae, 0x51,
    0x80, 0x39, 0x96, 0x48, 0x3, 0xac, 0x78, 0x3,
    0x86, 0x8d, 0xeb, 0x41, 0xd, 0x3d, 0xc0, 0x2a,
    0x50, 0xe, 0x23, 0x60, 0x8,

    /* U+0137 "ķ" */
    0xda, 0x0, 0xff, 0xe5, 0xcf, 0x10, 0x4, 0xed,
    0xa4, 0x6, 0xb1, 0x46, 0x0, 0x5a, 0x45, 0x0,
    0x8d, 0x12, 0x0, 0x96, 0xd2, 0x84, 0x3, 0x50,
    0xd8, 0x6, 0x1a, 0x56, 0xda, 0x24, 0x5f, 0x60,
    0x4, 0x68, 0x7, 0x25, 0x80, 0x40,

    /* U+0138 "ĸ" */
    0xdb, 0x0, 0x4f, 0x90, 0x4, 0xcc, 0xa2, 0x1,
    0x39, 0x75, 0x0, 0xe, 0x94, 0x0, 0x48, 0x64,
    0x80, 0x12, 0x6a, 0x50, 0x80, 0x6a, 0xb, 0x0,
    0xc3, 0x6a, 0xc0,

    /* U+0139 "Ĺ" */
    0x4, 0x71, 0x0, 0x8a, 0xc4, 0x40, 0x13, 0xe3,
    0x0, 0x65, 0x30, 0xe, 0xbd, 0x0, 0xff, 0xf5,
    0x9b, 0x36, 0x0, 0xc, 0xce, 0x10,

    /* U+013A "ĺ" */
    0x5, 0x70, 0x2a, 0x0, 0x4b, 0xb8, 0x2e, 0x0,
    0x1b, 0x40, 0x1f, 0xfd, 0xe0,

    /* U+013B "Ļ" */
    0xbd, 0x0, 0xff, 0xf5, 0x9b, 0x36, 0x0, 0xc,
    0xce, 0x1b, 0xfe, 0xaf, 0xf0, 0x80, 0x1e, 0xc0,
    0x3b, 0x20, 0x2,

    /* U+013C "ļ" */
    0xd, 0xa0, 0xf, 0xfe, 0x9f, 0x70, 0x23, 0x41,
    0x60,

    /* U+013D "Ľ" */
    0xbd, 0x0, 0x2f, 0x88, 0x6, 0xd6, 0x10, 0xd,
    0x70, 0x1, 0xc6, 0x20, 0x1f, 0xfd, 0x23, 0x66,
    0xc0, 0x1, 0x99, 0xc2,

    /* U+013E "ľ" */
    0xda, 0x6f, 0x0, 0xbd, 0xc0, 0x2a, 0x90, 0x8,
    0xc4, 0x3, 0xff, 0xb0,

    /* U+013F "Ŀ" */
    0xbd, 0x0, 0xff, 0xe8, 0x9f, 0x18, 0x6, 0x24,
    0x10, 0xc, 0x34, 0x40, 0x1f, 0xc6, 0xcd, 0x80,
    0x3, 0x33, 0x84,

    /* U+0140 "ŀ" */
    0xda, 0x0, 0xff, 0xe2, 0x43, 0x80, 0xb, 0x80,
    0x15, 0x20, 0x1f, 0xfc, 0x40,

    /* U+0141 "Ł" */
    0xa, 0xd0, 0xf, 0xfe, 0x61, 0x30, 0x7, 0x16,
    0xe0, 0x4, 0x88, 0x1b, 0xa0, 0x8, 0xc0, 0xd0,
    0x3, 0x3a, 0x0, 0x7e, 0x35, 0x5c, 0x1, 0xd,
    0x56, 0x10,

    /* U+0142 "ł" */
    0x0, 0x74, 0x80, 0x7f, 0xf1, 0xd5, 0x80, 0x23,
    0x10, 0xd1, 0x67, 0x9, 0x10, 0x9, 0x0, 0x3f,
    0xf8, 0x20,

    /* U+0143 "Ń" */
    0x0, 0xc3, 0x8, 0x1, 0xea, 0x34, 0x0, 0xe2,
    0xdb, 0x0, 0xf1, 0x30, 0x6, 0xaf, 0x70, 0xd,
    0xb0, 0x0, 0x81, 0x0, 0xf2, 0xd, 0x80, 0x78,
    0x6d, 0x50, 0x3, 0x85, 0x52, 0x40, 0x3e, 0x92,
    0x70, 0xf, 0x14, 0x40, 0x40, 0x3c, 0xe5, 0x60,
    0x1f, 0x72, 0x90, 0x7, 0x8d, 0x80, 0x0,

    /* U+0144 "ń" */
    0x0, 0x9b, 0xd4, 0x2, 0x28, 0xa5, 0x0, 0x8f,
    0x14, 0x1, 0xaf, 0x1b, 0xd2, 0x0, 0x83, 0xa6,
    0x68, 0xa, 0x96, 0xb, 0x1, 0xc0, 0x21, 0x10,
    0x7, 0xff, 0x40,

    /* U+0145 "Ņ" */
    0xaf, 0x70, 0xd, 0xb0, 0x0, 0x81, 0x0, 0xf2,
    0xd, 0x80, 0x78, 0x6d, 0x50, 0x3, 0x85, 0x52,
    0x40, 0x3e, 0x92, 0x70, 0xf, 0x14, 0x40, 0x40,
    0x3c, 0xe5, 0x60, 0x1f, 0x72, 0x90, 0x7, 0x8d,
    0x80, 0x15, 0x60, 0x5, 0x19, 0xf8, 0x0, 0x8e,
    0x80, 0x3e, 0x46, 0x10, 0x8,

    /* U+0146 "ņ" */
    0xd7, 0x9f, 0xe9, 0x0, 0x41, 0xd3, 0x34, 0x5,
    0x4b, 0x5, 0x80, 0xe0, 0x10, 0x88, 0x3, 0xff,
    0xa1, 0xb4, 0xa, 0x39, 0x60, 0x3, 0xa0, 0xe,
    0x47, 0x10, 0x0,

    /* U+0147 "Ň" */
    0x0, 0x39, 0x1, 0xb0, 0x6, 0x3c, 0x9d, 0x50,
    0xc, 0x94, 0x3a, 0x60, 0x1c, 0x90, 0x60, 0x15,
    0x7b, 0x80, 0x6d, 0x80, 0x4, 0x8, 0x7, 0x90,
    0x6c, 0x3, 0xc3, 0x6a, 0x80, 0x1c, 0x2a, 0x92,
    0x1, 0xf4, 0x93, 0x80, 0x78, 0xa2, 0x2, 0x1,
    0xe7, 0x2b, 0x0, 0xfb, 0x94, 0x80, 0x3c, 0x6c,
    0x0,

    /* U+0148 "ň" */
    0xc, 0x80, 0xaa, 0x0, 0x35, 0x78, 0x68, 0x0,
    0x39, 0xb4, 0x0, 0xd7, 0x8c, 0xf9, 0x0, 0x41,
    0xd3, 0x34, 0x5, 0x4b, 0x5, 0x80, 0xe0, 0x10,
    0x88, 0x3, 0xff, 0xa0,

    /* U+0149 "ŉ" */
    0x6f, 0x20, 0xf, 0x70, 0x90, 0x7, 0x91, 0xaa,
    0x57, 0x7e, 0xc5, 0xa8, 0x12, 0x84, 0x92, 0xe8,
    0x80, 0xaf, 0x34, 0xdc, 0x2, 0x14, 0x0, 0x29,
    0x80, 0x46, 0x1, 0xff, 0xd4,

    /* U+014A "Ŋ" */
    0xaf, 0x70, 0xd, 0xb0, 0x0, 0x82, 0x0, 0xf2,
    0xf, 0x80, 0x78, 0x68, 0xa0, 0x3, 0x85, 0x19,
    0xcc, 0x3, 0xd2, 0x5c, 0x1, 0xf7, 0x14, 0x0,
    0x78, 0xdd, 0xc6, 0x1, 0xe8, 0x21, 0x0, 0xfb,
    0x80, 0x15, 0x60, 0x18, 0xc7, 0xc0, 0x30, 0x89,
    0x84, 0x80, 0x33, 0xf4, 0xaa, 0x80, 0x33, 0x66,
    0xd0, 0x0,

    /* U+014B "ŋ" */
    0xd7, 0xae, 0xe4, 0x80, 0x20, 0xb6, 0x19, 0xc0,
    0xa0, 0xd8, 0xb4, 0x1c, 0x2, 0x11, 0x0, 0x7f,
    0xf4, 0x36, 0x80, 0x3f, 0x12, 0x99, 0x0, 0x4b,
    0x47, 0x0,

    /* U+014C "Ō" */
    0x0, 0xab, 0xfe, 0x90, 0xf, 0x5e, 0xed, 0x0,
    0x1e, 0x12, 0x28, 0x40, 0x38, 0xa7, 0xbf, 0xa4,
    0x40, 0x22, 0xc6, 0x64, 0xb3, 0x3c, 0x40, 0x12,
    0x3b, 0xd, 0x1a, 0x36, 0x0, 0x45, 0x20, 0x8,
    0x95, 0x40, 0x41, 0xa0, 0x1c, 0x40, 0x20, 0x1f,
    0xf1, 0x6, 0x80, 0x71, 0x0, 0x82, 0x29, 0x0,
    0x44, 0xaa, 0x0, 0x48, 0xe4, 0x34, 0x60, 0xd8,
    0x0, 0xb1, 0x1a, 0x59, 0xfc, 0x40,

    /* U+014D "ō" */
    0x0, 0x6f, 0xfc, 0xc0, 0x17, 0xee, 0xce, 0x1,
    0x56, 0x6f, 0x10, 0x2, 0x5e, 0x69, 0xf0, 0x81,
    0x9d, 0xcb, 0x61, 0x66, 0x1a, 0x1, 0x1a, 0x80,
    0x7e, 0x30, 0xd0, 0x8, 0xd4, 0x19, 0xdc, 0x96,
    0x16, 0x12, 0xf3, 0x6f, 0x64,

    /* U+014E "Ŏ" */
    0x0, 0x94, 0x80, 0x98, 0x3, 0xed, 0xfd, 0x30,
    0xf, 0x2f, 0xef, 0xa8, 0x7, 0xe2, 0x0, 0xf8,
    0xa7, 0xbf, 0xa4, 0x40, 0x22, 0xc6, 0x64, 0xb3,
    0x3c, 0x40, 0x12, 0x3b, 0xd, 0x1a, 0x36, 0x0,
    0x45, 0x20, 0x8, 0x95, 0x40, 0x41, 0xa0, 0x1c,
    0x40, 0x20, 0x1f, 0xf1, 0x6, 0x80, 0x71, 0x0,
    0x82, 0x29, 0x0, 0x44, 0xaa, 0x0, 0x48, 0xe4,
    0x34, 0x60, 0xd8, 0x0, 0xb1, 0x1a, 0x59, 0xfc,
    0x40,

    /* U+014F "ŏ" */
    0x0, 0x69, 0x4, 0x40, 0x2, 0xbd, 0xf5, 0x90,
    0x9, 0xbb, 0x74, 0x20, 0x14, 0x7e, 0xe1, 0x80,
    0x25, 0xe6, 0x9f, 0x8, 0x19, 0xdc, 0xb6, 0x16,
    0x61, 0xa0, 0x11, 0xa8, 0x7, 0xe3, 0xd, 0x0,
    0x8d, 0x41, 0x9d, 0xc9, 0x61, 0x61, 0x2f, 0x36,
    0xf6, 0x40,

    /* U+0150 "Ő" */
    0x0, 0x8f, 0xd6, 0xb4, 0x3, 0xdf, 0x2, 0x98,
    0x1, 0xc3, 0xe, 0xef, 0x10, 0xe, 0x14, 0x3,
    0x10, 0xf, 0x14, 0xf7, 0xf4, 0x88, 0x4, 0x58,
    0xcc, 0x96, 0x67, 0x88, 0x2, 0x47, 0x61, 0xa3,
    0x46, 0xc0, 0x8, 0xa4, 0x1, 0x12, 0xa8, 0x8,
    0x34, 0x3, 0x88, 0x4, 0x3, 0xfe, 0x20, 0xd0,
    0xe, 0x20, 0x10, 0x45, 0x20, 0x8, 0x95, 0x40,
    0x9, 0x1c, 0x86, 0x8c, 0x1b, 0x0, 0x16, 0x23,
    0x4b, 0x3f, 0x88, 0x0,

    /* U+0151 "ő" */
    0x0, 0x3f, 0x97, 0x50, 0x0, 0x66, 0xd4, 0xa8,
    0x0, 0x78, 0x87, 0x80, 0x11, 0x57, 0x5e, 0x18,
    0x2, 0x5e, 0x69, 0xf0, 0x81, 0x9d, 0xcb, 0x61,
    0x66, 0x1a, 0x1, 0x1a, 0x80, 0x7e, 0x30, 0xd0,
    0x8, 0xd4, 0x19, 0xdc, 0x96, 0x16, 0x12, 0xf3,
    0x6f, 0x64,

    /* U+0152 "Œ" */
    0x0, 0x15, 0x77, 0xff, 0xca, 0x5, 0xaa, 0x8e,
    0xc0, 0x8e, 0xf8, 0x24, 0x32, 0xa2, 0xc3, 0x62,
    0x22, 0x4, 0x53, 0x0, 0xe1, 0x18, 0x4, 0x34,
    0x3, 0xa7, 0xba, 0x10, 0xf, 0xcf, 0x77, 0x8,
    0x83, 0x80, 0x3b, 0x91, 0x20, 0x2, 0x31, 0x0,
    0x7f, 0xa4, 0x32, 0x19, 0x43, 0xd5, 0x61, 0x2,
    0xd4, 0x69, 0x80, 0x6a, 0xa9, 0x0,

    /* U+0153 "œ" */
    0x0, 0x4f, 0x7d, 0x92, 0x6f, 0xea, 0x0, 0x25,
    0xee, 0xc1, 0x96, 0xb8, 0xb6, 0x62, 0xd2, 0xa9,
    0x42, 0x50, 0x70, 0x36, 0x40, 0x60, 0x1, 0x11,
    0x7f, 0xc2, 0x40, 0x1f, 0x1e, 0xee, 0xb2, 0x3,
    0x0, 0x8, 0x88, 0xb8, 0x44, 0xd0, 0xcb, 0xa2,
    0x16, 0xaa, 0x83, 0x9, 0x78, 0xa7, 0xcd, 0x7a,
    0xa2, 0x8,

    /* U+0154 "Ŕ" */
    0x0, 0x86, 0x10, 0x3, 0xa8, 0xd4, 0x3, 0x16,
    0xd8, 0x80, 0x62, 0x60, 0xd, 0x7f, 0xf6, 0xb8,
    0x4, 0x35, 0x47, 0x87, 0x0, 0x1a, 0xaa, 0x8e,
    0xc0, 0x3e, 0x10, 0xc, 0x2c, 0x74, 0x0, 0x2f,
    0xe9, 0x87, 0x0, 0x16, 0x48, 0x8, 0x6, 0x36,
    0x59, 0x10, 0xe, 0xb1, 0xa0, 0xe, 0x18, 0x45,

    /* U+0155 "ŕ" */
    0x0, 0x2f, 0xa8, 0xd, 0xd2, 0x80, 0x31, 0x43,
    0x5d, 0x7a, 0x82, 0xea, 0x78, 0xf, 0x1d, 0x1,
    0x4, 0x3, 0xff, 0x94,

    /* U+0156 "Ŗ" */
    0xbf, 0xfb, 0x60, 0x2, 0x1a, 0xa2, 0xbc, 0x80,
    0xd, 0x55, 0x8, 0x80, 0xc, 0x28, 0x90, 0x0,
    0xbf, 0xad, 0xe4, 0x0, 0x59, 0x21, 0x80, 0x18,
    0xd8, 0xe4, 0x3, 0xd0, 0x4a, 0x1, 0xc8, 0x76,
    0x1, 0xe8, 0x16, 0xbd, 0x4, 0x34, 0xf6, 0x0,
    0xad, 0x80, 0x38, 0xcc, 0xa0, 0x10,

    /* U+0157 "ŗ" */
    0xd, 0x67, 0xea, 0x0, 0x5d, 0x4f, 0x0, 0xf,
    0x1d, 0x0, 0x8, 0x20, 0x1f, 0xfc, 0xfe, 0xe0,
    0x6, 0x8c, 0x0, 0xcb, 0x20, 0x10,

    /* U+0158 "Ř" */
    0x7, 0x20, 0x37, 0x0, 0x8f, 0x27, 0x50, 0x2,
    0x4a, 0x1d, 0x30, 0xc, 0x90, 0x60, 0x15, 0xff,
    0xda, 0xe0, 0x10, 0xd5, 0x1e, 0x1c, 0x0, 0x6a,
    0xaa, 0x3b, 0x0, 0xf8, 0x40, 0x30, 0xb1, 0xd0,
    0x0, 0xbf, 0xa6, 0x1c, 0x0, 0x59, 0x20, 0x20,
    0x18, 0xd9, 0x64, 0x40, 0x3a, 0xc6, 0x80, 0x38,
    0x61, 0x14,

    /* U+0159 "ř" */
    0xc, 0x80, 0xaa, 0x6, 0xaf, 0xd, 0x0, 0xe6,
    0xd0, 0x3, 0x5d, 0x3e, 0x80, 0x17, 0x53, 0xc0,
    0x3, 0xc7, 0x40, 0x2, 0x8, 0x7, 0xff, 0x38,

    /* U+015A "Ś" */
    0x0, 0xdb, 0xa0, 0xe, 0x73, 0xf0, 0xf, 0x61,
    0x0, 0x73, 0x90, 0x6, 0x2b, 0xef, 0xc7, 0x0,
    0x62, 0xc4, 0xa8, 0x0, 0x86, 0x19, 0x92, 0xe0,
    0x41, 0xa0, 0x1e, 0xb4, 0xe8, 0x10, 0x9, 0x3a,
    0x5b, 0x90, 0x2, 0x17, 0xe4, 0xa0, 0xf, 0x18,
    0x82, 0x53, 0xab, 0xb9, 0x1, 0x86, 0x6a, 0x5a,
    0xc0,

    /* U+015B "ś" */
    0x0, 0x97, 0xd4, 0x2, 0x1b, 0xa5, 0x0, 0xd8,
    0xa0, 0x13, 0x66, 0xf4, 0x81, 0x4a, 0xe5, 0xf0,
    0x8, 0x71, 0xab, 0x81, 0xb4, 0xea, 0x80, 0x53,
    0x8f, 0x56, 0x1, 0x1d, 0x4a, 0x11, 0xc2, 0x1e,
    0x1, 0xa, 0x5e, 0x35, 0x80,

    /* U+015C "Ŝ" */
    0x0, 0x17, 0xf0, 0x80, 0x6f, 0x64, 0xa0, 0x8,
    0xee, 0x6b, 0x4c, 0x0, 0x6c, 0x0, 0x63, 0x0,
    0x15, 0xf7, 0xe3, 0x80, 0x31, 0x62, 0x54, 0x0,
    0x43, 0xc, 0xc9, 0x70, 0x20, 0xd0, 0xf, 0x5a,
    0x74, 0x8, 0x4, 0x9d, 0x2d, 0xc8, 0x1, 0xb,
    0xf2, 0x50, 0x7, 0x8c, 0x41, 0x29, 0xd5, 0xdc,
    0x80, 0xc3, 0x35, 0x2d, 0x60,

    /* U+015D "ŝ" */
    0x0, 0x5f, 0xb8, 0x5, 0x2f, 0x72, 0xa0, 0xa,
    0xc4, 0xe6, 0x0, 0x2e, 0xff, 0x50, 0x14, 0xae,
    0x5f, 0x0, 0x87, 0x1a, 0xb8, 0x1b, 0x4e, 0xa8,
    0x5, 0x38, 0xf5, 0x60, 0x11, 0xd4, 0xa1, 0x1c,
    0x21, 0xe0, 0x10, 0xa5, 0xe3, 0x58, 0x0,

    /* U+015E "Ş" */
    0x2, 0xbe, 0xfc, 0x70, 0x6, 0x2c, 0x4a, 0x80,
    0x8, 0x61, 0x99, 0x2e, 0x4, 0x1a, 0x1, 0xeb,
    0x4e, 0x81, 0x0, 0x93, 0xa5, 0xb9, 0x0, 0x21,
    0x7e, 0x4a, 0x0, 0xf1, 0x88, 0x25, 0x3a, 0xbb,
    0x90, 0x18, 0x66, 0xa5, 0xac, 0xa, 0xfc, 0x76,
    0x40, 0x30, 0xd6, 0x0, 0x75, 0xd3, 0x0, 0x40,

    /* U+015F "ş" */
    0x6, 0xdf, 0xe9, 0x2, 0x95, 0xcb, 0xe0, 0x10,
    0xe3, 0x57, 0x3, 0x69, 0xd5, 0x0, 0xa7, 0x1e,
    0xac, 0x2, 0x3a, 0x94, 0x23, 0x84, 0x3c, 0x2,
    0x14, 0xbc, 0x6b, 0x2, 0xcb, 0x2d, 0x40, 0x9,
    0x17, 0x40, 0x37, 0x35, 0x0, 0x0,

    /* U+0160 "Š" */
    0x4, 0xe2, 0x3e, 0x40, 0x2, 0x4e, 0x6c, 0xa0,
    0x4, 0xf3, 0x27, 0x0, 0xe7, 0x70, 0x6, 0x2b,
    0xef, 0xc7, 0x0, 0x62, 0xc4, 0xa8, 0x0, 0x86,
    0x19, 0x92, 0xe0, 0x41, 0xa0, 0x1e, 0xb4, 0xe8,
    0x10, 0x9, 0x3a, 0x5b, 0x90, 0x2, 0x17, 0xe4,
    0xa0, 0xf, 0x18, 0x82, 0x53, 0xab, 0xb9, 0x1,
    0x86, 0x6a, 0x5a, 0xc0,

    /* U+0161 "š" */
    0xc, 0x80, 0xaa, 0x0, 0x35, 0x78, 0x68, 0x0,
    0x39, 0xb4, 0x1, 0x36, 0x63, 0xe4, 0xa, 0x57,
    0x2f, 0x80, 0x43, 0x8d, 0x5c, 0xd, 0xa7, 0x54,
    0x2, 0x9c, 0x7a, 0xb0, 0x8, 0xea, 0x50, 0x8e,
    0x10, 0xf0, 0x8, 0x52, 0xf1, 0xac, 0x0,

    /* U+0162 "Ţ" */
    0xdf, 0xff, 0x5c, 0xd5, 0x4, 0xea, 0x90, 0x8a,
    0xa3, 0x75, 0x51, 0x80, 0x7f, 0xfb, 0xdb, 0x0,
    0x3d, 0x52, 0x80, 0x19, 0xf8, 0x94, 0x0,

    /* U+0163 "ţ" */
    0x4, 0xc0, 0xd, 0xa0, 0x1a, 0x18, 0xff, 0xc1,
    0x46, 0x59, 0xa0, 0x4e, 0x26, 0x40, 0x1f, 0xfc,
    0x82, 0x35, 0x50, 0x2, 0xe, 0xa0, 0x0, 0x34,
    0x78, 0x1, 0x32, 0xd8, 0x0, 0xb9, 0xfc, 0x0,

    /* U+0164 "Ť" */
    0x3, 0x60, 0x3, 0x18, 0x0, 0xf2, 0xf3, 0x6,
    0x1, 0x56, 0x5d, 0x0, 0x73, 0xb8, 0x2, 0xdf,
    0xff, 0x5c, 0xd5, 0x4, 0xea, 0x90, 0x8a, 0xa3,
    0x75, 0x51, 0x80, 0x7f, 0xfb, 0x0,

    /* U+0165 "ť" */
    0x0, 0xe8, 0xd0, 0x16, 0x0, 0x1d, 0x83, 0x50,
    0x3, 0xda, 0x20, 0x7f, 0xe4, 0xa, 0x32, 0xcd,
    0x0, 0x13, 0x89, 0x90, 0x7, 0xff, 0x30, 0x8d,
    0x54, 0x1, 0x41, 0xd4, 0x0, 0x0,

    /* U+0166 "Ŧ" */
    0xdf, 0xff, 0x5c, 0xcc, 0x27, 0x32, 0xf4, 0x66,
    0x1b, 0xb3, 0x10, 0x3, 0xfb, 0x3c, 0x93, 0xe8,
    0x1, 0xd8, 0x27, 0x90, 0x0, 0x23, 0x33, 0x99,
    0x0, 0x7f, 0xf3, 0x40,

    /* U+0167 "ŧ" */
    0x4, 0xc0, 0xd, 0xa0, 0x1a, 0x18, 0xff, 0xc1,
    0x46, 0x59, 0xa0, 0x4e, 0x26, 0x41, 0x28, 0x7f,
    0x61, 0x8, 0x7b, 0x40, 0x20, 0x2, 0x10, 0x1,
    0x1a, 0xa8, 0x1, 0x67, 0x50, 0x0,

    /* U+0168 "Ũ" */
    0x3, 0xdf, 0xf9, 0xc0, 0x22, 0xfd, 0xd7, 0x38,
    0x4, 0x24, 0x50, 0x80, 0x59, 0x80, 0xc, 0xde,
    0x20, 0x1f, 0xfe, 0x17, 0x0, 0xe1, 0x0, 0x19,
    0x84, 0x2, 0xc1, 0x15, 0x6, 0x33, 0x29, 0x24,
    0xb, 0x5a, 0x25, 0xe5, 0xc0,

    /* U+0169 "ũ" */
    0x8, 0xe8, 0xd, 0x1, 0x5d, 0x4f, 0x50, 0x1c,
    0x3c, 0xe8, 0xf, 0x80, 0x0, 0xed, 0x0, 0x7f,
    0xf3, 0x8c, 0x4, 0xc0, 0x2, 0x20, 0x45, 0x43,
    0xb0, 0x5, 0xa5, 0xf1, 0x28, 0x0,

    /* U+016A "Ū" */
    0x0, 0x7f, 0xe4, 0x0, 0xdb, 0xb9, 0x0, 0x31,
    0x16, 0x0, 0xb3, 0x0, 0x19, 0xbc, 0x40, 0x3f,
    0xfc, 0x2e, 0x1, 0xc2, 0x0, 0x33, 0x8, 0x5,
    0x82, 0x2a, 0xc, 0x66, 0x52, 0x48, 0x16, 0xb4,
    0x4b, 0xcb, 0x80,

    /* U+016B "ū" */
    0xc, 0xff, 0xa0, 0x1, 0xdb, 0xb4, 0x87, 0xd9,
    0x15, 0x94, 0x1, 0xff, 0xce, 0x30, 0x13, 0x0,
    0x8, 0x81, 0x15, 0xe, 0xc0, 0x16, 0x97, 0xc4,
    0xa0,

    /* U+016C "Ŭ" */
    0x0, 0x38, 0x1, 0xc, 0x3, 0x6f, 0xfa, 0x48,
    0x3, 0x57, 0x6e, 0x84, 0x3, 0x84, 0x80, 0x36,
    0x60, 0x3, 0x37, 0x88, 0x7, 0xff, 0x85, 0xc0,
    0x38, 0x40, 0x6, 0x61, 0x0, 0xb0, 0x45, 0x41,
    0x8c, 0xca, 0x49, 0x2, 0xd6, 0x89, 0x79, 0x70,

    /* U+016D "ŭ" */
    0xc, 0x30, 0x6a, 0x0, 0x46, 0x7c, 0x40, 0x0,
    0x9f, 0xbc, 0x41, 0xf2, 0x4, 0x1b, 0x40, 0x1f,
    0xfc, 0xe3, 0x1, 0x30, 0x0, 0x88, 0x11, 0x50,
    0xec, 0x1, 0x69, 0x7c, 0x4a, 0x0,

    /* U+016E "Ů" */
    0x0, 0xaf, 0x8, 0x3, 0x98, 0xe2, 0x0, 0x1e,
    0xf0, 0xf, 0x9f, 0x22, 0x0, 0x1c, 0x37, 0x84,
    0x1, 0x66, 0x0, 0x33, 0x78, 0x80, 0x7f, 0xf8,
    0x5c, 0x3, 0x84, 0x0, 0x66, 0x10, 0xb, 0x4,
    0x54, 0x18, 0xcc, 0xa4, 0x90, 0x2d, 0x68, 0x97,
    0x97, 0x0,

    /* U+016F "ů" */
    0x0, 0x56, 0x38, 0x4, 0x43, 0x92, 0x1, 0x10,
    0xe4, 0x80, 0x6a, 0xc7, 0x0, 0x7c, 0x80, 0x5b,
    0x40, 0x1f, 0xfc, 0xe3, 0x1, 0x30, 0x0, 0x88,
    0x11, 0x50, 0xec, 0x1, 0x69, 0x7c, 0x4a, 0x0,

    /* U+0170 "Ű" */
    0x0, 0x4f, 0x17, 0x40, 0x4, 0x4f, 0xb6, 0x90,
    0x1, 0xb0, 0xf6, 0x80, 0x31, 0x10, 0x10, 0x3,
    0x66, 0x0, 0x33, 0x78, 0x80, 0x7f, 0xf8, 0x5c,
    0x3, 0x84, 0x0, 0x66, 0x10, 0xb, 0x4, 0x54,
    0x18, 0xcc, 0xa4, 0x90, 0x2d, 0x68, 0x97, 0x97,
    0x0,

    /* U+0171 "ű" */
    0x5, 0xf3, 0xcb, 0x0, 0x45, 0x30, 0xd0, 0xf,
    0x2b, 0x60, 0x87, 0x50, 0x18, 0xed, 0x0, 0x7f,
    0xf3, 0x8c, 0x4, 0xc0, 0x2, 0x20, 0x45, 0x43,
    0xb0, 0x5, 0xa5, 0xf1, 0x28, 0x0,

    /* U+0172 "Ų" */
    0xcc, 0x0, 0x66, 0xf1, 0x0, 0xff, 0xf0, 0xb8,
    0x7, 0x8, 0x0, 0xcc, 0x20, 0x16, 0x8, 0xa8,
    0x31, 0x99, 0x49, 0x0, 0x5a, 0xd1, 0x2a, 0xec,
    0x0, 0x2b, 0xec, 0x28, 0x0, 0xf2, 0x30, 0x7,
    0xc8, 0xba, 0x0,

    /* U+0173 "ų" */
    0xf9, 0x0, 0xb6, 0x80, 0x3f, 0xf9, 0xc6, 0x2,
    0x60, 0x1, 0x10, 0x22, 0xa1, 0xd8, 0x2, 0xd2,
    0xf8, 0x8c, 0x6, 0xff, 0x6c, 0x28, 0x3, 0x4a,
    0x0, 0x76, 0x3d, 0x0,

    /* U+0174 "Ŵ" */
    0x0, 0xe3, 0x84, 0x0, 0xff, 0x16, 0x8d, 0x18,
    0x7, 0xf2, 0x6c, 0xe2, 0x0, 0x7f, 0x31, 0x81,
    0x38, 0x7, 0x66, 0x0, 0x25, 0xf7, 0x0, 0xa7,
    0x82, 0xcc, 0x2, 0xf0, 0xc0, 0x9, 0x10, 0x8,
    0x8, 0x0, 0x44, 0x80, 0x2, 0x58, 0x6, 0x18,
    0x6, 0x30, 0xa, 0x8, 0x8, 0x0, 0x44, 0x2,
    0x9, 0x9b, 0x3, 0x8, 0x80, 0xc, 0x30, 0xb7,
    0xb, 0x70, 0x44, 0x0, 0x4a, 0x8, 0x78, 0x8,
    0x28, 0x58, 0x1, 0x10, 0xf8, 0x20, 0x18, 0xf8,
    0x20, 0x6, 0x44, 0x18, 0x80, 0x1d, 0x8, 0x40,
    0x36, 0x5, 0x80, 0x58, 0xa, 0x1, 0x0,

    /* U+0175 "ŵ" */
    0x0, 0xcf, 0xf8, 0x1, 0xf9, 0xab, 0x1a, 0x80,
    0x3e, 0x7d, 0x3a, 0xb0, 0xd, 0x78, 0x2, 0x9f,
    0x22, 0xf, 0xe1, 0x86, 0x0, 0xd1, 0x40, 0x6,
    0x20, 0x20, 0x20, 0x24, 0x91, 0x1, 0x30, 0xc,
    0x70, 0x88, 0xa2, 0x86, 0x8, 0x0, 0x43, 0x41,
    0x27, 0xc4, 0x3, 0x0, 0x62, 0xe3, 0x86, 0x26,
    0xa0, 0x4, 0x82, 0x98, 0x8, 0x2b, 0xa0, 0x11,
    0x8, 0x94, 0x4, 0xc1, 0x0, 0x0,

    /* U+0176 "Ŷ" */
    0x0, 0x9d, 0xc0, 0x1e, 0x8a, 0xca, 0x0, 0xc5,
    0xfb, 0x78, 0x60, 0x11, 0x38, 0x1, 0x8c, 0x1,
    0x7c, 0x1, 0xaf, 0x42, 0x5, 0x80, 0x6, 0x90,
    0x6, 0xb0, 0x0, 0x83, 0x50, 0x4, 0xb, 0x1a,
    0x40, 0x4, 0x4d, 0x70, 0x88, 0x0, 0xd0, 0x49,
    0x0, 0x1c, 0x28, 0x46, 0x1, 0xff, 0xd2,

    /* U+0177 "ŷ" */
    0x0, 0x3f, 0xe0, 0x6, 0x5a, 0xc6, 0xb0, 0x9,
    0x34, 0xea, 0x80, 0xc, 0xd0, 0x9, 0x3c, 0xe8,
    0xc8, 0x1, 0xc4, 0x6c, 0xa, 0x2, 0x94, 0x0,
    0x6a, 0x7, 0x6, 0x0, 0x51, 0x1e, 0xa0, 0x80,
    0xc, 0xd4, 0x9c, 0x1, 0xa9, 0x85, 0x40, 0x33,
    0x83, 0x80, 0x72, 0x5, 0x0, 0x46, 0xb6, 0x86,
    0x1, 0x45, 0x2d, 0x0, 0x60,

    /* U+0178 "Ÿ" */
    0x0, 0x6a, 0x97, 0x8, 0x6, 0xb7, 0x29, 0x10,
    0xc, 0xc4, 0xe, 0x1, 0x5f, 0x0, 0x6b, 0xd0,
    0x81, 0x60, 0x1, 0xa4, 0x1, 0xac, 0x0, 0x20,
    0xd4, 0x1, 0x2, 0xc6, 0x90, 0x1, 0x13, 0x5c,
    0x22, 0x0, 0x34, 0x12, 0x40, 0x7, 0xa, 0x11,
    0x80, 0x7f, 0xf4, 0x80,

    /* U+0179 "Ź" */
    0x0, 0xca, 0xe2, 0x1, 0x8e, 0x84, 0x40, 0x19,
    0x71, 0x80, 0x39, 0x8c, 0x2, 0x6f, 0xff, 0x32,
    0x55, 0x63, 0x4, 0x25, 0x59, 0x8e, 0x8, 0x3,
    0x71, 0xb8, 0x6, 0x82, 0xe0, 0xc, 0x6f, 0x24,
    0x1, 0xb9, 0x18, 0x3, 0x49, 0x48, 0x6, 0x46,
    0x47, 0x55, 0x8f, 0x1, 0x2a, 0xb5, 0x80,

    /* U+017A "ź" */
    0x0, 0x9b, 0xd0, 0x2, 0x28, 0xb4, 0x0, 0x8f,
    0xd0, 0x0, 0x9f, 0xdc, 0xff, 0x2, 0x66, 0x42,
    0x60, 0x3, 0x32, 0xf, 0x0, 0x45, 0x10, 0x20,
    0xb, 0x8d, 0xc0, 0x27, 0x3e, 0x0, 0x8a, 0x18,
    0x4c, 0xc0, 0xa0, 0xd9, 0x91, 0x0,

    /* U+017B "Ż" */
    0x0, 0xa7, 0x0, 0x3d, 0xe8, 0x1, 0xe6, 0x80,
    0x9, 0xbf, 0xfc, 0xc9, 0x55, 0x8c, 0x10, 0x95,
    0x66, 0x38, 0x20, 0xd, 0xc6, 0xe0, 0x1a, 0xb,
    0x80, 0x31, 0xbc, 0x90, 0x6, 0xe4, 0x60, 0xd,
    0x25, 0x20, 0x19, 0x19, 0x1d, 0x56, 0x3c, 0x4,
    0xaa, 0xd6,

    /* U+017C "ż" */
    0x0, 0x2f, 0x8, 0x6, 0x64, 0x10, 0xc, 0x74,
    0x1, 0x27, 0xff, 0x2, 0x66, 0x42, 0x60, 0x3,
    0x32, 0xf, 0x0, 0x45, 0x10, 0x20, 0xb, 0x8d,
    0xc0, 0x27, 0x3e, 0x0, 0x8a, 0x18, 0x4c, 0xc0,
    0xa0, 0xd9, 0x91, 0x0,

    /* U+017D "Ž" */
    0x2, 0x60, 0x3, 0x20, 0x0, 0xbf, 0x2f, 0x50,
    0x2, 0x9b, 0xcb, 0x0, 0xe7, 0x70, 0x4, 0xdf,
    0xfe, 0x64, 0xaa, 0xc6, 0x8, 0x4a, 0xb3, 0x1c,
    0x10, 0x6, 0xe3, 0x70, 0xd, 0x5, 0xc0, 0x18,
    0xde, 0x48, 0x3, 0x72, 0x30, 0x6, 0x92, 0x90,
    0xc, 0x8c, 0x8e, 0xab, 0x1e, 0x2, 0x55, 0x6b,

    /* U+017E "ž" */
    0xc, 0x81, 0xb9, 0x0, 0x6a, 0xf0, 0xc8, 0x0,
    0x77, 0x54, 0x0, 0x4f, 0xf6, 0xff, 0x81, 0x33,
    0x21, 0x30, 0x1, 0x99, 0x7, 0x80, 0x22, 0x88,
    0x10, 0x5, 0xc6, 0xe0, 0x13, 0x9f, 0x0, 0x45,
    0xc, 0x26, 0x60, 0x50, 0x6c, 0xc8, 0x80,

    /* U+017F "ſ" */
    0x1b, 0xfe, 0x1b, 0x5a, 0xb1, 0x74, 0x55, 0x0,
    0x7f, 0xf7, 0x40,

    /* U+0180 "ƀ" */
    0xd, 0xa0, 0xe, 0xd2, 0x5f, 0xf3, 0x0, 0x3c,
    0x93, 0x74, 0xc0, 0x2, 0x1, 0xbd, 0xe7, 0x0,
    0x94, 0xe9, 0xe1, 0x80, 0x5, 0x4b, 0x25, 0x40,
    0x6, 0x0, 0x90, 0xc0, 0x3c, 0x62, 0x0, 0x50,
    0x9, 0xc8, 0x0, 0x34, 0xb2, 0x54, 0x0, 0x93,
    0xa7, 0x86,

    /* U+0181 "Ɓ" */
    0x5e, 0xff, 0xdd, 0x8a, 0x10, 0xac, 0x13, 0x50,
    0x14, 0x6b, 0xfe, 0x4, 0x56, 0xf0, 0x68, 0x40,
    0x8, 0x4a, 0x81, 0x0, 0x36, 0xf6, 0xbd, 0x88,
    0x6, 0xab, 0xa5, 0xb3, 0x0, 0xce, 0x8b, 0x61,
    0x20, 0x1f, 0xfc, 0x24, 0x56, 0xb0, 0xf0, 0xd,
    0x35, 0x2f, 0x4a,

    /* U+0182 "Ƃ" */
    0xaf, 0xfe, 0x60, 0x0, 0xd5, 0x64, 0x0, 0x1a,
    0xae, 0x20, 0x8, 0x40, 0x3c, 0x5d, 0xfd, 0x22,
    0x0, 0x1b, 0xb4, 0xb5, 0x80, 0xd, 0x10, 0xec,
    0xa0, 0x1e, 0x31, 0x0, 0x1a, 0xaa, 0x55, 0xc0,
    0x3, 0x54, 0x76, 0x90,

    /* U+0183 "ƃ" */
    0xdf, 0xfe, 0x30, 0x4b, 0xbc, 0x60, 0x28, 0x98,
    0x2, 0x9f, 0xe7, 0x0, 0x29, 0xd3, 0xc3, 0x1,
    0x52, 0xc9, 0x50, 0x30, 0x4, 0x86, 0x1, 0xc6,
    0x20, 0xa0, 0x13, 0x90, 0xd, 0x2c, 0x95, 0x4,
    0x9d, 0x3c, 0x30,

    /* U+0184 "Ƅ" */
    0xcc, 0x0, 0x7f, 0xf3, 0x4, 0x40, 0x1c, 0x7d,
    0xcf, 0xb2, 0x0, 0x15, 0xda, 0x57, 0x0, 0x2,
    0x88, 0x6b, 0x14, 0x71, 0x0, 0xe7, 0xd2, 0xa6,
    0x7b, 0x23, 0x68, 0x79, 0x92, 0xf8, 0x0,

    /* U+0185 "ƅ" */
    0xea, 0x0, 0xff, 0xe0, 0x98, 0x7, 0xd3, 0xfc,
    0xe0, 0x6, 0xa, 0x78, 0x50, 0x29, 0x59, 0x2e,
    0x7, 0x0, 0x9d, 0x4c, 0x3, 0xce, 0x80, 0x13,
    0x94, 0x8d, 0x2c, 0x94, 0x9d, 0xb5, 0x25, 0x28,

    /* U+0186 "Ɔ" */
    0x3b, 0xef, 0xe9, 0x10, 0x0, 0x84, 0xc9, 0xdb,
    0xc4, 0xa, 0xdd, 0xa6, 0xc6, 0x0, 0x3c, 0x86,
    0xe0, 0x1f, 0x28, 0x80, 0x7f, 0xf1, 0x14, 0x80,
    0x3c, 0xa6, 0xa0, 0x32, 0xcc, 0x9a, 0x28, 0x0,
    0x14, 0x4a, 0x3e, 0x80, 0x0,

    /* U+0187 "Ƈ" */
    0x0, 0xff, 0xe2, 0x9f, 0x58, 0x7, 0xd0, 0x9e,
    0x1, 0xf3, 0x62, 0x0, 0x6, 0x37, 0xf8, 0x8c,
    0x0, 0x38, 0xe9, 0x2c, 0x6a, 0x0, 0x82, 0xb9,
    0x68, 0xc0, 0x9, 0x91, 0x0, 0x1e, 0x10, 0x30,
    0xf, 0xef, 0x0, 0xf8, 0x43, 0x40, 0x3f, 0x2a,
    0x8c, 0x3, 0xe8, 0x1c, 0x86, 0x7a, 0x0, 0x8b,
    0x15, 0xa6, 0x42, 0x0,

    /* U+0188 "ƈ" */
    0x0, 0xe5, 0xeb, 0x0, 0xe9, 0x5f, 0x0, 0xe1,
    0xd4, 0x0, 0x47, 0x79, 0x18, 0x2, 0x9d, 0xa5,
    0x94, 0x5, 0x5e, 0x1a, 0x40, 0x4, 0x1a, 0x1,
    0xff, 0xc1, 0x20, 0xd0, 0xe, 0x15, 0x77, 0x2c,
    0x18, 0x2, 0x9a, 0x69, 0x44, 0x0,

    /* U+0189 "Ɖ" */
    0x9, 0xff, 0xba, 0x88, 0x3, 0xd, 0x51, 0x93,
    0x50, 0x3, 0x2a, 0xa3, 0xc6, 0x80, 0x6, 0x2,
    0x20, 0x18, 0x13, 0xa5, 0x1e, 0xe1, 0x81, 0x3,
    0x42, 0xd, 0xd8, 0xc0, 0x31, 0x10, 0x11, 0x0,
    0x3, 0x6, 0x0, 0xf0, 0xc9, 0x18, 0x0, 0x55,
    0xa7, 0x87, 0x80, 0x35, 0x4a, 0x36, 0x98, 0x0,

    /* U+018A "Ɗ" */
    0x4e, 0xff, 0xdd, 0x6a, 0x0, 0x82, 0x60, 0x9a,
    0x97, 0xa8, 0x5, 0x9f, 0x4, 0x57, 0xc5, 0x73,
    0x95, 0x0, 0xf5, 0x85, 0x80, 0x7e, 0x10, 0x20,
    0xf, 0xfe, 0x39, 0x1, 0x0, 0x7e, 0x90, 0xa0,
    0xc, 0x8b, 0x1a, 0x90, 0x40, 0x1a, 0x69, 0x99,
    0x6e, 0x0,

    /* U+018B "Ƌ" */
    0xa, 0xff, 0xe6, 0x9, 0xaa, 0xa0, 0x2, 0x35,
    0x5c, 0x1, 0xf0, 0x80, 0x43, 0x5f, 0xec, 0x0,
    0xb1, 0x22, 0xe8, 0x0, 0x65, 0x6e, 0x8e, 0x1,
    0xfe, 0x31, 0xb7, 0x54, 0x0, 0xb1, 0x66, 0xa4,
    0x0,

    /* U+018C "ƌ" */
    0x8, 0xff, 0xe8, 0xa, 0xbb, 0xc0, 0x11, 0x22,
    0x60, 0x8, 0x6b, 0xf9, 0x44, 0x1, 0x6b, 0x17,
    0x22, 0x2, 0xae, 0xe5, 0xe0, 0x1, 0x6, 0x80,
    0x8, 0x3, 0x8, 0x7, 0x10, 0x60, 0x0, 0x40,
    0x2, 0x8e, 0xcb, 0xa0, 0x15, 0x2c, 0xdc, 0x98,
    0x0,

    /* U+018D "ƍ" */
    0x0, 0x3e, 0xfe, 0xb0, 0x2, 0x20, 0xb6, 0x92,
    0xc0, 0xcc, 0x84, 0x93, 0xb0, 0x1e, 0x0, 0x94,
    0xc0, 0x74, 0x2, 0x55, 0x4, 0x2b, 0x4, 0x1c,
    0x3, 0x4c, 0xbd, 0x70, 0xc0, 0xd, 0xa8, 0x4e,
    0x1, 0x8a, 0xcf, 0xc0, 0xf, 0x4a, 0xa2, 0x20,
    0x1, 0x6, 0xa8, 0x90, 0x0,

    /* U+018E "Ǝ" */
    0x2f, 0xfe, 0x72, 0xaa, 0xc0, 0x12, 0xae, 0x0,
    0xc2, 0x30, 0x5, 0xdd, 0x80, 0x2d, 0xbb, 0x80,
    0x23, 0x44, 0x80, 0x3f, 0xca, 0xb3, 0x0, 0xa,
    0xaa, 0x90, 0x0,

    /* U+018F "Ə" */
    0x2, 0xae, 0xff, 0x63, 0x0, 0x48, 0xd, 0x32,
    0x69, 0x90, 0x1, 0xaa, 0x19, 0x95, 0x6c, 0x80,
    0x23, 0xe5, 0x1d, 0x1e, 0xef, 0x85, 0x44, 0x16,
    0xef, 0x84, 0x0, 0x40, 0x89, 0xc2, 0xc0, 0x8a,
    0x20, 0x14, 0x7, 0x84, 0xe, 0x3b, 0x53, 0xa2,
    0x80, 0xe3, 0xcc, 0x9e, 0x2c, 0x0,

    /* U+0190 "Ɛ" */
    0x0, 0x4f, 0x7f, 0x49, 0x4, 0xb4, 0xdc, 0x15,
    0x2, 0xa3, 0xa3, 0x5c, 0x5, 0xa3, 0x8, 0x6,
    0x78, 0x9e, 0xfa, 0x0, 0x54, 0x3d, 0xe4, 0x1,
    0x2c, 0xc2, 0x19, 0x0, 0x80, 0x7c, 0x65, 0x2e,
    0x8b, 0x16, 0x18, 0xb3, 0x76, 0x4c,

    /* U+0191 "Ƒ" */
    0x0, 0x8b, 0xff, 0x8c, 0x3, 0x9a, 0xaa, 0x20,
    0xe, 0xf4, 0x48, 0x40, 0x3a, 0x7b, 0x9e, 0x1,
    0xe7, 0xbb, 0x68, 0x7, 0xb5, 0x10, 0x60, 0x1f,
    0xfd, 0x41, 0x0, 0xfc, 0x7c, 0x40, 0x1, 0x0,
    0xc4, 0x17, 0x60, 0x50, 0xc, 0x30, 0xee, 0x91,
    0x0, 0xc0,

    /* U+0192 "ƒ" */
    0x0, 0xcd, 0xdf, 0x20, 0x10, 0xca, 0x5d, 0x0,
    0x44, 0x12, 0x86, 0x0, 0x5d, 0xc, 0xf1, 0x0,
    0x24, 0x5, 0x60, 0x80, 0x4, 0x81, 0x8c, 0x3,
    0xff, 0xbd, 0x42, 0x1, 0xe5, 0x9d, 0x2, 0x0,
    0xa5, 0x9e, 0x44, 0x0,

    /* U+0193 "Ɠ" */
    0x0, 0xff, 0xe3, 0xc7, 0xb0, 0x7, 0xc2, 0xf2,
    0x80, 0x1f, 0x10, 0x31, 0x0, 0x4f, 0x9f, 0xed,
    0x0, 0xec, 0x86, 0x89, 0x68, 0x0, 0xa4, 0xea,
    0x8e, 0xd0, 0xe0, 0x13, 0x22, 0x80, 0x4, 0x60,
    0x0, 0x81, 0x80, 0x1f, 0xba, 0x20, 0x30, 0xf0,
    0x3, 0x5b, 0x80, 0x44, 0x1a, 0x0, 0x14, 0xe0,
    0xc, 0xaa, 0x30, 0xf, 0xd0, 0x39, 0x2c, 0xcd,
    0x0, 0xc5, 0xec, 0xf3, 0x26, 0x61, 0x0,

    /* U+0194 "Ɣ" */
    0xcc, 0x0, 0x67, 0xf1, 0xa3, 0x20, 0xa, 0x90,
    0x58, 0x28, 0x0, 0x85, 0xe0, 0x6, 0x60, 0x3,
    0x89, 0x0, 0x16, 0x2a, 0x2b, 0x40, 0x11, 0x1f,
    0x30, 0x30, 0x6, 0x94, 0xa6, 0x10, 0xc, 0xa2,
    0x54, 0x1, 0xe3, 0x2, 0x0, 0xe3, 0x22, 0x30,
    0x7, 0x5a, 0x56, 0x0, 0x79, 0xf9, 0xc0, 0x3a,
    0x85, 0xe0, 0x2,

    /* U+0195 "ƕ" */
    0xda, 0x0, 0xff, 0xec, 0x4f, 0xf3, 0x80, 0x4b,
    0xe6, 0xa, 0x14, 0xb0, 0x40, 0x1e, 0x29, 0x59,
    0x4, 0x0, 0xf3, 0x0, 0xc, 0x3, 0xf0, 0x80,
    0x7f, 0x8, 0x6, 0x10, 0xe0, 0x1, 0x1, 0x80,
    0x71, 0xb3, 0x16, 0x48, 0x40, 0x3b, 0x96, 0x29,
    0x7c, 0x0,

    /* U+0196 "Ɩ" */
    0xcc, 0x0, 0x7f, 0xf3, 0x9c, 0x2, 0x13, 0x76,
    0x83, 0x8b,

    /* U+0197 "Ɨ" */
    0x6f, 0xf9, 0x99, 0x41, 0x6c, 0x2, 0x1, 0x84,
    0x2, 0x8a, 0xb, 0x8a, 0x80, 0x8a, 0x23, 0x3,
    0x20, 0xf, 0x10, 0x10, 0x3c, 0x84, 0xb0,

    /* U+0198 "Ƙ" */
    0xad, 0x0, 0x9b, 0xe4, 0x3, 0x2c, 0xbd, 0x0,
    0x45, 0x4f, 0x6, 0x0, 0x1f, 0x48, 0x0, 0xd4,
    0x54, 0x1, 0x89, 0xc2, 0xc0, 0x30, 0xe4, 0xaa,
    0x80, 0x23, 0x6, 0x5a, 0x20, 0xe, 0xb1, 0xe0,
    0xe, 0x1a, 0x37,

    /* U+0199 "ƙ" */
    0x4e, 0xe0, 0x6, 0x83, 0xb0, 0xc, 0x2e, 0xa0,
    0x1f, 0xab, 0x88, 0x2, 0x85, 0xd2, 0x0, 0x33,
    0xd1, 0x80, 0x1a, 0x51, 0x40, 0x23, 0x44, 0x80,
    0x25, 0xb3, 0xa1, 0x0, 0xdc, 0x36, 0x1, 0x8a,
    0x55, 0x80,

    /* U+019A "ƚ" */
    0xc, 0xb0, 0xf, 0xfe, 0x2e, 0x1a, 0x5f, 0x12,
    0x51, 0x8, 0x8, 0x7, 0xff, 0x0,

    /* U+019B "ƛ" */
    0x4, 0xfd, 0x30, 0xe, 0x5a, 0xd, 0xd3, 0x80,
    0x43, 0xe0, 0x34, 0xe0, 0x1a, 0xb4, 0x70, 0x3,
    0xc8, 0x28, 0x20, 0x1d, 0xe8, 0xe, 0x1, 0x89,
    0x39, 0x28, 0x3, 0x50, 0xaf, 0x19, 0x0, 0x4c,
    0xc0, 0x50, 0x50, 0x3, 0xd, 0x0, 0x16, 0x50,
    0x2d, 0x8, 0x1, 0x1, 0x20,

    /* U+019C "Ɯ" */
    0xcc, 0x0, 0x53, 0xc0, 0x13, 0x78, 0x80, 0x7f,
    0xfe, 0x8c, 0x3, 0x8, 0x1, 0xc4, 0x2, 0x71,
    0x0, 0xb0, 0x1, 0x85, 0x2b, 0x40, 0xa, 0x59,
    0x50, 0x3, 0xab, 0xd0, 0x63, 0xa5, 0x1e, 0x80,
    0x0,

    /* U+019D "Ɲ" */
    0x0, 0x57, 0xb8, 0x6, 0xd8, 0x0, 0xd0, 0x20,
    0x1f, 0x90, 0x6c, 0x3, 0xf0, 0xda, 0xa0, 0x7,
    0xc2, 0xa9, 0x20, 0x1f, 0xd2, 0x4e, 0x1, 0xf8,
    0xa2, 0x2, 0x1, 0xf9, 0xca, 0xc0, 0x3f, 0xb9,
    0x48, 0x3, 0xf1, 0xb0, 0x7, 0xfa, 0x7e, 0x5,
    0x90, 0x80, 0x3e, 0x39, 0x3b, 0x0, 0xf8,

    /* U+019E "ƞ" */
    0xd7, 0xae, 0xe4, 0x0, 0x20, 0xb6, 0x5d, 0x40,
    0xa0, 0xdc, 0x34, 0x1c, 0x2, 0x11, 0x0, 0x7f,
    0xf4, 0x36, 0x80, 0x3f, 0xf8, 0xe0,

    /* U+019F "Ɵ" */
    0x0, 0x14, 0xf7, 0xf4, 0x88, 0x4, 0x58, 0xf3,
    0x52, 0xfe, 0x20, 0x9, 0xf, 0x75, 0x7f, 0xb,
    0x0, 0x23, 0x8, 0x4, 0x2e, 0xa0, 0x40, 0xff,
    0xfc, 0xc0, 0x20, 0x6, 0xcc, 0xe6, 0x0, 0x10,
    0x19, 0xfc, 0x2, 0x8, 0xa4, 0x1, 0x12, 0xa8,
    0x1, 0x23, 0x90, 0xb1, 0xa3, 0x60, 0x2, 0xc4,
    0x6a, 0x66, 0x78, 0x80,

    /* U+01A0 "Ơ" */
    0x0, 0xfe, 0x3f, 0x60, 0x1, 0x4f, 0x7f, 0x48,
    0xb0, 0x38, 0x16, 0x3b, 0x4b, 0x33, 0xe1, 0x84,
    0x24, 0x72, 0x1a, 0x34, 0x5a, 0x40, 0x8, 0xa4,
    0x1, 0x12, 0x20, 0x0, 0x41, 0xa0, 0x1c, 0x60,
    0x20, 0x1f, 0xfc, 0x12, 0xd, 0x0, 0xe2, 0x1,
    0x0, 0x22, 0x90, 0x4, 0x4a, 0xa0, 0xa, 0x47,
    0x21, 0xa3, 0x6, 0xc0, 0x22, 0xc4, 0x69, 0x67,
    0xf1, 0x0, 0x0,

    /* U+01A1 "ơ" */
    0x0, 0xf9, 0xbc, 0xc0, 0x11, 0xdf, 0x87, 0x84,
    0x61, 0x2f, 0x34, 0xf8, 0xfe, 0x0, 0x67, 0x72,
    0xd8, 0x21, 0x1, 0x86, 0x80, 0x46, 0xa0, 0x1f,
    0xfc, 0x3, 0xd, 0x0, 0x8d, 0x40, 0x26, 0x77,
    0x2d, 0x85, 0x80, 0x52, 0xf3, 0x4f, 0x64, 0x0,

    /* U+01A2 "Ƣ" */
    0x0, 0x15, 0x77, 0xeb, 0x84, 0x77, 0xd9, 0x0,
    0xb, 0x51, 0xa5, 0xe3, 0x92, 0x20, 0x92, 0x0,
    0x90, 0xc8, 0x6a, 0x81, 0xf6, 0x76, 0x40, 0x2,
    0x29, 0x0, 0x4c, 0x14, 0x0, 0x10, 0x0, 0x81,
    0x0, 0x61, 0x11, 0x0, 0x7f, 0xf2, 0x4, 0x8,
    0x3, 0x8, 0x88, 0x3, 0xc8, 0xa4, 0x1, 0x30,
    0x68, 0x7, 0xa4, 0x31, 0xda, 0x61, 0x10, 0x1,
    0xe2, 0xd4, 0x99, 0x24, 0x58, 0x7, 0x80,

    /* U+01A3 "ƣ" */
    0x0, 0x4f, 0x7d, 0x95, 0xfe, 0xa0, 0x2, 0x5a,
    0x29, 0xb4, 0xe8, 0x24, 0x0, 0xd0, 0xcb, 0x21,
    0x8b, 0x44, 0x6, 0x6, 0x0, 0x50, 0x20, 0x10,
    0x10, 0xf, 0xfe, 0x1, 0x1, 0x80, 0x14, 0x14,
    0x3, 0xa, 0xc3, 0x2c, 0x99, 0x80, 0x3a, 0x9a,
    0x29, 0xb4, 0x3, 0xe9, 0xef, 0xb1, 0x0, 0xff,
    0xe8, 0x80,

    /* U+01A4 "Ƥ" */
    0x4e, 0xff, 0xdd, 0x42, 0x10, 0x4c, 0x13, 0x4c,
    0xb4, 0xb, 0x3e, 0x8, 0xb0, 0xe8, 0x32, 0xa0,
    0x1d, 0xe0, 0x1e, 0x11, 0x2c, 0x98, 0x80, 0x6c,
    0xea, 0x2e, 0x0, 0xea, 0xcd, 0xc2, 0x0, 0xe7,
    0x32, 0x0, 0xff, 0xe5, 0x80,

    /* U+01A5 "ƥ" */
    0x4e, 0xe0, 0x6, 0x83, 0xb0, 0xc, 0x2e, 0xa0,
    0x1e, 0x9f, 0xe7, 0x0, 0x28, 0x53, 0xc3, 0x1,
    0x4a, 0xc9, 0x50, 0x30, 0x4, 0xe4, 0x1, 0xf9,
    0x40, 0x27, 0x20, 0x1a, 0x59, 0x2a, 0x5, 0x3a,
    0x78, 0x60, 0x4, 0xff, 0x38, 0x7, 0xff, 0xc,

    /* U+01A6 "Ʀ" */
    0xad, 0x10, 0xf, 0x17, 0x7f, 0x40, 0x4, 0x37,
    0x4e, 0xe8, 0x0, 0x1a, 0x2c, 0x9a, 0x0, 0x7c,
    0x20, 0x10, 0x89, 0x8e, 0x80, 0x5, 0xdc, 0x98,
    0x70, 0x0, 0xdc, 0x81, 0x0, 0x46, 0x8c, 0x96,
    0x1, 0xe9, 0x18, 0xa, 0xd0, 0x1, 0x33, 0x90,
    0x7, 0x43, 0xb0,

    /* U+01A7 "Ƨ" */
    0x6, 0xdf, 0xea, 0x10, 0x0, 0xa4, 0xc9, 0x74,
    0x0, 0xf2, 0xce, 0xc6, 0x1, 0xc2, 0x84, 0x1,
    0x14, 0xf1, 0xf0, 0x2, 0x35, 0x27, 0x8c, 0xd,
    0xdd, 0xac, 0x1, 0x38, 0x58, 0x7, 0x28, 0xf3,
    0x32, 0x30, 0x7, 0x5a, 0x25, 0x54, 0x0,

    /* U+01A8 "ƨ" */
    0xa, 0xef, 0xd4, 0x0, 0x6d, 0xd9, 0xec, 0x0,
    0xea, 0x86, 0x2, 0x0, 0x7e, 0x69, 0x11, 0x6c,
    0x37, 0x30, 0x21, 0x64, 0x8, 0x1, 0x82, 0xcd,
    0x64, 0xe, 0x57, 0x2c, 0x80,

    /* U+01A9 "Ʃ" */
    0x6f, 0xff, 0x32, 0x1, 0x55, 0x64, 0x2a, 0x22,
    0x2a, 0xc4, 0xb, 0x10, 0x50, 0xe, 0x76, 0xa2,
    0x0, 0xe4, 0x41, 0x0, 0x6a, 0xa, 0x0, 0xd0,
    0xbe, 0x20, 0x12, 0x3a, 0xba, 0xac, 0x78, 0xb,
    0x55, 0xac,

    /* U+01AA "ƪ" */
    0x9, 0xfd, 0x20, 0x9, 0xac, 0x20, 0x2, 0x4b,
    0x21, 0x0, 0xaf, 0x8c, 0x3, 0x84, 0x3, 0xff,
    0xd8, 0xc8, 0xaa, 0x0, 0xa0, 0xea, 0x0,

    /* U+01AB "ƫ" */
    0x4, 0xc0, 0xd, 0xa0, 0x1a, 0x18, 0xff, 0xc1,
    0x46, 0x59, 0x80, 0x27, 0x13, 0x30, 0x7, 0xff,
    0xc, 0x40, 0x31, 0x11, 0x94, 0x1, 0x7, 0x34,
    0x0, 0x1c, 0xb0, 0xc, 0x7a, 0x1, 0xa9, 0xa0,
    0x0,

    /* U+01AC "Ƭ" */
    0x4d, 0xff, 0xf0, 0x40, 0xd2, 0x84, 0xd5, 0x1,
    0xa5, 0x74, 0x19, 0x54, 0x14, 0xa0, 0x1f, 0xff,
    0x10,

    /* U+01AD "ƭ" */
    0x2, 0xcf, 0x90, 0x5, 0x9c, 0xe8, 0x0, 0x8d,
    0x90, 0x21, 0xf, 0xfc, 0x14, 0x65, 0x98, 0x2,
    0x71, 0x33, 0x0, 0x7f, 0xf0, 0xc4, 0x3, 0x11,
    0x19, 0x40, 0x10, 0x73, 0x0,

    /* U+01AE "Ʈ" */
    0xdf, 0xff, 0x5c, 0xd5, 0x4, 0xea, 0x90, 0x8a,
    0xa3, 0x75, 0x51, 0x80, 0x7f, 0xfd, 0xd9, 0x58,
    0x40, 0x34, 0x1c, 0x98, 0x0,

    /* U+01AF "Ư" */
    0x0, 0xfe, 0xea, 0xcc, 0x0, 0x66, 0xf3, 0x1f,
    0x0, 0xfd, 0xaa, 0xa0, 0xf, 0xdb, 0x40, 0x1f,
    0xc4, 0x1, 0xff, 0xcc, 0x70, 0xe, 0x10, 0xc,
    0x66, 0x10, 0xb, 0x4, 0x40, 0x9, 0xc, 0x66,
    0x52, 0x48, 0x4, 0x3a, 0xd1, 0x2f, 0x2e, 0x1,
    0x0,

    /* U+01B0 "ư" */
    0x0, 0xf9, 0xfc, 0xbe, 0x40, 0x2d, 0xbb, 0x19,
    0x0, 0x79, 0x1f, 0x80, 0x3e, 0x5b, 0x20, 0xf,
    0xfe, 0x21, 0x80, 0x61, 0x30, 0x0, 0x88, 0x3,
    0x22, 0xa1, 0xd8, 0x7, 0x5a, 0x5e, 0x92, 0x80,
    0x60,

    /* U+01B1 "Ʊ" */
    0x8f, 0xfa, 0x82, 0xbf, 0xe7, 0xb9, 0x60, 0xf0,
    0xc0, 0x69, 0x53, 0x46, 0x95, 0x6, 0x96, 0x42,
    0x9, 0x36, 0x0, 0x98, 0xa0, 0x0, 0x88, 0x0,
    0xe4, 0x50, 0x20, 0xf0, 0xe, 0x10, 0x13, 0xe,
    0x0, 0xe2, 0x1, 0x11, 0xb8, 0x80, 0x42, 0xa6,
    0x0, 0xf1, 0xf8, 0x68, 0xf0, 0xf0, 0x1, 0xea,
    0x34, 0xb2, 0x69, 0x80,

    /* U+01B2 "Ʋ" */
    0xdb, 0x0, 0x1f, 0xf9, 0xc0, 0x38, 0xad, 0x20,
    0x3, 0x85, 0x34, 0x3, 0xf7, 0x8, 0x7, 0xc6,
    0x40, 0x1f, 0x25, 0x80, 0x80, 0x66, 0x5, 0x7,
    0x70, 0x0, 0x61, 0x88, 0x30, 0xdd, 0xbc, 0xe4,
    0x0, 0xeb, 0x10, 0x7c, 0x0, 0x80,

    /* U+01B3 "Ƴ" */
    0xbe, 0x0, 0xd7, 0xe7, 0x2, 0xc0, 0x6, 0x4b,
    0x33, 0x2c, 0x0, 0x2d, 0x90, 0x1, 0x2, 0xea,
    0x56, 0x1, 0x13, 0x4c, 0x29, 0x0, 0x68, 0x12,
    0x80, 0xe, 0x14, 0x22, 0x0, 0x7f, 0xf4, 0x80,

    /* U+01B4 "ƴ" */
    0xcd, 0x0, 0x8b, 0xb2, 0x48, 0xc0, 0x10, 0x10,
    0xa3, 0x40, 0x5, 0x64, 0x6, 0x70, 0x50, 0xa0,
    0x5, 0xa, 0x71, 0x90, 0x0, 0x8f, 0x92, 0x80,
    0x34, 0xa8, 0x38, 0x6, 0x50, 0x51, 0x0, 0xc8,
    0x1c, 0x1, 0x1a, 0xd1, 0xa0, 0x5, 0x34, 0xba,
    0x1, 0x80,

    /* U+01B5 "Ƶ" */
    0x6f, 0xff, 0x32, 0x4c, 0xe3, 0x4, 0x26, 0x68,
    0x8e, 0x48, 0x2, 0x2a, 0x56, 0x0, 0x7f, 0xb4,
    0x57, 0x40, 0x18, 0xc1, 0x39, 0xc0, 0x2, 0x75,
    0x63, 0x30, 0x2, 0xc2, 0xc0, 0x32, 0x2a, 0x9d,
    0x9a, 0x3c, 0x4, 0x99, 0xd6,

    /* U+01B6 "ƶ" */
    0x4f, 0xfe, 0x4, 0xcc, 0x85, 0x0, 0x6, 0x6a,
    0xa, 0x3, 0xff, 0x30, 0xf8, 0x1e, 0x2, 0xee,
    0x0, 0x28, 0x6c, 0x88, 0x6, 0xce, 0x46, 0x60,
    0x40, 0x6c, 0xc8, 0x80,

    /* U+01B7 "Ʒ" */
    0x4f, 0xff, 0xa, 0xd5, 0x4e, 0xa, 0x22, 0x55,
    0xb, 0xba, 0x80, 0x26, 0xb9, 0x80, 0xd, 0x21,
    0x16, 0x60, 0x16, 0xe5, 0xb6, 0x10, 0x0, 0x8d,
    0x7c, 0x10, 0x3, 0x84, 0x0, 0xf2, 0xc8, 0xda,
    0x2e, 0x6b, 0x17, 0x9, 0x82,

    /* U+01B8 "Ƹ" */
    0xd, 0xff, 0xe7, 0xa, 0x5, 0xaa, 0x94, 0x1e,
    0x14, 0x55, 0x44, 0x0, 0x78, 0xb4, 0x0, 0x86,
    0xa4, 0x24, 0x2, 0xc4, 0x8c, 0xf0, 0x1, 0x95,
    0xb1, 0x90, 0x6, 0x30, 0xe, 0x32, 0x97, 0x55,
    0x44, 0x86, 0x34, 0xd5, 0x17, 0xc0,

    /* U+01B9 "ƹ" */
    0x2f, 0xfe, 0xd0, 0x24, 0x1a, 0xbb, 0x70, 0x2,
    0xcb, 0x91, 0x6, 0x1, 0x6b, 0x58, 0x7, 0x23,
    0x24, 0x0, 0x55, 0x41, 0x7c, 0x0, 0x22, 0xd5,
    0x21, 0x0, 0x6, 0xa, 0x1, 0xc2, 0x6, 0x1,
    0xce, 0x3a, 0xca, 0xd6, 0x3, 0x89, 0x15, 0x2,
    0x0,

    /* U+01BA "ƺ" */
    0x7f, 0xfe, 0x35, 0xbb, 0x40, 0x29, 0x92, 0x14,
    0x4d, 0x0, 0xe, 0x42, 0xdc, 0x0, 0x7b, 0x8b,
    0xa, 0x0, 0x23, 0x80, 0xd0, 0x8, 0x54, 0x38,
    0x2f, 0xfa, 0x95, 0x98, 0x97, 0x9d, 0x40, 0x10,
    0xbb, 0xc0, 0xcc, 0xbb, 0x80, 0x0,

    /* U+01BB "ƻ" */
    0x4, 0xcf, 0xd6, 0x0, 0xd, 0xad, 0x3c, 0xa0,
    0xf, 0x4a, 0xd0, 0x60, 0x0, 0x40, 0x37, 0x80,
    0x73, 0x2, 0x80, 0x3f, 0xe9, 0xd, 0x40, 0xdd,
    0x18, 0xe6, 0xa0, 0x15, 0x1e, 0x99, 0x0, 0x15,
    0xe8, 0xc0, 0x23, 0xa4, 0x63, 0x38, 0x54, 0x13,
    0x33, 0x20,

    /* U+01BC "Ƽ" */
    0x8f, 0xff, 0xd, 0xb8, 0x3c, 0xcc, 0x27, 0x61,
    0xac, 0xd0, 0x6, 0xaf, 0xb2, 0x0, 0x1e, 0x62,
    0x57, 0xc0, 0x23, 0x33, 0x59, 0x28, 0x7, 0x38,
    0x18, 0x7, 0x20, 0x13, 0xd3, 0x2c, 0x49, 0xa1,
    0xb4, 0x53, 0x33, 0x40,

    /* U+01BD "ƽ" */
    0x6f, 0xfe, 0x27, 0x80, 0xbb, 0x88, 0x48, 0x11,
    0x20, 0xd, 0xfa, 0xe0, 0x5, 0xcc, 0x2c, 0x28,
    0x0, 0xcd, 0x0, 0x4c, 0xe8, 0x89, 0x4, 0x2a,
    0xbb, 0x2d, 0x18,

    /* U+01BE "ƾ" */
    0x0, 0x5a, 0x80, 0x72, 0x0, 0x63, 0xe0, 0xaf,
    0x70, 0x2a, 0x8, 0xc6, 0x1, 0x50, 0x23, 0x10,
    0x0, 0x95, 0xa8, 0x6, 0xc4, 0xa9, 0x0, 0x86,
    0x9d, 0x81, 0x5d, 0x12, 0x30, 0x1a, 0xbb, 0x3f,
    0x0,

    /* U+01BF "ƿ" */
    0xd7, 0x9f, 0xe7, 0x0, 0x40, 0x52, 0x42, 0x1,
    0x4a, 0xd0, 0xe8, 0x38, 0x4, 0x64, 0x1, 0xc4,
    0x60, 0x1a, 0x82, 0x80, 0x5b, 0x16, 0x8, 0x12,
    0x1f, 0x1c, 0x0, 0xbd, 0x66, 0x1, 0xff, 0xc4,

    /* U+01C0 "ǀ" */
    0x5e, 0x0, 0xff, 0xe4, 0x0,

    /* U+01C1 "ǁ" */
    0x5e, 0x1, 0xf1, 0x0, 0xff, 0xf8, 0x0,

    /* U+01C2 "ǂ" */
    0x0, 0xbc, 0xc0, 0x3f, 0xf8, 0x85, 0xfe, 0xc,
    0xf5, 0x2d, 0xd0, 0x56, 0xa8, 0x11, 0x1, 0x88,
    0xb, 0xfc, 0x19, 0xea, 0x5b, 0xa0, 0xad, 0x40,
    0x22, 0x3, 0x10, 0x80, 0x7f, 0xf0, 0x80,

    /* U+01C3 "ǃ" */
    0xf, 0xc0, 0x17, 0x3, 0x10, 0x13, 0x0, 0xce,
    0x20, 0x3e, 0x12, 0xa1, 0xb2, 0x6, 0x20,

    /* U+01C4 "Ǆ" */
    0x0, 0xff, 0xb, 0x80, 0x15, 0x0, 0x3f, 0xe1,
    0xd, 0xa9, 0x50, 0xf, 0xfe, 0x3, 0xd9, 0x68,
    0x80, 0x7f, 0xf0, 0x5a, 0x4, 0x1, 0x7f, 0xf7,
    0x51, 0x0, 0x13, 0xff, 0xd0, 0x3, 0x54, 0x64,
    0xd4, 0x5, 0xaa, 0xca, 0x18, 0x6, 0xaa, 0x8f,
    0x1a, 0x1, 0x55, 0x9d, 0x59, 0x0, 0x38, 0x60,
    0x4c, 0x3, 0x48, 0xc8, 0x7, 0xc4, 0xc, 0x1,
    0x3a, 0x50, 0x7, 0xff, 0x4, 0xa1, 0x90, 0x3,
    0xf1, 0x83, 0x0, 0x38, 0xa4, 0x3, 0xf0, 0xc9,
    0x18, 0x39, 0xf0, 0x7, 0x1a, 0xb4, 0xf0, 0xf0,
    0x14, 0x1b, 0x2a, 0xc6, 0x3, 0x52, 0x8d, 0xa6,
    0x8, 0x7, 0x55, 0xa4,

    /* U+01C5 "ǅ" */
    0x0, 0xff, 0x54, 0x83, 0x68, 0x5f, 0xfd, 0xd4,
    0x40, 0x15, 0x25, 0xc7, 0x80, 0x6, 0xa8, 0xc9,
    0xa8, 0x1, 0x7e, 0x51, 0x0, 0xd, 0x55, 0x1e,
    0x34, 0x0, 0xfd, 0x8b, 0xf4, 0x0, 0xe1, 0x81,
    0x30, 0xcc, 0x90, 0x54, 0x3, 0xc4, 0xc, 0x6,
    0x60, 0x4b, 0x10, 0xf, 0xfe, 0x7, 0x2a, 0x80,
    0x3e, 0x30, 0x60, 0x4, 0x9d, 0x0, 0x7c, 0x32,
    0x46, 0x8, 0xd4, 0x1, 0x8d, 0x5a, 0x78, 0x78,
    0x1, 0x26, 0x2a, 0xa2, 0x1, 0xa9, 0x46, 0xd3,
    0x4, 0x23, 0xaa, 0x90,

    /* U+01C6 "ǆ" */
    0x0, 0xf7, 0xc0, 0x16, 0xa1, 0xea, 0x0, 0x7f,
    0x14, 0xde, 0x42, 0x0, 0x7f, 0x93, 0x74, 0xa0,
    0x1, 0xaf, 0xe5, 0x10, 0x4, 0xfe, 0xeb, 0xec,
    0x2d, 0x62, 0xe4, 0x40, 0x17, 0x74, 0x81, 0x8a,
    0xbb, 0x97, 0x80, 0x22, 0x44, 0x51, 0x41, 0x6,
    0x80, 0x8, 0x3, 0x9c, 0xfc, 0x2, 0x10, 0x8,
    0x40, 0x22, 0x88, 0x10, 0x10, 0x60, 0x0, 0x44,
    0x1, 0x79, 0xb8, 0x0, 0x51, 0xd9, 0x74, 0x2,
    0x82, 0xa4, 0x41, 0x85, 0x2c, 0xdc, 0xa0, 0x1,
    0x42, 0x6e, 0xdc,

    /* U+01C7 "Ǉ" */
    0xbd, 0x0, 0xe3, 0xf4, 0x0, 0xff, 0xfd, 0x9b,
    0x36, 0x0, 0xe1, 0x99, 0xc2, 0x1, 0x5f, 0xff,
    0x8, 0x1, 0xc0, 0x38, 0x45, 0x20, 0x40, 0x1d,
    0x1c, 0xb0, 0x20, 0x1d, 0x19, 0xce, 0x0,

    /* U+01C8 "ǈ" */
    0x0, 0xf9, 0x38, 0xaf, 0x40, 0x39, 0x94, 0x80,
    0x3e, 0x2b, 0x0, 0xfc, 0xbe, 0x40, 0x1f, 0xfe,
    0x73, 0x66, 0xc0, 0x1c, 0x33, 0x38, 0x40, 0x2b,
    0xff, 0xe1, 0x0, 0xfc, 0x29, 0xc0, 0x40, 0x1c,
    0x56, 0xb2, 0x0,

    /* U+01C9 "ǉ" */
    0xda, 0x0, 0x72, 0x80, 0x71, 0x80, 0x6e, 0x60,
    0xd, 0xee, 0x1, 0xff, 0xde, 0xda, 0x0, 0x84,
    0x0, 0x90, 0x4, 0x0, 0xa7, 0x64,

    /* U+01CA "Ǌ" */
    0xaf, 0x70, 0xd, 0xb0, 0x0, 0xda, 0x0, 0x40,
    0x80, 0x7f, 0x90, 0x6c, 0x3, 0xfc, 0x36, 0xa8,
    0x1, 0xfc, 0x2a, 0x92, 0x1, 0xff, 0x49, 0x38,
    0x7, 0xf8, 0xa2, 0x2, 0x1, 0xfe, 0x72, 0xb0,
    0xf, 0xfb, 0x94, 0x80, 0x3f, 0xc6, 0xc0, 0x1e,
    0xab, 0x0, 0xd3, 0xf0, 0x0, 0x33, 0x0, 0x7f,
    0xa, 0x8f, 0x80, 0x7e, 0x3e, 0xa3, 0x60, 0xf,
    0xc7, 0x9b, 0x80,

    /* U+01CB "ǋ" */
    0x0, 0xff, 0xb9, 0xeb, 0xdc, 0x3, 0x6c, 0x0,
    0x10, 0xc0, 0x60, 0x40, 0x3e, 0xa4, 0x4, 0x45,
    0x80, 0x7d, 0xf0, 0x0, 0x95, 0x40, 0xf, 0xe1,
    0x27, 0x90, 0xf, 0xfa, 0xd, 0xc0, 0x3f, 0xeb,
    0x81, 0x0, 0xff, 0x29, 0xd8, 0x7, 0xfd, 0xea,
    0x40, 0x1f, 0xe3, 0x60, 0xf, 0x55, 0x80, 0x69,
    0xf8, 0x0, 0xbc, 0x3, 0xf9, 0x1c, 0x8, 0x3,
    0xfa, 0x61, 0x54,

    /* U+01CC "ǌ" */
    0x0, 0xfe, 0xe6, 0x0, 0xfe, 0x42, 0x0, 0xfe,
    0xa4, 0xd7, 0x9f, 0xe9, 0x0, 0xbd, 0xc2, 0xe,
    0x99, 0xa0, 0xe, 0x2a, 0x58, 0x2c, 0x0, 0xe7,
    0x0, 0x84, 0x40, 0x1f, 0xfe, 0x4d, 0xa0, 0xb,
    0x2c, 0x3, 0xfe, 0x48, 0x3, 0x0, 0xfa, 0x5d,
    0x50,

    /* U+01CD "Ǎ" */
    0x0, 0x31, 0x81, 0x38, 0x7, 0x26, 0xce, 0x18,
    0x7, 0x16, 0x8d, 0x20, 0x7, 0x8e, 0x10, 0x3,
    0xe6, 0xf8, 0x0, 0xfa, 0x85, 0x80, 0x3c, 0x47,
    0x2, 0x80, 0x1d, 0x42, 0xc7, 0xc0, 0x1c, 0xce,
    0x16, 0xa2, 0x1, 0x20, 0xe0, 0xa0, 0x30, 0x5,
    0xc1, 0x5d, 0x81, 0x40, 0x1, 0x55, 0x5d, 0xce,
    0x46, 0xe, 0x10, 0x89, 0x48, 0x50, 0x51, 0x90,
    0x4, 0x2a, 0xe0,

    /* U+01CE "ǎ" */
    0x3, 0xd4, 0x3d, 0x40, 0x39, 0xbc, 0xb4, 0x0,
    0x26, 0xe9, 0x80, 0x7, 0x79, 0xb6, 0x40, 0x3,
    0xab, 0x59, 0x3, 0x84, 0x43, 0xa8, 0x25, 0xf7,
    0xb0, 0x15, 0x8f, 0xf9, 0xc1, 0xc2, 0x44, 0xc,
    0x18, 0x2c, 0x59, 0x0, 0xe1, 0xbb, 0x28, 0x0,

    /* U+01CF "Ǐ" */
    0x7, 0x20, 0x37, 0x0, 0x26, 0x4e, 0xa0, 0x0,
    0xe8, 0x74, 0xc0, 0x24, 0x83, 0x0, 0x9f, 0xfe,
    0x60, 0x3, 0xd0, 0x53, 0x0, 0x42, 0xc, 0x1,
    0xff, 0xdb, 0x10, 0x60, 0x9, 0xe8, 0x29, 0x80,

    /* U+01D0 "ǐ" */
    0x4d, 0x34, 0xd3, 0x48, 0xcb, 0xe3, 0x5, 0xee,
    0x18, 0x5, 0x96, 0x1, 0xff, 0xe0,

    /* U+01D1 "Ǒ" */
    0x0, 0xae, 0x42, 0x30, 0x3, 0xd4, 0xfa, 0xda,
    0x1, 0xe1, 0xd5, 0xd1, 0x0, 0xf8, 0xe0, 0xc0,
    0x3c, 0x53, 0xdf, 0xd2, 0x20, 0x11, 0x63, 0x32,
    0x59, 0x9e, 0x20, 0x9, 0x1d, 0x86, 0x8d, 0x1b,
    0x0, 0x22, 0x90, 0x4, 0x4a, 0xa0, 0x20, 0xd0,
    0xe, 0x20, 0x10, 0xf, 0xf8, 0x83, 0x40, 0x38,
    0x80, 0x41, 0x14, 0x80, 0x22, 0x55, 0x0, 0x24,
    0x72, 0x1a, 0x30, 0x6c, 0x0, 0x58, 0x8d, 0x2c,
    0xfe, 0x20,

    /* U+01D2 "ǒ" */
    0x0, 0x6b, 0x8d, 0xc0, 0x5, 0x93, 0xe3, 0x0,
    0x10, 0xfe, 0xd0, 0x6, 0x8f, 0xcc, 0x18, 0x2,
    0x5e, 0x69, 0xf0, 0x81, 0x9d, 0xcb, 0x61, 0x66,
    0x1a, 0x1, 0x1a, 0x80, 0x7e, 0x30, 0xd0, 0x8,
    0xd4, 0x19, 0xdc, 0x96, 0x16, 0x12, 0xf3, 0x6f,
    0x64,

    /* U+01D3 "Ǔ" */
    0x2, 0xe4, 0x1c, 0x70, 0x8, 0xae, 0xd8, 0xce,
    0x1, 0x96, 0x6a, 0xc0, 0x3c, 0xce, 0x20, 0x16,
    0x60, 0x3, 0x37, 0x88, 0x7, 0xff, 0x85, 0xc0,
    0x38, 0x40, 0x6, 0x61, 0x0, 0xb0, 0x45, 0x41,
    0x8c, 0xca, 0x49, 0x2, 0xd6, 0x89, 0x79, 0x70,

    /* U+01D4 "ǔ" */
    0xb, 0x91, 0xaa, 0x0, 0x2d, 0x38, 0x68, 0x2,
    0xdd, 0x58, 0x3, 0xe4, 0x8, 0x36, 0x80, 0x3f,
    0xf9, 0xc6, 0x2, 0x60, 0x1, 0x10, 0x22, 0xa1,
    0xd8, 0x2, 0xd2, 0xf8, 0x94, 0x0,

    /* U+01D5 "Ǖ" */
    0x0, 0x7f, 0xe5, 0x0, 0xdb, 0xb9, 0x40, 0x34,
    0xa1, 0xe0, 0x80, 0x6e, 0x41, 0x81, 0x0, 0xca,
    0x40, 0xc0, 0x16, 0x60, 0x3, 0x37, 0x88, 0x7,
    0xff, 0x85, 0xc0, 0x38, 0x40, 0x6, 0x61, 0x0,
    0xb0, 0x45, 0x41, 0x8c, 0xca, 0x49, 0x2, 0xd6,
    0x89, 0x79, 0x70,

    /* U+01D6 "ǖ" */
    0xb, 0xff, 0xa0, 0x1, 0x5b, 0xb4, 0x80, 0x26,
    0xcb, 0xd4, 0x1, 0x7a, 0x16, 0xa1, 0xf4, 0x80,
    0xd9, 0x40, 0x1f, 0xfc, 0xe3, 0x1, 0x30, 0x0,
    0x88, 0x11, 0x50, 0xec, 0x1, 0x69, 0x7c, 0x4a,
    0x0,

    /* U+01D7 "Ǘ" */
    0x0, 0xc7, 0x4, 0x1, 0xc3, 0xa2, 0x40, 0x1c,
    0xb7, 0x20, 0x1d, 0x64, 0x9c, 0x20, 0x1b, 0x90,
    0x60, 0x40, 0x32, 0x90, 0x30, 0x5, 0x98, 0x0,
    0xcd, 0xe2, 0x1, 0xff, 0xe1, 0x70, 0xe, 0x10,
    0x1, 0x98, 0x40, 0x2c, 0x11, 0x50, 0x63, 0x32,
    0x92, 0x40, 0xb5, 0xa2, 0x5e, 0x5c, 0x0,

    /* U+01D8 "ǘ" */
    0x0, 0x8a, 0x10, 0x3, 0x49, 0xa0, 0x4, 0x5b,
    0x60, 0x14, 0x5b, 0x6a, 0x0, 0x2f, 0x42, 0xd4,
    0x3e, 0x90, 0x1b, 0x28, 0x3, 0xff, 0x9c, 0x60,
    0x26, 0x0, 0x11, 0x2, 0x2a, 0x1d, 0x80, 0x2d,
    0x2f, 0x89, 0x40,

    /* U+01D9 "Ǚ" */
    0x1, 0x70, 0x2, 0x98, 0x4, 0x22, 0xdb, 0xe3,
    0x0, 0xcd, 0x79, 0x60, 0x1d, 0x60, 0xdc, 0x20,
    0x1b, 0x90, 0x60, 0x40, 0x32, 0x90, 0x30, 0x5,
    0x98, 0x0, 0xcd, 0xe2, 0x1, 0xff, 0xe1, 0x70,
    0xe, 0x10, 0x1, 0x98, 0x40, 0x2c, 0x11, 0x50,
    0x63, 0x32, 0x92, 0x40, 0xb5, 0xa2, 0x5e, 0x5c,
    0x0,

    /* U+01DA "ǚ" */
    0xc, 0x70, 0xb8, 0x0, 0x6c, 0xf0, 0x40, 0x0,
    0x69, 0xa4, 0x2, 0x8d, 0x8f, 0x40, 0x5, 0xe8,
    0x5a, 0x87, 0xd2, 0x3, 0x65, 0x0, 0x7f, 0xf3,
    0x8c, 0x4, 0xc0, 0x2, 0x20, 0x45, 0x43, 0xb0,
    0x5, 0xa5, 0xf1, 0x28, 0x0,

    /* U+01DB "Ǜ" */
    0x0, 0x3b, 0x0, 0x7c, 0x72, 0xa0, 0x1e, 0x4d,
    0x20, 0xf, 0x5a, 0x37, 0x8, 0x6, 0xe4, 0x18,
    0x10, 0xc, 0xa4, 0xc, 0x1, 0x66, 0x0, 0x33,
    0x78, 0x80, 0x7f, 0xf8, 0x5c, 0x3, 0x84, 0x0,
    0x66, 0x10, 0xb, 0x4, 0x54, 0x18, 0xcc, 0xa4,
    0x90, 0x2d, 0x68, 0x97, 0x97, 0x0,

    /* U+01DC "ǜ" */
    0x5, 0x70, 0xe, 0x7a, 0x80, 0xc, 0x59, 0xe0,
    0x1a, 0x20, 0xfa, 0x80, 0xb, 0xd0, 0xb5, 0xf,
    0xa4, 0x6, 0xca, 0x0, 0xff, 0xe7, 0x18, 0x9,
    0x80, 0x4, 0x40, 0x8a, 0x87, 0x60, 0xb, 0x4b,
    0xe2, 0x50,

    /* U+01DD "ǝ" */
    0x9, 0xef, 0xe8, 0x0, 0x8e, 0x2d, 0x9e, 0x40,
    0x14, 0xc9, 0xc, 0xc1, 0x0, 0xec, 0x5, 0x4f,
    0xfd, 0x40, 0xee, 0x9, 0xdd, 0x40, 0x11, 0x95,
    0x33, 0x25, 0x44, 0x3d, 0xea, 0x8f, 0x40,

    /* U+01DE "Ǟ" */
    0x0, 0x4f, 0xfd, 0x60, 0x1d, 0x1b, 0xb5, 0x0,
    0x72, 0x71, 0x43, 0x0, 0x73, 0xc8, 0x72, 0x0,
    0x71, 0x28, 0x21, 0x80, 0x79, 0xbe, 0x0, 0x3e,
    0xa1, 0x60, 0xf, 0x11, 0xc0, 0xa0, 0x7, 0x50,
    0xb1, 0xf0, 0x7, 0x33, 0x85, 0xa8, 0x80, 0x48,
    0x38, 0x28, 0xc, 0x1, 0x70, 0x57, 0x60, 0x50,
    0x0, 0x55, 0x57, 0x73, 0x91, 0x83, 0x84, 0x22,
    0x52, 0x14, 0x14, 0x64, 0x1, 0xa, 0xb8, 0x0,

    /* U+01DF "ǟ" */
    0x2, 0xff, 0xc4, 0x5, 0xbb, 0x88, 0x1, 0xec,
    0xcf, 0x0, 0xad, 0x55, 0x60, 0x3, 0xdf, 0xed,
    0x20, 0x1, 0xd5, 0xac, 0x81, 0xc2, 0x21, 0xd4,
    0x12, 0xfb, 0xd8, 0xa, 0xc7, 0xfc, 0xe0, 0xe1,
    0x22, 0x6, 0xc, 0x16, 0x2c, 0x80, 0x70, 0xdd,
    0x94, 0x0,

    /* U+01E0 "Ǡ" */
    0x0, 0x4f, 0xfd, 0x40, 0x1d, 0x1b, 0xb5, 0x80,
    0x70, 0x9e, 0x8, 0x80, 0x3c, 0x2e, 0x40, 0x1f,
    0xa4, 0x40, 0x3e, 0x6f, 0x80, 0xf, 0xa8, 0x58,
    0x3, 0xc4, 0x70, 0x28, 0x1, 0xd4, 0x2c, 0x7c,
    0x1, 0xcc, 0xe1, 0x6a, 0x20, 0x12, 0xe, 0xa,
    0x3, 0x0, 0x5c, 0x15, 0xd8, 0x14, 0x0, 0x15,
    0x55, 0xdc, 0xe4, 0x60, 0xe1, 0x8, 0x94, 0x85,
    0x5, 0x19, 0x0, 0x42, 0xae, 0x0,

    /* U+01E1 "ǡ" */
    0x2, 0xff, 0xc4, 0x5, 0xbb, 0x88, 0x0, 0x57,
    0x62, 0x0, 0xd9, 0x80, 0x8, 0xee, 0xd5, 0x64,
    0x0, 0x3a, 0xb5, 0x90, 0x38, 0x44, 0x3a, 0x82,
    0x5f, 0x7b, 0x1, 0x58, 0xff, 0x9c, 0x1c, 0x24,
    0x40, 0xc1, 0x82, 0xc5, 0x90, 0xe, 0x1b, 0xb2,
    0x80,

    /* U+01E2 "Ǣ" */
    0x0, 0xe3, 0xff, 0xc2, 0x1, 0xf1, 0xee, 0xe1,
    0x0, 0xfc, 0x45, 0x80, 0x3f, 0x4f, 0xff, 0xb0,
    0x3, 0xb, 0x30, 0xc6, 0xaa, 0x80, 0xd, 0x21,
    0x2c, 0xa, 0xb2, 0x0, 0x66, 0x70, 0x8, 0x46,
    0x0, 0xce, 0x32, 0x0, 0x1e, 0xea, 0x0, 0x29,
    0x40, 0x10, 0x1b, 0xba, 0x80, 0xc, 0x29, 0xdc,
    0x50, 0x44, 0x88, 0x1, 0x67, 0x77, 0x20, 0x7,
    0x94, 0xa1, 0x12, 0x10, 0x55, 0x90, 0x24, 0xd0,
    0x3, 0xd, 0x55, 0x0,

    /* U+01E3 "ǣ" */
    0x0, 0xdd, 0xff, 0x30, 0x7, 0xd9, 0xbb, 0x38,
    0x6, 0x4c, 0xed, 0xb1, 0xee, 0x6a, 0x80, 0x57,
    0x54, 0x6c, 0x5c, 0x4a, 0x30, 0x47, 0x45, 0x41,
    0x93, 0x91, 0xb0, 0x4b, 0xef, 0x41, 0xff, 0x84,
    0x89, 0x61, 0xba, 0x32, 0xdd, 0xd6, 0xe1, 0x6,
    0x42, 0x46, 0x45, 0xb, 0x5, 0x25, 0x0, 0xea,
    0xaa, 0xc, 0xd0, 0xf6, 0x19, 0x87, 0xaa, 0x18,
    0x80,

    /* U+01E4 "Ǥ" */
    0x0, 0x9f, 0x3f, 0xdb, 0x0, 0x1b, 0x21, 0xa6,
    0x4b, 0xe0, 0x14, 0x1d, 0xd3, 0x32, 0x1c, 0x2,
    0x65, 0x40, 0x0, 0x8c, 0x0, 0x11, 0x68, 0x2,
    0x3b, 0xa1, 0x3, 0x0, 0xd5, 0x6e, 0x1, 0x10,
    0x68, 0x1, 0xed, 0xc3, 0x80, 0x8, 0xa4, 0xb,
    0xb0, 0x18, 0x0, 0x91, 0xc7, 0x57, 0xc0, 0x20,
    0x1, 0x63, 0xcd, 0x51, 0x98, 0x20,

    /* U+01E5 "ǥ" */
    0x1, 0xaf, 0xe6, 0xc8, 0x0, 0x5a, 0xc5, 0xd8,
    0xc0, 0x2, 0xae, 0xe5, 0xf0, 0x8, 0x83, 0x40,
    0x4, 0x1, 0xc2, 0x1, 0x8, 0x0, 0x80, 0xc0,
    0x2, 0x20, 0x0, 0xa4, 0x32, 0x50, 0x6, 0xa4,
    0x9a, 0xd0, 0xc, 0x37, 0x43, 0x20, 0xe8, 0xc,
    0xa1, 0x28, 0x14, 0x80, 0x31, 0x52, 0xf4, 0xa0,

    /* U+01E6 "Ǧ" */
    0x0, 0xa6, 0x81, 0xf4, 0x3, 0xa5, 0xf6, 0x3c,
    0x3, 0xde, 0xb6, 0x40, 0x1e, 0x28, 0x40, 0xf,
    0x3e, 0x7f, 0xb6, 0x0, 0x2c, 0x86, 0x89, 0x5f,
    0x0, 0x49, 0xd5, 0x1d, 0xa1, 0xc0, 0xc, 0x8a,
    0x0, 0x11, 0x80, 0x43, 0x0, 0x11, 0xdd, 0x9,
    0x80, 0x6a, 0xb7, 0x0, 0x10, 0x68, 0x0, 0x93,
    0x80, 0x25, 0x51, 0x0, 0x7d, 0x3, 0xb0, 0xad,
    0xa0, 0x11, 0x7b, 0x32, 0xa5, 0x98, 0x20,

    /* U+01E7 "ǧ" */
    0x1, 0xd6, 0x1c, 0x70, 0x0, 0xfc, 0xfa, 0xb8,
    0x4, 0x5b, 0xa9, 0x0, 0x86, 0xb7, 0x4d, 0x90,
    0x16, 0xb1, 0x74, 0x60, 0x2a, 0xee, 0x5e, 0x0,
    0x10, 0x68, 0x0, 0x80, 0x30, 0x80, 0x42, 0x4,
    0x6, 0x0, 0x11, 0x0, 0xac, 0x32, 0xd0, 0x5,
    0x69, 0x37, 0xa2, 0x0, 0x1b, 0xfe, 0x71, 0xe0,
    0x76, 0x45, 0xd0, 0x40, 0x5, 0xda, 0x82, 0xc8,

    /* U+01E8 "Ǩ" */
    0x4, 0x50, 0x3, 0x90, 0x1, 0x26, 0xb7, 0xc8,
    0x2, 0xdd, 0x5c, 0x0, 0x61, 0x76, 0x0, 0xab,
    0x40, 0x26, 0xf4, 0x0, 0xc9, 0x32, 0x40, 0x8,
    0xed, 0xd8, 0x2, 0x1d, 0x58, 0x0, 0x8f, 0x6,
    0xc0, 0x30, 0xb0, 0x50, 0x6, 0x2b, 0x94, 0x60,
    0xe, 0x65, 0x92, 0x0, 0xeb, 0x1e, 0x0, 0xe1,
    0xa3, 0x70,

    /* U+01E9 "ǩ" */
    0x45, 0x0, 0x31, 0x80, 0x4b, 0x10, 0xaa, 0x18,
    0x4, 0x3c, 0xeb, 0xa0, 0x1c, 0x7f, 0xe1, 0x0,
    0xf6, 0xd0, 0x7, 0xff, 0x46, 0x78, 0x80, 0x39,
    0xdb, 0x48, 0x2, 0x35, 0x8a, 0x30, 0xc, 0xb4,
    0x8a, 0x1, 0xc6, 0x89, 0x0, 0x72, 0xda, 0x50,
    0x80, 0x7a, 0x86, 0xc0, 0x3c, 0x34, 0xac,

    /* U+01EA "Ǫ" */
    0x0, 0x14, 0xf7, 0xf4, 0x88, 0x4, 0x58, 0xcc,
    0x96, 0x67, 0x88, 0x2, 0x47, 0x61, 0xa3, 0x46,
    0xc0, 0x8, 0xa4, 0x1, 0x12, 0xa8, 0x8, 0x34,
    0x3, 0x88, 0x4, 0x3, 0xfe, 0x20, 0xd0, 0xe,
    0x20, 0x10, 0x45, 0x20, 0x8, 0x95, 0x40, 0x9,
    0x1c, 0x86, 0x8c, 0x1b, 0x0, 0x16, 0x23, 0x4b,
    0xbb, 0xc4, 0x2, 0x2a, 0xd3, 0xf9, 0x10, 0xf,
    0x52, 0x80, 0x7f, 0x63, 0x58, 0x6,

    /* U+01EB "ǫ" */
    0x0, 0x47, 0x7e, 0x18, 0x2, 0x5e, 0x69, 0xf0,
    0x81, 0x9d, 0xcb, 0x61, 0x66, 0x1a, 0x1, 0x1a,
    0x80, 0x7e, 0x30, 0xd0, 0x8, 0xd4, 0x19, 0xdc,
    0x96, 0x16, 0x12, 0xf3, 0x6d, 0x64, 0x0, 0x88,
    0x2e, 0xa0, 0x6, 0xbc, 0x0, 0xf5, 0x4c, 0x0,
    0x0,

    /* U+01EC "Ǭ" */
    0x0, 0xab, 0xfe, 0xa0, 0xf, 0x5e, 0xed, 0x60,
    0x1e, 0x12, 0x28, 0x40, 0x38, 0xa7, 0xbf, 0xa4,
    0x40, 0x22, 0xc6, 0x64, 0xb3, 0x3c, 0x40, 0x12,
    0x3b, 0xd, 0x1a, 0x36, 0x0, 0x45, 0x20, 0x8,
    0x95, 0x40, 0x41, 0xa0, 0x1c, 0x40, 0x20, 0x1f,
    0xf1, 0x6, 0x80, 0x71, 0x0, 0x82, 0x29, 0x0,
    0x44, 0xaa, 0x0, 0x48, 0xe4, 0x34, 0x60, 0xd8,
    0x0, 0xb1, 0x1a, 0x5d, 0xde, 0x20, 0x11, 0x56,
    0x17, 0x48, 0x80, 0x79, 0x58, 0x40, 0x3f, 0x22,
    0xf0, 0x6,

    /* U+01ED "ǭ" */
    0x0, 0x6f, 0xfc, 0xc0, 0x17, 0xee, 0xce, 0x1,
    0x56, 0x6f, 0x10, 0x2, 0x5e, 0x69, 0xf0, 0x81,
    0x9d, 0xcb, 0x61, 0x66, 0x1a, 0x1, 0x1a, 0x80,
    0x7e, 0x30, 0xd0, 0x8, 0xd4, 0x19, 0xdc, 0x96,
    0x16, 0x12, 0xf3, 0x6d, 0x64, 0x0, 0x8b, 0x5d,
    0x40, 0xd, 0x38, 0x1, 0xeb, 0x98, 0x0, 0x0,

    /* U+01EE "Ǯ" */
    0x5, 0xd2, 0x4e, 0x30, 0x2, 0xa6, 0x5c, 0x18,
    0x5, 0x33, 0x30, 0x7, 0x3b, 0x0, 0x49, 0xff,
    0xe1, 0x5a, 0xa9, 0xc1, 0x44, 0x4a, 0xa1, 0x77,
    0x50, 0x4, 0xd7, 0x30, 0x1, 0xa4, 0x22, 0xcc,
    0x2, 0xdc, 0xb6, 0xc2, 0x0, 0x11, 0xaf, 0x82,
    0x0, 0x70, 0x80, 0x1e, 0x59, 0x1b, 0x45, 0xcd,
    0x62, 0xe1, 0x30, 0x40,

    /* U+01EF "ǯ" */
    0xb, 0x91, 0xab, 0x0, 0x5a, 0xf3, 0x58, 0x5,
    0x9b, 0x80, 0x8, 0xff, 0x6f, 0xf9, 0xea, 0xee,
    0x41, 0x52, 0x44, 0x1a, 0x69, 0x0, 0x1a, 0x30,
    0xc0, 0x7, 0x24, 0xa0, 0x10, 0xc2, 0x46, 0x88,
    0x13, 0xcf, 0x9c, 0x0, 0x61, 0x55, 0x0, 0x72,
    0xb4, 0x3a, 0xaa, 0xc6, 0x7e, 0xaa, 0x7b, 0x30,

    /* U+01F0 "ǰ" */
    0x4d, 0x34, 0xd3, 0x48, 0xcb, 0xe3, 0x5, 0xee,
    0x18, 0x5, 0x96, 0x1, 0xff, 0xe3, 0x30, 0x1,
    0xb1, 0x70, 0x2, 0x64, 0x8c, 0x0,

    /* U+01F1 "Ǳ" */
    0xbf, 0xfb, 0xa8, 0x80, 0x9, 0xff, 0xe8, 0x1,
    0xaa, 0x32, 0x6a, 0x2, 0xd5, 0x65, 0xc, 0x3,
    0x55, 0x47, 0x8d, 0x0, 0xaa, 0xce, 0xac, 0x80,
    0x1c, 0x30, 0x26, 0x1, 0xa4, 0x64, 0x3, 0xe2,
    0x6, 0x0, 0x9d, 0x28, 0x3, 0xff, 0x82, 0x50,
    0xc8, 0x1, 0xf8, 0xc1, 0x80, 0x1c, 0x52, 0x1,
    0xf8, 0x64, 0x8c, 0x1c, 0xf8, 0x3, 0x8d, 0x5a,
    0x78, 0x78, 0xa, 0xd, 0x95, 0x63, 0x1, 0xa9,
    0x46, 0xd3, 0x4, 0x3, 0xaa, 0xd2,

    /* U+01F2 "ǲ" */
    0xbf, 0xfb, 0xa8, 0x80, 0x3f, 0xc3, 0x54, 0x64,
    0xd4, 0x0, 0xfe, 0x35, 0x54, 0x78, 0xd0, 0x3,
    0xff, 0x90, 0x3, 0x86, 0x4, 0xc3, 0x32, 0x41,
    0x50, 0xf, 0x10, 0x30, 0x19, 0x81, 0x2c, 0x40,
    0x3f, 0xf8, 0x1c, 0xaa, 0x0, 0xf8, 0xc1, 0x80,
    0x12, 0x74, 0x1, 0xf0, 0xc9, 0x18, 0x23, 0x50,
    0x6, 0x35, 0x69, 0xe1, 0xe0, 0x4, 0x98, 0xaa,
    0x88, 0x6, 0xa5, 0x1b, 0x4c, 0x10, 0x8e, 0xaa,
    0x40,

    /* U+01F3 "ǳ" */
    0x0, 0xf7, 0xc0, 0x7, 0xff, 0x68, 0x6b, 0xf9,
    0x44, 0x1, 0x3f, 0xfa, 0xc2, 0xd6, 0x2e, 0x44,
    0x1, 0x77, 0x48, 0x18, 0xab, 0xb9, 0x78, 0x2,
    0x24, 0x45, 0x14, 0x10, 0x68, 0x0, 0x80, 0x39,
    0xcf, 0xc0, 0x21, 0x0, 0x84, 0x2, 0x28, 0x81,
    0x1, 0x6, 0x0, 0x4, 0x40, 0x17, 0x9b, 0x80,
    0x5, 0x1d, 0x97, 0x40, 0x28, 0x2a, 0x44, 0x18,
    0x52, 0xcd, 0xca, 0x0, 0x14, 0x26, 0xed, 0xc0,

    /* U+01F4 "Ǵ" */
    0x0, 0xe2, 0xf9, 0x0, 0xfb, 0x96, 0x40, 0x3c,
    0x37, 0x40, 0x1f, 0xb, 0x80, 0x7c, 0xf9, 0xfe,
    0xd8, 0x0, 0xb2, 0x1a, 0x25, 0x7c, 0x1, 0x27,
    0x54, 0x76, 0x87, 0x0, 0x32, 0x28, 0x0, 0x46,
    0x1, 0xc, 0x0, 0x47, 0x74, 0x26, 0x1, 0xaa,
    0xdc, 0x0, 0x41, 0xa0, 0x2, 0x4e, 0x0, 0x95,
    0x44, 0x1, 0xf4, 0xe, 0xc2, 0xb6, 0x80, 0x45,
    0xec, 0xca, 0x96, 0x60, 0x80,

    /* U+01F5 "ǵ" */
    0x0, 0xd1, 0xe6, 0x1, 0x91, 0xb0, 0xc0, 0x33,
    0x79, 0x80, 0x43, 0x5b, 0xed, 0x90, 0x16, 0xb1,
    0x74, 0x60, 0x2a, 0xee, 0x5e, 0x0, 0x10, 0x68,
    0x0, 0x80, 0x30, 0x80, 0x42, 0x4, 0x6, 0x0,
    0x11, 0x0, 0xac, 0x32, 0xd0, 0x5, 0x69, 0x37,
    0xa2, 0x0, 0x1b, 0xfe, 0x71, 0xe0, 0x76, 0x45,
    0xd0, 0x40, 0x5, 0xda, 0x82, 0xc8,

    /* U+01F6 "Ƕ" */
    0xad, 0x0, 0x93, 0xd0, 0x3, 0xff, 0x9a, 0x5e,
    0xa0, 0x1, 0x1c, 0x1, 0xf1, 0x77, 0x54, 0x1,
    0xf0, 0xdd, 0xd0, 0x1, 0xf1, 0xa2, 0x46, 0x1,
    0xff, 0x38, 0x4, 0x20, 0x20, 0x1c, 0x41, 0xb,
    0x0, 0xa0, 0x1c, 0x36, 0x34, 0xd6, 0x20,

    /* U+01F7 "Ƿ" */
    0xa9, 0x3c, 0xfd, 0x50, 0x2, 0x75, 0xc8, 0x51,
    0x1, 0x4b, 0xb7, 0x82, 0x80, 0xa0, 0x0, 0x83,
    0xc0, 0xc0, 0x21, 0xe, 0x0, 0xe6, 0x7, 0x0,
    0xc7, 0xc, 0x20, 0x12, 0xe2, 0x48, 0x0, 0xf2,
    0x9e, 0xc0, 0x21, 0x5d, 0x80, 0xc, 0x52, 0x40,
    0x1f, 0xfc, 0x80,

    /* U+01F8 "Ǹ" */
    0x0, 0x14, 0x18, 0x7, 0x88, 0x74, 0x40, 0x3d,
    0x36, 0xa0, 0x1f, 0x2a, 0x0, 0x55, 0xee, 0x1,
    0xb6, 0x0, 0x10, 0x20, 0x1e, 0x41, 0xb0, 0xf,
    0xd, 0xaa, 0x0, 0x70, 0xaa, 0x48, 0x7, 0xd2,
    0x4e, 0x1, 0xe2, 0x88, 0x8, 0x7, 0x9c, 0xac,
    0x3, 0xee, 0x52, 0x0, 0xf1, 0xb0, 0x0,

    /* U+01F9 "ǹ" */
    0x3, 0xf8, 0x0, 0xc7, 0x6c, 0x60, 0x19, 0x3c,
    0x40, 0x1a, 0xf3, 0xd9, 0x20, 0x8, 0x3a, 0x66,
    0x80, 0xa9, 0x60, 0xb0, 0x1c, 0x2, 0x11, 0x0,
    0x7f, 0xf4, 0x0,

    /* U+01FA "Ǻ" */
    0x0, 0xc9, 0xec, 0x1, 0xf4, 0xc9, 0x80, 0x3c,
    0xe1, 0xe0, 0x1f, 0x56, 0xa9, 0x0, 0x79, 0xa4,
    0x48, 0x3, 0xc2, 0xe0, 0x1f, 0xa, 0xc1, 0x18,
    0x7, 0x30, 0xb1, 0xc8, 0x7, 0x53, 0x85, 0x28,
    0x80, 0x46, 0x5a, 0x28, 0xe, 0x1, 0x48, 0x5f,
    0x68, 0x50, 0x4, 0xad, 0x77, 0x39, 0x98, 0x18,
    0x2d, 0x12, 0x80, 0xa0, 0xa3, 0x20, 0xc, 0xcc,
    0x0,

    /* U+01FB "ǻ" */
    0x0, 0x87, 0xac, 0x40, 0x24, 0xbb, 0x8, 0x0,
    0xa6, 0x46, 0x1, 0x2d, 0xcc, 0x80, 0x25, 0xb9,
    0x90, 0x4, 0x59, 0x83, 0x0, 0x1d, 0xf7, 0xd9,
    0x0, 0xe, 0xad, 0x64, 0xe, 0x11, 0xe, 0xa0,
    0x99, 0xde, 0xc0, 0x56, 0xdf, 0xe7, 0x7, 0x9,
    0x10, 0x30, 0x60, 0x41, 0x64, 0x3, 0x89, 0xec,
    0xa0,

    /* U+01FC "Ǽ" */
    0x0, 0xfc, 0xce, 0x1, 0xfe, 0x59, 0x30, 0xf,
    0xf1, 0x6a, 0x0, 0x7f, 0x9c, 0x80, 0x3f, 0xa7,
    0xff, 0xd8, 0x1, 0x85, 0x98, 0x63, 0x55, 0x40,
    0x6, 0x90, 0x96, 0x5, 0x59, 0x0, 0x33, 0x38,
    0x4, 0x23, 0x0, 0x67, 0x19, 0x0, 0xf, 0x75,
    0x0, 0x14, 0xa0, 0x8, 0xd, 0xdd, 0x40, 0x6,
    0x14, 0xee, 0x28, 0x22, 0x44, 0x0, 0xb3, 0xbb,
    0x90, 0x3, 0xca, 0x50, 0x89, 0x8, 0x2a, 0xc8,
    0x12, 0x68, 0x1, 0x86, 0xaa, 0x80,

    /* U+01FD "ǽ" */
    0x0, 0xf4, 0xf9, 0x0, 0x7e, 0x47, 0xc2, 0x0,
    0xfc, 0xde, 0x60, 0x1c, 0x99, 0xdf, 0x65, 0x9f,
    0xaa, 0x1, 0x5d, 0x51, 0xb1, 0x71, 0x28, 0xc1,
    0x1d, 0x15, 0x6, 0x4e, 0x46, 0xc1, 0x2f, 0xbd,
    0x7, 0xfe, 0x12, 0x25, 0x86, 0xe8, 0xcb, 0x77,
    0x5b, 0x84, 0x19, 0x9, 0x19, 0x14, 0x2c, 0x14,
    0x94, 0x3, 0xaa, 0xa8, 0x33, 0x43, 0xd8, 0x66,
    0x1e, 0xa8, 0x62,

    /* U+01FE "Ǿ" */
    0x0, 0xe3, 0xf8, 0x0, 0xfd, 0xeb, 0x0, 0x1f,
    0x15, 0xd0, 0x7, 0xe2, 0x70, 0x2, 0x0, 0x62,
    0x9e, 0xfd, 0x9a, 0x40, 0x1, 0x63, 0x32, 0x55,
    0x85, 0x40, 0x12, 0x3b, 0xd, 0xa2, 0x10, 0x0,
    0x45, 0x20, 0x2a, 0xa2, 0xb0, 0x10, 0x68, 0x3,
    0x9d, 0x8, 0x4, 0x3, 0x48, 0x40, 0x6, 0x20,
    0xd4, 0x7d, 0x0, 0x10, 0x8, 0x2a, 0xaa, 0xc4,
    0x9, 0x54, 0x0, 0x80, 0x12, 0x68, 0xc1, 0xb0,
    0x3, 0x8b, 0x4c, 0x99, 0xfc, 0x40, 0xb, 0x93,
    0xdf, 0xd2, 0x20, 0x0,

    /* U+01FF "ǿ" */
    0x0, 0xd3, 0xe6, 0x1, 0x91, 0xf0, 0xc0, 0x33,
    0x79, 0x88, 0x5, 0x39, 0xd9, 0xe6, 0x12, 0xd3,
    0x44, 0x24, 0xc, 0xee, 0x0, 0xa4, 0xc3, 0x6,
    0xe8, 0xcc, 0x1, 0x53, 0xa0, 0x0, 0xc2, 0x5a,
    0x40, 0xc8, 0x1c, 0x9d, 0x6c, 0x2c, 0x8, 0xd2,
    0x9e, 0xc8, 0x2f, 0x3b, 0xf1, 0x0,

    /* U+0200 "Ȁ" */
    0x7, 0xf2, 0xe9, 0x0, 0xe7, 0x5b, 0xc7, 0x20,
    0xe, 0xad, 0x2c, 0x0, 0xf9, 0x0, 0x88, 0x1,
    0xe6, 0xf8, 0x0, 0xfa, 0x85, 0x80, 0x3c, 0x47,
    0x2, 0x80, 0x1d, 0x42, 0xc7, 0xc0, 0x1c, 0xce,
    0x16, 0xa2, 0x1, 0x20, 0xe0, 0xa0, 0x30, 0x5,
    0xc1, 0x5d, 0x81, 0x40, 0x1, 0x55, 0x5d, 0xce,
    0x46, 0xe, 0x10, 0x89, 0x48, 0x50, 0x51, 0x90,
    0x4, 0x2a, 0xe0,

    /* U+0201 "ȁ" */
    0x1e, 0x77, 0x78, 0x80, 0xd4, 0xb2, 0xc0, 0x1,
    0x30, 0xeb, 0x40, 0x7, 0x39, 0xfe, 0x20, 0x1,
    0xd5, 0xac, 0x81, 0xc2, 0x21, 0xd4, 0x12, 0xfb,
    0xd8, 0xa, 0xc7, 0xfc, 0xe0, 0xe1, 0x22, 0x6,
    0xc, 0x16, 0x2c, 0x80, 0x70, 0xdd, 0x94, 0x0,

    /* U+0202 "Ȃ" */
    0x0, 0xd, 0xfe, 0x98, 0x7, 0x41, 0xe5, 0xc0,
    0x7, 0x44, 0xd, 0xa8, 0x3, 0x85, 0xbe, 0x4,
    0x3, 0xd4, 0x2c, 0x1, 0xe2, 0x38, 0x14, 0x0,
    0xea, 0x16, 0x3e, 0x0, 0xe6, 0x70, 0xb5, 0x10,
    0x9, 0x7, 0x5, 0x1, 0x80, 0x2e, 0xa, 0xec,
    0xa, 0x0, 0xa, 0xaa, 0xee, 0x72, 0x30, 0x70,
    0x84, 0x4a, 0x42, 0x82, 0x8c, 0x80, 0x21, 0x57,
    0x0,

    /* U+0203 "ȃ" */
    0x0, 0x37, 0x72, 0x0, 0x5, 0x75, 0xa8, 0x60,
    0x58, 0x87, 0xa6, 0x7, 0x5d, 0xf4, 0x40, 0x3,
    0xab, 0x59, 0x3, 0x84, 0x43, 0xa8, 0x25, 0xf7,
    0xb0, 0x15, 0x8f, 0xf9, 0xc1, 0xc2, 0x44, 0xc,
    0x18, 0x2c, 0x59, 0x0, 0xe1, 0xbb, 0x28, 0x0,

    /* U+0204 "Ȅ" */
    0xc, 0xb4, 0xf4, 0x0, 0x6a, 0x84, 0x40, 0x0,
    0x3e, 0xee, 0x81, 0x0, 0x9, 0x82, 0x8, 0x57,
    0xff, 0x0, 0x6, 0xab, 0x0, 0xd, 0x57, 0x0,
    0x42, 0x30, 0x4, 0x5d, 0xd5, 0x80, 0x6, 0xee,
    0x90, 0x1, 0xa2, 0x44, 0x1, 0xfc, 0x6a, 0xb8,
    0x0, 0x35, 0x58,

    /* U+0205 "ȅ" */
    0x1e, 0x87, 0xf1, 0x0, 0xe, 0xb2, 0xb4, 0x0,
    0x47, 0x81, 0x3a, 0x1, 0xab, 0x3b, 0xc8, 0x1,
    0x2d, 0x74, 0xfe, 0x2, 0xd0, 0xa9, 0xe4, 0x64,
    0x13, 0xfe, 0xc0, 0x60, 0x4, 0x6e, 0xe5, 0x20,
    0xe2, 0x2c, 0x2, 0xcc, 0x84, 0x59, 0x0, 0x4b,
    0xb5, 0xd8, 0xc0,

    /* U+0206 "Ȇ" */
    0x4, 0xdf, 0xb0, 0x5, 0x46, 0xb, 0x87, 0x29,
    0xd3, 0xd7, 0xff, 0x0, 0xd5, 0x60, 0x35, 0x5c,
    0x0, 0x11, 0x80, 0x5, 0xdd, 0x58, 0xd, 0xdd,
    0x20, 0x68, 0x91, 0x0, 0x7c, 0x6a, 0xb8, 0x6,
    0xab, 0x0,

    /* U+0207 "ȇ" */
    0x0, 0x37, 0x72, 0x0, 0x22, 0xba, 0xd4, 0x30,
    0x1, 0x62, 0x1e, 0x98, 0x5, 0x3d, 0xca, 0x20,
    0x4, 0xb5, 0xd3, 0xf8, 0xb, 0x42, 0xa7, 0x91,
    0x90, 0x4f, 0xfb, 0x1, 0x80, 0x11, 0xbb, 0x94,
    0x83, 0x88, 0xb0, 0xb, 0x32, 0x11, 0x64, 0x1,
    0x2e, 0xd7, 0x63, 0x0,

    /* U+0208 "Ȉ" */
    0x8e, 0x2e, 0x80, 0x85, 0xad, 0x61, 0xb, 0xc3,
    0xc3, 0x0, 0x20, 0x11, 0x1, 0xff, 0xe6, 0x7,
    0xa0, 0xa6, 0x0, 0x8, 0x30, 0x7, 0xff, 0x54,
    0x41, 0x80, 0xf, 0x41, 0x4c,

    /* U+0209 "ȉ" */
    0x2f, 0x69, 0xe0, 0x2a, 0xb8, 0x27, 0x5, 0xe0,
    0xc3, 0x0, 0x1e, 0x52, 0x0, 0x7f, 0xf7, 0x80,

    /* U+020A "Ȋ" */
    0x2c, 0xfc, 0x29, 0xbc, 0xb8, 0xb7, 0x37, 0xa7,
    0xff, 0x99, 0xe8, 0x29, 0x80, 0x41, 0x80, 0x3f,
    0xf9, 0xe2, 0xc, 0xf, 0x41, 0x4c,

    /* U+020B "ȋ" */
    0x8, 0xee, 0x30, 0x22, 0x36, 0xac, 0x53, 0xd,
    0x34, 0x40, 0x1b, 0x40, 0x1f, 0xfe, 0x0,

    /* U+020C "Ȍ" */
    0x0, 0x47, 0x17, 0x40, 0x7, 0xa1, 0x6b, 0x58,
    0x40, 0x3d, 0x78, 0x78, 0x60, 0x1f, 0x20, 0x11,
    0x0, 0x38, 0xa7, 0xbf, 0xa4, 0x40, 0x22, 0xc6,
    0x64, 0xb3, 0x3c, 0x40, 0x12, 0x3b, 0xd, 0x1a,
    0x36, 0x0, 0x45, 0x20, 0x8, 0x95, 0x40, 0x41,
    0xa0, 0x1c, 0x40, 0x20, 0x1f, 0xf1, 0x6, 0x80,
    0x71, 0x0, 0x82, 0x29, 0x0, 0x44, 0xaa, 0x0,
    0x48, 0xe4, 0x34, 0x60, 0xd8, 0x0, 0xb1, 0x1a,
    0x59, 0xfc, 0x40,

    /* U+020D "ȍ" */
    0xc, 0xc1, 0xfa, 0x0, 0x5a, 0x2f, 0x32, 0x0,
    0x87, 0x1d, 0xb8, 0x40, 0x29, 0xdf, 0xf1, 0x0,
    0x25, 0xe6, 0x9f, 0x8, 0x19, 0xdc, 0xb6, 0x16,
    0x61, 0xa0, 0x11, 0xa8, 0x7, 0xe3, 0xd, 0x0,
    0x8d, 0x41, 0x9d, 0xc9, 0x61, 0x61, 0x2f, 0x36,
    0xf6, 0x40,

    /* U+020E "Ȏ" */
    0x0, 0x86, 0xfe, 0xc4, 0x3, 0xd2, 0x58, 0x72,
    0x1, 0xf4, 0x1c, 0x80, 0x7d, 0x2, 0x3, 0x0,
    0x1c, 0x53, 0xdf, 0xd2, 0x20, 0x11, 0x63, 0x32,
    0x59, 0x9e, 0x20, 0x9, 0x1d, 0x86, 0x8d, 0x1b,
    0x0, 0x22, 0x90, 0x4, 0x4a, 0xa0, 0x20, 0xd0,
    0xe, 0x20, 0x10, 0xf, 0xf8, 0x83, 0x40, 0x38,
    0x80, 0x41, 0x14, 0x80, 0x22, 0x55, 0x0, 0x24,
    0x72, 0x1a, 0x30, 0x6c, 0x0, 0x58, 0x8d, 0x2c,
    0xfe, 0x20,

    /* U+020F "ȏ" */
    0x0, 0x1e, 0xfd, 0x80, 0x6e, 0x8c, 0x27, 0x0,
    0xb1, 0x4e, 0x58, 0x2, 0x9e, 0xfc, 0x20, 0x4,
    0xbc, 0xd3, 0xe1, 0x3, 0x3b, 0x96, 0xc2, 0xcc,
    0x34, 0x2, 0x35, 0x0, 0xfc, 0x61, 0xa0, 0x11,
    0xa8, 0x33, 0xb9, 0x2c, 0x2c, 0x25, 0xe6, 0xde,
    0xc8,

    /* U+0210 "Ȑ" */
    0x9d, 0x2f, 0x70, 0xa, 0x45, 0x6e, 0x44, 0x2,
    0xc3, 0x4d, 0x0, 0xe4, 0x3, 0x10, 0x5, 0xff,
    0xda, 0xe0, 0x10, 0xd5, 0x1e, 0x1c, 0x0, 0x6a,
    0xaa, 0x3b, 0x0, 0xf8, 0x40, 0x30, 0xb1, 0xd0,
    0x0, 0xbf, 0xa6, 0x1c, 0x0, 0x59, 0x20, 0x20,
    0x18, 0xd9, 0x64, 0x40, 0x3a, 0xc6, 0x80, 0x38,
    0x61, 0x14,

    /* U+0211 "ȑ" */
    0xad, 0x2f, 0x60, 0xa1, 0x4a, 0x80, 0x6, 0x12,
    0xe8, 0x86, 0x93, 0xed, 0x80, 0x2e, 0xa7, 0x80,
    0x7, 0x8e, 0x80, 0x4, 0x10, 0xf, 0xfe, 0x70,

    /* U+0212 "Ȓ" */
    0x2, 0xcf, 0xc1, 0x0, 0xba, 0xb1, 0x20, 0x2,
    0xc6, 0x38, 0x90, 0x5, 0xff, 0xda, 0xe0, 0x10,
    0xd5, 0x1e, 0x1c, 0x0, 0x6a, 0xaa, 0x3b, 0x0,
    0xf8, 0x40, 0x30, 0xb1, 0xd0, 0x0, 0xbf, 0xa6,
    0x1c, 0x0, 0x59, 0x20, 0x20, 0x18, 0xd9, 0x64,
    0x40, 0x3a, 0xc6, 0x80, 0x38, 0x61, 0x14,

    /* U+0213 "ȓ" */
    0x2c, 0xfb, 0x1e, 0xac, 0x38, 0xd6, 0x38, 0x86,
    0x33, 0xf5, 0x85, 0xd4, 0xf0, 0x1e, 0x3a, 0x2,
    0x8, 0x7, 0xff, 0x28,

    /* U+0214 "Ȕ" */
    0xd, 0xa5, 0xf3, 0x0, 0xde, 0x8c, 0xf0, 0x1,
    0x8b, 0x2, 0x3c, 0x3, 0x88, 0xc1, 0x0, 0x2c,
    0xc0, 0x6, 0x6f, 0x10, 0xf, 0xff, 0xb, 0x80,
    0x70, 0x80, 0xc, 0xc2, 0x1, 0x60, 0x8a, 0x83,
    0x19, 0x94, 0x92, 0x5, 0xad, 0x12, 0xf2, 0xe0,

    /* U+0215 "ȕ" */
    0xad, 0x2f, 0x60, 0x5, 0xa, 0x54, 0x0, 0x58,
    0x4b, 0xa2, 0x1f, 0x28, 0x7, 0x94, 0x1, 0xff,
    0xce, 0x30, 0x13, 0x0, 0x8, 0x81, 0x15, 0xe,
    0xc0, 0x16, 0x97, 0xc4, 0xa0,

    /* U+0216 "Ȗ" */
    0x0, 0x1e, 0xfc, 0x80, 0x77, 0x5d, 0x95, 0x0,
    0x35, 0xb2, 0x7b, 0x80, 0x66, 0x0, 0x19, 0x80,
    0x19, 0x80, 0xc, 0xde, 0x20, 0x1f, 0xfe, 0x17,
    0x0, 0xe1, 0x0, 0x19, 0x84, 0x2, 0xc1, 0x15,
    0x6, 0x33, 0x29, 0x24, 0xb, 0x5a, 0x25, 0xe5,
    0xc0,

    /* U+0217 "ȗ" */
    0x3, 0xcf, 0xc1, 0x0, 0x7d, 0x62, 0x40, 0x3,
    0x18, 0xe2, 0x43, 0xe4, 0x2, 0xda, 0x0, 0xff,
    0xe7, 0x18, 0x9, 0x80, 0x4, 0x40, 0x8a, 0x87,
    0x60, 0xb, 0x4b, 0xe2, 0x50,

    /* U+0218 "Ș" */
    0x2, 0xbe, 0xfc, 0x70, 0x6, 0x2c, 0x4a, 0x80,
    0x8, 0x61, 0x99, 0x2e, 0x4, 0x1a, 0x1, 0xeb,
    0x4e, 0x81, 0x0, 0x93, 0xa5, 0xb9, 0x0, 0x21,
    0x7e, 0x4a, 0x0, 0xf1, 0x88, 0x25, 0x3a, 0xbb,
    0x90, 0x18, 0x66, 0xa5, 0xac, 0xa, 0xfa, 0xf6,
    0x40, 0x3a, 0xd8, 0x3, 0x8c, 0xca, 0x1, 0x0,

    /* U+0219 "ș" */
    0x6, 0xdf, 0xe9, 0x2, 0x95, 0xcb, 0xe0, 0x10,
    0xe3, 0x57, 0x3, 0x69, 0xd5, 0x0, 0xa7, 0x1e,
    0xac, 0x2, 0x3a, 0x94, 0x23, 0x84, 0x3c, 0x2,
    0x14, 0xbc, 0x6b, 0x2, 0xcf, 0xad, 0x40, 0x8,
    0xe8, 0x3, 0x91, 0xc4, 0x0,

    /* U+021A "Ț" */
    0xdf, 0xff, 0x5c, 0xd5, 0x4, 0xea, 0x90, 0x8a,
    0xa3, 0x75, 0x51, 0x80, 0x7f, 0xfb, 0xff, 0xc0,
    0x1e, 0x8e, 0x0, 0xf2, 0x40, 0x4,

    /* U+021B "ț" */
    0x4, 0xc0, 0xd, 0xa0, 0x1a, 0x18, 0xff, 0xc1,
    0x46, 0x59, 0xa0, 0x4e, 0x26, 0x40, 0x1f, 0xfc,
    0x82, 0x35, 0x50, 0x2, 0xe, 0xa0, 0x0, 0x3b,
    0x5a, 0x1, 0x34, 0x80, 0x6b, 0x80, 0x0,

    /* U+021C "Ȝ" */
    0x7, 0xcf, 0xf6, 0x18, 0x1c, 0x2d, 0x50, 0x70,
    0x4f, 0xe5, 0x55, 0x20, 0xa0, 0x1c, 0x60, 0xc0,
    0x12, 0x54, 0x40, 0x80, 0x1b, 0x6e, 0x2, 0x1,
    0x7f, 0xb6, 0x24, 0xc0, 0x4, 0x0, 0x70, 0x40,
    0xe, 0x20, 0xf, 0xac, 0x10, 0x2, 0x3b, 0x67,
    0x32, 0x8d, 0xc6, 0xa8, 0x4, 0x67, 0xbd, 0x50,
    0x3, 0x75, 0x20, 0x6,

    /* U+021D "ȝ" */
    0x2a, 0xef, 0xc3, 0x3, 0xb, 0xb0, 0x68, 0xd,
    0x2a, 0x50, 0x88, 0x2, 0x1a, 0x21, 0x1, 0x9f,
    0x3e, 0x0, 0x19, 0xac, 0xb8, 0x0, 0x54, 0xbc,
    0x48, 0x1, 0xff, 0x40, 0xa0, 0xb, 0xf2, 0x50,
    0x4f, 0x4b, 0xf2, 0x6, 0xe7, 0x48, 0x80, 0x0,

    /* U+021E "Ȟ" */
    0x1, 0x71, 0x4, 0x50, 0x8, 0x45, 0xf5, 0x28,
    0x1, 0x9a, 0xcb, 0xc4, 0x3, 0x96, 0x8, 0x2,
    0xad, 0x0, 0xcd, 0xe4, 0x1, 0xff, 0xc8, 0x11,
    0xe0, 0x8, 0xbb, 0xb4, 0x0, 0x43, 0x77, 0x9c,
    0x2, 0x34, 0x4d, 0xc0, 0x1f, 0xfd, 0x10,

    /* U+021F "ȟ" */
    0x45, 0x0, 0x31, 0x80, 0x4b, 0x10, 0xaa, 0x18,
    0x4, 0x3c, 0xeb, 0xa0, 0x1c, 0x7f, 0xe1, 0x0,
    0xf6, 0xd0, 0x7, 0xff, 0x14, 0xc0, 0x3f, 0x1c,
    0xff, 0x48, 0x6, 0x53, 0xa6, 0x68, 0x2, 0x2a,
    0x58, 0x2c, 0x0, 0x9c, 0x2, 0x11, 0x0, 0x7f,
    0xf6, 0x0,

    /* U+0220 "Ƞ" */
    0xa9, 0x3b, 0xfe, 0x91, 0x0, 0x3e, 0x9c, 0xb3,
    0x28, 0x0, 0x35, 0xd, 0xe, 0x82, 0x0, 0x40,
    0xb, 0x40, 0x80, 0x80, 0x30, 0x80, 0x7f, 0xf8,
    0xeb, 0x40, 0x3f, 0xf9, 0xa0,

    /* U+0221 "ȡ" */
    0x0, 0xf7, 0xc0, 0x7, 0xff, 0x50, 0x6b, 0xf9,
    0x44, 0x3, 0xeb, 0x58, 0xb9, 0x10, 0xf, 0xa,
    0xbb, 0x97, 0x80, 0x3e, 0x20, 0xd0, 0x1, 0x0,
    0x7f, 0x8, 0x7, 0xf8, 0x83, 0x0, 0x2, 0x0,
    0x7d, 0xe8, 0x1, 0x47, 0x65, 0xd1, 0x79, 0x55,
    0x38, 0x2, 0x96, 0x2d, 0x78, 0x0, 0xed, 0x40,
    0x1, 0xae, 0xe4, 0x88, 0x67, 0xea, 0x80, 0x7e,
    0x62, 0x0, 0xc0,

    /* U+0222 "Ȣ" */
    0xb, 0xd0, 0x8, 0x7d, 0xc0, 0x4c, 0x2, 0x30,
    0x10, 0xf1, 0x82, 0x24, 0x82, 0x2, 0xb3, 0xee,
    0x92, 0x88, 0x21, 0x99, 0x54, 0x4a, 0x41, 0x76,
    0x95, 0x55, 0x94, 0x18, 0x70, 0x6, 0x63, 0x20,
    0xd0, 0xc, 0xa4, 0xe, 0xb4, 0xcf, 0x83, 0x1,
    0x12, 0xf3, 0x27, 0xb5,

    /* U+0223 "ȣ" */
    0xd, 0xa0, 0x1, 0x7a, 0x80, 0x7f, 0x8, 0x80,
    0xc, 0x2, 0x8, 0x90, 0xf0, 0x28, 0x49, 0x5f,
    0x2d, 0x8, 0x51, 0xcd, 0xad, 0x11, 0x12, 0x19,
    0x28, 0x61, 0x81, 0x40, 0x22, 0x67, 0x5, 0x0,
    0x89, 0x8c, 0xd0, 0xcb, 0x63, 0x21, 0xaf, 0x14,
    0xf6, 0x60,

    /* U+0224 "Ȥ" */
    0x6f, 0xff, 0x32, 0x55, 0x63, 0x4, 0x25, 0x59,
    0x8e, 0x8, 0x3, 0x71, 0xb8, 0x6, 0x82, 0xe0,
    0xc, 0x6f, 0x24, 0x1, 0xb9, 0x18, 0x3, 0x49,
    0x48, 0x6, 0x46, 0x47, 0x55, 0x8f, 0x1, 0x2a,
    0xba, 0x3f, 0xf8, 0x80, 0x3c, 0x26, 0x20, 0x19,
    0x38, 0x68, 0x3, 0x26, 0x71, 0x0,

    /* U+0225 "ȥ" */
    0x4f, 0xfe, 0x4, 0xcc, 0x84, 0xc0, 0x6, 0x64,
    0x1e, 0x0, 0x8a, 0x20, 0x40, 0x17, 0x1b, 0x80,
    0x4e, 0x7c, 0x1, 0x14, 0x30, 0x99, 0x81, 0x41,
    0xb3, 0x22, 0x7f, 0xfb, 0x40, 0x3c, 0xe0, 0x60,
    0x14, 0x52, 0x8, 0x5, 0x1b, 0x60,

    /* U+0226 "Ȧ" */
    0x0, 0x8b, 0x90, 0x3, 0xe3, 0x57, 0x0, 0xf8,
    0x6c, 0xc0, 0x3e, 0x6f, 0x80, 0xf, 0xa8, 0x58,
    0x3, 0xc4, 0x70, 0x28, 0x1, 0xd4, 0x2c, 0x7c,
    0x1, 0xcc, 0xe1, 0x6a, 0x20, 0x12, 0xe, 0xa,
    0x3, 0x0, 0x5c, 0x15, 0xd8, 0x14, 0x0, 0x15,
    0x55, 0xdc, 0xe4, 0x60, 0xe1, 0x8, 0x94, 0x85,
    0x5, 0x19, 0x0, 0x42, 0xae, 0x0,

    /* U+0227 "ȧ" */
    0x0, 0xaa, 0xc0, 0x3b, 0x70, 0x3, 0x9d, 0xc0,
    0x11, 0xdf, 0x7d, 0x90, 0x0, 0xea, 0xd6, 0x40,
    0xe1, 0x10, 0xea, 0x9, 0x7d, 0xec, 0x5, 0x63,
    0xfe, 0x70, 0x70, 0x91, 0x3, 0x6, 0xb, 0x16,
    0x40, 0x38, 0x6e, 0xca, 0x0,

    /* U+0228 "Ȩ" */
    0xaf, 0xfe, 0x1, 0xaa, 0xc0, 0x68, 0x92, 0x81,
    0x77, 0x56, 0x3, 0x77, 0x48, 0x1a, 0x24, 0x40,
    0x1f, 0xfc, 0x13, 0x55, 0xc0, 0x35, 0x5d, 0xf6,
    0x5d, 0xe0, 0x4, 0x5d, 0x0, 0xb9, 0xa8, 0x0,

    /* U+0229 "ȩ" */
    0x0, 0x47, 0x72, 0xc8, 0x1, 0x2d, 0x74, 0xfe,
    0x2, 0xd0, 0xa9, 0xe4, 0x64, 0x13, 0xfe, 0xc0,
    0x60, 0x4, 0x6e, 0xe5, 0x20, 0xe2, 0x2c, 0x2,
    0xcc, 0x84, 0x59, 0x0, 0x4b, 0xb5, 0xd8, 0xc0,
    0x28, 0x81, 0xfd, 0x0, 0x66, 0x5b, 0x0, 0xc5,
    0xcf, 0xe0, 0x0,

    /* U+022A "Ȫ" */
    0x0, 0xab, 0xfe, 0x90, 0xf, 0x5e, 0xed, 0x0,
    0x1e, 0x79, 0x29, 0x70, 0xf, 0x27, 0x7, 0x20,
    0x7, 0x89, 0x41, 0x48, 0x3, 0x8a, 0x7b, 0xfa,
    0x44, 0x2, 0x2c, 0x66, 0x4b, 0x33, 0xc4, 0x1,
    0x23, 0xb0, 0xd1, 0xa3, 0x60, 0x4, 0x52, 0x0,
    0x89, 0x54, 0x4, 0x1a, 0x1, 0xc4, 0x2, 0x1,
    0xff, 0x10, 0x68, 0x7, 0x10, 0x8, 0x22, 0x90,
    0x4, 0x4a, 0xa0, 0x4, 0x8e, 0x43, 0x46, 0xd,
    0x80, 0xb, 0x11, 0xa5, 0x9f, 0xc4, 0x0,

    /* U+022B "ȫ" */
    0x0, 0x6f, 0xfc, 0xc0, 0x17, 0xee, 0xce, 0x1,
    0x45, 0x16, 0x10, 0x5, 0xd6, 0x12, 0x40, 0x16,
    0x6f, 0xd9, 0x0, 0x25, 0xe6, 0x9f, 0x8, 0x19,
    0xdc, 0xb6, 0x16, 0x61, 0xa0, 0x11, 0xa8, 0x7,
    0xe3, 0xd, 0x0, 0x8d, 0x41, 0x9d, 0xc9, 0x61,
    0x61, 0x2f, 0x36, 0xf6, 0x40,

    /* U+022C "Ȭ" */
    0x0, 0xab, 0xfe, 0x90, 0xf, 0x5e, 0xed, 0x0,
    0x1e, 0x8d, 0xda, 0x40, 0x3d, 0x3f, 0xf4, 0x0,
    0x7f, 0xf1, 0xa, 0x7b, 0xfa, 0x44, 0x2, 0x2c,
    0x66, 0x4b, 0x33, 0xc4, 0x1, 0x23, 0xb0, 0xd1,
    0xa3, 0x60, 0x4, 0x52, 0x0, 0x89, 0x54, 0x4,
    0x1a, 0x1, 0xc4, 0x2, 0x1, 0xff, 0x10, 0x68,
    0x7, 0x10, 0x8, 0x22, 0x90, 0x4, 0x4a, 0xa0,
    0x4, 0x8e, 0x43, 0x46, 0xd, 0x80, 0xb, 0x11,
    0xa5, 0x9f, 0xc4, 0x0,

    /* U+022D "ȭ" */
    0x0, 0x6f, 0xfc, 0xc0, 0x17, 0xee, 0xce, 0x1,
    0x76, 0xeb, 0x10, 0x2, 0xcf, 0xf7, 0x28, 0x5,
    0x1d, 0xf8, 0x60, 0x9, 0x79, 0xa7, 0xc2, 0x6,
    0x77, 0x2d, 0x85, 0x98, 0x68, 0x4, 0x6a, 0x1,
    0xf8, 0xc3, 0x40, 0x23, 0x50, 0x67, 0x72, 0x58,
    0x58, 0x4b, 0xcd, 0xbd, 0x90,

    /* U+022E "Ȯ" */
    0x0, 0xc5, 0x64, 0x1, 0xf8, 0x54, 0x40, 0x3f,
    0x1f, 0x18, 0x7, 0xff, 0x14, 0xa7, 0xbf, 0xa4,
    0x40, 0x22, 0xc6, 0x64, 0xb3, 0x3c, 0x40, 0x12,
    0x3b, 0xd, 0x1a, 0x36, 0x0, 0x45, 0x20, 0x8,
    0x95, 0x40, 0x41, 0xa0, 0x1c, 0x40, 0x20, 0x1f,
    0xf1, 0x6, 0x80, 0x71, 0x0, 0x82, 0x29, 0x0,
    0x44, 0xaa, 0x0, 0x48, 0xe4, 0x34, 0x60, 0xd8,
    0x0, 0xb1, 0x1a, 0x59, 0xfc, 0x40,

    /* U+022F "ȯ" */
    0x0, 0x9b, 0x84, 0x3, 0x89, 0x4, 0x3, 0x92,
    0x80, 0x3a, 0x3b, 0xf0, 0xc0, 0x12, 0xf3, 0x4f,
    0x84, 0xc, 0xee, 0x5b, 0xb, 0x30, 0xd0, 0x8,
    0xd4, 0x3, 0xf1, 0x86, 0x80, 0x46, 0xa0, 0xce,
    0xe4, 0xb0, 0xb0, 0x97, 0x9b, 0x7b, 0x20,

    /* U+0230 "Ȱ" */
    0x0, 0xab, 0xfe, 0x90, 0xf, 0x5e, 0xed, 0x0,
    0x1e, 0x10, 0xc0, 0x10, 0xf, 0x8d, 0xcc, 0x3,
    0xf0, 0xc8, 0x80, 0x78, 0xa7, 0xbf, 0xa4, 0x40,
    0x22, 0xc6, 0x64, 0xb3, 0x3c, 0x40, 0x12, 0x3b,
    0xd, 0x1a, 0x36, 0x0, 0x45, 0x20, 0x8, 0x95,
    0x40, 0x41, 0xa0, 0x1c, 0x40, 0x20, 0x1f, 0xf1,
    0x6, 0x80, 0x71, 0x0, 0x82, 0x29, 0x0, 0x44,
    0xaa, 0x0, 0x48, 0xe4, 0x34, 0x60, 0xd8, 0x0,
    0xb1, 0x1a, 0x59, 0xfc, 0x40,

    /* U+0231 "ȱ" */
    0x0, 0x6f, 0xfc, 0xc0, 0x17, 0xee, 0xce, 0x1,
    0x13, 0xf9, 0x8, 0x6, 0x65, 0x0, 0xe8, 0xd7,
    0xc3, 0x0, 0x4b, 0xcd, 0x3e, 0x10, 0x33, 0xb9,
    0x6c, 0x2c, 0xc3, 0x40, 0x23, 0x50, 0xf, 0xc6,
    0x1a, 0x1, 0x1a, 0x83, 0x3b, 0x92, 0xc2, 0xc2,
    0x5e, 0x6d, 0xec, 0x80,

    /* U+0232 "Ȳ" */
    0x0, 0x7f, 0xe3, 0x0, 0xdb, 0xb8, 0xc0, 0x31,
    0x16, 0x0, 0xaf, 0x80, 0x35, 0xe8, 0x40, 0xb0,
    0x0, 0xd2, 0x0, 0xd6, 0x0, 0x10, 0x6a, 0x0,
    0x81, 0x63, 0x48, 0x0, 0x89, 0xae, 0x11, 0x0,
    0x1a, 0x9, 0x20, 0x3, 0x85, 0x8, 0xc0, 0x3f,
    0xfa, 0x40,

    /* U+0233 "ȳ" */
    0x7, 0xff, 0xb4, 0x2, 0x6d, 0xdb, 0xc0, 0x21,
    0x22, 0xc0, 0xc, 0xc0, 0x4, 0xbe, 0x74, 0x64,
    0x0, 0xe2, 0x36, 0x5, 0x1, 0x4a, 0x0, 0x35,
    0x3, 0x83, 0x0, 0x28, 0x8f, 0x50, 0x40, 0x6,
    0x6a, 0x4e, 0x0, 0xd4, 0xc2, 0xa0, 0x19, 0xc1,
    0xc0, 0x39, 0x2, 0x80, 0x23, 0x5b, 0x43, 0x0,
    0xa2, 0x96, 0x80, 0x30,

    /* U+0234 "ȴ" */
    0xd, 0xa0, 0xf, 0xfe, 0xea, 0x75, 0x80, 0x47,
    0xaa, 0xa2, 0x21, 0x88, 0x2, 0xd4, 0xb5, 0x55,
    0x17, 0x9f, 0x60,

    /* U+0235 "ȵ" */
    0xd8, 0xae, 0xe4, 0x80, 0x73, 0x96, 0xcb, 0x30,
    0x3, 0x14, 0x1b, 0x8f, 0x80, 0x66, 0x0, 0x8c,
    0xc0, 0x18, 0x40, 0x32, 0x75, 0x80, 0x7c, 0x5a,
    0xac, 0x1, 0x88, 0x82, 0x60, 0x1e, 0xb4, 0x1f,
    0x56, 0xda, 0x0, 0x5c, 0xe7, 0xd8, 0x0,

    /* U+0236 "ȶ" */
    0x4, 0xc0, 0xd, 0xa0, 0x1a, 0x18, 0xff, 0xc1,
    0x46, 0x59, 0x80, 0x27, 0x13, 0x30, 0x7, 0xf1,
    0xf6, 0x8, 0x8, 0xb4, 0x64, 0x54, 0x40, 0x41,
    0x91, 0x18, 0x12, 0xf5, 0x7f, 0x82,

    /* U+0237 "ȷ" */
    0x0, 0x6d, 0x0, 0x7f, 0xf4, 0xcc, 0xcc, 0x5d,
    0x32, 0x46,

    /* U+0238 "ȸ" */
    0x0, 0xf7, 0xc0, 0x7, 0xff, 0x50, 0x6f, 0xf9,
    0x44, 0x2b, 0xf9, 0x80, 0x16, 0x93, 0x72, 0x2e,
    0x54, 0x92, 0x82, 0xae, 0xcb, 0xc0, 0x90, 0xb4,
    0x3c, 0x41, 0xa0, 0x2, 0x2, 0x0, 0x89, 0x80,
    0x3f, 0xf8, 0x2, 0x41, 0xa0, 0x3, 0x5, 0x0,
    0x89, 0xc5, 0x5d, 0xcb, 0xc8, 0x72, 0xb4, 0x3c,
    0x14, 0xd3, 0x4f, 0x76, 0x4a, 0x6b, 0x40,

    /* U+0239 "ȹ" */
    0x0, 0x4f, 0x7d, 0xa, 0x6f, 0xea, 0x80, 0x25,
    0xa6, 0x9f, 0x6d, 0x29, 0xa8, 0xc5, 0x9d, 0xcb,
    0xc6, 0x69, 0x5b, 0x19, 0x20, 0xd0, 0x1, 0x82,
    0x80, 0x44, 0xc0, 0x1, 0x0, 0xff, 0x10, 0x60,
    0x0, 0x81, 0x40, 0x22, 0x61, 0x47, 0x65, 0xe0,
    0x38, 0x5b, 0x1e, 0xa, 0x59, 0xb9, 0x17, 0x2a,
    0x69, 0x40, 0x1a, 0xfe, 0x51, 0xa, 0xfd, 0x60,
    0xf, 0xfe, 0x78,

    /* U+023A "Ⱥ" */
    0x0, 0xf7, 0x88, 0x7, 0x37, 0xe1, 0x88, 0x7,
    0x50, 0x9d, 0x80, 0x71, 0x1c, 0x1, 0x0, 0x75,
    0x9, 0x7, 0x0, 0x73, 0x3e, 0x92, 0x8, 0x4,
    0x83, 0x8f, 0x0, 0xc0, 0x17, 0x5, 0xd, 0x5,
    0x0, 0x5, 0x54, 0x6d, 0x6e, 0x46, 0xe, 0x12,
    0x70, 0x92, 0x14, 0x14, 0x6c, 0x82, 0x2, 0xae,
    0x19, 0x8e, 0xe0, 0x5, 0x5c, 0x0,

    /* U+023B "Ȼ" */
    0x0, 0xf2, 0x60, 0x4, 0x31, 0xbf, 0x62, 0x40,
    0x38, 0xe9, 0x20, 0x26, 0x10, 0x59, 0x2a, 0x58,
    0x20, 0xca, 0x61, 0x54, 0x0, 0x8, 0x68, 0x1,
    0xd4, 0x3, 0xca, 0x44, 0x0, 0x8, 0x68, 0x7d,
    0x0, 0x65, 0x51, 0xab, 0x0, 0x68, 0x1c, 0x25,
    0x69, 0x0, 0x17, 0x89, 0xd4, 0x10, 0x6, 0x1e,
    0xfe, 0xb0,

    /* U+023C "ȼ" */
    0x0, 0xe5, 0xb0, 0xe, 0xee, 0x0, 0x61, 0x55,
    0x0, 0x23, 0xb8, 0x26, 0x12, 0xec, 0x2a, 0x42,
    0xcf, 0x21, 0x42, 0x41, 0xac, 0xe0, 0x1d, 0x5a,
    0x0, 0x20, 0xe3, 0x40, 0x0, 0xaa, 0x12, 0xc1,
    0x85, 0x1, 0x52, 0x8, 0x18, 0xf7, 0xe1, 0x5,
    0xb0, 0x7, 0x2d, 0x80, 0x60,

    /* U+023D "Ƚ" */
    0xb, 0xd0, 0xf, 0xfe, 0x8e, 0x21, 0x7f, 0x80,
    0x2e, 0x32, 0xcc, 0x0, 0x44, 0xe0, 0x66, 0x0,
    0xff, 0xe0, 0x9b, 0x36, 0x0, 0x86, 0x67, 0x8,

    /* U+023E "Ⱦ" */
    0x0, 0xf5, 0x36, 0xff, 0xf2, 0xec, 0xd5, 0x4,
    0xd1, 0x61, 0x15, 0x46, 0xeb, 0x66, 0x1, 0x91,
    0xc4, 0x3, 0xd0, 0x1, 0xe4, 0x10, 0xe, 0x30,
    0xf, 0x30, 0x80, 0x7a, 0xc0, 0x3c, 0xce, 0x40,
    0x1d, 0x73, 0xb6, 0x1, 0x0,

    /* U+023F "ȿ" */
    0x6, 0xdf, 0xe9, 0x2, 0x95, 0xc8, 0xe0, 0x10,
    0xe3, 0x67, 0x3, 0x69, 0xc5, 0x0, 0xa7, 0x1a,
    0xac, 0x2, 0x3a, 0x84, 0x23, 0x73, 0x36, 0x81,
    0xd, 0x66, 0x1e, 0xc0, 0xb4, 0x97, 0x50, 0x2,
    0x85, 0x74, 0x0, 0x95, 0xa2, 0xc4,

    /* U+0240 "ɀ" */
    0x4f, 0xfe, 0x4, 0xcc, 0x84, 0xc0, 0x6, 0x64,
    0x1e, 0x0, 0x8a, 0x24, 0x80, 0x2f, 0x36, 0x0,
    0xa0, 0xb8, 0x2, 0x37, 0x82, 0x0, 0xac, 0x21,
    0x80, 0x28, 0xf5, 0x91, 0x0, 0xd6, 0x14, 0xa4,
    0x0, 0x1a, 0x5a, 0x50,

    /* U+0241 "Ɂ" */
    0x6c, 0xfe, 0x90, 0xc5, 0x96, 0x65, 0x52, 0x5a,
    0x11, 0x0, 0x19, 0xcc, 0x2, 0x73, 0xb0, 0x2c,
    0x87, 0x60, 0x63, 0xa8, 0x0, 0xc2, 0x1, 0xff,
    0xc2,

    /* U+0242 "ɂ" */
    0x5c, 0xfe, 0x80, 0xd5, 0xa6, 0x77, 0x44, 0xac,
    0x1d, 0x80, 0x61, 0x70, 0x9, 0x4b, 0x40, 0x62,
    0x91, 0x81, 0x5d, 0xd6, 0x1, 0xac, 0x0,

    /* U+0243 "Ƀ" */
    0xb, 0xff, 0xba, 0x88, 0x2, 0x1b, 0xa9, 0x4c,
    0x0, 0x8d, 0x15, 0xd8, 0x40, 0x3c, 0x48, 0x60,
    0x11, 0x7f, 0xb4, 0x34, 0x2, 0x2c, 0xc5, 0xe,
    0x6, 0x21, 0x67, 0xac, 0x92, 0xf1, 0x96, 0x70,
    0x8, 0x0, 0x9c, 0xdd, 0x99, 0x62, 0x80, 0x1,
    0xbb, 0x42, 0xe0, 0x80,

    /* U+0244 "Ʉ" */
    0xc, 0xc0, 0x6, 0x6f, 0x10, 0xf, 0xfe, 0x70,
    0x8f, 0x1, 0x87, 0x19, 0xbb, 0xb4, 0x6, 0x9e,
    0x91, 0x2e, 0xf3, 0x85, 0x19, 0x98, 0x51, 0x37,
    0x2, 0x0, 0x8, 0xc4, 0x2, 0xc1, 0x10, 0x2,
    0xc3, 0x19, 0x94, 0xb2, 0x1, 0x16, 0x34, 0x4b,
    0xcb, 0x80, 0x0,

    /* U+0245 "Ʌ" */
    0x0, 0xa7, 0xd4, 0x3, 0xce, 0x3c, 0x1, 0xc8,
    0x30, 0x82, 0x1, 0xb8, 0xd8, 0x1c, 0x3, 0x2d,
    0x2, 0xd0, 0x4, 0xc0, 0xe1, 0xe6, 0x40, 0xd,
    0x31, 0x5, 0xa, 0x1, 0x4a, 0x0, 0x95, 0x40,
    0xc0, 0xe0, 0x17, 0x91, 0xd2, 0x8, 0x4, 0xa1,
    0x40,

    /* U+0246 "Ɇ" */
    0x0, 0xd2, 0xf5, 0xff, 0x34, 0x0, 0xd4, 0x85,
    0x1, 0xa9, 0xa2, 0x80, 0x7, 0xf0, 0x0, 0x5c,
    0xb1, 0x60, 0x34, 0x37, 0x20, 0x60, 0x88, 0x20,
    0x6, 0x60, 0x2, 0x37, 0xe5, 0x50, 0x8, 0x9e,
    0xab, 0x27, 0xfc, 0xb, 0x60, 0x10,

    /* U+0247 "ɇ" */
    0x0, 0xf0, 0x80, 0x51, 0xdf, 0x7e, 0x41, 0x2d,
    0x76, 0x43, 0x21, 0x68, 0x5c, 0x22, 0x19, 0x4,
    0xfb, 0x90, 0x30, 0x1, 0xc2, 0x77, 0x4a, 0x60,
    0xc8, 0xc4, 0x40, 0x3, 0x9, 0x22, 0xc8, 0x1,
    0x15, 0xee, 0xc6, 0x0, 0xea, 0xef, 0xea, 0x0,

    /* U+0248 "Ɉ" */
    0x0, 0xaf, 0x0, 0x3f, 0xf9, 0x22, 0x2, 0x20,
    0x7, 0xa1, 0x70, 0x3, 0x4c, 0xac, 0x0, 0x6e,
    0x28, 0x1, 0xff, 0xc7, 0x24, 0x42, 0x80, 0xed,
    0x94, 0x0, 0xe6, 0x34, 0x40,

    /* U+0249 "ɉ" */
    0x0, 0x64, 0x80, 0x49, 0xe0, 0x14, 0x30, 0x5,
    0xb4, 0x1, 0xff, 0xc0, 0xe2, 0x5b, 0xc, 0x24,
    0xa0, 0x20, 0x11, 0x0, 0x7f, 0xf0, 0xd1, 0x88,
    0x81, 0xf2, 0x92, 0x0,

    /* U+024A "Ɋ" */
    0x0, 0x1d, 0xff, 0xa8, 0xb9, 0xc0, 0x5, 0x8b,
    0x12, 0x78, 0x20, 0x14, 0x86, 0x3b, 0x4c, 0x0,
    0x64, 0x52, 0x0, 0x90, 0x2, 0x10, 0xd0, 0xc,
    0x60, 0x1f, 0xfc, 0x21, 0xd, 0x0, 0xc6, 0x1,
    0x91, 0x44, 0x2, 0x50, 0xd, 0x21, 0xee, 0xd3,
    0x20, 0xc, 0x58, 0xb1, 0x25, 0xa0, 0x1c, 0x77,
    0xfe, 0xb3, 0x0, 0xff, 0xe0, 0x5b, 0x0, 0x7e,
    0x92, 0x80,

    /* U+024B "ɋ" */
    0x1, 0xaf, 0xe5, 0xc8, 0x0, 0x5a, 0xc5, 0xc9,
    0x80, 0x5, 0x5d, 0xcb, 0xc0, 0x11, 0x6, 0x80,
    0x8, 0x3, 0x84, 0x2, 0x10, 0x1, 0x6, 0x0,
    0x4, 0x40, 0x1, 0x47, 0x65, 0xd0, 0xd, 0x4b,
    0x37, 0x20, 0x18, 0x6b, 0xf9, 0x40, 0x3f, 0x89,
    0x10, 0x1, 0xe8, 0x29,

    /* U+024C "Ɍ" */
    0xb, 0xff, 0xb5, 0xc0, 0x30, 0xd5, 0x1e, 0x1c,
    0x2, 0x35, 0x55, 0x1d, 0x80, 0x7e, 0x10, 0xc,
    0x22, 0x63, 0xa0, 0xd4, 0x2e, 0xe4, 0xc3, 0x87,
    0x19, 0x5c, 0x80, 0x80, 0xd, 0xc1, 0x19, 0x60,
    0x40, 0x3d, 0x61, 0x40, 0x1e, 0x18, 0x45,

    /* U+024D "ɍ" */
    0x0, 0xfb, 0x59, 0xfe, 0x80, 0x11, 0x95, 0x20,
    0x3, 0xb5, 0x3e, 0x22, 0x7a, 0x86, 0xa, 0x6a,
    0x81, 0x18, 0x90, 0x7, 0xff, 0x8,

    /* U+024E "Ɏ" */
    0x9e, 0x20, 0x0, 0xed, 0x83, 0x8e, 0xff, 0xb8,
    0x90, 0x76, 0x42, 0x28, 0x1f, 0x4, 0xd8, 0xaf,
    0x6, 0xc, 0x2, 0x83, 0x69, 0x0, 0xe5, 0x20,
    0x70, 0xf, 0x31, 0x0, 0x7f, 0xf4, 0xc0,

    /* U+024F "ɏ" */
    0xbc, 0x0, 0x9b, 0xcb, 0xcd, 0x0, 0x16, 0x85,
    0x21, 0x7f, 0xe2, 0x44, 0x7b, 0x86, 0x28, 0xea,
    0x14, 0x83, 0x3b, 0x88, 0x0, 0x29, 0x25, 0x40,
    0x1b, 0x8c, 0x8c, 0x3, 0x20, 0x28, 0x7, 0x38,
    0x50, 0x4, 0x6b, 0xa, 0x40, 0x14, 0x52, 0xd8,
    0x6,

    /* U+0370 "Ͱ" */
    0xbd, 0x0, 0xff, 0xe1, 0x88, 0x80, 0x5, 0xdc,
    0xc0, 0x2b, 0xb7, 0x80, 0x11, 0x6, 0x1, 0xff,
    0xc3,

    /* U+0371 "ͱ" */
    0xda, 0x0, 0xff, 0xe1, 0x2f, 0xf8, 0x41, 0x33,
    0x2, 0x2, 0x66, 0x0, 0xff, 0x80,

    /* U+0372 "Ͳ" */
    0x2f, 0xff, 0xb4, 0x1, 0x34, 0x9, 0x4a, 0x1,
    0x3a, 0x89, 0x2e, 0x80, 0x7f, 0x8d, 0x40, 0x38,
    0xd4, 0x68, 0x40, 0x32, 0x40, 0x7, 0xff, 0x60,

    /* U+0373 "ͳ" */
    0xdf, 0xff, 0x10, 0x35, 0x83, 0xd0, 0x5, 0xca,
    0x1c, 0x80, 0xa, 0x40, 0x8, 0x5c, 0xdc, 0xc0,
    0x34, 0x8, 0x7, 0xff, 0x90,

    /* U+0374 "ʹ" */
    0xe, 0xc2, 0x1f, 0x66, 0x18,

    /* U+0375 "͵" */
    0x1, 0xb0, 0x4, 0x30, 0xb, 0x20, 0x0,

    /* U+0376 "Ͷ" */
    0xab, 0x0, 0xcd, 0xf4, 0x1, 0xc3, 0x2, 0x1,
    0xeb, 0x54, 0x0, 0xe4, 0x59, 0x10, 0xe, 0x98,
    0x20, 0xe, 0x80, 0x70, 0xe, 0x27, 0x90, 0xe,
    0x19, 0x54, 0x0, 0xe4, 0x5b, 0x0, 0xf0, 0xc0,
    0x80, 0x70,

    /* U+0377 "ͷ" */
    0xd9, 0x0, 0xbb, 0xc8, 0x3, 0x48, 0x80, 0x71,
    0xb3, 0x0, 0x3b, 0xd2, 0x80, 0x33, 0x9c, 0xb8,
    0x6, 0x87, 0x20, 0xc, 0xc5, 0x0, 0x1e, 0x90,
    0xe,

    /* U+037A "ͺ" */
    0x52, 0x8, 0x40, 0x79, 0x3a, 0xe3,

    /* U+037B "ͻ" */
    0x4d, 0xfe, 0x80, 0x3, 0x55, 0x1d, 0xd0, 0x4,
    0xeb, 0x28, 0xc0, 0x1d, 0x82, 0x20, 0xd, 0xe0,
    0x20, 0x18, 0xc4, 0x15, 0xd6, 0x52, 0x0, 0x6a,
    0x89, 0x2c, 0x0,

    /* U+037C "ͼ" */
    0x0, 0x47, 0x7e, 0x98, 0x4b, 0xb5, 0x29, 0xb,
    0x3c, 0x2c, 0x9, 0x6, 0xa7, 0x10, 0x6, 0x65,
    0x30, 0x20, 0xd2, 0xb1, 0x1, 0x57, 0x85, 0x83,
    0xa, 0x66, 0x52, 0x8,

    /* U+037D "ͽ" */
    0x4d, 0xfe, 0x80, 0x3, 0x2d, 0x3b, 0xa0, 0xa,
    0x16, 0x51, 0x80, 0x9, 0xc5, 0x82, 0x20, 0x65,
    0x3f, 0x1, 0x2, 0xb1, 0x31, 0x5, 0x75, 0x94,
    0x80, 0x1a, 0xa2, 0x4b, 0x0,

    /* U+037E ";" */
    0xd, 0x90, 0x32, 0xe, 0xb0, 0xf, 0xf4, 0x30,
    0x38, 0x98, 0x2a, 0x20, 0x80,

    /* U+037F "Ϳ" */
    0x0, 0xaf, 0x0, 0x3f, 0xfc, 0x8e, 0xe0, 0x14,
    0x33, 0xf, 0x59, 0x48, 0xe6, 0x34, 0x40,

    /* U+0384 "΄" */
    0x6, 0x60, 0xc8, 0xa1, 0x38,

    /* U+0385 "΅" */
    0x0, 0x2b, 0x80, 0x31, 0x63, 0x6d, 0xe9, 0x8a,
    0x39, 0x0,

    /* U+0386 "Ά" */
    0x5f, 0x50, 0x4f, 0xa0, 0xd, 0x88, 0xa1, 0xc2,
    0xa2, 0x1, 0x74, 0x80, 0xac, 0x83, 0x80, 0x4e,
    0x40, 0xe0, 0xc9, 0x40, 0x1e, 0xa4, 0x1e, 0x32,
    0x0, 0xc4, 0x7a, 0x2e, 0x14, 0x1, 0xac, 0x27,
    0xb4, 0x18, 0x3, 0x3a, 0x5d, 0xd0, 0x2a, 0x0,
    0x51, 0xf4, 0x49, 0xc7, 0x80, 0x1c, 0x28, 0x1,
    0x99, 0x4,

    /* U+0387 "·" */
    0xd, 0xa0, 0x31, 0xe, 0xb0,

    /* U+0388 "Έ" */
    0x5f, 0x42, 0xff, 0xe8, 0xf4, 0x40, 0x1, 0xaa,
    0xb6, 0x50, 0x5, 0xea, 0xb1, 0x30, 0x80, 0x61,
    0x18, 0x3, 0xd3, 0xdd, 0x20, 0x7, 0x3d, 0xdc,
    0xa0, 0x1d, 0xc8, 0x90, 0x80, 0x7f, 0xf0, 0xfd,
    0x56, 0x20, 0xe, 0x6a, 0xac,

    /* U+0389 "Ή" */
    0x5f, 0x42, 0xf6, 0x0, 0xdb, 0x5e, 0x88, 0x0,
    0xfe, 0xca, 0x0, 0xff, 0x30, 0x80, 0x42, 0x3c,
    0x1, 0xf4, 0x77, 0x62, 0x0, 0xf3, 0xdd, 0xe1,
    0x0, 0xf7, 0x22, 0x63, 0x0, 0xff, 0xec, 0x80,

    /* U+038A "Ί" */
    0x5f, 0x4a, 0xff, 0x8f, 0xd1, 0x14, 0xc1, 0xa7,
    0x94, 0x0, 0xe0, 0x20, 0x61, 0x0, 0xff, 0xef,
    0x78, 0x8, 0x6, 0x97, 0xe, 0x30,

    /* U+038C "Ό" */
    0x5f, 0x60, 0x3a, 0xef, 0xd8, 0x0, 0x61, 0xb1,
    0xe2, 0x34, 0xa3, 0xe8, 0xf, 0x87, 0xf, 0xc3,
    0x4d, 0x93, 0xc1, 0x91, 0x18, 0x40, 0x24, 0x2a,
    0x0, 0x30, 0x68, 0x7, 0x39, 0x0, 0x7f, 0xf0,
    0x98, 0x34, 0x3, 0x9c, 0x80, 0x4, 0x46, 0x10,
    0x9, 0xa, 0x80, 0x29, 0x1c, 0x76, 0x9b, 0x27,
    0x0, 0x93, 0x1a, 0x64, 0x8f, 0xa0,

    /* U+038E "Ύ" */
    0x5f, 0x48, 0xf2, 0x0, 0x9f, 0xcb, 0xd1, 0x10,
    0x30, 0x1, 0x4b, 0x16, 0x50, 0x2, 0x54, 0x81,
    0xc6, 0x1, 0x84, 0x0, 0xe3, 0x1, 0x2e, 0x20,
    0x1e, 0x85, 0x90, 0x80, 0xf, 0x98, 0x9a, 0x40,
    0x3f, 0xa8, 0x18, 0x3, 0xff, 0xb6,

    /* U+038F "Ώ" */
    0x5f, 0x60, 0x4c, 0xef, 0xc6, 0x0, 0x61, 0xb3,
    0xd8, 0x44, 0xbc, 0xc8, 0x7, 0xc6, 0x17, 0x19,
    0x96, 0xec, 0x90, 0x6e, 0x12, 0x1, 0xa0, 0x34,
    0x1, 0xc0, 0x60, 0x1c, 0x24, 0x0, 0xf0, 0x10,
    0xe, 0x12, 0x0, 0x28, 0x20, 0x6, 0x30, 0xd0,
    0x1, 0x34, 0x8, 0x5, 0xe8, 0x80, 0x1, 0xe1,
    0xe0, 0x86, 0x16, 0xa0, 0x2, 0x68, 0x48, 0x82,
    0x63, 0x30,

    /* U+0390 "ΐ" */
    0x0, 0xbe, 0x80, 0x5, 0xca, 0x13, 0xc6, 0x52,
    0xd4, 0x72, 0x40, 0xfd, 0xe0, 0xe2, 0x1, 0xff,
    0xd9, 0x64, 0x53, 0x0, 0xa4, 0xea, 0xc0,

    /* U+0391 "Α" */
    0x0, 0x9b, 0xe0, 0x3, 0xea, 0x16, 0x0, 0xf1,
    0x1c, 0xa, 0x0, 0x75, 0xb, 0x1f, 0x0, 0x73,
    0x38, 0x5a, 0x88, 0x4, 0x83, 0x82, 0x80, 0xc0,
    0x17, 0x5, 0x76, 0x5, 0x0, 0x5, 0x55, 0x77,
    0x39, 0x18, 0x38, 0x42, 0x25, 0x21, 0x41, 0x46,
    0x40, 0x10, 0xab, 0x80,

    /* U+0392 "Β" */
    0xbf, 0xfb, 0xa8, 0x80, 0x3, 0x75, 0x29, 0x80,
    0x3, 0x45, 0x76, 0x10, 0xe, 0x24, 0x30, 0x1,
    0x7f, 0xb4, 0x34, 0x0, 0x59, 0x8a, 0x1c, 0x0,
    0x8c, 0xcb, 0x24, 0xa0, 0x1c, 0x20, 0x11, 0xa2,
    0x1a, 0xc5, 0x0, 0x6e, 0xd0, 0xb8, 0x20,

    /* U+0393 "Γ" */
    0xaf, 0xfd, 0x40, 0x35, 0x54, 0x81, 0xaa, 0xc6,
    0x1, 0xff, 0xde,

    /* U+0394 "Δ" */
    0x0, 0x9f, 0xe0, 0x3, 0xd4, 0x2c, 0x1, 0xc6,
    0x54, 0x28, 0x1, 0xa4, 0xd1, 0x1e, 0x1, 0xa,
    0xd0, 0x72, 0x8, 0x1, 0xc1, 0xc1, 0x41, 0x80,
    0x16, 0xa2, 0x0, 0x69, 0x3, 0x2e, 0x0, 0xa8,
    0x52, 0x80, 0x99, 0xa5, 0xe, 0x40, 0x99, 0xe0,
    0x40,

    /* U+0395 "Ε" */
    0xaf, 0xfe, 0x1, 0xaa, 0xc0, 0x6a, 0xb8, 0x0,
    0x23, 0x0, 0xb, 0xba, 0xb0, 0x1b, 0xba, 0x40,
    0xd1, 0x22, 0x0, 0xf8, 0xd5, 0x70, 0xd, 0x56,

    /* U+0396 "Ζ" */
    0x6f, 0xff, 0x32, 0x55, 0x63, 0x4, 0x25, 0x59,
    0x8e, 0x8, 0x3, 0x71, 0xb8, 0x6, 0x82, 0xe0,
    0xc, 0x6f, 0x24, 0x1, 0xb9, 0x18, 0x3, 0x49,
    0x48, 0x6, 0x46, 0x47, 0x55, 0x8f, 0x1, 0x2a,
    0xb5, 0x80,

    /* U+0397 "Η" */
    0xad, 0x0, 0xcd, 0xe4, 0x1, 0xff, 0xc8, 0x11,
    0xe0, 0x8, 0xbb, 0xb4, 0x0, 0x43, 0x77, 0x9c,
    0x2, 0x34, 0x4d, 0xc0, 0x1f, 0xfd, 0x10,

    /* U+0398 "Θ" */
    0x0, 0x14, 0xf7, 0xf4, 0x88, 0x4, 0x58, 0xcc,
    0x96, 0x67, 0x88, 0x2, 0x47, 0x61, 0xa3, 0x46,
    0xc0, 0x8, 0xa4, 0x1, 0x12, 0xa8, 0x8, 0x36,
    0x3f, 0xe7, 0x20, 0x10, 0xa, 0x73, 0x26, 0x0,
    0x88, 0x34, 0x4c, 0xe1, 0x20, 0x10, 0x45, 0x20,
    0x8, 0x95, 0x40, 0x9, 0x1c, 0x86, 0x8c, 0x1b,
    0x0, 0x16, 0x23, 0x4b, 0x3f, 0x88, 0x0,

    /* U+0399 "Ι" */
    0x7f, 0xf9, 0x9e, 0x82, 0x98, 0x4, 0x18, 0x3,
    0xff, 0x9e, 0x20, 0xc0, 0xf4, 0x14, 0xc0,

    /* U+039A "Κ" */
    0xad, 0x0, 0x9b, 0xd0, 0x3, 0x24, 0xc9, 0x0,
    0x23, 0xb7, 0x60, 0x8, 0x75, 0x60, 0x2, 0x3c,
    0x1b, 0x0, 0xc2, 0xc1, 0x40, 0x18, 0xae, 0x51,
    0x80, 0x39, 0x96, 0x48, 0x3, 0xac, 0x78, 0x3,
    0x86, 0x8d, 0xc0,

    /* U+039B "Λ" */
    0x0, 0xa7, 0xd4, 0x3, 0xce, 0x3c, 0x1, 0xc8,
    0x30, 0x82, 0x1, 0xb8, 0xd8, 0x1c, 0x3, 0x2d,
    0x2, 0xd0, 0x4, 0xc0, 0xe1, 0xe6, 0x40, 0xd,
    0x31, 0x5, 0xa, 0x1, 0x4a, 0x0, 0x95, 0x40,
    0xc0, 0xe0, 0x17, 0x91, 0xd2, 0x8, 0x4, 0xa1,
    0x40,

    /* U+039C "Μ" */
    0xaf, 0xa0, 0xe, 0xdf, 0x80, 0x2, 0x80, 0x63,
    0x20, 0x9, 0x1, 0x80, 0x2a, 0x41, 0x0, 0x97,
    0x40, 0x27, 0xe1, 0x0, 0xb9, 0x4, 0x10, 0x54,
    0x3, 0x20, 0xb0, 0x72, 0x80, 0x79, 0xec, 0x57,
    0x80, 0x3d, 0x47, 0x2, 0x80, 0x1e, 0x32, 0x66,
    0x0, 0x7e, 0xa0, 0xa0, 0xc,

    /* U+039D "Ν" */
    0xaf, 0x70, 0xd, 0xb0, 0x0, 0x81, 0x0, 0xf2,
    0xd, 0x80, 0x78, 0x6d, 0x50, 0x3, 0x85, 0x52,
    0x40, 0x3e, 0x92, 0x70, 0xf, 0x14, 0x40, 0x40,
    0x3c, 0xe5, 0x60, 0x1f, 0x72, 0x90, 0x7, 0x8d,
    0x80, 0x0,

    /* U+039E "Ξ" */
    0xe, 0xff, 0xea, 0xb, 0x99, 0xf0, 0x2b, 0x37,
    0x18, 0x0, 0x47, 0x80, 0xb, 0xdd, 0xc2, 0x9,
    0x77, 0xc2, 0x2, 0x89, 0xc0, 0x1f, 0xe6, 0x6f,
    0x29, 0x4c, 0xfa, 0xc0,

    /* U+039F "Ο" */
    0x0, 0x14, 0xf7, 0xf4, 0x88, 0x4, 0x58, 0xcc,
    0x96, 0x67, 0x88, 0x2, 0x47, 0x61, 0xa3, 0x46,
    0xc0, 0x8, 0xa4, 0x1, 0x12, 0xa8, 0x8, 0x34,
    0x3, 0x88, 0x4, 0x3, 0xfe, 0x20, 0xd0, 0xe,
    0x20, 0x10, 0x45, 0x20, 0x8, 0x95, 0x40, 0x9,
    0x1c, 0x86, 0x8c, 0x1b, 0x0, 0x16, 0x23, 0x4b,
    0x3f, 0x88, 0x0,

    /* U+03A0 "Π" */
    0xaf, 0xff, 0x80, 0x6a, 0xb2, 0x0, 0xd, 0x57,
    0x18, 0x7, 0xff, 0xb4,

    /* U+03A1 "Ρ" */
    0xbf, 0xfb, 0x5c, 0x0, 0x35, 0x2d, 0xe, 0x6,
    0xad, 0x65, 0x60, 0x1c, 0x20, 0x10, 0x93, 0x9d,
    0x81, 0x76, 0xc3, 0x38, 0x16, 0x63, 0xa4, 0x2,
    0x33, 0x8, 0x7, 0xff, 0x10,

    /* U+03A3 "Σ" */
    0x6f, 0xff, 0x32, 0x1, 0x55, 0x64, 0x2a, 0x22,
    0x2a, 0xc4, 0xb, 0x10, 0x50, 0xe, 0x76, 0xa2,
    0x0, 0xe4, 0x41, 0x0, 0x6a, 0xa, 0x0, 0xd0,
    0xbe, 0x20, 0x12, 0x3a, 0xba, 0xac, 0x78, 0xb,
    0x55, 0xac,

    /* U+03A4 "Τ" */
    0xdf, 0xff, 0x5c, 0xd5, 0x4, 0xea, 0x90, 0x8a,
    0xa3, 0x75, 0x51, 0x80, 0x7f, 0xfb, 0x0,

    /* U+03A5 "Υ" */
    0xbe, 0x0, 0xd7, 0xa1, 0x2, 0xc0, 0x3, 0x48,
    0x3, 0x58, 0x0, 0x41, 0xa8, 0x2, 0x5, 0x8d,
    0x20, 0x2, 0x26, 0xb8, 0x44, 0x0, 0x68, 0x24,
    0x80, 0xe, 0x14, 0x23, 0x0, 0xff, 0xe9, 0x0,

    /* U+03A6 "Φ" */
    0x0, 0xeb, 0xc0, 0xf, 0x9f, 0x7d, 0xf, 0xf6,
    0x0, 0x2a, 0x85, 0xb3, 0x2b, 0x57, 0xb0, 0x25,
    0x88, 0x23, 0x8a, 0x44, 0xa1, 0x30, 0x20, 0x7,
    0x90, 0x1d, 0x81, 0x40, 0x3c, 0xe0, 0xc4, 0x70,
    0xa2, 0x0, 0x15, 0xb3, 0x30, 0x6a, 0x57, 0x21,
    0xf5, 0x26, 0x80, 0x6, 0xbf, 0x4c, 0xb7, 0xe8,
    0x40, 0x38, 0x9c, 0x48, 0x3, 0x0,

    /* U+03A7 "Χ" */
    0x6f, 0x40, 0xa, 0xf8, 0x18, 0xe4, 0x0, 0xa9,
    0x40, 0xe, 0x27, 0xb, 0x54, 0x0, 0x14, 0x42,
    0x82, 0xc0, 0x33, 0x92, 0xc0, 0x80, 0x61, 0x20,
    0xf0, 0xe, 0xa2, 0x96, 0x30, 0x9, 0x53, 0x98,
    0xf8, 0x0, 0x36, 0xc6, 0x1c, 0x50, 0x10, 0x10,
    0x0, 0x27, 0x71, 0x80,

    /* U+03A8 "Ψ" */
    0xcb, 0x0, 0x6c, 0x80, 0x3d, 0xc0, 0x3f, 0xf9,
    0xe, 0xe0, 0xf, 0x84, 0x88, 0x1, 0xc6, 0x5,
    0x43, 0x24, 0x0, 0x3f, 0x24, 0x3a, 0x7d, 0x26,
    0xc1, 0xe0, 0x2, 0xf6, 0x8a, 0xee, 0x8c, 0x3,
    0x11, 0x98, 0x80, 0x3f, 0xf8, 0x20,

    /* U+03A9 "Ω" */
    0x0, 0x25, 0xf7, 0xe3, 0x0, 0x4f, 0x6f, 0x12,
    0xd3, 0x40, 0x30, 0x98, 0xcc, 0xa7, 0x54, 0x70,
    0x80, 0xd, 0x1, 0xbc, 0x4, 0x1, 0xc4, 0x4f,
    0x3, 0x0, 0xe3, 0x15, 0x4, 0x0, 0xc4, 0x3e,
    0x4d, 0x2, 0x1, 0x71, 0xa9, 0xe1, 0xe0, 0x85,
    0x9d, 0x24, 0xd1, 0x14, 0x8, 0x13, 0x20,

    /* U+03AA "Ϊ" */
    0x7a, 0xb, 0x74, 0xf0, 0xe4, 0x35, 0x5, 0x37,
    0xff, 0x99, 0xe8, 0x29, 0x80, 0x41, 0x80, 0x3f,
    0xf9, 0xe2, 0xc, 0xf, 0x41, 0x4c,

    /* U+03AB "Ϋ" */
    0x0, 0x6a, 0x97, 0x8, 0x6, 0xb7, 0x29, 0x10,
    0xc, 0xc4, 0xe, 0x1, 0x5f, 0x0, 0x6b, 0xd0,
    0x81, 0x60, 0x1, 0xa4, 0x1, 0xac, 0x0, 0x20,
    0xd4, 0x1, 0x2, 0xc6, 0x90, 0x1, 0x13, 0x5c,
    0x22, 0x0, 0x34, 0x12, 0x40, 0x7, 0xa, 0x11,
    0x80, 0x7f, 0xf4, 0x80,

    /* U+03AC "ά" */
    0x0, 0xd7, 0xc0, 0x1f, 0x25, 0x80, 0x78, 0x65,
    0x40, 0x30, 0xdf, 0x42, 0xe4, 0x0, 0x2d, 0x26,
    0xe4, 0xc0, 0x2, 0xae, 0xcb, 0xc0, 0x11, 0x6,
    0x80, 0x8, 0x3, 0x84, 0x3, 0xc4, 0x18, 0x0,
    0x10, 0x8, 0x51, 0xd9, 0x68, 0xc, 0x82, 0x96,
    0x6f, 0xa5, 0x54,

    /* U+03AD "έ" */
    0x0, 0x8b, 0xe0, 0x3, 0x21, 0x40, 0x6, 0x2e,
    0x0, 0x97, 0x6f, 0x6c, 0x42, 0x9f, 0x28, 0xc4,
    0x0, 0x46, 0x90, 0x0, 0xb7, 0xfd, 0x0, 0xd,
    0xb6, 0x78, 0x1, 0x2, 0xcc, 0x80, 0xe, 0x10,
    0x8b, 0x2, 0x54, 0xf7, 0x46, 0x20,

    /* U+03AE "ή" */
    0x0, 0x27, 0xa8, 0x6, 0xd3, 0x50, 0xd, 0x9c,
    0x1, 0x6b, 0xfe, 0x74, 0x0, 0x20, 0xb6, 0x5d,
    0x40, 0xa0, 0xdc, 0x34, 0x1c, 0x2, 0x11, 0x0,
    0x7f, 0xf4, 0x36, 0x80, 0x3f, 0xf8, 0xe0,

    /* U+03AF "ί" */
    0xe, 0xb0, 0x31, 0x90, 0x5, 0x10, 0x77, 0x80,
    0x7f, 0xf2, 0x99, 0x14, 0xe4, 0xea, 0xc0,

    /* U+03B0 "ΰ" */
    0x0, 0xbb, 0x0, 0x2e, 0x51, 0xfd, 0x40, 0x96,
    0x93, 0xb5, 0xee, 0x1b, 0x24, 0x90, 0x6, 0x50,
    0x50, 0xc, 0x21, 0xc0, 0x1c, 0x22, 0x0, 0xe1,
    0x11, 0x90, 0x0, 0xc3, 0x51, 0xc, 0xbc, 0x2b,
    0xb, 0x34, 0xd8, 0x0,

    /* U+03B1 "α" */
    0x1, 0xbf, 0xe5, 0xc8, 0x0, 0x5a, 0x4d, 0xc9,
    0x80, 0x5, 0x5d, 0x97, 0x80, 0x22, 0xd, 0x0,
    0x10, 0x7, 0x8, 0x7, 0x88, 0x30, 0x0, 0x20,
    0x10, 0xa3, 0xb2, 0xd0, 0x19, 0x5, 0x2c, 0xdf,
    0x4a, 0xa8,

    /* U+03B2 "β" */
    0x7, 0xef, 0xd6, 0x7, 0x89, 0xb7, 0x93, 0xb4,
    0x74, 0xb0, 0x51, 0x10, 0x1, 0x85, 0xc0, 0xf,
    0xf5, 0xa2, 0x0, 0x6c, 0x5c, 0x30, 0x0, 0x9c,
    0x1c, 0x0, 0x72, 0xa8, 0x3, 0x94, 0x81, 0x1d,
    0x24, 0xe8, 0xe, 0xad, 0xe1, 0x81, 0xf7, 0xf9,
    0xc0, 0x3f, 0xf8, 0x60,

    /* U+03B3 "γ" */
    0xda, 0x0, 0xa3, 0xe9, 0x40, 0x21, 0x25, 0x5,
    0x0, 0x18, 0x91, 0x3c, 0x0, 0xea, 0x14, 0x80,
    0x65, 0xa0, 0xa2, 0x92, 0x48, 0x4, 0x70, 0xbc,
    0x1, 0x59, 0xb9, 0x80, 0x44, 0x14, 0x1, 0xff,
    0xc4,

    /* U+03B4 "δ" */
    0x0, 0x2e, 0xff, 0x40, 0x0, 0x69, 0xee, 0x14,
    0x40, 0x83, 0xd1, 0xb4, 0x40, 0xd2, 0x98, 0x3,
    0xb0, 0x27, 0x8, 0x1, 0x54, 0xce, 0xc, 0x13,
    0x59, 0x31, 0xd1, 0x76, 0x6, 0x0, 0x8, 0xbc,
    0x41, 0x80, 0x2, 0x2e, 0x42, 0xa6, 0x5d, 0x6,
    0xc, 0x48, 0xa7, 0xc1,

    /* U+03B5 "ε" */
    0x5, 0xdf, 0xeb, 0x10, 0xa7, 0xca, 0x31, 0x0,
    0x11, 0xa4, 0x0, 0x2d, 0xff, 0x40, 0x3, 0x6d,
    0x9e, 0x0, 0x40, 0xb3, 0x20, 0x3, 0x84, 0x22,
    0xc0, 0x95, 0x3d, 0xd1, 0x88,

    /* U+03B6 "ζ" */
    0xe, 0xff, 0xd0, 0x19, 0xba, 0x60, 0xa0, 0x22,
    0xb, 0x49, 0x0, 0x5c, 0xac, 0x1, 0x51, 0xd8,
    0x4, 0xaa, 0xa1, 0x0, 0xa1, 0x10, 0x1, 0x11,
    0x38, 0x3, 0x8, 0x7, 0x8c, 0x20, 0xc0, 0x35,
    0x9e, 0x74, 0x80, 0x13, 0xad, 0x19, 0x80, 0x12,
    0x50, 0x7, 0x94, 0x10, 0x3, 0x26, 0x90,

    /* U+03B7 "η" */
    0xd7, 0xae, 0xe4, 0x0, 0x20, 0xb6, 0x5d, 0x40,
    0xa0, 0xdc, 0x34, 0x1c, 0x2, 0x11, 0x0, 0x7f,
    0xf4, 0x36, 0x80, 0x3f, 0xf8, 0xe0,

    /* U+03B8 "θ" */
    0x0, 0x47, 0x7d, 0x88, 0x1, 0xdd, 0x34, 0xda,
    0x0, 0x95, 0x75, 0xe3, 0x41, 0x16, 0x0, 0xc,
    0x30, 0x80, 0x80, 0x22, 0x17, 0xb, 0xff, 0x88,
    0xdc, 0x27, 0x76, 0x13, 0x20, 0x32, 0x28, 0x4,
    0x45, 0xa0, 0x2, 0x1c, 0xb, 0x76, 0x4e, 0x24,
    0x6, 0x88, 0x5b, 0xf8, 0x0,

    /* U+03B9 "ι" */
    0xda, 0x0, 0xff, 0xe5, 0x32, 0x29, 0xc9, 0xd5,
    0x80,

    /* U+03BA "κ" */
    0xdb, 0x0, 0x4f, 0x90, 0x4, 0xcc, 0xa2, 0x1,
    0x39, 0x75, 0x0, 0xe, 0x94, 0x0, 0x48, 0x64,
    0x80, 0x12, 0x6a, 0x50, 0x80, 0x6a, 0xb, 0x0,
    0xc3, 0x6a, 0xc0,

    /* U+03BB "λ" */
    0xef, 0xa0, 0xe, 0xa9, 0x49, 0x0, 0xc8, 0xd2,
    0xc2, 0x1, 0xc6, 0xe, 0x1, 0xda, 0x14, 0x1,
    0xce, 0xe3, 0x20, 0x9, 0x46, 0x46, 0x80, 0x2f,
    0x31, 0x76, 0x0, 0x96, 0xc2, 0x85, 0x1, 0x81,
    0x40, 0xc7, 0xcb, 0x48, 0x80, 0x8, 0x44, 0x0,

    /* U+03BC "μ" */
    0xda, 0x0, 0xb6, 0x80, 0x3f, 0xfa, 0x46, 0x1,
    0x8, 0x0, 0x44, 0x1, 0x23, 0xae, 0x83, 0x98,
    0x1d, 0x51, 0x28, 0xe8, 0x17, 0x7e, 0x17, 0xa4,
    0xc, 0x3, 0xff, 0x84,

    /* U+03BD "ν" */
    0xda, 0x0, 0xa3, 0xd5, 0x40, 0x10, 0x95, 0x2,
    0x0, 0xc, 0x48, 0x9a, 0x0, 0x75, 0x5, 0x70,
    0x22, 0x68, 0x50, 0x9d, 0x92, 0x1, 0x13, 0xda,
    0x40, 0x2a, 0x36, 0x40,

    /* U+03BE "ξ" */
    0xd, 0xff, 0xd0, 0x1e, 0x88, 0xac, 0x90, 0xb6,
    0xb5, 0x31, 0x5, 0x70, 0xe, 0x45, 0x40, 0xd,
    0xb, 0x7f, 0xe5, 0x8, 0x49, 0xcd, 0x51, 0x78,
    0x63, 0x20, 0x20, 0x20, 0xc, 0x41, 0x4, 0x1,
    0xd, 0x16, 0xe9, 0xc0, 0xb, 0xd4, 0xf0, 0xc0,
    0x12, 0xd0, 0x7, 0x90, 0x10, 0x3, 0x2e, 0x90,

    /* U+03BF "ο" */
    0x0, 0x47, 0x7e, 0x18, 0x2, 0x5e, 0x69, 0xf0,
    0x81, 0x9d, 0xcb, 0x61, 0x66, 0x1a, 0x1, 0x1a,
    0x80, 0x7e, 0x30, 0xd0, 0x8, 0xd4, 0x19, 0xdc,
    0x96, 0x16, 0x12, 0xf3, 0x6f, 0x64,

    /* U+03C0 "π" */
    0xcf, 0xff, 0xc7, 0xd4, 0x13, 0x98, 0x24, 0xc3,
    0x26, 0x2, 0x33, 0x0, 0x98, 0x7, 0xff, 0x64,
    0x5d, 0x0, 0x3e, 0x93, 0xa0,

    /* U+03C1 "ρ" */
    0x0, 0x3e, 0xfe, 0x18, 0x1, 0xe2, 0xa8, 0x18,
    0x21, 0x2a, 0xeb, 0xa0, 0xc0, 0x3a, 0x0, 0x12,
    0xd1, 0x0, 0xf0, 0x80, 0x70, 0x91, 0x80, 0x29,
    0x92, 0x82, 0x80, 0xd, 0x76, 0x7c, 0x20, 0x6,
    0xeb, 0xf0, 0xc0, 0x3f, 0xf8, 0xa0,

    /* U+03C2 "ς" */
    0x0, 0x47, 0x7e, 0x98, 0x4b, 0xb5, 0x29, 0x8b,
    0x3c, 0x2c, 0x1, 0x6, 0x0, 0x78, 0x40, 0x31,
    0x6, 0x80, 0x61, 0x57, 0x83, 0x0, 0xa9, 0xdb,
    0x30, 0x20, 0x8, 0xea, 0x37, 0x0, 0xc8, 0x6,
    0x1, 0x90, 0xd4,

    /* U+03C3 "σ" */
    0x0, 0x3e, 0xff, 0xe4, 0x9, 0x8a, 0xc5, 0x1c,
    0x41, 0x67, 0x71, 0xc0, 0xb0, 0x10, 0x60, 0x0,
    0x87, 0x0, 0x3f, 0xc4, 0x6, 0x0, 0x21, 0xf0,
    0x15, 0x87, 0x5e, 0x17, 0x0, 0x53, 0x4d, 0x3e,
    0x8, 0x0,

    /* U+03C4 "τ" */
    0xcf, 0xfe, 0x9e, 0xc3, 0x36, 0x62, 0x8, 0xc1,
    0xcc, 0xc2, 0x1, 0xff, 0xc5, 0x70, 0xe, 0x53,
    0x54, 0x10, 0x5, 0x9d, 0x50, 0xc0,

    /* U+03C5 "υ" */
    0xe9, 0x0, 0x27, 0x98, 0x6, 0x50, 0x50, 0xc,
    0x21, 0xc0, 0x1c, 0x22, 0x0, 0xe1, 0x11, 0x90,
    0x0, 0xc3, 0x51, 0xc, 0xbc, 0x2b, 0xb, 0x34,
    0xd8, 0x0,

    /* U+03C6 "φ" */
    0x0, 0xcf, 0xe0, 0x1f, 0xfc, 0xe8, 0xe8, 0xe,
    0xa1, 0x0, 0x4b, 0xcb, 0x86, 0xb7, 0x90, 0xb3,
    0xbb, 0xc0, 0xf4, 0x6c, 0x83, 0x0, 0x30, 0x9a,
    0x88, 0x8, 0x7, 0x98, 0x87, 0x80, 0x31, 0x9b,
    0x3, 0x53, 0x30, 0x13, 0x88, 0xc0, 0x7d, 0x6e,
    0x0, 0xab, 0x0, 0x85, 0xec, 0x25, 0x40, 0x3f,
    0xf9, 0x40,

    /* U+03C7 "χ" */
    0xae, 0x50, 0x9, 0xfc, 0x65, 0x2c, 0x40, 0x12,
    0xe2, 0x76, 0x32, 0x10, 0x10, 0x0, 0x17, 0x62,
    0x7b, 0x0, 0xd2, 0x38, 0x6a, 0x1, 0x85, 0x86,
    0x0, 0x38, 0x5c, 0xc, 0x3, 0xa0, 0xda, 0x40,
    0x31, 0xb4, 0xd8, 0xb8, 0x5, 0xca, 0x84, 0xd0,
    0xa2, 0xe5, 0x60, 0x8, 0x3a, 0x40,

    /* U+03C8 "ψ" */
    0x0, 0x97, 0xc8, 0x3, 0xff, 0x93, 0xf0, 0x1,
    0xdf, 0x0, 0x1f, 0x19, 0x0, 0x7c, 0xcc, 0x0,
    0xf8, 0xc4, 0x40, 0x1e, 0x30, 0x23, 0x0, 0xe4,
    0x7a, 0x49, 0xd0, 0x5c, 0x19, 0x69, 0x47, 0x8,
    0xc, 0x30, 0x6d, 0xa0, 0xdc, 0x30, 0xf, 0xfe,
    0x38,

    /* U+03C9 "ω" */
    0x3, 0xf3, 0x0, 0xd9, 0x40, 0x8, 0x43, 0x0,
    0xd0, 0xa4, 0x9, 0x80, 0x5, 0x20, 0x40, 0x51,
    0x2, 0x0, 0x52, 0x80, 0xb, 0x80, 0x3f, 0xe1,
    0xd, 0x0, 0xbc, 0x0, 0x5e, 0xc, 0xc5, 0x93,
    0x65, 0xa0, 0x70, 0x95, 0xa4, 0xe6, 0xa7, 0xa1,

    /* U+03CA "ϊ" */
    0xe, 0x34, 0xe0, 0x4, 0x92, 0xc8, 0x1, 0xf2,
    0xdc, 0x3, 0xff, 0xaa, 0xc8, 0xa6, 0x0, 0x93,
    0xab,

    /* U+03CB "ϋ" */
    0xd, 0x42, 0xe1, 0x0, 0x52, 0x9c, 0x88, 0x77,
    0x4, 0x47, 0xe6, 0x1, 0x94, 0x14, 0x3, 0x8,
    0x70, 0x7, 0x8, 0x80, 0x38, 0x44, 0x64, 0x0,
    0x30, 0xd4, 0x43, 0x2f, 0xa, 0xc2, 0xcd, 0x36,
    0x0,

    /* U+03CC "ό" */
    0x0, 0xd1, 0xe2, 0x1, 0xcb, 0x2, 0x1, 0xd4,
    0xe0, 0x1a, 0x3a, 0x30, 0xc0, 0x12, 0xf3, 0x4f,
    0x84, 0xc, 0xee, 0x5b, 0xb, 0x30, 0xd0, 0x8,
    0xd4, 0x3, 0xf1, 0x86, 0x80, 0x46, 0xa0, 0xce,
    0xe4, 0xb0, 0xb0, 0x97, 0x9b, 0x7b, 0x20,

    /* U+03CD "ύ" */
    0x0, 0xb3, 0x40, 0x30, 0x9c, 0x80, 0x63, 0x94,
    0x0, 0x74, 0x93, 0x27, 0x98, 0x6, 0x50, 0x50,
    0xc, 0x21, 0xc0, 0x1c, 0x22, 0x0, 0xe1, 0x11,
    0x90, 0x0, 0xc3, 0x51, 0xc, 0xbc, 0x2b, 0xb,
    0x34, 0xd8, 0x0,

    /* U+03CE "ώ" */
    0x0, 0xe1, 0xf8, 0x0, 0xfc, 0xe3, 0x0, 0x1f,
    0x8b, 0x40, 0x38, 0xfc, 0xc1, 0xc, 0x32, 0x80,
    0x10, 0x86, 0x1, 0xa1, 0x48, 0x13, 0x0, 0xa,
    0x40, 0x80, 0xa2, 0x4, 0x0, 0xa5, 0x0, 0x17,
    0x0, 0x7f, 0xc2, 0x1a, 0x1, 0x78, 0x0, 0xbc,
    0x19, 0x8b, 0x26, 0xcb, 0x40, 0xe1, 0x2b, 0x49,
    0xcd, 0x4f, 0x42,

    /* U+03CF "Ϗ" */
    0xbd, 0x0, 0x9f, 0xd0, 0x3, 0x2c, 0x4a, 0x0,
    0x47, 0x4e, 0xc0, 0x10, 0xea, 0xc0, 0x4, 0x78,
    0x36, 0x1, 0x85, 0x82, 0xc0, 0x31, 0x5c, 0xab,
    0x0, 0x73, 0x24, 0x90, 0x7, 0x50, 0xf0, 0x7,
    0xd, 0x1b, 0xde, 0x80, 0x4c, 0x1a, 0xf0, 0xcc,
    0x8c, 0x18, 0x33, 0x44, 0xb2, 0x61, 0x0,

    /* U+03D0 "ϐ" */
    0x0, 0x47, 0x7e, 0x10, 0x2, 0x96, 0xb4, 0x68,
    0x11, 0x5a, 0xf4, 0x2c, 0x34, 0xef, 0xb9, 0xa6,
    0xa, 0xf1, 0xfd, 0x64, 0x2, 0x83, 0xb6, 0xbe,
    0x2, 0x92, 0x69, 0x64, 0x6e, 0xe0, 0x9, 0x81,
    0xcc, 0xc0, 0x12, 0x3, 0x50, 0x5a, 0x34, 0x29,
    0x12, 0xde, 0xe1, 0xa8, 0x0,

    /* U+03D1 "ϑ" */
    0x0, 0x37, 0x7e, 0x18, 0x4, 0x32, 0xf6, 0x18,
    0x20, 0x2, 0xa, 0x4d, 0x9, 0x0, 0x19, 0x72,
    0x2, 0x20, 0x2, 0xc7, 0xbe, 0x43, 0xe9, 0xf8,
    0xaf, 0xd6, 0xd, 0xb6, 0x70, 0x1, 0x70, 0x19,
    0x9, 0x80, 0x5c, 0x40, 0x1, 0x10, 0x4, 0xe8,
    0x0, 0xf3, 0x65, 0xc1, 0xb0, 0x3, 0x2c, 0xd3,
    0xe1, 0x0,

    /* U+03D2 "ϒ" */
    0xbe, 0x0, 0xd1, 0xeb, 0x2, 0xc0, 0x3, 0x78,
    0x43, 0x58, 0x0, 0x41, 0xb8, 0x84, 0xb, 0xa2,
    0x20, 0x2, 0x26, 0x98, 0x44, 0x0, 0x68, 0x13,
    0x80, 0xe, 0x14, 0x23, 0x0, 0xff, 0xe9, 0x0,

    /* U+03D3 "ϓ" */
    0x5f, 0x48, 0xf1, 0x0, 0x97, 0xe3, 0xd1, 0x12,
    0x10, 0x0, 0x1a, 0x59, 0xca, 0x1, 0x86, 0x20,
    0x91, 0xb1, 0x61, 0x0, 0x38, 0xc0, 0xbc, 0x88,
    0x7, 0xa1, 0x68, 0x5c, 0x3, 0xe6, 0x24, 0x80,
    0xf, 0xea, 0x6, 0x0, 0xff, 0xed, 0x80,

    /* U+03D4 "ϔ" */
    0x0, 0x62, 0x8f, 0x10, 0x6, 0xa7, 0x19, 0x20,
    0xc, 0xc4, 0xe, 0x1, 0x5f, 0x0, 0x68, 0xf5,
    0x81, 0x60, 0x1, 0xbc, 0x21, 0xac, 0x0, 0x20,
    0xdc, 0x42, 0x5, 0xd1, 0x10, 0x1, 0x13, 0x4c,
    0x22, 0x0, 0x34, 0x9, 0xc0, 0x7, 0xa, 0x11,
    0x80, 0x7f, 0xf4, 0x80,

    /* U+03D5 "ϕ" */
    0x0, 0xcf, 0xe0, 0x1f, 0xfc, 0xe8, 0xe8, 0xe,
    0xa1, 0x0, 0x4b, 0xcb, 0x86, 0xb7, 0x90, 0xb3,
    0xbb, 0xc0, 0xf4, 0x6c, 0x83, 0x0, 0x30, 0x9a,
    0x88, 0x8, 0x7, 0x98, 0x87, 0x80, 0x31, 0x9b,
    0x3, 0x53, 0x30, 0x13, 0x88, 0xc0, 0x7d, 0x6e,
    0x0, 0xab, 0x0, 0x85, 0xec, 0x25, 0x40, 0x3f,
    0xf9, 0x40,

    /* U+03D6 "ϖ" */
    0xaf, 0xff, 0xf9, 0x62, 0x82, 0x2e, 0xf9, 0xa,
    0xd0, 0x8c, 0x1d, 0x15, 0xd1, 0x1a, 0x48, 0x20,
    0x20, 0x13, 0xe0, 0x0, 0x80, 0x80, 0x1e, 0x20,
    0x1f, 0xf7, 0x8, 0x80, 0x40, 0x40, 0xc0, 0x80,
    0xe, 0x14, 0xb4, 0x76, 0xb2, 0xa0, 0x10, 0xdb,
    0x52, 0x6b, 0x52, 0xd8, 0x0,

    /* U+03D7 "ϗ" */
    0xdb, 0x0, 0x4f, 0x90, 0x4, 0xcc, 0xa2, 0x1,
    0x39, 0x75, 0x0, 0xe, 0x94, 0x0, 0x48, 0x64,
    0x80, 0x12, 0x6a, 0x50, 0x80, 0x6a, 0xb, 0x0,
    0xc3, 0x6a, 0xdb, 0x60, 0x4, 0xf, 0x41, 0x1,
    0xb0, 0xbc, 0xef, 0xe7, 0xb2, 0x8f, 0xef, 0xd4,
    0x0,

    /* U+03D8 "Ϙ" */
    0x0, 0x1d, 0xf7, 0xf4, 0x90, 0x1, 0x71, 0xa6,
    0x4c, 0xfa, 0x41, 0x65, 0xae, 0xd1, 0x81, 0x2,
    0x25, 0x0, 0xc4, 0x88, 0x30, 0xf0, 0xf, 0x88,
    0x6c, 0x3, 0xa, 0xa8, 0x20, 0xed, 0x4d, 0x70,
    0x60, 0x1a, 0x5a, 0xb2, 0x87, 0xc, 0x0, 0xdb,
    0x21, 0xb8, 0x60, 0x1c, 0x60, 0x1c,

    /* U+03D9 "ϙ" */
    0x0, 0x46, 0xfe, 0x20, 0x2, 0x5e, 0xec, 0xf6,
    0x62, 0xd0, 0xc9, 0x63, 0x24, 0x6, 0x1, 0x13,
    0x8, 0x8, 0x6, 0x72, 0x1f, 0x0, 0x11, 0xe0,
    0x5a, 0xe5, 0x61, 0x30, 0x2e, 0xba, 0xc6, 0x88,
    0x0, 0xb0, 0x18, 0x3, 0xff, 0x8c,

    /* U+03DA "Ϛ" */
    0x0, 0x1d, 0x77, 0xf5, 0x90, 0x26, 0x23, 0x4c,
    0x80, 0xc2, 0x8b, 0xa1, 0x9e, 0xc4, 0x6a, 0x0,
    0xfd, 0xe0, 0x1e, 0x12, 0x50, 0xf, 0xa4, 0xba,
    0x18, 0x40, 0x24, 0xd7, 0x59, 0x20, 0xc, 0x53,
    0x0, 0x1f, 0xfc, 0x10,

    /* U+03DB "ϛ" */
    0x0, 0x47, 0x7e, 0x98, 0x4b, 0xb5, 0x29, 0x3,
    0x3c, 0x2c, 0x9, 0x86, 0x0, 0x7f, 0xc2, 0x6,
    0x1, 0x88, 0xe1, 0x84, 0x2, 0xd5, 0x9e, 0x90,
    0x0, 0xd7, 0x33, 0xc, 0x0, 0x22, 0xd0, 0xd,
    0xfe, 0xb6, 0x30, 0x7, 0x6f, 0xc8, 0x0,

    /* U+03DC "Ϝ" */
    0xaf, 0xfd, 0xc0, 0x35, 0x58, 0xd, 0x56, 0x40,
    0x0, 0x8c, 0x0, 0x2e, 0xea, 0x40, 0xae, 0xc4,
    0x1, 0x22, 0x0, 0x3d, 0xd6, 0x1, 0x8c, 0x80,
    0x3c,

    /* U+03DD "ϝ" */
    0xaf, 0xfe, 0x1, 0xaa, 0xc0, 0x6a, 0xb8, 0x0,
    0x23, 0x0, 0xb, 0xba, 0x80, 0x2b, 0xb1, 0x0,
    0x48, 0x80, 0xf, 0x7c, 0x80, 0x62, 0x10, 0xf,
    0xfe, 0x0,

    /* U+03DE "Ϟ" */
    0xe, 0xe3, 0x0, 0x76, 0x95, 0x80, 0x71, 0xbb,
    0x0, 0x79, 0x30, 0x46, 0x0, 0x28, 0x47, 0x74,
    0xa0, 0xf7, 0x73, 0x2, 0x1, 0x22, 0x44, 0x62,
    0x1, 0xc9, 0x60, 0x1c, 0x21, 0xc6, 0x1, 0x85,
    0x99, 0x40,

    /* U+03DF "ϟ" */
    0xe, 0xf6, 0x0, 0xed, 0x4b, 0x0, 0xe3, 0x16,
    0x0, 0xe1, 0x5d, 0x0, 0xe7, 0x6, 0x0, 0xea,
    0x51, 0x47, 0xb1, 0x33, 0x2f, 0x5c, 0x28, 0xbb,
    0x4e, 0x79, 0x38, 0x24, 0xb1, 0x98, 0xa8, 0x3,
    0xa8, 0x8c, 0x3, 0x9e, 0x80, 0x38, 0xc5, 0x0,
    0x39, 0xc1, 0x8, 0x3, 0x22, 0x22, 0x0,

    /* U+03E0 "Ϡ" */
    0x7, 0xdf, 0xea, 0x20, 0xa, 0xd2, 0x64, 0x9a,
    0x40, 0xc, 0x94, 0xc1, 0x14, 0x80, 0x4b, 0xa5,
    0xcc, 0x82, 0x0, 0x4d, 0x95, 0x50, 0x28, 0x0,
    0x4e, 0xe9, 0x0, 0x40, 0x21, 0xcf, 0xa0, 0xf,
    0x38, 0xb0, 0x30, 0x7, 0xb4, 0xc, 0x3, 0xcc,
    0x80,

    /* U+03E1 "ϡ" */
    0x7, 0x20, 0xf, 0x14, 0xee, 0x10, 0x6, 0x2e,
    0xb1, 0xd5, 0x0, 0xe4, 0xd5, 0xa5, 0x0, 0xf7,
    0x85, 0x88, 0x4, 0x7f, 0xe, 0x32, 0x1, 0x16,
    0x6c, 0x2b, 0x0, 0x42, 0x62, 0xcc, 0x12, 0x0,
    0x9b, 0xb6, 0xc1, 0x80, 0x27, 0xeb, 0x60, 0x20,
    0x8, 0x44, 0x1, 0xfe, 0x20, 0x20, 0xf, 0x28,
    0x30, 0x7, 0xb4, 0x48, 0x3, 0xc8, 0xc0,

    /* U+03F0 "ϰ" */
    0xaf, 0x90, 0x8, 0xfd, 0x42, 0x25, 0x94, 0x7,
    0x41, 0x40, 0x98, 0xb4, 0x28, 0x50, 0x3, 0x8,
    0xa1, 0x44, 0xc0, 0x31, 0x2b, 0xe8, 0xf8, 0x6,
    0x13, 0x83, 0x1f, 0x0, 0x90, 0x11, 0xc1, 0x54,
    0x82, 0x1c, 0x34, 0x0, 0x91, 0xb2,

    /* U+03F1 "ϱ" */
    0x0, 0x3e, 0xfe, 0x18, 0x1, 0xa1, 0x68, 0x30,
    0x42, 0xd2, 0x17, 0x41, 0x80, 0x8c, 0x0, 0x25,
    0xa0, 0xf, 0x0, 0xc2, 0x1, 0xc2, 0x46, 0x0,
    0x96, 0x5d, 0xa, 0x0, 0x2d, 0xd0, 0x61, 0x1,
    0x7, 0xfb, 0xc, 0x1, 0xcb, 0xbf, 0xe7, 0x0,
    0x1f, 0x73, 0xf, 0x0,

    /* U+03F2 "ϲ" */
    0x0, 0x47, 0x7e, 0x98, 0x4b, 0xb5, 0x29, 0xb,
    0x3c, 0x2c, 0x9, 0x6, 0x80, 0x7f, 0xc4, 0x1a,
    0x1, 0x85, 0x5e, 0x16, 0xc, 0x29, 0x99, 0x48,
    0x20,

    /* U+03F3 "ϳ" */
    0x0, 0x64, 0x80, 0x13, 0xc0, 0x10, 0xc0, 0xd,
    0xa0, 0xf, 0xfe, 0x99, 0x99, 0x8b, 0xa6, 0x48,
    0xc0,

    /* U+03F4 "ϴ" */
    0x0, 0x14, 0xf7, 0xf4, 0x88, 0x4, 0x58, 0xf3,
    0x52, 0xfe, 0x20, 0x9, 0xf, 0x75, 0x7f, 0xb,
    0x0, 0x23, 0x8, 0x4, 0x2e, 0xa0, 0x40, 0xff,
    0xfc, 0xc0, 0x20, 0x6, 0xcc, 0xe6, 0x0, 0x10,
    0x19, 0xfc, 0x2, 0x8, 0xa4, 0x1, 0x12, 0xa8,
    0x1, 0x23, 0x90, 0xb1, 0xa3, 0x60, 0x2, 0xc4,
    0x6a, 0x66, 0x78, 0x80,

    /* U+03F5 "ϵ" */
    0x0, 0x47, 0x7e, 0xa8, 0x4b, 0x45, 0xd9, 0xc5,
    0xa1, 0x91, 0x88, 0x81, 0x3f, 0xeb, 0x0, 0xa7,
    0x75, 0x20, 0x41, 0xc4, 0x50, 0xa, 0xbb, 0x91,
    0xd4, 0x29, 0xe6, 0xe8, 0x40,

    /* U+03F6 "϶" */
    0x3d, 0xfe, 0x90, 0x1, 0x55, 0xc3, 0xd0, 0xb,
    0xa3, 0x42, 0x88, 0x5f, 0xfa, 0x40, 0x82, 0xb7,
    0x50, 0x1, 0x9, 0x13, 0x80, 0x95, 0x92, 0x19,
    0x82, 0x11, 0x6c, 0xf2, 0x0,

    /* U+03F7 "Ϸ" */
    0xad, 0x10, 0xe, 0x2e, 0xfe, 0x70, 0x0, 0xdd,
    0x24, 0x28, 0x1a, 0x2d, 0x17, 0x0, 0x73, 0x30,
    0x3, 0x99, 0x80, 0x1, 0x28, 0x2d, 0x2, 0xed,
    0x77, 0x30, 0xe, 0x63, 0xe0, 0x0, 0x67, 0x0,
    0x40,

    /* U+03F8 "ϸ" */
    0xda, 0x0, 0xff, 0xe4, 0xcf, 0xf3, 0x80, 0x14,
    0x29, 0xe1, 0x40, 0xa5, 0x64, 0xb8, 0x1c, 0x2,
    0x75, 0x0, 0xf1, 0x83, 0x80, 0x4e, 0xc0, 0x54,
    0xb2, 0x5c, 0xa, 0x74, 0xf0, 0xa0, 0x73, 0xfc,
    0xe0, 0x3, 0x0, 0xff, 0xe0, 0x0,

    /* U+03F9 "Ϲ" */
    0x0, 0xc, 0x6f, 0xf5, 0x90, 0xe, 0x3a, 0x4c,
    0x80, 0xc2, 0xb, 0x25, 0x9e, 0xc4, 0x19, 0x4c,
    0x3, 0x84, 0x34, 0x3, 0xc6, 0x1, 0xf8, 0x83,
    0x40, 0x3e, 0x45, 0x20, 0xf, 0x48, 0xec, 0x33,
    0x24, 0x0, 0x58, 0xad, 0x30, 0x40,

    /* U+03FA "Ϻ" */
    0xaf, 0x90, 0xe, 0xcf, 0x80, 0x16, 0x30, 0x9,
    0x4c, 0x40, 0x8, 0x8f, 0x0, 0xae, 0x0, 0x34,
    0x9a, 0x84, 0x9b, 0x88, 0x0, 0x49, 0xec, 0xda,
    0x40, 0x3d, 0x1, 0x8a, 0x80, 0x1f, 0x52, 0xd8,
    0x7, 0xe4, 0xa1, 0x0, 0xff, 0xe7, 0x0,

    /* U+03FB "ϻ" */
    0xdf, 0x50, 0xa, 0xfd, 0x80, 0x16, 0x0, 0x54,
    0x0, 0x98, 0x20, 0x2e, 0x0, 0x21, 0xb7, 0xa3,
    0x70, 0x8, 0x55, 0x16, 0x40, 0x3d, 0x5a, 0x80,
    0x1e, 0x12, 0x0, 0xff, 0xe4, 0x7b, 0x0, 0x7f,
    0xf1, 0x80,

    /* U+03FC "ϼ" */
    0x0, 0x3e, 0xfe, 0x18, 0x1, 0xe2, 0xa8, 0x18,
    0x21, 0x4a, 0xeb, 0xa0, 0xc0, 0x5a, 0x0, 0x12,
    0xd1, 0x0, 0xf0, 0x80, 0x70, 0x91, 0x80, 0x29,
    0x92, 0x82, 0x80, 0xd, 0x76, 0x7c, 0x20, 0x6,
    0xeb, 0xf0, 0xc3, 0x82, 0x7f, 0xc2, 0x0, 0xc0,
    0x7d, 0xd0, 0x80, 0x0,

    /* U+03FD "Ͻ" */
    0x3b, 0xef, 0xe9, 0x10, 0x0, 0x84, 0xc9, 0xdb,
    0xc4, 0xa, 0xdd, 0xa6, 0xc6, 0x0, 0x3c, 0x86,
    0xe0, 0x1f, 0x28, 0x80, 0x7f, 0xf1, 0x14, 0x80,
    0x3c, 0xa6, 0xa0, 0x32, 0xcc, 0x9a, 0x28, 0x0,
    0x14, 0x4a, 0x3e, 0x80, 0x0,

    /* U+03FE "Ͼ" */
    0x0, 0xc, 0x6f, 0xf5, 0x90, 0xe, 0x3a, 0x4c,
    0x80, 0xc2, 0xb, 0x25, 0x9e, 0xc4, 0x19, 0x4c,
    0x3, 0x84, 0x34, 0xf, 0xdc, 0x0, 0x60, 0x10,
    0x8c, 0x0, 0x20, 0xd0, 0x2e, 0x60, 0x9, 0x14,
    0x80, 0x3d, 0x23, 0xb0, 0xcc, 0x90, 0x1, 0x62,
    0xb4, 0xc1, 0x0,

    /* U+03FF "Ͽ" */
    0x3b, 0xef, 0xe9, 0x10, 0x0, 0x8a, 0x64, 0xed,
    0xe2, 0x5, 0x4e, 0xd3, 0x63, 0x0, 0x1e, 0x43,
    0x70, 0xa, 0x3c, 0x81, 0x44, 0x2, 0xe1, 0x0,
    0xf9, 0xb8, 0x81, 0x48, 0x3, 0xca, 0x6a, 0x5,
    0x2c, 0xc9, 0xa2, 0x80, 0x32, 0x89, 0x47, 0xd0,
    0x0,

    /* U+0400 "Ѐ" */
    0x4, 0x71, 0x0, 0x93, 0x28, 0x3, 0x5e, 0x8,
    0x6, 0x71, 0xb, 0xff, 0xe0, 0x1a, 0xac, 0x6,
    0xab, 0x80, 0x2, 0x30, 0x0, 0xbb, 0xab, 0x2,
    0xbb, 0xa0, 0x0, 0x89, 0x18, 0x7, 0xc6, 0xab,
    0x80, 0x6a, 0xb0,

    /* U+0401 "Ё" */
    0x9, 0x81, 0xe2, 0xf, 0xe0, 0x43, 0x6, 0x60,
    0xd0, 0xdf, 0xff, 0x0, 0xd5, 0x60, 0x35, 0x5c,
    0x0, 0x11, 0x80, 0x5, 0xdd, 0x58, 0x15, 0xdd,
    0x0, 0x4, 0x48, 0xc0, 0x3e, 0x35, 0x5c, 0x3,
    0x55, 0x80,

    /* U+0402 "Ђ" */
    0xdf, 0xff, 0x30, 0x2, 0x69, 0x42, 0x6a, 0x88,
    0x0, 0x45, 0xd0, 0x75, 0x51, 0x0, 0x61, 0x0,
    0xff, 0xb3, 0xfd, 0xaa, 0x1, 0xd5, 0x74, 0x34,
    0x60, 0x19, 0x91, 0x74, 0x10, 0x3, 0xff, 0x86,
    0x8d, 0xa0, 0xa0, 0x1d, 0xb2, 0x36, 0x40,

    /* U+0403 "Ѓ" */
    0x0, 0x8e, 0x8, 0x0, 0x3a, 0x4, 0x0, 0x2b,
    0x80, 0x8, 0xd4, 0x1, 0x5f, 0xfc, 0x3, 0x55,
    0x80, 0xd5, 0x70, 0x7, 0xff, 0x78,

    /* U+0404 "Є" */
    0x0, 0xc, 0xef, 0xf5, 0x10, 0xf, 0xba, 0xcc,
    0x84, 0xc2, 0xc3, 0xe1, 0x9e, 0xc4, 0x15, 0xc0,
    0x46, 0x0, 0x10, 0x37, 0x76, 0x20, 0x9, 0xae,
    0xf1, 0x1, 0x1, 0xa2, 0x60, 0x9, 0x14, 0xc0,
    0x3d, 0x1, 0x92, 0xcf, 0x44, 0x7, 0xaa, 0xf3,
    0x21, 0x30,

    /* U+0405 "Ѕ" */
    0x2, 0xbe, 0xfc, 0x60, 0x6, 0x34, 0x4a, 0x88,
    0x10, 0xc3, 0x32, 0x5c, 0x8, 0x38, 0x3, 0xd6,
    0x9d, 0x2, 0x1, 0x27, 0x4b, 0x72, 0x0, 0x42,
    0xfc, 0x74, 0x1, 0xe4, 0x10, 0x4a, 0x75, 0x77,
    0x28, 0x30, 0xcd, 0x51, 0xe8, 0x0,

    /* U+0406 "І" */
    0xbd, 0x0, 0xff, 0xe3, 0x0,

    /* U+0407 "Ї" */
    0x7a, 0x8a, 0x2d, 0xd9, 0x5d, 0x5c, 0x2b, 0x40,
    0x3f, 0xfb, 0x20,

    /* U+0408 "Ј" */
    0x0, 0xaf, 0x0, 0x3f, 0xfc, 0x8e, 0xe0, 0x14,
    0x33, 0xf, 0x59, 0x48, 0xe6, 0x34, 0x40,

    /* U+0409 "Љ" */
    0x0, 0x4f, 0xff, 0x38, 0x7, 0xc6, 0x55, 0x49,
    0x0, 0xfe, 0x16, 0x55, 0x38, 0x7, 0xf3, 0x88,
    0x6, 0x8f, 0xf6, 0x18, 0x4, 0x26, 0x1, 0x9a,
    0xe8, 0x70, 0x40, 0x6, 0x20, 0x1b, 0x91, 0x7c,
    0x1c, 0x0, 0x3e, 0x1, 0xf1, 0x7, 0x1, 0x1,
    0x80, 0x7c, 0x81, 0xcf, 0x20, 0xa0, 0x1b, 0x1e,
    0x28, 0x5a, 0x56, 0x44, 0x3, 0x24, 0x32, 0x60,
    0x0,

    /* U+040A "Њ" */
    0xad, 0x0, 0xd9, 0x60, 0x1f, 0xfd, 0x51, 0x1e,
    0x1, 0x0, 0xe2, 0xee, 0xc4, 0x9d, 0xfc, 0xe0,
    0x1, 0xbb, 0xc4, 0x77, 0x4f, 0xe, 0x6, 0x89,
    0x85, 0xd1, 0x64, 0xb0, 0x3, 0xff, 0x90, 0xea,
    0xd6, 0x5a, 0x1, 0xf1, 0xd4, 0xbc, 0xb0,

    /* U+040B "Ћ" */
    0xdf, 0xff, 0x30, 0x2, 0x69, 0x42, 0x6a, 0x88,
    0x0, 0x45, 0xc0, 0x75, 0x51, 0x0, 0x7f, 0xf1,
    0x33, 0xfd, 0xaa, 0x1, 0xcb, 0x74, 0x34, 0x40,
    0x1a, 0x51, 0x78, 0x10, 0x3, 0xe2, 0x1, 0x0,
    0xff, 0xe4, 0x0,

    /* U+040C "Ќ" */
    0x0, 0xce, 0xc0, 0x1d, 0x14, 0xe0, 0x1d, 0xf8,
    0x20, 0x1c, 0xe2, 0x1, 0x56, 0x80, 0x4d, 0xe8,
    0x1, 0x8a, 0x5d, 0x0, 0x37, 0x1c, 0x0, 0x43,
    0x7, 0xc0, 0x11, 0x73, 0xb1, 0x0, 0x43, 0x68,
    0xc2, 0x1, 0x1a, 0x50, 0x58, 0x7, 0xc, 0xaa,
    0x80, 0x39, 0x8e, 0xc0, 0x3d, 0xc3, 0x20,

    /* U+040D "Ѝ" */
    0x0, 0x14, 0x18, 0x7, 0x88, 0x34, 0x40, 0x3d,
    0x16, 0xa0, 0x1f, 0x2a, 0x0, 0x55, 0xa0, 0x1a,
    0xbd, 0x80, 0x38, 0xd0, 0x3, 0xef, 0x90, 0xf,
    0x30, 0x30, 0x7, 0xa3, 0xc0, 0x3d, 0x8, 0x66,
    0x0, 0xc4, 0xf6, 0x1, 0xc3, 0x30, 0x20, 0x1c,
    0x6a, 0xe0, 0x1f, 0x58, 0x7, 0x80,

    /* U+040E "Ў" */
    0x0, 0xff, 0xab, 0x2, 0x74, 0x3, 0x58, 0x7a,
    0x70, 0x6, 0x1c, 0xfd, 0x30, 0x5, 0x70, 0x6,
    0x1f, 0x88, 0xb, 0x80, 0x4c, 0x12, 0x4b, 0x20,
    0x14, 0xa8, 0x84, 0xb, 0x82, 0x8c, 0x80, 0x9,
    0x64, 0x25, 0xc, 0x2, 0x81, 0x93, 0xf0, 0xc,
    0x4c, 0xc2, 0x40, 0xe, 0xf0, 0x80, 0xc, 0xf1,
    0x26, 0xa0, 0x1a, 0x9d, 0x34, 0x3, 0x0,

    /* U+040F "Џ" */
    0xad, 0x0, 0xcf, 0xe0, 0x1f, 0xff, 0x53, 0x55,
    0xda, 0x1, 0xd, 0x56, 0x50, 0x5, 0x7f, 0x9c,
    0x7f, 0xe0, 0xf, 0xfe, 0xe, 0x48, 0x6,

    /* U+0410 "А" */
    0x0, 0x9b, 0xe0, 0x3, 0xea, 0x16, 0x0, 0xf1,
    0x1c, 0xa, 0x0, 0x75, 0xb, 0x1f, 0x0, 0x73,
    0x38, 0x5a, 0x88, 0x4, 0x83, 0x82, 0x80, 0xc0,
    0x17, 0x5, 0x76, 0x5, 0x0, 0x5, 0x55, 0x77,
    0x39, 0x18, 0x38, 0x42, 0x25, 0x21, 0x41, 0x46,
    0x40, 0x10, 0xab, 0x80,

    /* U+0411 "Б" */
    0xaf, 0xfe, 0x70, 0x0, 0xd5, 0x65, 0x0, 0x1a,
    0xae, 0x20, 0x8, 0x40, 0x3c, 0x5d, 0xfd, 0x22,
    0x0, 0x1b, 0xb4, 0xb5, 0x80, 0xd, 0x10, 0xec,
    0xa0, 0x1e, 0x30, 0x8, 0xd5, 0x52, 0xac, 0x0,
    0x1a, 0xa2, 0x44, 0x80,

    /* U+0412 "В" */
    0xbf, 0xfb, 0xa8, 0x80, 0x3, 0x75, 0x29, 0x80,
    0x3, 0x45, 0x76, 0x11, 0x0, 0x62, 0x43, 0x10,
    0x2f, 0xf6, 0x86, 0x80, 0xb, 0x31, 0x43, 0x80,
    0x11, 0x99, 0x64, 0x94, 0x3, 0xf8, 0xd1, 0xd,
    0x42, 0x80, 0x37, 0x68, 0x5c, 0x10,

    /* U+0413 "Г" */
    0xaf, 0xfe, 0x1, 0xaa, 0xc0, 0x6a, 0xb8, 0x3,
    0xff, 0xbc,

    /* U+0414 "Д" */
    0x0, 0x27, 0xff, 0x80, 0x30, 0x84, 0xd5, 0x10,
    0x3, 0x8c, 0x19, 0x54, 0x60, 0x1f, 0xfc, 0x4e,
    0x10, 0xf, 0xe1, 0x20, 0xf, 0xe4, 0x60, 0xf,
    0xc6, 0x5c, 0x1, 0xf2, 0x78, 0xa, 0xac, 0x60,
    0xa3, 0x26, 0x15, 0x59, 0x2, 0x94, 0x1b, 0xff,
    0xd8, 0x1, 0xff, 0xc1, 0xeb, 0x0, 0xf1, 0xda,
    0x80,

    /* U+0415 "Е" */
    0xbf, 0xfe, 0x1, 0xaa, 0xc0, 0x6a, 0xb8, 0x0,
    0x23, 0x0, 0xb, 0xba, 0xb0, 0x2b, 0xba, 0x0,
    0x8, 0x91, 0x80, 0x7c, 0x6a, 0xb8, 0x6, 0xab,
    0x0,

    /* U+0416 "Ж" */
    0x5f, 0x40, 0x1, 0xfa, 0x0, 0xf, 0xd5, 0x6a,
    0x10, 0xf, 0x6a, 0xa8, 0x28, 0x2c, 0x3, 0xa8,
    0x2c, 0x2, 0xa5, 0x53, 0x80, 0x15, 0x54, 0x20,
    0x12, 0x22, 0xac, 0x2e, 0x8d, 0x0, 0x31, 0x23,
    0x40, 0x43, 0x19, 0x80, 0x37, 0x14, 0xa0, 0x1c,
    0x97, 0x80, 0x4c, 0x72, 0x1, 0xd2, 0x6e, 0x3,
    0xa, 0x80, 0x1c, 0x8b, 0x3, 0x63, 0x60, 0x1f,
    0x58, 0x58,

    /* U+0417 "З" */
    0x2a, 0xef, 0xea, 0x10, 0x30, 0x9a, 0x95, 0xc0,
    0x1a, 0x75, 0x77, 0x10, 0x6, 0x14, 0x65, 0x0,
    0x1f, 0xf5, 0xa5, 0x0, 0xf, 0x2e, 0x53, 0x0,
    0x23, 0x46, 0xb3, 0x40, 0xf, 0xcb, 0x2c, 0xb1,
    0x62, 0x8c, 0xb1, 0x4a, 0xfe, 0x0,

    /* U+0418 "И" */
    0xad, 0x0, 0xd5, 0xec, 0x1, 0xc6, 0x80, 0x1f,
    0x7c, 0x80, 0x79, 0x81, 0x80, 0x3d, 0x1e, 0x1,
    0xe8, 0x43, 0x30, 0x6, 0x27, 0xb0, 0xe, 0x19,
    0x81, 0x0, 0xe3, 0x57, 0x0, 0xfa, 0xc0, 0x3c,

    /* U+0419 "Й" */
    0x0, 0xff, 0xb6, 0x43, 0x24, 0x3, 0x4a, 0x78,
    0x40, 0x6, 0x4d, 0xfc, 0x10, 0x5, 0x68, 0x6,
    0xaf, 0x60, 0xe, 0x34, 0x0, 0xfb, 0xe4, 0x3,
    0xcc, 0xc, 0x1, 0xe8, 0xf0, 0xf, 0x42, 0x19,
    0x80, 0x31, 0x3d, 0x80, 0x70, 0xcc, 0x8, 0x7,
    0x1a, 0xb8, 0x7, 0xd6, 0x1, 0xe0,

    /* U+041A "К" */
    0xad, 0x0, 0x9b, 0xd0, 0x3, 0x14, 0xba, 0x0,
    0x6e, 0x38, 0x0, 0x86, 0xf, 0x80, 0x22, 0xe7,
    0x62, 0x0, 0x86, 0xd1, 0x84, 0x2, 0x34, 0xa0,
    0xb0, 0xe, 0x19, 0x55, 0x0, 0x73, 0x1d, 0x80,
    0x7b, 0x86, 0x40,

    /* U+041B "Л" */
    0x0, 0x57, 0xff, 0x48, 0x4, 0x55, 0x50, 0x6,
    0x16, 0x55, 0x84, 0x2, 0x71, 0x0, 0xf8, 0x4c,
    0x3, 0xe3, 0x10, 0xf, 0x87, 0xc0, 0x3c, 0x40,
    0x60, 0x1c, 0xfc, 0xa, 0x1, 0xd4, 0x52, 0x20,
    0x1c,

    /* U+041C "М" */
    0xaf, 0xa0, 0xe, 0xdf, 0x80, 0x2, 0x80, 0x63,
    0x20, 0x9, 0x1, 0x80, 0x2a, 0x41, 0x0, 0x97,
    0x40, 0x27, 0xe1, 0x0, 0xb9, 0x4, 0x10, 0x54,
    0x3, 0x20, 0xb0, 0x72, 0x80, 0x79, 0xec, 0x57,
    0x80, 0x3d, 0x47, 0x2, 0x80, 0x1e, 0x32, 0x66,
    0x0, 0x7e, 0xa0, 0xa0, 0xc,

    /* U+041D "Н" */
    0xad, 0x0, 0xcb, 0xe6, 0x1, 0xff, 0xc8, 0x11,
    0xc6, 0x1, 0x17, 0x76, 0x90, 0x8, 0x6e, 0xf3,
    0x80, 0x46, 0x89, 0xb4, 0x3, 0xff, 0xa2,

    /* U+041E "О" */
    0x0, 0x15, 0x77, 0xec, 0x0, 0x45, 0x88, 0xd2,
    0x8f, 0x80, 0x9, 0x1c, 0x86, 0x9a, 0x37, 0x4,
    0x62, 0x0, 0x94, 0x70, 0x83, 0x80, 0x39, 0x58,
    0x3, 0xf3, 0x81, 0x7, 0x0, 0x71, 0x30, 0x23,
    0x10, 0x4, 0xc3, 0xa1, 0x23, 0x90, 0xd3, 0x23,
    0x60, 0x2c, 0x46, 0x94, 0x7c, 0x0,

    /* U+041F "П" */
    0xaf, 0xff, 0x84, 0x6, 0xab, 0x28, 0x4, 0x6a,
    0xbb, 0x40, 0x3f, 0xfe, 0xa0,

    /* U+0420 "Р" */
    0xbf, 0xfb, 0x5c, 0x0, 0x35, 0x2f, 0xe, 0x6,
    0xad, 0x45, 0x60, 0x1c, 0x20, 0x10, 0x93, 0x9d,
    0x81, 0x76, 0xc3, 0x38, 0x16, 0x63, 0xe4, 0x2,
    0x33, 0x0, 0x7f, 0xf1, 0x40,

    /* U+0421 "С" */
    0x0, 0xc, 0xef, 0xf5, 0x10, 0xf, 0xb2, 0x4c,
    0x84, 0xc2, 0xc7, 0x25, 0x9e, 0xc4, 0x15, 0x46,
    0x1, 0xc4, 0x1a, 0x1, 0xff, 0xc3, 0x20, 0xd0,
    0xf, 0x91, 0x48, 0x3, 0xd2, 0x1b, 0x2c, 0xca,
    0x20, 0x2d, 0x57, 0x98, 0x13,

    /* U+0422 "Т" */
    0xdf, 0xff, 0x5c, 0xd5, 0x4, 0xea, 0x90, 0x8a,
    0xa3, 0x75, 0x51, 0x80, 0x7f, 0xfb, 0x0,

    /* U+0423 "У" */
    0xae, 0x0, 0xc3, 0xf1, 0x1, 0x70, 0x9, 0x82,
    0x49, 0x64, 0x2, 0x95, 0x10, 0x81, 0x70, 0x51,
    0x90, 0x1, 0x2c, 0x84, 0xa1, 0x80, 0x50, 0x32,
    0x7e, 0x1, 0x89, 0x98, 0x48, 0x1, 0xde, 0x10,
    0x1, 0x9e, 0x24, 0xd4, 0x3, 0x53, 0xa6, 0x80,
    0x60,

    /* U+0424 "Ф" */
    0x0, 0xed, 0xa0, 0xf, 0x9b, 0x3c, 0x97, 0xf1,
    0x40, 0x29, 0x92, 0x58, 0xa5, 0x35, 0x30, 0xb,
    0x3c, 0x21, 0x8a, 0xd2, 0x40, 0x10, 0x60, 0x7,
    0x8c, 0x40, 0x40, 0xc0, 0x3c, 0x42, 0x4, 0x70,
    0xc2, 0x0, 0x28, 0x56, 0x0, 0x6b, 0x4f, 0x12,
    0xeb, 0x44, 0x0, 0x3, 0x3f, 0xa2, 0x9b, 0xce,
    0x1, 0xe2, 0x31, 0x20, 0xc,

    /* U+0425 "Х" */
    0x6f, 0x30, 0xa, 0xb8, 0x18, 0xf8, 0x0, 0x8b,
    0x60, 0xe, 0x27, 0x9, 0x55, 0x0, 0xa, 0x21,
    0x27, 0x60, 0x19, 0xc9, 0xa0, 0x40, 0x30, 0x90,
    0x78, 0x7, 0x51, 0xd3, 0x20, 0x4, 0xa9, 0xea,
    0x92, 0x0, 0x1b, 0x63, 0x9, 0x28, 0x8, 0x9,
    0x0, 0x13, 0xb8, 0xc0,

    /* U+0426 "Ц" */
    0xad, 0x0, 0xcf, 0xe0, 0x1f, 0xff, 0xd3, 0x55,
    0xda, 0xa, 0x40, 0x35, 0x59, 0x42, 0x92, 0xbf,
    0xfd, 0xc0, 0x1f, 0xfc, 0x71, 0xb7,

    /* U+0427 "Ч" */
    0xf8, 0x0, 0x8f, 0xd0, 0x3, 0xff, 0x88, 0x22,
    0x0, 0xf2, 0xba, 0x9, 0x58, 0x2, 0x4e, 0xfb,
    0x58, 0x0, 0x5b, 0xac, 0xed, 0x0, 0xc4, 0x62,
    0x1, 0xff, 0xc7,

    /* U+0428 "Ш" */
    0xbd, 0x0, 0x9f, 0xc4, 0x0, 0x7e, 0xa0, 0x1f,
    0xff, 0xf0, 0xf, 0xfe, 0x29, 0xb3, 0x5a, 0xe,
    0xcc, 0xb0, 0x8, 0x66, 0x65, 0x9, 0x99, 0xc0,
    0x0,

    /* U+0429 "Щ" */
    0xbd, 0x0, 0xa7, 0xc0, 0x27, 0xf1, 0x0, 0xff,
    0xff, 0x80, 0x7f, 0xf3, 0x4d, 0x56, 0x20, 0x55,
    0xb4, 0x1c, 0x80, 0x6a, 0xa4, 0xa, 0xa9, 0x42,
    0x56, 0xff, 0xff, 0xe0, 0xf, 0xfe, 0x85, 0xa8,

    /* U+042A "Ъ" */
    0xdf, 0xf8, 0x40, 0x3a, 0x69, 0x40, 0x3e, 0x45,
    0xd0, 0xf, 0xfe, 0x4f, 0x7f, 0x50, 0x80, 0x75,
    0xda, 0x13, 0x40, 0x39, 0x51, 0xa4, 0xc4, 0x3,
    0xef, 0x0, 0xf3, 0xac, 0x3a, 0x8, 0x6, 0x9a,
    0x56, 0xa0,

    /* U+042B "Ы" */
    0xad, 0x0, 0xf5, 0x68, 0x7, 0xff, 0x28, 0x40,
    0x3f, 0x17, 0x7f, 0x40, 0x7, 0xd, 0xd9, 0x9e,
    0x0, 0x31, 0xa2, 0x21, 0x14, 0x3, 0xff, 0x84,
    0x6a, 0xa9, 0x4a, 0x0, 0xc3, 0x54, 0x48, 0x70,
    0x8,

    /* U+042C "Ь" */
    0xad, 0x0, 0xff, 0xe4, 0x88, 0x7, 0x17, 0x7f,
    0x40, 0x0, 0x6e, 0xcc, 0xf2, 0x6, 0x88, 0x84,
    0x70, 0xf, 0x18, 0x1a, 0xaa, 0x51, 0x40, 0x6a,
    0x89, 0x10,

    /* U+042D "Э" */
    0x2a, 0xef, 0xea, 0x20, 0x1, 0x8c, 0xc9, 0x93,
    0x48, 0x6, 0xdd, 0xa3, 0xcb, 0x80, 0x21, 0x18,
    0x14, 0xc4, 0x1, 0xdd, 0x9c, 0x8, 0x1, 0x77,
    0x9c, 0x3, 0x22, 0x61, 0x2, 0x0, 0xe2, 0x64,
    0x13, 0xa6, 0x64, 0x68, 0x48, 0x8, 0xa2, 0x59,
    0x74, 0x80,

    /* U+042E "Ю" */
    0xad, 0x0, 0x9b, 0x7f, 0xd6, 0x60, 0x1e, 0x89,
    0x4b, 0xa7, 0xc3, 0x0, 0xc2, 0xee, 0x94, 0x5c,
    0x1f, 0x0, 0x85, 0xc2, 0x80, 0x33, 0x18, 0x81,
    0x74, 0x81, 0x0, 0x6e, 0x2, 0x1, 0xb6, 0x1,
    0x0, 0xfc, 0x69, 0x80, 0x40, 0x1b, 0xc0, 0x80,
    0x24, 0x9, 0x0, 0x85, 0xcc, 0x40, 0x21, 0x85,
    0xb6, 0x7c, 0x1f, 0x0, 0xe7, 0xa7, 0x98, 0x6c,
    0x30,

    /* U+042F "Я" */
    0x0, 0x3e, 0xff, 0xd8, 0x11, 0x4, 0xaa, 0x10,
    0x1, 0x92, 0x55, 0x4c, 0x1, 0x8, 0x7, 0x9d,
    0x54, 0x22, 0x70, 0x4, 0xb5, 0x77, 0xc, 0x2,
    0xd0, 0x7b, 0x30, 0xa, 0x4e, 0x11, 0xc0, 0x12,
    0x5c, 0x1, 0x91, 0xa4, 0x80, 0x30,

    /* U+0430 "а" */
    0x6, 0xdf, 0xea, 0x10, 0x3b, 0xb9, 0x20, 0x15,
    0x91, 0x51, 0x0, 0x99, 0xde, 0xa0, 0x56, 0xbf,
    0xe5, 0x7, 0xb, 0x10, 0x60, 0x60, 0xb3, 0x83,
    0x3, 0x77, 0x60, 0xd0, 0x0,

    /* U+0431 "б" */
    0x0, 0xc6, 0xb0, 0x20, 0x4, 0xec, 0xa6, 0x30,
    0x4b, 0x7c, 0xfe, 0x20, 0x85, 0x93, 0x0, 0xc7,
    0xb9, 0xfa, 0xa0, 0x61, 0x37, 0x66, 0xa3, 0x70,
    0x67, 0x4b, 0x9, 0x0, 0x68, 0x4, 0x6c, 0xc0,
    0xf, 0x88, 0x70, 0x0, 0x26, 0xa0, 0xcc, 0x74,
    0xa0, 0xb0, 0x87, 0x9b, 0x7c, 0x20,

    /* U+0432 "в" */
    0xdf, 0xfb, 0x58, 0x0, 0x99, 0x87, 0x91, 0x1,
    0x33, 0x10, 0x4, 0xbf, 0xe7, 0xa1, 0x5, 0xdc,
    0x5a, 0x20, 0x1, 0x1c, 0x2, 0x0, 0x99, 0xa0,
    0x14, 0x13, 0x30, 0xf2, 0x60,

    /* U+0433 "г" */
    0xdf, 0xfc, 0x7, 0x77, 0x3, 0x22, 0x40, 0x1f,
    0xfc, 0xd0,

    /* U+0434 "д" */
    0x0, 0x7f, 0xf2, 0x80, 0x67, 0xba, 0x0, 0xf6,
    0x22, 0x0, 0x30, 0x83, 0x80, 0x78, 0x80, 0x40,
    0x3c, 0x82, 0x40, 0x1c, 0x72, 0xa8, 0x90, 0x68,
    0xe8, 0xa5, 0xda, 0x81, 0xd8, 0x1f, 0xff, 0x80,
    0x3f, 0xee, 0x80, 0xe, 0xf7,

    /* U+0435 "е" */
    0x0, 0x4f, 0x72, 0x84, 0x1, 0x6f, 0x74, 0xf4,
    0x4, 0x96, 0xa9, 0x8, 0x2c, 0x15, 0xfe, 0xa0,
    0x21, 0x9, 0xdd, 0xc6, 0xe1, 0xc4, 0x58, 0x9,
    0x1e, 0x11, 0xa4, 0x1, 0x6c, 0xcb, 0x81, 0x0,

    /* U+0436 "ж" */
    0x5f, 0x30, 0x3f, 0x40, 0x2f, 0x65, 0x57, 0x0,
    0x77, 0x23, 0x5, 0x9c, 0x80, 0x50, 0x54, 0x0,
    0x18, 0x6c, 0xb, 0x79, 0x10, 0xa, 0xce, 0x82,
    0x52, 0x80, 0x26, 0x2f, 0x60, 0x29, 0x27, 0x1,
    0x85, 0x30, 0x8, 0x9a, 0x6, 0x6, 0xc0, 0x3a,
    0x6, 0xc0,

    /* U+0437 "з" */
    0x3c, 0xef, 0xc4, 0x2, 0xba, 0xb7, 0xb0, 0x17,
    0x44, 0x10, 0x80, 0x1b, 0xfc, 0xfa, 0x0, 0x7d,
    0xc5, 0xd1, 0x1, 0x23, 0xf1, 0x55, 0x3a, 0x23,
    0xc1, 0x42, 0xae, 0xcf, 0x62,

    /* U+0438 "и" */
    0xda, 0x0, 0x27, 0xd8, 0x6, 0x90, 0xe, 0x63,
    0x40, 0xd, 0x10, 0x0, 0x8d, 0xcd, 0x80, 0x23,
    0x88, 0x0, 0x65, 0x35, 0x0, 0xef, 0x0, 0xc0,

    /* U+0439 "й" */
    0x1, 0x0, 0xf5, 0x50, 0x2e, 0x80, 0x12, 0xde,
    0xf6, 0x0, 0x2c, 0xfc, 0x10, 0xda, 0x0, 0x27,
    0xd8, 0x6, 0x90, 0xe, 0x63, 0x40, 0xd, 0x10,
    0x0, 0x8d, 0xcd, 0x80, 0x23, 0x88, 0x0, 0x65,
    0x35, 0x0, 0xef, 0x0, 0xc0,

    /* U+043A "к" */
    0xda, 0x0, 0x37, 0x90, 0x4, 0x53, 0x22, 0x0,
    0xf, 0xab, 0x0, 0x17, 0x8a, 0x0, 0x24, 0xb0,
    0xb0, 0x8, 0x52, 0x18, 0xc0, 0x33, 0x97, 0x80,
    0x74, 0x9b, 0x0,

    /* U+043B "л" */
    0x2, 0xff, 0xe3, 0x1, 0x9, 0xb8, 0x0, 0x9c,
    0x1d, 0xc, 0x3, 0x84, 0x3, 0x84, 0x3, 0xe2,
    0x20, 0x7, 0x35, 0x38, 0x7, 0x40, 0x40, 0x7,
    0x0,

    /* U+043C "м" */
    0xdf, 0x60, 0x9, 0x7f, 0x80, 0x14, 0x1, 0x70,
    0x4, 0xa6, 0x40, 0x28, 0x80, 0x1, 0x1d, 0x3,
    0x19, 0x80, 0x2a, 0x60, 0xaa, 0x0, 0x67, 0x18,
    0x27, 0x0, 0xc2, 0xae, 0xa2, 0x1, 0xdc, 0x1c,
    0x1, 0x0,

    /* U+043D "н" */
    0xda, 0x0, 0xba, 0x40, 0x3f, 0xf8, 0x6b, 0xff,
    0x8, 0x1, 0x33, 0x21, 0x0, 0x9, 0x9c, 0x1,
    0xff, 0xc4,

    /* U+043E "о" */
    0x0, 0x4f, 0x7e, 0x18, 0x2, 0x9a, 0x2d, 0xf0,
    0x85, 0x61, 0x92, 0x82, 0x94, 0xc, 0x0, 0x24,
    0x60, 0x1f, 0x98, 0xc, 0x0, 0x24, 0x64, 0xb2,
    0xc9, 0x41, 0x21, 0x4f, 0x16, 0xf8, 0x20,

    /* U+043F "п" */
    0xdf, 0xfe, 0x70, 0x4b, 0xb8, 0x2, 0x14, 0x48,
    0x3, 0xff, 0xb2,

    /* U+0440 "р" */
    0xd8, 0x9f, 0xe8, 0x0, 0x3f, 0x6c, 0xba, 0x81,
    0x39, 0x39, 0xc8, 0x38, 0x4, 0xa4, 0x2, 0x1,
    0x18, 0x1, 0x40, 0x27, 0x20, 0x1a, 0x59, 0x29,
    0x5, 0x3a, 0x77, 0x28, 0x2, 0x7f, 0xa0, 0x3,
    0xff, 0x86,

    /* U+0441 "с" */
    0x0, 0x4f, 0x7e, 0x98, 0x53, 0x32, 0xa8, 0x42,
    0xaf, 0xa, 0xe2, 0xa1, 0x80, 0x1e, 0x70, 0xc,
    0xc0, 0x80, 0x18, 0x92, 0x20, 0x8c, 0x41, 0x6c,
    0xcb, 0xb0, 0x80,

    /* U+0442 "т" */
    0xcf, 0xfe, 0x7f, 0xb7, 0xb, 0xb3, 0x1a, 0x70,
    0x2a, 0x8, 0x7, 0xff, 0x5c,

    /* U+0443 "у" */
    0xcc, 0x0, 0x4d, 0xe5, 0x46, 0x40, 0xd, 0x22,
    0x30, 0x50, 0xa, 0x50, 0x1, 0x94, 0x1c, 0x18,
    0x1, 0x44, 0x74, 0x82, 0x0, 0x33, 0x51, 0xf0,
    0x6, 0xa6, 0x15, 0x0, 0xce, 0xe, 0x1, 0xc8,
    0x16, 0x1, 0x23, 0xda, 0x10, 0x5, 0xf0, 0xb4,
    0x1, 0x80,

    /* U+0444 "ф" */
    0x0, 0xc7, 0x0, 0x1f, 0x95, 0xc0, 0x3f, 0xf9,
    0xcf, 0xb2, 0x1f, 0x88, 0x0, 0x98, 0xa7, 0xb,
    0x7b, 0x31, 0x67, 0x77, 0x2, 0x58, 0xc2, 0x86,
    0x0, 0x72, 0x28, 0x7, 0xf9, 0x43, 0x0, 0x39,
    0x14, 0x59, 0xe3, 0x81, 0x2c, 0x60, 0x25, 0xd5,
    0xc2, 0xde, 0xcc, 0x1, 0x1b, 0x21, 0xf8, 0x80,
    0x1f, 0xfc, 0x90,

    /* U+0445 "х" */
    0x7f, 0x30, 0x6, 0x68, 0x39, 0xf0, 0x31, 0xf0,
    0x3, 0x8a, 0x20, 0xc6, 0x0, 0x27, 0x71, 0xc8,
    0x6, 0x10, 0x31, 0x0, 0x91, 0xa4, 0x2c, 0x2,
    0xa4, 0x6a, 0x55, 0x4, 0x8c, 0x82, 0x2d, 0x88,

    /* U+0446 "ц" */
    0xda, 0x0, 0xbd, 0xc0, 0x3f, 0xfb, 0xc2, 0x89,
    0x7, 0x10, 0x25, 0xdc, 0xd, 0x7b, 0xff, 0xc4,
    0x1, 0xff, 0xc3, 0xd9,

    /* U+0447 "ч" */
    0x2f, 0x50, 0x1, 0xfa, 0x0, 0x7f, 0xf1, 0x8,
    0x38, 0x44, 0xa0, 0x14, 0xa7, 0x72, 0x0, 0x26,
    0xfd, 0xd8, 0x3, 0x88, 0x80, 0x1f, 0xf0,

    /* U+0448 "ш" */
    0xda, 0x0, 0x2f, 0x90, 0x3, 0x68, 0x3, 0xff,
    0xd8, 0x28, 0x8d, 0x7, 0x44, 0x18, 0x1, 0x2e,
    0xce, 0x15, 0x76, 0x10,

    /* U+0449 "щ" */
    0xda, 0x0, 0x37, 0x88, 0x3, 0xe0, 0x3, 0xff,
    0xe4, 0x28, 0x8e, 0x5, 0x44, 0x1, 0x10, 0x12,
    0xec, 0xe1, 0x77, 0x2, 0xc6, 0xff, 0xff, 0x18,
    0x7, 0xff, 0x2f, 0x28,

    /* U+044A "ъ" */
    0xcf, 0xf6, 0x0, 0x77, 0xd9, 0x80, 0x78, 0xd1,
    0xc0, 0x3f, 0x8f, 0xfd, 0xaa, 0x1, 0x8f, 0x2d,
    0xa8, 0x40, 0x31, 0xa7, 0x82, 0x80, 0x63, 0x4f,
    0x5, 0x0, 0x8f, 0x2d, 0xec, 0x40,

    /* U+044B "ы" */
    0xda, 0x0, 0xea, 0xd0, 0xf, 0xfe, 0x3a, 0xff,
    0xb0, 0xc0, 0x32, 0x65, 0x86, 0x80, 0x61, 0x34,
    0xa1, 0x10, 0x4, 0x26, 0x96, 0x22, 0x0, 0x93,
    0x2d, 0xb4, 0x2,

    /* U+044C "ь" */
    0xda, 0x0, 0xff, 0xe4, 0x2f, 0xfb, 0x10, 0x0,
    0x99, 0x61, 0x60, 0x1, 0x34, 0x90, 0x20, 0x13,
    0x49, 0x12, 0x4, 0xcb, 0xd, 0x0,

    /* U+044D "э" */
    0x3d, 0xfe, 0x91, 0x2, 0xab, 0x87, 0xa0, 0x17,
    0x46, 0xa4, 0x20, 0x9f, 0xf5, 0x83, 0x84, 0x66,
    0x28, 0x2, 0x13, 0x31, 0x3, 0xa3, 0x23, 0xc2,
    0x90, 0x5d, 0xa5, 0xa8, 0x0,

    /* U+044E "ю" */
    0xda, 0x0, 0x3e, 0xfe, 0x18, 0x6, 0x78, 0xbd,
    0x5c, 0x20, 0xa, 0x95, 0x8a, 0x42, 0x81, 0x7c,
    0x88, 0x1, 0x11, 0x82, 0x60, 0x7, 0x84, 0x4,
    0xd0, 0xc0, 0x22, 0x20, 0x5, 0xe9, 0xb, 0x61,
    0x20, 0x12, 0x4a, 0xd3, 0xd8, 0x80,

    /* U+044F "я" */
    0x3, 0xcf, 0xfc, 0x21, 0xa1, 0x78, 0xe0, 0x1,
    0x15, 0x21, 0xf0, 0x0, 0x43, 0x44, 0x3, 0xa9,
    0x7b, 0xe4, 0x2, 0x53, 0x36, 0x38, 0x5, 0x5,
    0xc7, 0xc0, 0x4, 0x79, 0x20, 0xc,

    /* U+0450 "ѐ" */
    0x0, 0x33, 0x80, 0x79, 0x61, 0x80, 0x38, 0xee,
    0x4, 0x3, 0x93, 0x84, 0x3, 0x4f, 0x72, 0x84,
    0x1, 0x6f, 0x74, 0xf4, 0x4, 0x96, 0xa9, 0x8,
    0x2c, 0x15, 0xfe, 0xa0, 0x21, 0x9, 0xdd, 0xc6,
    0xe1, 0xc4, 0x58, 0x9, 0x1e, 0x11, 0xa4, 0x1,
    0x6c, 0xcb, 0x81, 0x0,

    /* U+0451 "ё" */
    0x0, 0x6a, 0x9f, 0x0, 0x6a, 0x62, 0x70, 0xd,
    0xdb, 0xe6, 0x20, 0xb, 0x7b, 0xa7, 0xa0, 0x24,
    0xb5, 0x48, 0x41, 0x60, 0xaf, 0xf5, 0x1, 0x8,
    0x4e, 0xee, 0x37, 0xe, 0x22, 0xc0, 0x48, 0xf0,
    0x8d, 0x20, 0xb, 0x66, 0x5c, 0x8, 0x0,

    /* U+0452 "ђ" */
    0x0, 0xfe, 0xcb, 0x0, 0xee, 0x34, 0xff, 0x18,
    0x3, 0x9, 0x37, 0x46, 0x0, 0x21, 0x15, 0x67,
    0x48, 0x4, 0xa7, 0x6c, 0xd0, 0x0, 0x6d, 0x60,
    0xb0, 0x0, 0xa0, 0x10, 0x88, 0x3, 0xff, 0xab,
    0x96, 0x1, 0x8, 0x80, 0x32, 0xb1, 0x68, 0x6,
    0xb9, 0x57,

    /* U+0453 "ѓ" */
    0x0, 0x17, 0xc0, 0x3, 0xe6, 0x0, 0x1a, 0xc1,
    0xbf, 0xf8, 0xe, 0xee, 0x6, 0x44, 0x80, 0x3f,
    0xf9, 0xa0,

    /* U+0454 "є" */
    0x0, 0x4f, 0x7e, 0x98, 0x53, 0xc5, 0xd1, 0xa,
    0xdb, 0x23, 0x8a, 0x85, 0x7f, 0xa8, 0x2, 0x9c,
    0xc5, 0x83, 0x7, 0x19, 0x84, 0x9, 0x1d, 0xc8,
    0xc4, 0x16, 0xd3, 0x76, 0x10,

    /* U+0455 "ѕ" */
    0x7, 0xef, 0xe8, 0x4, 0x88, 0x64, 0x70, 0x8,
    0x11, 0xb3, 0x1, 0x55, 0x78, 0x80, 0x15, 0x63,
    0xdc, 0x80, 0x47, 0x6e, 0xc0, 0xae, 0x88, 0x31,
    0x6, 0xbb, 0x9f, 0x40,

    /* U+0456 "і" */
    0xc9, 0x4f, 0x5c, 0x0, 0xff, 0xe1, 0x0,

    /* U+0457 "ї" */
    0x89, 0xb5, 0xdf, 0x31, 0x5b, 0x24, 0x0, 0xff,
    0xe8, 0x0,

    /* U+0458 "ј" */
    0x0, 0x64, 0x80, 0x13, 0xc0, 0xb, 0x80, 0x1f,
    0xfd, 0x33, 0x33, 0x17, 0x4c, 0x91, 0x80,

    /* U+0459 "љ" */
    0x1, 0xff, 0xe1, 0x0, 0xe3, 0x9, 0xb6, 0x0,
    0xf8, 0x41, 0x11, 0xe0, 0x1f, 0x38, 0x18, 0x5,
    0xdf, 0xd0, 0x0, 0x10, 0x10, 0xa, 0xf1, 0x9d,
    0x40, 0x84, 0x3, 0x29, 0xc0, 0x6a, 0xd2, 0x80,
    0x67, 0x5a, 0xc, 0xa0, 0x80, 0xd, 0x34, 0xf0,
    0x80,

    /* U+045A "њ" */
    0xda, 0x0, 0xbd, 0xc0, 0x3f, 0xf9, 0x3e, 0x1,
    0xcb, 0xff, 0x3, 0xff, 0xac, 0x81, 0x33, 0x20,
    0x6c, 0xa6, 0xe0, 0x13, 0x38, 0x38, 0xd5, 0xc,
    0x3, 0xdc, 0x6a, 0xe8, 0x1, 0xe6, 0xcb, 0x5a,

    /* U+045B "ћ" */
    0x0, 0xfe, 0xcb, 0x0, 0xee, 0x34, 0xff, 0x30,
    0x3, 0x9, 0x37, 0x4e, 0x0, 0x21, 0x15, 0x67,
    0xc8, 0x4, 0xa7, 0x6c, 0xd0, 0x0, 0x6d, 0x60,
    0xb0, 0x0, 0xa0, 0x10, 0x88, 0x3, 0xff, 0xa8,

    /* U+045C "ќ" */
    0x0, 0x9f, 0xd0, 0x2, 0x39, 0xc4, 0x0, 0x8f,
    0x8c, 0x1, 0xb4, 0x0, 0x6f, 0x20, 0x8, 0xa6,
    0x44, 0x0, 0x1f, 0x56, 0x0, 0x2f, 0x14, 0x0,
    0x49, 0x61, 0x60, 0x10, 0xa4, 0x31, 0x80, 0x67,
    0x2f, 0x0, 0xe9, 0x36,

    /* U+045D "ѝ" */
    0x3, 0xe8, 0x0, 0xc7, 0x8a, 0x80, 0x18, 0xb5,
    0x0, 0x1b, 0x40, 0x4, 0xfb, 0x0, 0xd2, 0x1,
    0xcc, 0x68, 0x1, 0xa2, 0x0, 0x11, 0xb9, 0xb0,
    0x4, 0x71, 0x0, 0xc, 0xa6, 0xa0, 0x1d, 0xe0,
    0x18,

    /* U+045E "ў" */
    0x0, 0x8, 0x0, 0x40, 0x25, 0xe1, 0x6e, 0x0,
    0x95, 0x5f, 0x74, 0x1, 0xab, 0xb5, 0x40, 0x19,
    0x80, 0x9, 0xbc, 0xa8, 0xc8, 0x1, 0xa4, 0x46,
    0xa, 0x1, 0x4a, 0x0, 0x32, 0x83, 0x83, 0x0,
    0x28, 0x8e, 0x90, 0x40, 0x6, 0x6a, 0x3e, 0x0,
    0xd4, 0xc2, 0xa0, 0x19, 0xc1, 0xc0, 0x39, 0x2,
    0xc0, 0x24, 0x7b, 0x42, 0x0, 0xbe, 0x16, 0x80,
    0x30,

    /* U+045F "џ" */
    0xda, 0x0, 0xbd, 0xc0, 0x3f, 0xfb, 0x2, 0x89,
    0x0, 0x49, 0x77, 0x0, 0x37, 0xe4, 0x3f, 0xce,
    0x1, 0xf0,

    /* U+0460 "Ѡ" */
    0x9f, 0x0, 0x9b, 0xc8, 0x2, 0xea, 0x10, 0x10,
    0x1, 0x83, 0x0, 0x42, 0x7c, 0x4, 0x0, 0x60,
    0x20, 0xd, 0xca, 0xa, 0x0, 0x60, 0xf0, 0x1,
    0x81, 0x18, 0xe0, 0x3, 0x81, 0x0, 0xc, 0xe,
    0xe, 0x80, 0x28, 0x82, 0x20, 0x60, 0x90, 0x68,
    0x9b, 0x8d, 0x2, 0x83, 0xb8, 0x0, 0x83, 0x5a,
    0xe2, 0xb2, 0x83, 0x40, 0x14, 0xb2, 0x68, 0x48,
    0xd1, 0x98, 0x2, 0x71, 0x12, 0x1, 0xa8, 0xc0,
    0x0,

    /* U+0461 "ѡ" */
    0xbc, 0x0, 0x1f, 0xa0, 0x1, 0xfc, 0x8, 0x80,
    0x2, 0x2, 0x0, 0x70, 0x87, 0x8, 0x80, 0x43,
    0x80, 0x4, 0xa0, 0xa0, 0x80, 0x20, 0x80, 0x4,
    0xc0, 0x22, 0x60, 0x48, 0x98, 0xa0, 0x20, 0x1,
    0x5c, 0x5e, 0x81, 0xf4, 0xcc, 0x0, 0x91, 0xd3,
    0x46, 0xa6, 0x90, 0x8, 0x5c, 0xe0, 0x2c, 0xcc,
    0xa0, 0x0,

    /* U+0462 "Ѣ" */
    0x0, 0x75, 0x0, 0x77, 0x78, 0xaf, 0xf9, 0x80,
    0x1b, 0x82, 0x99, 0x87, 0x0, 0x19, 0x80, 0x48,
    0xc4, 0x3, 0x97, 0xbf, 0x58, 0x3, 0x25, 0xd3,
    0xca, 0x80, 0x42, 0x8b, 0x43, 0xe0, 0x1f, 0xfc,
    0x6, 0x56, 0xb1, 0xe0, 0x8, 0xea, 0x5a, 0x50,

    /* U+0463 "ѣ" */
    0x2, 0x81, 0x0, 0xf3, 0x39, 0x0, 0x77, 0x58,
    0x67, 0xd0, 0x5, 0x92, 0x13, 0x90, 0x1, 0x11,
    0x1, 0x4c, 0x80, 0x3d, 0x9f, 0xec, 0x50, 0xd,
    0x39, 0x86, 0xa1, 0x0, 0x94, 0xcd, 0x20, 0xa0,
    0x12, 0x99, 0xa4, 0x14, 0x2, 0x9c, 0xc3, 0x58,
    0x80,

    /* U+0464 "Ѥ" */
    0xad, 0x0, 0x86, 0x37, 0xfb, 0x10, 0x3, 0xf,
    0xb5, 0xdc, 0xac, 0x1, 0xac, 0x3d, 0x91, 0x64,
    0x80, 0x2, 0x25, 0x40, 0x11, 0x80, 0x22, 0xee,
    0x2, 0xf7, 0x61, 0x0, 0xd, 0xd0, 0x2d, 0xde,
    0x10, 0x1, 0xa2, 0x80, 0xa2, 0x60, 0xf, 0x2a,
    0x18, 0x7, 0xf5, 0x8e, 0x4b, 0x32, 0x48, 0x3,
    0xf, 0xb3, 0xcc, 0x11, 0x80,

    /* U+0465 "ѥ" */
    0xda, 0x0, 0x1d, 0xf7, 0xe8, 0x6, 0x1d, 0xd,
    0xc9, 0x0, 0xcc, 0x34, 0x66, 0x40, 0x2, 0xfc,
    0x7, 0x7f, 0x94, 0x0, 0x98, 0xa1, 0x99, 0x20,
    0x0, 0x4f, 0xc0, 0x6, 0x61, 0x0, 0xca, 0x5c,
    0xaa, 0x90, 0xe, 0xf6, 0xaa, 0x28, 0x0,

    /* U+0466 "Ѧ" */
    0x0, 0x8b, 0xf8, 0x3, 0xea, 0x50, 0x40, 0xf,
    0x37, 0xbf, 0x80, 0x72, 0x82, 0x52, 0x8, 0x6,
    0x91, 0xec, 0x9, 0x0, 0x88, 0xe8, 0x95, 0xd8,
    0x2, 0xb2, 0x51, 0x39, 0x15, 0x0, 0x35, 0x0,
    0x42, 0x9c, 0xc, 0xc, 0x1, 0xb9, 0xa, 0x90,
    0x40, 0x32, 0x8d, 0x0,

    /* U+0467 "ѧ" */
    0x0, 0xbb, 0xcc, 0x3, 0x94, 0x4e, 0x40, 0x3a,
    0x52, 0xd4, 0x40, 0x22, 0x3d, 0x60, 0x60, 0xa,
    0xc2, 0x78, 0x28, 0x2, 0x75, 0x62, 0x82, 0x30,
    0x51, 0x91, 0x13, 0x8c, 0x84, 0xa1, 0x80, 0x52,
    0xa2,

    /* U+0468 "Ѩ" */
    0xad, 0x0, 0xd3, 0xee, 0x1, 0xfc, 0x2c, 0xca,
    0x0, 0xfe, 0x62, 0x92, 0x40, 0xe, 0x11, 0xa9,
    0x45, 0x78, 0x3, 0x17, 0x74, 0x4f, 0xca, 0xa1,
    0x0, 0x86, 0xec, 0x65, 0x1, 0x42, 0xc0, 0x11,
    0xa2, 0x9d, 0xa0, 0x23, 0x48, 0x7, 0x30, 0x38,
    0x5, 0x42, 0x80, 0x1a, 0x94, 0x40, 0x22, 0x3f,
    0x0, 0x8c, 0xb8, 0x3, 0xa9, 0x4,

    /* U+0469 "ѩ" */
    0xd8, 0x0, 0xb7, 0xd4, 0x3, 0xe4, 0x27, 0x90,
    0xf, 0xbd, 0xa4, 0xc8, 0x2, 0x7f, 0xf2, 0x37,
    0x5, 0x80, 0x4b, 0x8a, 0x4e, 0x12, 0xe0, 0x11,
    0x1a, 0x2f, 0xb, 0xa, 0x80, 0x48, 0x34, 0x1,
    0x2c, 0x80, 0x5c, 0x44, 0x0, 0xb8, 0xc8,

    /* U+046A "Ѫ" */
    0xd, 0xff, 0xf9, 0x80, 0x14, 0xf, 0x33, 0x10,
    0xb8, 0x1, 0xd5, 0x4e, 0xc0, 0x58, 0x20, 0x15,
    0xd, 0x24, 0xd9, 0x0, 0x63, 0x74, 0xb1, 0x30,
    0xc, 0x78, 0x8, 0xd, 0x14, 0x1, 0x49, 0x5e,
    0x4, 0x52, 0x90, 0x1, 0x54, 0x1, 0x94, 0x28,
    0x14, 0x2c, 0x3, 0x95, 0x41, 0xe2, 0x60, 0x1d,
    0xe4, 0x40,

    /* U+046B "ѫ" */
    0x1f, 0xff, 0x80, 0x60, 0x2f, 0x28, 0x28, 0x0,
    0xeb, 0x5, 0xe, 0xa0, 0x16, 0x9f, 0x17, 0x0,
    0x51, 0x2c, 0xf, 0x2c, 0x0, 0x78, 0xa0, 0x97,
    0xb0, 0x60, 0x60, 0xa, 0x88, 0xf5, 0x40, 0x31,
    0x1d, 0x0,

    /* U+046C "Ѭ" */
    0xad, 0x3, 0xff, 0xfc, 0x20, 0x18, 0xd0, 0x26,
    0x68, 0x5, 0x10, 0xe, 0xb3, 0xc6, 0x65, 0xa5,
    0x0, 0x61, 0x1b, 0x92, 0x68, 0x2c, 0x3, 0x17,
    0x75, 0xa2, 0xca, 0x52, 0x1, 0x86, 0xec, 0x81,
    0x24, 0x70, 0xce, 0x1, 0x1a, 0x2a, 0x43, 0x3,
    0xb3, 0x24, 0x3, 0x90, 0x14, 0x3, 0x50, 0xa0,
    0x6, 0xf2, 0x20, 0x6, 0x31, 0xc0, 0xc, 0xa8,
    0x1, 0xe4, 0x50,

    /* U+046D "ѭ" */
    0xd8, 0xe, 0xff, 0xf0, 0x80, 0x54, 0x13, 0x96,
    0x10, 0x20, 0x12, 0x54, 0x3c, 0xbb, 0x80, 0xf,
    0xfe, 0xa1, 0xb2, 0x20, 0x80, 0x1b, 0x54, 0x68,
    0x25, 0xac, 0x0, 0x24, 0x92, 0x80, 0x50, 0xa2,
    0x0, 0x41, 0x60, 0x9, 0x5, 0xc0, 0x1a, 0x62,
    0x1, 0x93, 0x40,

    /* U+046E "Ѯ" */
    0x4, 0xd2, 0x1c, 0xb0, 0x2, 0x57, 0xe5, 0xd8,
    0x0, 0xb8, 0x44, 0xc2, 0x4, 0xa0, 0x87, 0x5d,
    0x14, 0xdb, 0x78, 0xd0, 0x70, 0x20, 0x8, 0x40,
    0xc0, 0x21, 0x4e, 0x35, 0x4, 0xfe, 0xb6, 0xd0,
    0x2, 0x65, 0xcb, 0x79, 0x0, 0xd, 0x1b, 0x6,
    0xc0, 0x3f, 0xc4, 0x8b, 0x61, 0x43, 0xba, 0xba,
    0x7b, 0x39, 0x2c, 0xff, 0x62, 0x0, 0x42, 0x1,
    0xd4, 0x3b, 0xff, 0x80, 0xbb, 0x33, 0x50, 0x0,

    /* U+046F "ѯ" */
    0xc, 0x80, 0x8e, 0x30, 0xe7, 0xc5, 0xf3, 0x36,
    0x81, 0x94, 0x1, 0xdf, 0xfa, 0x98, 0xc1, 0x0,
    0x6, 0x4, 0x0, 0xff, 0x4d, 0x8, 0x3, 0x71,
    0xa8, 0xc0, 0x4, 0x72, 0x8, 0x0, 0x24, 0x90,
    0x35, 0xfd, 0xb4, 0x94, 0xe4, 0xff, 0x6b, 0x6,
    0x27, 0xfe, 0x17, 0xec, 0xca, 0xc4,

    /* U+0470 "Ѱ" */
    0xcb, 0x0, 0x6c, 0x80, 0x3d, 0xc0, 0x3f, 0xf9,
    0xe, 0xe0, 0xf, 0x84, 0x88, 0x1, 0xc6, 0x5,
    0x43, 0x24, 0x0, 0x3f, 0x24, 0x3a, 0x7d, 0x26,
    0xc1, 0xe0, 0x2, 0xf6, 0x8a, 0xee, 0x8c, 0x3,
    0x11, 0x98, 0x80, 0x3f, 0xf8, 0x20,

    /* U+0471 "ѱ" */
    0x0, 0x8a, 0x4, 0x3, 0xce, 0xe3, 0x0, 0xff,
    0xe4, 0xfc, 0x0, 0x77, 0xc0, 0x7, 0xc6, 0x40,
    0x1f, 0x33, 0x0, 0x3e, 0x31, 0x10, 0x7, 0x8c,
    0x8, 0xc0, 0x39, 0x1e, 0x92, 0x74, 0x17, 0x6,
    0x5a, 0x51, 0xc2, 0x3, 0xc, 0x1b, 0x68, 0x37,
    0xc, 0x3, 0xff, 0x8e,

    /* U+0472 "Ѳ" */
    0x0, 0x14, 0xf7, 0xf4, 0x88, 0x4, 0x58, 0xf3,
    0x52, 0xfe, 0x20, 0x9, 0xf, 0x75, 0x7f, 0xb,
    0x0, 0x23, 0x8, 0x4, 0x2e, 0xa0, 0x40, 0xff,
    0xfc, 0xc0, 0x20, 0x6, 0xcc, 0xe6, 0x0, 0x10,
    0x19, 0xfc, 0x2, 0x8, 0xa4, 0x1, 0x12, 0xa8,
    0x1, 0x23, 0x90, 0xb1, 0xa3, 0x60, 0x2, 0xc4,
    0x6a, 0x66, 0x78, 0x80,

    /* U+0473 "ѳ" */
    0x0, 0x4f, 0x7e, 0x18, 0x2, 0x5e, 0x29, 0xb0,
    0x81, 0xa1, 0x96, 0x8a, 0xcc, 0x27, 0xfe, 0x25,
    0x0, 0x46, 0x64, 0x4e, 0x41, 0xe6, 0x62, 0x28,
    0x59, 0xdc, 0xb4, 0x16, 0x12, 0xf3, 0x4f, 0x64,

    /* U+0474 "Ѵ" */
    0xdb, 0x0, 0xeb, 0xf7, 0xa4, 0x10, 0x9, 0x92,
    0x95, 0x81, 0xc0, 0x2a, 0x45, 0x21, 0x3a, 0x0,
    0x11, 0xf0, 0x5, 0x46, 0x20, 0xa0, 0x80, 0x13,
    0x83, 0x5, 0xa0, 0x80, 0x42, 0x96, 0x27, 0xa0,
    0x1d, 0xc6, 0xc0, 0xe0, 0x1c, 0xa1, 0x28, 0x20,
    0x1e, 0x51, 0xd0, 0xc,

    /* U+0475 "ѵ" */
    0xdb, 0x0, 0x8f, 0x6e, 0x90, 0x40, 0x10, 0x30,
    0xc0, 0x80, 0x29, 0x26, 0x27, 0xc0, 0x80, 0x80,
    0xa, 0x40, 0xf4, 0x10, 0x3, 0x82, 0xab, 0x40,
    0x21, 0x49, 0x7, 0x0, 0xdc, 0x66, 0x10, 0x0,

    /* U+0476 "Ѷ" */
    0x9, 0xe2, 0xf7, 0x0, 0xe9, 0x25, 0xb9, 0x10,
    0xe, 0xc3, 0x4d, 0x30, 0xf, 0x20, 0x19, 0x0,
    0x5b, 0x60, 0x1d, 0x7e, 0xf4, 0x82, 0x1, 0x32,
    0x52, 0xb0, 0x38, 0x5, 0x48, 0xa4, 0x27, 0x40,
    0x2, 0x3e, 0x0, 0xa8, 0xc4, 0x14, 0x10, 0x2,
    0x70, 0x60, 0xb4, 0x10, 0x8, 0x52, 0xc4, 0xf4,
    0x3, 0xb8, 0xd8, 0x1c, 0x3, 0x94, 0x25, 0x4,
    0x3, 0xca, 0x3a, 0x1, 0x80,

    /* U+0477 "ѷ" */
    0x4f, 0x4b, 0xc0, 0x9, 0x22, 0x14, 0x2a, 0x1,
    0x3c, 0xe, 0x30, 0x3, 0x6d, 0x0, 0x43, 0x6e,
    0x90, 0x40, 0x10, 0x30, 0xc0, 0x80, 0x29, 0x26,
    0x27, 0xc0, 0x80, 0x80, 0xa, 0x40, 0xf4, 0x10,
    0x3, 0x82, 0xab, 0x40, 0x21, 0x49, 0x7, 0x0,
    0xdc, 0x66, 0x10, 0x0,

    /* U+0478 "Ѹ" */
    0x0, 0x1d, 0xf7, 0xe3, 0x0, 0x7f, 0xc7, 0x8d,
    0x32, 0x79, 0x70, 0xf, 0xf4, 0xe, 0x3b, 0x5a,
    0xc0, 0xde, 0x80, 0x49, 0xe6, 0x8, 0xe2, 0x1,
    0x70, 0x27, 0x11, 0x80, 0x38, 0x8c, 0x43, 0x80,
    0x33, 0x1, 0x28, 0xd8, 0x1, 0x54, 0x1, 0xff,
    0xc0, 0x76, 0x4, 0xa, 0x1, 0xe, 0x0, 0xcc,
    0x4, 0x16, 0x29, 0xa6, 0x40, 0x4, 0x71, 0x0,
    0xb8, 0x10, 0x8, 0xf5, 0xe8, 0x2, 0x81, 0xc7,
    0x6b, 0x58, 0x10, 0x5, 0x30, 0xb0, 0x4, 0x78,
    0xd3, 0x27, 0x97, 0x0, 0x98, 0x14, 0x3, 0x8e,
    0xfb, 0xf1, 0x80, 0x31, 0x87, 0x0, 0x7f, 0xf0,
    0x4d, 0x78, 0xd0, 0x3, 0xff, 0x83, 0x34, 0xda,
    0x1, 0x80,

    /* U+0479 "ѹ" */
    0x0, 0x47, 0x7e, 0x18, 0x47, 0x88, 0x0, 0x7d,
    0xc2, 0x5e, 0x69, 0xf0, 0xa8, 0x1c, 0x0, 0xe0,
    0xc0, 0xce, 0xe5, 0xb0, 0xb2, 0x3d, 0x0, 0x52,
    0x9, 0x86, 0x80, 0x46, 0xa1, 0x28, 0x22, 0x3e,
    0x0, 0xff, 0x28, 0x33, 0x82, 0x81, 0x86, 0x80,
    0x46, 0xa0, 0x6, 0xbd, 0x60, 0x9, 0x9d, 0xc9,
    0x61, 0x60, 0xa, 0x34, 0xa0, 0xa, 0x5e, 0x6d,
    0xec, 0x80, 0x6, 0x44, 0x30, 0xd, 0x1d, 0xf8,
    0x80, 0x10, 0x9d, 0x0, 0x7f, 0xc4, 0x94, 0xc,
    0x1, 0xff, 0x2d, 0xb6, 0x88, 0x4,

    /* U+047A "Ѻ" */
    0x0, 0xc7, 0xd2, 0x1, 0xe4, 0xdc, 0x16, 0xf8,
    0x0, 0x8a, 0xc2, 0x92, 0x1d, 0xd4, 0x0, 0x80,
    0xc5, 0xb7, 0x87, 0x53, 0x5, 0x50, 0x80, 0x69,
    0xb, 0x10, 0xd0, 0xe, 0x10, 0x23, 0x0, 0xff,
    0x10, 0x68, 0x7, 0x8, 0x10, 0x22, 0x88, 0x6,
    0x90, 0xb0, 0x90, 0xc5, 0xb7, 0x87, 0x53, 0x2,
    0xc0, 0xa4, 0x87, 0x75, 0x0, 0x47, 0xba, 0x16,
    0xf8, 0x0, 0x0,

    /* U+047B "ѻ" */
    0x0, 0xce, 0x40, 0x1c, 0xb9, 0x18, 0xe0, 0x13,
    0x52, 0x8a, 0x4d, 0x80, 0x21, 0xa7, 0xaa, 0x88,
    0x82, 0x1c, 0x0, 0x90, 0x30, 0x40, 0x40, 0x3c,
    0x40, 0x60, 0x11, 0x7, 0xa, 0xc9, 0x41, 0xc0,
    0x38, 0x5a, 0xeb, 0xe2, 0x60, 0x80, 0xde, 0xc,
    0x71, 0x80,

    /* U+047C "Ѽ" */
    0x0, 0xc3, 0x9d, 0xfd, 0xc0, 0xf, 0xc3, 0xac,
    0x59, 0xe0, 0x1f, 0xc3, 0x84, 0x41, 0x0, 0xff,
    0xa, 0x0, 0x7f, 0xf0, 0x6, 0xc0, 0x3f, 0x26,
    0xfe, 0x38, 0x47, 0x7d, 0x8, 0x1, 0x2d, 0xa9,
    0x4, 0x3e, 0x25, 0x30, 0x1, 0x5, 0x6b, 0x4,
    0xe, 0xcc, 0xa2, 0x50, 0x35, 0x0, 0xfc, 0x83,
    0xe4, 0x1c, 0x1, 0xfc, 0x42, 0x60, 0x1c, 0xb6,
    0x1, 0xe1, 0xf, 0x0, 0x89, 0x0, 0x31, 0x90,
    0x23, 0x8, 0x7, 0xcc, 0x18, 0x10, 0x18, 0xee,
    0x90, 0xa6, 0x99, 0x1a, 0x81, 0xe0, 0xc4, 0xbe,
    0xc, 0xbb, 0x68, 0x0,

    /* U+047D "ѽ" */
    0x0, 0xd3, 0xd6, 0x80, 0x1f, 0x85, 0xa8, 0xe7,
    0xc0, 0x3e, 0x1e, 0x36, 0xdf, 0x0, 0xfc, 0x28,
    0x40, 0x1f, 0xfc, 0xc, 0x0, 0xfd, 0x5f, 0xce,
    0xf, 0xdc, 0x80, 0xa, 0x96, 0x61, 0x41, 0x2d,
    0x9d, 0x80, 0xa, 0xec, 0xc1, 0x3, 0x58, 0x4b,
    0x2, 0xd, 0x0, 0x88, 0x2, 0x32, 0x0, 0xf2,
    0xe9, 0x0, 0x71, 0x6, 0x0, 0x7c, 0x84, 0x0,
    0x56, 0x75, 0x80, 0x95, 0x93, 0xb0, 0x5, 0x34,
    0xd2, 0x70, 0x53, 0xb9, 0x80,

    /* U+047E "Ѿ" */
    0x0, 0x8b, 0xb7, 0xb7, 0x90, 0x3, 0xc5, 0x7b,
    0x7b, 0x68, 0x1, 0xf2, 0x82, 0x82, 0x80, 0x69,
    0xf0, 0x9, 0xbc, 0x80, 0x2e, 0xa1, 0x1, 0x0,
    0x18, 0x30, 0x4, 0x27, 0xc0, 0x40, 0x6, 0x2,
    0x0, 0xdc, 0xa0, 0xa0, 0x6, 0xf, 0x0, 0x18,
    0x11, 0x8e, 0x0, 0x38, 0x10, 0x0, 0xc0, 0xe0,
    0xe8, 0x2, 0x88, 0x22, 0x6, 0x9, 0x6, 0x89,
    0xb8, 0xd0, 0x28, 0x3b, 0x80, 0x8, 0x35, 0xae,
    0x2b, 0x28, 0x34, 0x1, 0x4b, 0x26, 0x84, 0x8d,
    0x19, 0x80, 0x27, 0x11, 0x20, 0x1a, 0x8c, 0x0,
    0x0,

    /* U+047F "ѿ" */
    0x0, 0x17, 0xef, 0xef, 0xa0, 0x7, 0x15, 0xed,
    0x6d, 0xa0, 0x5, 0x78, 0x8, 0x74, 0x88, 0x7,
    0xf0, 0x22, 0x0, 0x8, 0x8, 0x1, 0xc2, 0x1c,
    0x22, 0x1, 0xe, 0x0, 0x12, 0x82, 0x82, 0x0,
    0x82, 0x0, 0x13, 0x0, 0x89, 0x81, 0x22, 0x62,
    0x80, 0x80, 0x5, 0x71, 0x7a, 0x7, 0xd3, 0x30,
    0x2, 0x47, 0x4d, 0x1a, 0x9a, 0x40, 0x21, 0x73,
    0x80, 0xb3, 0x32, 0x80, 0x0,

    /* U+0480 "Ҁ" */
    0x0, 0xa3, 0x7f, 0xb1, 0x0, 0x75, 0xdd, 0x32,
    0x70, 0x4, 0x15, 0xd3, 0x3d, 0xa0, 0x32, 0x20,
    0x3, 0x84, 0x30, 0x3, 0xc6, 0x1, 0xf8, 0x83,
    0x40, 0x3e, 0x55, 0x10, 0x7, 0xa0, 0x76, 0x59,
    0x84, 0x0, 0x2f, 0x67, 0x99, 0x30, 0x4, 0x33,
    0xd6, 0x1, 0xff, 0xc9,

    /* U+0481 "ҁ" */
    0x0, 0x47, 0x7e, 0xa0, 0x53, 0xb5, 0x2b, 0xa,
    0xbc, 0x2c, 0x11, 0x3, 0x0, 0x3f, 0xe2, 0xc,
    0x0, 0xc2, 0x8e, 0xe4, 0x50, 0x5, 0xbd, 0x5c,
    0x0, 0x51, 0xaa, 0x1, 0xff, 0xc4,

    /* U+0482 "҂" */
    0x0, 0xff, 0xe0, 0x96, 0x80, 0x47, 0x87, 0x14,
    0x1, 0x1c, 0xea, 0xb0, 0x6, 0x52, 0x4f, 0x50,
    0x80, 0x50, 0xbc, 0x10, 0x1e, 0xbf, 0x2, 0x40,
    0x96, 0x18, 0x20, 0x8, 0x5b, 0x75, 0x0, 0x12,
    0x31, 0x35, 0x0, 0x4b, 0x0, 0x1c,

    /* U+0483 "҃" */
    0x0, 0xc8, 0x85, 0xed, 0xd5, 0x63, 0xc6, 0xeb,
    0xa0,

    /* U+0484 "҄" */
    0x1, 0x7c, 0xe4, 0x6e, 0xc9, 0x97, 0xb7, 0xda,
    0xbd, 0x0,

    /* U+0485 "҅" */
    0x9b, 0x3d, 0xa1,

    /* U+0486 "҆" */
    0x8c, 0xb1, 0x5c,

    /* U+0487 "҇" */
    0x3d, 0xd4, 0x8, 0x53, 0xc9, 0x74, 0x42, 0x92,
    0xbe, 0x0,

    /* U+0488 "҈" */
    0x0, 0xf2, 0xf6, 0x98, 0x7, 0xff, 0x7, 0xb1,
    0xc0, 0x3e, 0x1c, 0xe5, 0x5, 0x1, 0x40, 0x7e,
    0xb0, 0x9, 0x7b, 0x84, 0x1, 0xf7, 0x79, 0x80,
    0x10, 0x81, 0xc0, 0x3c, 0xe0, 0x86, 0x1, 0xff,
    0xc5, 0x6e, 0xb0, 0xf, 0xe1, 0xce, 0x5f, 0xee,
    0x28, 0x7, 0xe4, 0x8e, 0xc9, 0x5, 0x50, 0x7,
    0xe5, 0x40, 0x90, 0xf, 0xfe, 0xa9, 0x67, 0x30,
    0x7, 0xa3, 0xac, 0x2, 0x1e, 0xe1, 0x80, 0x7b,
    0x7a, 0x8, 0x0, 0x64, 0xa, 0xb, 0xda, 0x60,
    0xa0, 0x64, 0x1, 0xf0, 0xf6, 0x38, 0x7, 0x80,

    /* U+0489 "҉" */
    0x0, 0xf8, 0x70, 0x3, 0xff, 0x84, 0xca, 0x1,
    0xfc, 0x72, 0x1, 0x5f, 0x80, 0x63, 0x0, 0xc6,
    0xe6, 0x0, 0xc6, 0x0, 0x3f, 0x50, 0x7, 0x4d,
    0x0, 0x7b, 0xaa, 0x40, 0x39, 0xe4, 0x3, 0xd2,
    0x80, 0x1f, 0xfc, 0x79, 0xa7, 0x10, 0xf, 0xc5,
    0x6c, 0x13, 0x96, 0x60, 0x1f, 0x8f, 0x31, 0x20,
    0xd8, 0x40, 0x1f, 0x85, 0xea, 0x40, 0x3f, 0xf9,
    0x8, 0x1, 0xe6, 0x40, 0xe, 0x3d, 0x80, 0xf,
    0xc, 0x0, 0x75, 0x4e, 0x0, 0x1b, 0x0, 0xe,
    0x4, 0x1, 0xa5, 0x0, 0x2f, 0xb0, 0xb, 0x88,
    0x3, 0xf9, 0x58, 0x2, 0x20, 0x8,

    /* U+048A "Ҋ" */
    0x2, 0x80, 0xa, 0x8, 0x3, 0x1b, 0xb0, 0x3b,
    0x8c, 0x3, 0xc, 0xc7, 0xd5, 0x4, 0x3, 0x9b,
    0xbf, 0x54, 0x3, 0x55, 0x80, 0x66, 0xfa, 0x0,
    0xf8, 0x64, 0x3, 0xfa, 0x85, 0x0, 0x3e, 0x54,
    0xa0, 0xf, 0x86, 0xd5, 0x0, 0x3e, 0x80, 0xb0,
    0xf, 0x91, 0xac, 0x40, 0x3c, 0x32, 0x8a, 0x1,
    0xf2, 0x9d, 0x0, 0x61, 0x30, 0xa, 0x4, 0x3,
    0x26, 0xd, 0x7b, 0x0, 0x6b, 0x72, 0x10, 0xf,
    0xcc, 0x80, 0x1f, 0x90, 0x70, 0x0,

    /* U+048B "ҋ" */
    0xe, 0x80, 0x2f, 0x70, 0xa, 0xd7, 0xf1, 0x9c,
    0x2, 0x5d, 0xfe, 0x90, 0xb, 0x64, 0x2, 0xef,
    0x20, 0xe, 0x81, 0x0, 0xf1, 0x3b, 0x80, 0x3d,
    0x29, 0x80, 0x1c, 0x88, 0x90, 0xe, 0x19, 0x82,
    0x0, 0xe6, 0x7, 0x0, 0xf0, 0xc8, 0x6, 0xd8,
    0xdf, 0x40, 0x2, 0x78, 0x60, 0x7, 0x90, 0x14,
    0x3, 0xda, 0x42,

    /* U+048C "Ҍ" */
    0xb, 0xd1, 0x10, 0x6, 0xa4, 0x2e, 0xe0, 0x80,
    0x50, 0x63, 0x76, 0x10, 0x8, 0x98, 0xd5, 0x0,
    0x3c, 0x5d, 0xfd, 0x0, 0x18, 0x6e, 0x99, 0xe4,
    0x2, 0x34, 0x58, 0x56, 0x0, 0xfc, 0x20, 0x11,
    0xaa, 0xa5, 0x58, 0x2, 0x1a, 0xa2, 0x3c, 0x0,

    /* U+048D "ҍ" */
    0xd, 0xa0, 0xf, 0xfe, 0xe, 0x92, 0xfe, 0x80,
    0x5e, 0x49, 0xb8, 0x1, 0x10, 0x9, 0x8, 0x7,
    0xff, 0x5, 0x7f, 0xdd, 0x20, 0x12, 0x66, 0x21,
    0xa0, 0x0, 0x26, 0x66, 0x32, 0x0, 0x9, 0x11,
    0x8f, 0x40, 0x9, 0xba, 0x87, 0x70,

    /* U+048E "Ҏ" */
    0xaf, 0xfb, 0x60, 0x0, 0x35, 0x2e, 0xe8, 0x3,
    0x56, 0xa3, 0x50, 0x9, 0x5, 0xcc, 0x0, 0x3d,
    0xa8, 0xe0, 0x5c, 0xa6, 0x69, 0x1, 0xbc, 0xb2,
    0x10, 0x34, 0x34, 0xf1, 0x0, 0xe1, 0x0, 0xfc,

    /* U+048F "ҏ" */
    0xd8, 0x9f, 0xe7, 0x0, 0x3f, 0x6c, 0xc2, 0x81,
    0x39, 0x39, 0xc8, 0x38, 0x4, 0xa4, 0x2, 0x1,
    0x18, 0x1, 0x41, 0xe5, 0xc8, 0x6, 0x81, 0x8a,
    0x41, 0x4e, 0x4, 0x10, 0x1, 0x3f, 0xce, 0x40,
    0x1d, 0x6, 0x1, 0xf0,

    /* U+0490 "Ґ" */
    0x0, 0xe8, 0x20, 0xc, 0x2e, 0xe0, 0xf, 0xaf,
    0xfe, 0xe0, 0x8, 0x66, 0x72, 0x1, 0xb3, 0x61,
    0x0, 0xff, 0xf2, 0x80,

    /* U+0491 "ґ" */
    0x0, 0x97, 0xc0, 0x3e, 0xdf, 0xf5, 0x0, 0x49,
    0x99, 0x0, 0x4, 0xce, 0x0, 0xff, 0xe9, 0x80,

    /* U+0492 "Ғ" */
    0xa, 0xff, 0xe3, 0x0, 0xd, 0x56, 0x20, 0x1,
    0xaa, 0xe1, 0x1, 0x1, 0x10, 0x5, 0x48, 0x5d,
    0xcb, 0x0, 0x41, 0x8d, 0xda, 0x40, 0x4, 0xc6,
    0x88, 0x20, 0xf, 0xfe, 0x70,

    /* U+0493 "ғ" */
    0xe, 0xff, 0xc0, 0x4, 0xbb, 0x80, 0x4, 0x89,
    0x0, 0x7b, 0x85, 0xbf, 0x83, 0x5, 0x73, 0x0,
    0x40, 0x66, 0x20, 0xf, 0x80,

    /* U+0494 "Ҕ" */
    0xaf, 0xfe, 0x40, 0x0, 0xd5, 0x65, 0x0, 0x1a,
    0xae, 0x10, 0xc, 0x20, 0x1c, 0x5f, 0xdf, 0x42,
    0x0, 0x1a, 0xa3, 0xaf, 0x88, 0x1a, 0xaa, 0x2c,
    0x64, 0x3, 0x90, 0xd0, 0x3, 0xce, 0x20, 0x1e,
    0x71, 0xad, 0x0, 0x88, 0xd0, 0x0, 0xed, 0x18,
    0x12, 0x0, 0xd9, 0x75, 0xd1,

    /* U+0495 "ҕ" */
    0xdf, 0xfc, 0x20, 0x4, 0xbb, 0x84, 0x0, 0x2a,
    0x88, 0x0, 0x97, 0xbe, 0x44, 0x0, 0x76, 0xed,
    0x40, 0x6, 0x48, 0x82, 0x10, 0x6, 0x40, 0x60,
    0xf, 0xb6, 0x80, 0xa, 0xc, 0x8, 0xcc, 0x84,
    0x20, 0x18, 0x94, 0xa0,

    /* U+0496 "Җ" */
    0x7f, 0x30, 0x4, 0x70, 0x5, 0xb8, 0xe, 0xbc,
    0x20, 0x1d, 0x27, 0xa0, 0xa, 0xa, 0x0, 0xca,
    0xda, 0x20, 0x17, 0xa3, 0x80, 0xa, 0xa4, 0xc0,
    0x31, 0x4c, 0x20, 0x7a, 0xb0, 0x7, 0xb0, 0x58,
    0x1d, 0x4, 0x3, 0x95, 0x54, 0x41, 0x61, 0x40,
    0x18, 0xa9, 0xd0, 0x0, 0x3a, 0x8e, 0x1, 0x79,
    0xc0, 0x6, 0x38, 0x83, 0xac, 0x9e, 0x80, 0x79,
    0xd2, 0x2e, 0x78, 0x40, 0x11, 0xc0, 0x15, 0xb8,
    0x7, 0xff, 0x3c,

    /* U+0497 "җ" */
    0x5f, 0x40, 0x3f, 0x30, 0x3f, 0x50, 0x56, 0xa1,
    0x0, 0x87, 0x59, 0x40, 0x12, 0x5a, 0x1, 0x51,
    0x48, 0x6, 0xd2, 0x80, 0x85, 0xd0, 0xe, 0x21,
    0x20, 0x21, 0x50, 0xc, 0x3a, 0xd4, 0x14, 0xd4,
    0x20, 0x16, 0x94, 0x80, 0x52, 0x5a, 0x63, 0x25,
    0xc0, 0x1d, 0xa5, 0x93, 0x2e, 0x20, 0x3f, 0x30,
    0x1e, 0x10, 0xf, 0xfe, 0x5c, 0xe0,

    /* U+0498 "Ҙ" */
    0x2a, 0xef, 0xea, 0x10, 0x30, 0x9a, 0x95, 0xc0,
    0x1a, 0x75, 0x77, 0x10, 0x6, 0x14, 0x65, 0x0,
    0x1f, 0xf5, 0xa5, 0x0, 0xf, 0x2e, 0x53, 0x0,
    0x23, 0x46, 0xb3, 0x40, 0xf, 0xcb, 0x2c, 0xaf,
    0x64, 0x82, 0xb3, 0x52, 0xf8, 0x9, 0x9f, 0x29,
    0x22, 0x1, 0x91, 0x44, 0x3, 0x1e, 0xa0, 0x80,
    0x0,

    /* U+0499 "ҙ" */
    0x3c, 0xef, 0xc4, 0x2, 0xba, 0xb7, 0xb0, 0x17,
    0x44, 0x10, 0x80, 0x1b, 0xfc, 0xfa, 0x0, 0x7d,
    0xc5, 0xd1, 0x1, 0x23, 0xf1, 0x55, 0x32, 0x23,
    0xc1, 0x42, 0xee, 0x6b, 0x15, 0xde, 0x2f, 0x40,
    0x8, 0x5e, 0x80, 0x36, 0x25, 0x80, 0x0,

    /* U+049A "Қ" */
    0xad, 0x0, 0x9b, 0xd0, 0x3, 0x92, 0x64, 0x80,
    0x18, 0xed, 0xd8, 0x3, 0xe, 0xac, 0x0, 0x63,
    0xc2, 0xa0, 0xe, 0x37, 0x32, 0x0, 0xf5, 0x1e,
    0x8, 0x7, 0xb4, 0x34, 0x3, 0xc3, 0xa7, 0x6c,
    0x60, 0x18, 0xe9, 0x26, 0xeb, 0x40, 0x25, 0xf0,
    0xf, 0xfe, 0x40,

    /* U+049B "қ" */
    0xda, 0x0, 0x57, 0x8, 0x6, 0x65, 0xd1, 0x0,
    0x8e, 0x64, 0x60, 0x10, 0xea, 0xb0, 0x7, 0xff,
    0x0, 0x75, 0x58, 0x3, 0x8e, 0xa4, 0xc0, 0x39,
    0x5f, 0x3c, 0x36, 0x80, 0x11, 0x20, 0x1f, 0xfc,
    0x60,

    /* U+049C "Ҝ" */
    0xbd, 0x0, 0xa3, 0xd0, 0x0, 0xb3, 0xf, 0x48,
    0x1, 0x3b, 0xa5, 0x40, 0x23, 0x17, 0x60, 0x8,
    0xe0, 0xe0, 0x3, 0x1b, 0x1a, 0x0, 0x76, 0x85,
    0x10, 0x7, 0x29, 0xf8, 0x6, 0x5b, 0xf2, 0xa0,
    0xc, 0x25, 0x4a, 0xe0,

    /* U+049D "ҝ" */
    0xda, 0x0, 0x4f, 0x8, 0x2, 0x64, 0xd4, 0x20,
    0x13, 0x42, 0x0, 0x4a, 0x8e, 0x1, 0x31, 0x90,
    0x6, 0x66, 0xc0, 0x1c, 0x72, 0xa0, 0x16, 0x73,
    0xd1, 0x80,

    /* U+049E "Ҟ" */
    0xb, 0xd1, 0x0, 0x37, 0xa5, 0xa1, 0x71, 0x12,
    0x5d, 0x24, 0xc6, 0xcb, 0x8e, 0x0, 0x98, 0xd6,
    0xf, 0x80, 0x31, 0x73, 0xb1, 0x0, 0x61, 0xb4,
    0x61, 0x0, 0xc6, 0x94, 0x16, 0x1, 0xe1, 0x95,
    0x50, 0x7, 0x98, 0xec, 0x3, 0xee, 0x19,

    /* U+049F "ҟ" */
    0x1, 0x0, 0xfb, 0x28, 0x3, 0xb4, 0x97, 0xfc,
    0x1, 0x61, 0x26, 0xe8, 0x2, 0x10, 0x12, 0x24,
    0xf0, 0x80, 0x66, 0x66, 0x88, 0x4, 0x93, 0x46,
    0x1, 0x35, 0x32, 0x80, 0x67, 0x35, 0x0, 0xe1,
    0xf2, 0x90, 0xe, 0x2a, 0x67, 0x0, 0xe4, 0x88,
    0x20,

    /* U+04A0 "Ҡ" */
    0xff, 0xb4, 0x2, 0x6f, 0x4a, 0x93, 0x0, 0x92,
    0x64, 0x8a, 0xcc, 0x0, 0x15, 0xb3, 0x0, 0x38,
    0x71, 0x24, 0x3, 0x8f, 0x4e, 0xc0, 0x3c, 0x6e,
    0x64, 0x1, 0xf5, 0x97, 0x88, 0x7, 0xda, 0x7a,
    0x1, 0xf0, 0xe9, 0xc8, 0x7, 0xc7, 0x6c, 0xe0,

    /* U+04A1 "ҡ" */
    0xdf, 0xf8, 0x0, 0x9e, 0x9d, 0x8e, 0x0, 0x2a,
    0x84, 0x33, 0x70, 0x3, 0xd1, 0xc0, 0x3a, 0xc2,
    0x80, 0x3c, 0x64, 0x40, 0xf, 0x42, 0x78, 0x80,
    0x7a, 0xc2, 0x80, 0x3e, 0xf5, 0x80,

    /* U+04A2 "Ң" */
    0xad, 0x0, 0xcd, 0xe4, 0x1, 0xff, 0xcb, 0x11,
    0xc0, 0x1c, 0x5d, 0xda, 0x40, 0x30, 0xdd, 0xe7,
    0x0, 0xc6, 0x89, 0xb8, 0x3, 0xff, 0x92, 0xe4,
    0x1, 0xfa, 0xae, 0xb4, 0x3, 0x37, 0x88, 0x7,
    0xff, 0x24,

    /* U+04A3 "ң" */
    0xda, 0x0, 0xab, 0x40, 0x3f, 0xf9, 0x2b, 0xff,
    0x28, 0x6, 0x4c, 0xc9, 0x0, 0x30, 0x99, 0xc2,
    0x1, 0xff, 0xc6, 0x2f, 0x3d, 0xa0, 0xa, 0xb0,
    0x3, 0xff, 0x90,

    /* U+04A4 "Ҥ" */
    0xad, 0x0, 0xcd, 0xff, 0x30, 0x7, 0xe8, 0x94,
    0x0, 0xfc, 0xac, 0x40, 0x1, 0x1e, 0x0, 0xe2,
    0xee, 0xd0, 0x1, 0xc3, 0x77, 0x9c, 0x3, 0x8d,
    0x13, 0x70, 0x7, 0xff, 0x64,

    /* U+04A5 "ҥ" */
    0xda, 0x0, 0xab, 0xfe, 0x40, 0xf, 0xe, 0x61,
    0x0, 0x3c, 0x67, 0x0, 0x17, 0xfe, 0x50, 0xe,
    0x4c, 0xc9, 0x0, 0x38, 0x4c, 0xe1, 0x0, 0xff,
    0xe6, 0x0,

    /* U+04A6 "Ҧ" */
    0xaf, 0xff, 0x50, 0x7, 0xc3, 0x33, 0x84, 0x3,
    0xf1, 0xb3, 0x60, 0xf, 0xfe, 0x20, 0x80, 0x7f,
    0xf0, 0x17, 0xbf, 0x9c, 0x3, 0xf8, 0xee, 0x92,
    0x24, 0x3, 0xf3, 0x22, 0xd3, 0xb1, 0x0, 0x7f,
    0xd4, 0x8, 0x1, 0xff, 0x10, 0x8, 0x7, 0xfc,
    0x40, 0x35, 0xa0, 0x1b, 0xa8, 0x2, 0xa0, 0x40,
    0xf, 0x89, 0xda, 0x9d, 0x48, 0x3, 0xf5, 0x4a,
    0x3d, 0x0,

    /* U+04A7 "ҧ" */
    0xdf, 0xfe, 0x70, 0xe, 0x4b, 0xb8, 0x3, 0xe1,
    0x44, 0x80, 0x3f, 0xf8, 0x11, 0xfa, 0x80, 0x1f,
    0x35, 0x35, 0x90, 0x7, 0xb9, 0x6c, 0x28, 0x3,
    0xf8, 0xcc, 0x1, 0xff, 0x6d, 0x0, 0x5e, 0xe0,
    0x2, 0x20, 0x7, 0x99, 0x68, 0x68, 0x3, 0xd9,
    0x49, 0x26,

    /* U+04A8 "Ҩ" */
    0x0, 0x1d, 0xf7, 0xc8, 0x7, 0x1e, 0x2c, 0xca,
    0x80, 0x3a, 0x3, 0xdd, 0x3f, 0xd8, 0x40, 0x4,
    0x61, 0xe, 0x1b, 0x29, 0x1, 0xe, 0x0, 0x1d,
    0xa4, 0xa0, 0x7, 0x8, 0x18, 0x8, 0x0, 0x43,
    0x80, 0x40, 0x83, 0xc8, 0x0, 0xac, 0x40, 0xb4,
    0x4d, 0x40, 0x8, 0x1d, 0x82, 0x26, 0x9b, 0x0,
    0xb, 0x15, 0x9c, 0x88, 0x7c, 0xa0, 0x2, 0xae,
    0xfd, 0xda, 0xd0,

    /* U+04A9 "ҩ" */
    0x0, 0x4f, 0x79, 0x80, 0x6a, 0x68, 0x87, 0x71,
    0x80, 0x56, 0x1a, 0xde, 0x24, 0x48, 0xc, 0xf,
    0xd8, 0x14, 0x3, 0x8c, 0x80, 0x4, 0x6, 0x7,
    0xa8, 0x28, 0x2d, 0xe, 0xa9, 0x2c, 0x21, 0x2f,
    0x2c, 0x84, 0xf2,

    /* U+04AA "Ҫ" */
    0x0, 0xc, 0x6f, 0xf5, 0x90, 0xe, 0x3a, 0x4c,
    0x80, 0xc2, 0xb, 0x25, 0x9e, 0xc4, 0x19, 0x4c,
    0x3, 0x84, 0x34, 0x3, 0xff, 0x86, 0x21, 0xa0,
    0x1f, 0x2a, 0x88, 0x3, 0xd0, 0x3b, 0xc, 0xc9,
    0x0, 0x16, 0x33, 0xcc, 0x10, 0x4, 0x53, 0x85,
    0xd6, 0x1, 0xc6, 0xa, 0x1, 0xef, 0x4, 0x0,
    0x0,

    /* U+04AB "ҫ" */
    0x0, 0x47, 0x7e, 0x98, 0x4b, 0xb5, 0x29, 0xb,
    0x3c, 0x2c, 0x9, 0x6, 0x80, 0x7f, 0xc4, 0x1a,
    0x1, 0x85, 0x9e, 0x16, 0xc, 0x25, 0xda, 0x94,
    0x40, 0x11, 0xa7, 0xa4, 0x1, 0x19, 0x20, 0x6,
    0xf3, 0x50,

    /* U+04AC "Ҭ" */
    0xdf, 0xff, 0x5c, 0xcc, 0x27, 0x32, 0xf4, 0x66,
    0x1b, 0xb3, 0x10, 0x3, 0xff, 0xc0, 0xe6, 0x1,
    0xe3, 0xc2, 0x0, 0xdb, 0x40, 0x1f, 0xfc, 0x70,

    /* U+04AD "ҭ" */
    0xbf, 0xfe, 0xa9, 0xb8, 0x9, 0xb8, 0x24, 0x30,
    0x54, 0x20, 0xf, 0xfe, 0xa6, 0x40, 0x4, 0x9e,
    0x40, 0x1f, 0xfc, 0x40,

    /* U+04AE "Ү" */
    0xbe, 0x0, 0xd7, 0xa1, 0x2, 0xc0, 0x3, 0x48,
    0x3, 0x58, 0x0, 0x41, 0xa8, 0x2, 0x5, 0x8d,
    0x20, 0x2, 0x26, 0xb8, 0x44, 0x0, 0x68, 0x24,
    0x80, 0xe, 0x14, 0x23, 0x0, 0xff, 0xe9, 0x0,

    /* U+04AF "ү" */
    0xcc, 0x0, 0x4d, 0xe5, 0x46, 0x40, 0xd, 0x32,
    0x70, 0xa0, 0x14, 0xa0, 0x15, 0x50, 0x30, 0x30,
    0x3, 0x88, 0xe9, 0x40, 0x24, 0x29, 0x2e, 0x0,
    0xd4, 0xa4, 0x80, 0x19, 0x81, 0x40, 0x38, 0x43,
    0xc0, 0x3f, 0xf8, 0xe0,

    /* U+04B0 "Ұ" */
    0xbe, 0x0, 0xd9, 0xa1, 0x23, 0x0, 0x5, 0x39,
    0x2, 0x77, 0x8, 0x42, 0xa0, 0x2, 0x6, 0xdc,
    0xa0, 0x3, 0x5a, 0xc4, 0x8, 0x2, 0x14, 0x21,
    0x51, 0x0, 0xb7, 0x88, 0x77, 0x80, 0x2f, 0xb3,
    0x1b, 0xb0, 0x4, 0x68, 0xe6, 0x88, 0x0, 0xff,
    0x80,

    /* U+04B1 "ұ" */
    0xcc, 0x0, 0x4d, 0xe5, 0x26, 0x40, 0xa, 0x42,
    0x51, 0xb0, 0x33, 0x70, 0x1, 0x98, 0x14, 0x2a,
    0x0, 0xa0, 0x57, 0x90, 0x8, 0x92, 0x5, 0x80,
    0x37, 0x92, 0x88, 0x5, 0xf6, 0xb, 0xea, 0x0,
    0xdc, 0x7, 0xd5, 0x0, 0x11, 0x87, 0x90, 0x7,
    0xf8,

    /* U+04B2 "Ҳ" */
    0x6f, 0x30, 0xa, 0xb8, 0x0, 0xc7, 0xc0, 0x4,
    0x5a, 0x0, 0xb8, 0x9c, 0x25, 0x50, 0x2, 0x27,
    0x89, 0x3b, 0x0, 0xe8, 0x26, 0x81, 0x0, 0xe1,
    0x20, 0xe0, 0xf, 0x51, 0x4b, 0x98, 0x6, 0x54,
    0xe6, 0x3f, 0x0, 0x86, 0xd8, 0xc3, 0x8e, 0xc,
    0x2c, 0x20, 0x0, 0x4e, 0xec, 0x1a, 0xe1, 0x0,
    0xa2, 0x40, 0x3f, 0xf9, 0x40,

    /* U+04B3 "ҳ" */
    0x5f, 0x50, 0x5, 0x70, 0xaa, 0x58, 0x22, 0xd8,
    0x84, 0x8c, 0xc9, 0x14, 0x0, 0x50, 0xc5, 0x20,
    0x18, 0x40, 0x4c, 0x2, 0x29, 0x53, 0xb0, 0xb,
    0x8a, 0xa5, 0x50, 0x1c, 0xe4, 0x11, 0xaf, 0x9f,
    0xd0, 0x1, 0x2e, 0x1, 0xff, 0xc5,

    /* U+04B4 "Ҵ" */
    0xdf, 0xff, 0x40, 0x7c, 0x80, 0x26, 0x60, 0x59,
    0x95, 0x80, 0x72, 0x33, 0x86, 0xb3, 0xc, 0x3,
    0xff, 0xfd, 0xac, 0xd8, 0x9, 0x80, 0x39, 0x66,
    0x70, 0x24, 0x80, 0x43, 0xff, 0xf4, 0x80, 0x7f,
    0xf4, 0x0,

    /* U+04B5 "ҵ" */
    0xbf, 0xfe, 0x1a, 0xd0, 0x4, 0xd9, 0x95, 0xd8,
    0x40, 0x31, 0x23, 0xa, 0x20, 0x3, 0xff, 0xba,
    0x26, 0x70, 0x81, 0x80, 0x62, 0xcc, 0x90, 0xb0,
    0x80, 0x15, 0xff, 0xd8, 0x1, 0xff, 0xc9, 0x14,
    0x0,

    /* U+04B6 "Ҷ" */
    0xf8, 0x0, 0xdf, 0x20, 0x1f, 0xfd, 0x42, 0x53,
    0x13, 0x70, 0xd, 0x25, 0x9d, 0x96, 0x1, 0x93,
    0xf3, 0x1d, 0x80, 0x1e, 0x33, 0x8, 0x7, 0xff,
    0x0, 0xcc, 0x1, 0xf9, 0x70, 0x3, 0xef, 0x80,
    0xf, 0xfe, 0x50,

    /* U+04B7 "ҷ" */
    0xf, 0x70, 0xb, 0xa4, 0x3, 0xff, 0x90, 0x38,
    0x24, 0xc2, 0x1, 0x5a, 0x76, 0xe0, 0x80, 0x4b,
    0xfb, 0xf4, 0x1, 0xe2, 0x0, 0xff, 0xe0, 0x37,
    0x80, 0x7b, 0xa0, 0x3, 0xff, 0x8c, 0x20,

    /* U+04B8 "Ҹ" */
    0xf9, 0x0, 0xdd, 0x40, 0x1f, 0xfc, 0x7a, 0x40,
    0x8, 0x9c, 0xc0, 0x94, 0x42, 0x43, 0x16, 0x60,
    0x0, 0x9d, 0xa9, 0x5a, 0x20, 0x11, 0x8, 0x80,
    0x3c, 0x6e, 0x1, 0xe9, 0x30, 0x8,

    /* U+04B9 "ҹ" */
    0xf, 0x70, 0xb, 0xe0, 0x3, 0xfe, 0x37, 0x0,
    0xec, 0x6d, 0x60, 0xa, 0x52, 0x97, 0x40, 0x26,
    0xe9, 0x6b, 0x0, 0xc2, 0x40, 0x1f, 0x24, 0x80,
    0x40,

    /* U+04BA "Һ" */
    0xbd, 0x0, 0xff, 0xe5, 0x9d, 0x77, 0xfa, 0xc4,
    0x4, 0x22, 0xe1, 0x20, 0xa, 0x99, 0x1d, 0x10,
    0x1, 0xe1, 0x30, 0xf, 0xfe, 0x60,

    /* U+04BB "һ" */
    0x10, 0xf, 0x65, 0x0, 0x7f, 0xf0, 0x4c, 0x3,
    0xc7, 0x3f, 0xd2, 0x0, 0x53, 0xa6, 0x68, 0xa,
    0x96, 0xb, 0x1, 0xc0, 0x21, 0x10, 0x7, 0xff,
    0x40,

    /* U+04BC "Ҽ" */
    0x0, 0xc9, 0x9d, 0xf8, 0xc0, 0x1c, 0xd6, 0x13,
    0x26, 0x97, 0xa, 0xa0, 0xca, 0xe3, 0xb5, 0x34,
    0x0, 0x89, 0xc3, 0x84, 0x76, 0x2, 0x72, 0x48,
    0x5f, 0x76, 0xa0, 0x15, 0xd6, 0x9, 0xbb, 0xf2,
    0x1, 0x68, 0x1a, 0x27, 0x84, 0x0, 0x83, 0x0,
    0x1f, 0xeb, 0x2d, 0x76, 0x7a, 0xb0, 0xc, 0xb8,
    0xd3, 0x30, 0xf0, 0x0,

    /* U+04BD "ҽ" */
    0x0, 0x97, 0x7f, 0x58, 0x8, 0x52, 0x93, 0x2a,
    0x53, 0xa7, 0x8a, 0x4d, 0xcf, 0xad, 0xd4, 0xbf,
    0xe3, 0x67, 0xe3, 0x36, 0xee, 0xe0, 0x14, 0x32,
    0x2e, 0x0, 0x48, 0x5a, 0xa3, 0xa0, 0x0, 0x70,
    0x2e, 0xe7,

    /* U+04BE "Ҿ" */
    0x0, 0xc9, 0x9d, 0xf8, 0xc0, 0x1c, 0xf6, 0x13,
    0x26, 0x97, 0xa, 0xa0, 0xc2, 0xe3, 0xb5, 0x34,
    0x0, 0x89, 0xc3, 0x84, 0x76, 0x2, 0x72, 0x48,
    0x5f, 0x76, 0xa0, 0x15, 0xd6, 0x9, 0xbb, 0xf2,
    0x1, 0x50, 0x1a, 0x27, 0x84, 0x0, 0x63, 0x0,
    0x1f, 0xeb, 0x2d, 0x75, 0x7a, 0xb0, 0xc, 0xb6,
    0xd1, 0x50, 0xda, 0x1, 0xc9, 0x6c, 0x3f, 0x8c,
    0x1, 0xff, 0xc7, 0xd9, 0x0, 0xc0,

    /* U+04BF "ҿ" */
    0x0, 0x93, 0x3f, 0x58, 0x8, 0x4e, 0xd7, 0x2a,
    0x53, 0xa6, 0x45, 0x26, 0xe7, 0xd6, 0xea, 0x5f,
    0xf1, 0xb3, 0xf1, 0x9b, 0x77, 0x70, 0xa, 0x91,
    0x78, 0x1, 0x63, 0x68, 0x87, 0x40, 0x1, 0x63,
    0xdd, 0xa8, 0x3, 0x1e, 0x4, 0xea, 0x0, 0x7f,
    0xf0, 0x9d, 0x40, 0x0,

    /* U+04C0 "Ӏ" */
    0x7f, 0xf9, 0x9e, 0x82, 0x98, 0x4, 0x18, 0x3,
    0xff, 0x9e, 0x20, 0xc0, 0xf4, 0x14, 0xc0,

    /* U+04C1 "Ӂ" */
    0x0, 0xff, 0xe2, 0xd6, 0x4, 0xe0, 0x7, 0xe8,
    0xf, 0x4f, 0x0, 0xfc, 0x59, 0xfa, 0x60, 0x19,
    0x7d, 0x0, 0x7, 0xe8, 0x0, 0x3f, 0x55, 0xa8,
    0x40, 0x3d, 0xaa, 0xa0, 0xa0, 0xb0, 0xe, 0xa0,
    0xb0, 0xa, 0x95, 0x4e, 0x0, 0x55, 0x50, 0x80,
    0x48, 0x8a, 0xb0, 0xba, 0x34, 0x0, 0xc4, 0x8d,
    0x1, 0xc, 0x66, 0x0, 0xdc, 0x52, 0x80, 0x72,
    0x5e, 0x1, 0x31, 0xc8, 0x7, 0x49, 0xb8, 0xc,
    0x2a, 0x0, 0x72, 0x2c, 0xd, 0x8d, 0x80, 0x7d,
    0x61, 0x60,

    /* U+04C2 "ӂ" */
    0x0, 0xf8, 0x40, 0x3d, 0x56, 0x15, 0x40, 0xf,
    0x43, 0xfb, 0x48, 0x7, 0x8b, 0x3f, 0x8, 0x2,
    0x5f, 0x30, 0x3f, 0x40, 0x2f, 0x65, 0x57, 0x0,
    0x77, 0x23, 0x5, 0x9c, 0x80, 0x50, 0x54, 0x0,
    0x18, 0x6c, 0xb, 0x79, 0x10, 0xa, 0xce, 0x82,
    0x52, 0x80, 0x26, 0x2f, 0x60, 0x29, 0x27, 0x1,
    0x85, 0x30, 0x8, 0x9a, 0x6, 0x6, 0xc0, 0x3a,
    0x6, 0xc0,

    /* U+04C3 "Ӄ" */
    0xad, 0x0, 0xa3, 0xd0, 0x3, 0xa1, 0xb1, 0x0,
    0x34, 0x36, 0x98, 0x6, 0x86, 0xc3, 0x0, 0xc4,
    0xe3, 0xb8, 0x80, 0x10, 0xde, 0x48, 0x5b, 0x0,
    0xd, 0xd, 0xb0, 0xe0, 0x3, 0xe9, 0x13, 0x0,
    0xf0, 0x83, 0x80, 0x78, 0x81, 0xab, 0x40, 0x35,
    0x9, 0x0, 0x11, 0xdd, 0x87, 0x0, 0x11, 0x4c,
    0xc, 0xb0, 0x0,

    /* U+04C4 "ӄ" */
    0xda, 0x0, 0x5e, 0x88, 0x5, 0x6f, 0x82, 0x0,
    0xb7, 0xc1, 0x0, 0x2a, 0x1e, 0xa0, 0x0, 0xf2,
    0x86, 0xc8, 0x18, 0xd7, 0x42, 0x80, 0x30, 0x99,
    0x0, 0x7d, 0xb4, 0x0, 0x13, 0x20, 0x3, 0x2d,
    0x5, 0x0, 0x2e, 0x9a, 0xc8,

    /* U+04C5 "Ӆ" */
    0x0, 0xbf, 0xfa, 0xc0, 0x31, 0x83, 0xd5, 0x8,
    0x3, 0x98, 0x25, 0x54, 0x20, 0x1c, 0x40, 0x20,
    0x1f, 0xb4, 0x80, 0x3f, 0x99, 0xc0, 0x3f, 0x8c,
    0x80, 0x3f, 0x18, 0x68, 0x7, 0xcb, 0xe0, 0xa0,
    0x19, 0x98, 0x34, 0x54, 0x1, 0xc5, 0x27, 0xfc,
    0xa0, 0x1b, 0x20, 0x48, 0x3, 0xf5, 0x20, 0x7,
    0xe3, 0xf, 0x0,

    /* U+04C6 "ӆ" */
    0x0, 0x5f, 0xfe, 0x30, 0x9, 0x96, 0xe0, 0x3,
    0x8f, 0x50, 0xc0, 0x38, 0x48, 0x3, 0xc6, 0xc,
    0x1, 0xe4, 0x3, 0x0, 0xe3, 0x95, 0x0, 0xca,
    0x5a, 0x76, 0x1, 0xa6, 0xbb, 0x44, 0x0, 0x9e,
    0x18, 0x1, 0xe4, 0x5, 0x0, 0xf1, 0x28, 0x80,

    /* U+04C7 "Ӈ" */
    0xad, 0x0, 0xcd, 0xe4, 0x1, 0xff, 0x8, 0xe0,
    0xc, 0x5d, 0xda, 0x40, 0x21, 0xbb, 0xce, 0x1,
    0x1a, 0x26, 0xe0, 0xf, 0xfe, 0x81, 0x80, 0x7b,
    0x80, 0x6b, 0x40, 0x32, 0x90, 0x4, 0xac, 0xcc,
    0x2b, 0x0, 0x8a, 0x24, 0x65, 0x80,

    /* U+04C8 "ӈ" */
    0xda, 0x0, 0xab, 0x40, 0x3f, 0xf8, 0x6b, 0xff,
    0x28, 0x1, 0x33, 0x24, 0x0, 0x9, 0x9c, 0x20,
    0x1f, 0xfc, 0x3d, 0xa0, 0x9, 0xd8, 0x0, 0xcb,
    0x25, 0xa0, 0xe, 0xa7, 0x73, 0x0,

    /* U+04C9 "Ӊ" */
    0xad, 0x0, 0xcd, 0xe4, 0x1, 0xff, 0xcb, 0x11,
    0xc0, 0x1c, 0x5d, 0xda, 0x40, 0x30, 0xdd, 0xe7,
    0x0, 0xc6, 0x89, 0xb8, 0x3, 0xff, 0x92, 0xe4,
    0x1, 0xfa, 0xae, 0xb4, 0x3, 0x37, 0x6, 0x0,
    0x7c, 0xc0, 0x80, 0x1f, 0x51, 0x8,

    /* U+04CA "ӊ" */
    0xda, 0x0, 0xab, 0x40, 0x3f, 0xf9, 0x2b, 0xff,
    0x28, 0x6, 0x4c, 0xc9, 0x0, 0x30, 0x99, 0xc2,
    0x1, 0xff, 0xc6, 0x2f, 0x3d, 0xa0, 0xa, 0xac,
    0xc, 0x3, 0xda, 0x60, 0x1f, 0x22, 0x0,

    /* U+04CB "Ӌ" */
    0xf9, 0x0, 0xdd, 0x40, 0x1f, 0xfc, 0xc2, 0x73,
    0x13, 0x61, 0x9, 0xc, 0xec, 0xa0, 0x2, 0x76,
    0x63, 0xb0, 0x40, 0x23, 0x30, 0x80, 0x7e, 0x30,
    0xf, 0x1e, 0x8, 0x7, 0xd9, 0x40, 0x1f, 0xfc,
    0x40,

    /* U+04CC "ӌ" */
    0xf, 0x70, 0xb, 0xa4, 0x3, 0xff, 0x8a, 0x38,
    0x24, 0xc2, 0x0, 0xb4, 0xed, 0xc1, 0x0, 0x2f,
    0xef, 0xd0, 0x7, 0x10, 0x7, 0xe1, 0xf1, 0x0,
    0xfa, 0xe4, 0x3, 0xff, 0x88,

    /* U+04CD "Ӎ" */
    0xaf, 0xa0, 0xe, 0xdf, 0x80, 0xc, 0xa0, 0x18,
    0x88, 0x1, 0xca, 0xa, 0x1, 0x52, 0x8, 0x7,
    0x2f, 0x0, 0x4d, 0xc2, 0x1, 0x87, 0x90, 0x41,
    0x5, 0x40, 0x3c, 0x82, 0xc1, 0xca, 0x1, 0xf9,
    0xec, 0x17, 0x80, 0x3f, 0x51, 0xc0, 0xa0, 0x7,
    0xe3, 0x27, 0x60, 0x8, 0x4c, 0x3, 0xa8, 0x28,
    0x2, 0x6c, 0xa, 0xb0, 0x3, 0xf9, 0x0, 0x3d,
    0x50, 0x3, 0xfc, 0x2b, 0x80, 0x1f, 0xe6, 0x4,
    0x0,

    /* U+04CE "ӎ" */
    0xdf, 0x50, 0x9, 0xfe, 0x80, 0x37, 0x0, 0x54,
    0x1, 0xc8, 0x81, 0x3, 0x24, 0x0, 0xc6, 0x4e,
    0x16, 0x82, 0x1, 0xd5, 0x40, 0x6e, 0x0, 0xf3,
    0x1b, 0x2, 0x80, 0x78, 0x52, 0x5c, 0x3, 0xf7,
    0x5, 0x0, 0x17, 0xc7, 0x60, 0x17, 0xcc, 0x2a,
    0x8, 0x40, 0x3f, 0x5a, 0x0, 0x7e, 0x13, 0xc0,

    /* U+04CF "ӏ" */
    0x7f, 0xf9, 0x9e, 0x82, 0x98, 0x4, 0x18, 0x3,
    0xff, 0x9e, 0x20, 0xc0, 0xf4, 0x14, 0xc0,

    /* U+04D0 "Ӑ" */
    0x0, 0xff, 0xe0, 0x56, 0x4, 0xe8, 0x7, 0x58,
    0x7a, 0x70, 0x7, 0xe, 0x7e, 0x98, 0x7, 0x9b,
    0xe0, 0x3, 0xea, 0x16, 0x0, 0xf1, 0x1c, 0xa,
    0x0, 0x75, 0xb, 0x1f, 0x0, 0x73, 0x38, 0x5a,
    0x88, 0x4, 0x83, 0x82, 0x80, 0xc0, 0x17, 0x5,
    0x76, 0x5, 0x0, 0x5, 0x55, 0x77, 0x39, 0x18,
    0x38, 0x42, 0x25, 0x21, 0x41, 0x46, 0x40, 0x10,
    0xab, 0x80,

    /* U+04D1 "ӑ" */
    0x0, 0x8, 0x0, 0x40, 0x2e, 0x61, 0xe5, 0x0,
    0x54, 0x7b, 0x28, 0x1, 0x7b, 0x92, 0x0, 0x3b,
    0xef, 0xb2, 0x0, 0x1d, 0x5a, 0xc8, 0x1c, 0x22,
    0x1d, 0x41, 0x2f, 0xbd, 0x80, 0xac, 0x7f, 0xce,
    0xe, 0x12, 0x20, 0x60, 0xc1, 0x62, 0xc8, 0x7,
    0xd, 0xd9, 0x40,

    /* U+04D2 "Ӓ" */
    0x0, 0x36, 0x5, 0x40, 0x7, 0x25, 0x7, 0xd8,
    0x7, 0x13, 0x2, 0x98, 0x7, 0x9b, 0xe0, 0x3,
    0xea, 0x16, 0x0, 0xf1, 0x1c, 0xa, 0x0, 0x75,
    0xb, 0x1f, 0x0, 0x73, 0x38, 0x5a, 0x88, 0x4,
    0x83, 0x82, 0x80, 0xc0, 0x17, 0x5, 0x76, 0x5,
    0x0, 0x5, 0x55, 0x77, 0x39, 0x18, 0x38, 0x42,
    0x25, 0x21, 0x41, 0x46, 0x40, 0x10, 0xab, 0x80,

    /* U+04D3 "ӓ" */
    0x0, 0x71, 0x9b, 0x80, 0x29, 0x22, 0x48, 0x0,
    0xf3, 0xfb, 0x8, 0x0, 0x75, 0x6b, 0x20, 0x70,
    0x88, 0x75, 0x4, 0xbe, 0xf6, 0x2, 0xb1, 0xff,
    0x38, 0x38, 0x48, 0x81, 0x83, 0x5, 0x8b, 0x20,
    0x1c, 0x37, 0x65, 0x0,

    /* U+04D4 "Ӕ" */
    0x0, 0xe9, 0xff, 0xf6, 0x0, 0x61, 0x66, 0x18,
    0xd5, 0x50, 0x1, 0xa4, 0x25, 0x81, 0x56, 0x40,
    0xc, 0xce, 0x1, 0x8, 0xc0, 0x19, 0xc6, 0x40,
    0x3, 0xdd, 0x40, 0x5, 0x28, 0x2, 0x3, 0x77,
    0x50, 0x1, 0x85, 0x3b, 0x8a, 0x8, 0x91, 0x0,
    0x2c, 0xee, 0xe4, 0x0, 0xf2, 0x94, 0x22, 0x42,
    0xa, 0xb2, 0x4, 0x9a, 0x0, 0x61, 0xaa, 0xa0,

    /* U+04D5 "ӕ" */
    0x4, 0xce, 0xf9, 0x3c, 0xfd, 0x50, 0xa, 0xea,
    0x8d, 0x8b, 0x89, 0x46, 0x8, 0xe8, 0xa8, 0x32,
    0x72, 0x36, 0x9, 0x7d, 0xe8, 0x3f, 0xf0, 0x91,
    0x2c, 0x37, 0x46, 0x5b, 0xba, 0xdc, 0x20, 0xc8,
    0x48, 0xc8, 0xa1, 0x60, 0xa4, 0xa0, 0x1d, 0x55,
    0x41, 0x9a, 0x1e, 0xc3, 0x30, 0xf5, 0x43, 0x10,

    /* U+04D6 "Ӗ" */
    0x0, 0xfb, 0xdc, 0x79, 0xc2, 0xa7, 0x95, 0xc1,
    0x7b, 0xec, 0x2b, 0xff, 0x80, 0x6a, 0xb0, 0x1a,
    0xae, 0x0, 0x8, 0xc0, 0x2, 0xee, 0xac, 0x6,
    0xee, 0x90, 0x34, 0x48, 0x80, 0x3e, 0x35, 0x5c,
    0x3, 0x55, 0x80,

    /* U+04D7 "ӗ" */
    0x0, 0x8, 0x0, 0x40, 0x37, 0x30, 0xf2, 0x80,
    0x55, 0x1e, 0xca, 0x1, 0x2f, 0x72, 0x40, 0x34,
    0x77, 0x2c, 0x80, 0x12, 0xd7, 0x4f, 0xe0, 0x2d,
    0xa, 0x9e, 0x46, 0x41, 0x3f, 0xec, 0x6, 0x0,
    0x46, 0xee, 0x52, 0xe, 0x22, 0xc0, 0x2c, 0xc8,
    0x45, 0x90, 0x4, 0xbb, 0x5d, 0x8c, 0x0,

    /* U+04D8 "Ә" */
    0x2, 0xae, 0xff, 0x63, 0x0, 0x48, 0xd, 0x32,
    0x69, 0x90, 0x1, 0xaa, 0x19, 0x95, 0x6c, 0x80,
    0x23, 0xe5, 0x1d, 0x1e, 0xef, 0x85, 0x44, 0x16,
    0xef, 0x84, 0x0, 0x40, 0x89, 0xc2, 0xc0, 0x8a,
    0x20, 0x14, 0x7, 0x84, 0xe, 0x3b, 0x53, 0xa2,
    0x80, 0xe3, 0xcc, 0x9e, 0x2c, 0x0,

    /* U+04D9 "ә" */
    0x9, 0xef, 0xe8, 0x0, 0x8e, 0x2d, 0x9e, 0x40,
    0x14, 0xc9, 0xc, 0xc1, 0x0, 0xec, 0x5, 0x4f,
    0xfd, 0x40, 0xee, 0x9, 0xdd, 0x40, 0x11, 0x95,
    0x33, 0x25, 0x44, 0x3d, 0xea, 0x8f, 0x40,

    /* U+04DA "Ӛ" */
    0x0, 0x98, 0x81, 0xc0, 0x3d, 0x4e, 0x32, 0x40,
    0x1d, 0x8a, 0x3c, 0x40, 0x1f, 0xfc, 0x12, 0xae,
    0xff, 0x63, 0x0, 0x48, 0xd, 0x32, 0x69, 0x90,
    0x1, 0xaa, 0x19, 0x95, 0x6c, 0x80, 0x23, 0xe5,
    0x1d, 0x1e, 0xef, 0x85, 0x44, 0x16, 0xef, 0x84,
    0x0, 0x40, 0x89, 0xc2, 0xc0, 0x8a, 0x20, 0x14,
    0x7, 0x84, 0xe, 0x3b, 0x53, 0xa2, 0x80, 0xe3,
    0xcc, 0x9e, 0x2c, 0x0,

    /* U+04DB "ӛ" */
    0x1, 0xe2, 0x5d, 0x0, 0x86, 0x49, 0xec, 0x2,
    0x99, 0x7e, 0x70, 0x4, 0x71, 0x6c, 0xf2, 0x0,
    0xa6, 0x48, 0x66, 0x8, 0x7, 0x60, 0x2a, 0x7f,
    0xea, 0x7, 0x70, 0x4e, 0xea, 0x0, 0x8c, 0xa9,
    0x99, 0x2a, 0x21, 0xef, 0x54, 0x7a, 0x0,

    /* U+04DC "Ӝ" */
    0x0, 0xcf, 0x61, 0x6e, 0x1, 0xf9, 0x38, 0x39,
    0x0, 0x3f, 0x1a, 0x82, 0x98, 0x6, 0x5f, 0x40,
    0x1, 0xfa, 0x0, 0xf, 0xd5, 0x6a, 0x10, 0xf,
    0x6a, 0xa8, 0x28, 0x2c, 0x3, 0xa8, 0x2c, 0x2,
    0xa5, 0x53, 0x80, 0x15, 0x54, 0x20, 0x12, 0x22,
    0xac, 0x2e, 0x8d, 0x0, 0x31, 0x23, 0x40, 0x43,
    0x19, 0x80, 0x37, 0x14, 0xa0, 0x1c, 0x97, 0x80,
    0x4c, 0x72, 0x1, 0xd2, 0x6e, 0x3, 0xa, 0x80,
    0x1c, 0x8b, 0x3, 0x63, 0x60, 0x1f, 0x58, 0x58,

    /* U+04DD "ӝ" */
    0x0, 0x9a, 0xc2, 0x9c, 0x3, 0xcb, 0xc1, 0xe8,
    0x1, 0x2f, 0x99, 0x9b, 0xc4, 0xcb, 0xd9, 0x55,
    0xc0, 0x1d, 0xc8, 0xc1, 0x67, 0x20, 0x14, 0x15,
    0x0, 0x6, 0x1b, 0x2, 0xde, 0x44, 0x2, 0xb3,
    0xa0, 0x94, 0xa0, 0x9, 0x8b, 0xd8, 0xa, 0x49,
    0xc0, 0x61, 0x4c, 0x2, 0x26, 0x81, 0x81, 0xb0,
    0xe, 0x81, 0xb0,

    /* U+04DE "Ӟ" */
    0x1, 0x70, 0x35, 0x0, 0x96, 0x41, 0x3c, 0x2,
    0x4e, 0x7, 0xa0, 0xf, 0xf1, 0x57, 0x7f, 0x50,
    0x81, 0x84, 0xd4, 0xae, 0x0, 0xd3, 0xab, 0xb8,
    0x80, 0x30, 0xa3, 0x28, 0x0, 0xff, 0xad, 0x28,
    0x0, 0x79, 0x72, 0x98, 0x1, 0x1a, 0x35, 0x9a,
    0x0, 0x7e, 0x59, 0x65, 0x8b, 0x14, 0x65, 0x8a,
    0x57, 0xf0,

    /* U+04DF "ӟ" */
    0x9, 0x80, 0xd4, 0x0, 0x6e, 0x5, 0x28, 0x1c,
    0x57, 0xda, 0x81, 0x5d, 0x5b, 0xd8, 0xb, 0xa2,
    0x8, 0x40, 0xd, 0xfe, 0x7d, 0x0, 0x3e, 0xe2,
    0xe8, 0x80, 0x91, 0xf8, 0xaa, 0x9d, 0x11, 0xe0,
    0xa1, 0x57, 0x67, 0xb1,

    /* U+04E0 "Ӡ" */
    0x4f, 0xff, 0xa, 0xd5, 0x4e, 0xa, 0x22, 0x55,
    0xb, 0xba, 0x80, 0x26, 0xb9, 0x80, 0xd, 0x21,
    0x16, 0x60, 0x16, 0xe5, 0xb6, 0x10, 0x0, 0x8d,
    0x7c, 0x10, 0x3, 0x84, 0x0, 0xf2, 0xc8, 0xda,
    0x2e, 0x6b, 0x17, 0x9, 0x82,

    /* U+04E1 "ӡ" */
    0x8f, 0xfe, 0x7a, 0xbb, 0x90, 0x54, 0x91, 0x6,
    0x9a, 0x40, 0x6, 0x8c, 0x30, 0x1, 0xc9, 0x28,
    0x4, 0x30, 0x91, 0xa2, 0x4, 0xf3, 0xe7, 0x0,
    0x18, 0x55, 0x40, 0x1c, 0xad, 0xe, 0xaa, 0xb1,
    0x9f, 0xaa, 0x9e, 0xcc,

    /* U+04E2 "Ӣ" */
    0x0, 0x67, 0xfc, 0xe0, 0x1b, 0xb7, 0x66, 0x0,
    0xc4, 0x58, 0x40, 0x15, 0xa0, 0x1a, 0xbd, 0x80,
    0x38, 0xd0, 0x3, 0xef, 0x90, 0xf, 0x30, 0x30,
    0x7, 0xa3, 0xc0, 0x3d, 0x8, 0x66, 0x0, 0xc4,
    0xf6, 0x1, 0xc3, 0x30, 0x20, 0x1c, 0x6a, 0xe0,
    0x1f, 0x58, 0x7, 0x80,

    /* U+04E3 "ӣ" */
    0xa, 0xff, 0xa4, 0x1, 0x7b, 0xb4, 0x6, 0xd9,
    0x11, 0xba, 0xc0, 0x34, 0x80, 0x73, 0x1a, 0x0,
    0x68, 0x80, 0x4, 0x6e, 0x6c, 0x1, 0x1c, 0x40,
    0x3, 0x29, 0xa8, 0x7, 0x78, 0x6,

    /* U+04E4 "Ӥ" */
    0x0, 0x4c, 0x6, 0xa0, 0x6, 0xdc, 0xb, 0x60,
    0xc, 0x88, 0x6, 0x20, 0x5, 0x68, 0x6, 0xaf,
    0x60, 0xe, 0x34, 0x0, 0xfb, 0xe4, 0x3, 0xcc,
    0xc, 0x1, 0xe8, 0xf0, 0xf, 0x42, 0x19, 0x80,
    0x31, 0x3d, 0x80, 0x70, 0xcc, 0x8, 0x7, 0x1a,
    0xb8, 0x7, 0xd6, 0x1, 0xe0,

    /* U+04E5 "ӥ" */
    0x8, 0xa0, 0xc6, 0x0, 0x5f, 0x85, 0x20, 0x6c,
    0xa8, 0x16, 0xd8, 0x6, 0x90, 0xe, 0x63, 0x40,
    0xd, 0x10, 0x0, 0x8d, 0xcd, 0x80, 0x23, 0x88,
    0x0, 0x65, 0x35, 0x0, 0xef, 0x0, 0xc0,

    /* U+04E6 "Ӧ" */
    0x0, 0x8d, 0x41, 0x4c, 0x3, 0xc9, 0xc1, 0xc8,
    0x1, 0xe7, 0xb0, 0xb7, 0x0, 0xff, 0xe2, 0x14,
    0xf7, 0xf4, 0x88, 0x4, 0x58, 0xcc, 0x96, 0x67,
    0x88, 0x2, 0x47, 0x61, 0xa3, 0x46, 0xc0, 0x8,
    0xa4, 0x1, 0x12, 0xa8, 0x8, 0x34, 0x3, 0x88,
    0x4, 0x3, 0xfe, 0x20, 0xd0, 0xe, 0x20, 0x10,
    0x45, 0x20, 0x8, 0x95, 0x40, 0x9, 0x1c, 0x86,
    0x8c, 0x1b, 0x0, 0x16, 0x23, 0x4b, 0x3f, 0x88,
    0x0,

    /* U+04E7 "ӧ" */
    0x0, 0x53, 0x87, 0x18, 0x5, 0xe8, 0x12, 0x40,
    0x16, 0xeb, 0xec, 0x80, 0x12, 0xf3, 0x4f, 0x84,
    0xc, 0xee, 0x5b, 0xb, 0x30, 0xd0, 0x8, 0xd4,
    0x3, 0xf1, 0x86, 0x80, 0x46, 0xa0, 0xce, 0xe4,
    0xb0, 0xb0, 0x97, 0x9b, 0x7b, 0x20,

    /* U+04E8 "Ө" */
    0x0, 0x14, 0xf7, 0xf4, 0x88, 0x4, 0x58, 0xf3,
    0x52, 0xfe, 0x20, 0x9, 0xf, 0x75, 0x7f, 0xb,
    0x0, 0x23, 0x8, 0x4, 0x2e, 0xa0, 0x40, 0xff,
    0xfc, 0xc0, 0x20, 0x6, 0xcc, 0xe6, 0x0, 0x10,
    0x19, 0xfc, 0x2, 0x8, 0xa4, 0x1, 0x12, 0xa8,
    0x1, 0x23, 0x90, 0xb1, 0xa3, 0x60, 0x2, 0xc4,
    0x6a, 0x66, 0x78, 0x80,

    /* U+04E9 "ө" */
    0x0, 0x4f, 0x7e, 0x18, 0x2, 0x5e, 0x29, 0xb0,
    0x81, 0xa1, 0x96, 0x8a, 0xcc, 0x27, 0xfe, 0x25,
    0x0, 0x46, 0x64, 0x4e, 0x41, 0xe6, 0x62, 0x28,
    0x59, 0xdc, 0xb4, 0x16, 0x12, 0xf3, 0x4f, 0x64,

    /* U+04EA "Ӫ" */
    0x0, 0x9e, 0xc2, 0xdc, 0x3, 0xc9, 0xc1, 0xc8,
    0x1, 0xe3, 0x50, 0x53, 0x0, 0xe2, 0x9e, 0xfe,
    0x91, 0x0, 0x8b, 0x1e, 0x6a, 0x5f, 0xc4, 0x1,
    0x21, 0xee, 0xaf, 0xe1, 0x60, 0x4, 0x61, 0x0,
    0x85, 0xd4, 0x8, 0x1f, 0xff, 0x98, 0x4, 0x0,
    0xd9, 0x9c, 0xc0, 0x2, 0x3, 0x3f, 0x80, 0x41,
    0x14, 0x80, 0x22, 0x55, 0x0, 0x24, 0x72, 0x16,
    0x34, 0x6c, 0x0, 0x58, 0x8d, 0x4c, 0xcf, 0x10,

    /* U+04EB "ӫ" */
    0x0, 0x5b, 0x87, 0x18, 0x5, 0xc8, 0x12, 0x40,
    0x16, 0x6f, 0xd9, 0x0, 0x25, 0xe2, 0x9b, 0x8,
    0x1a, 0x19, 0x68, 0xac, 0xc2, 0x7f, 0xe2, 0x50,
    0x4, 0x66, 0x44, 0xe4, 0x1e, 0x66, 0x22, 0x85,
    0x9d, 0xcb, 0x41, 0x61, 0x2f, 0x34, 0xf6, 0x40,

    /* U+04EC "Ӭ" */
    0x2, 0x60, 0x44, 0x0, 0x66, 0xb0, 0xcd, 0x0,
    0xc9, 0xa1, 0x12, 0x1, 0xff, 0xc0, 0x2a, 0xef,
    0xea, 0x20, 0x1, 0x8c, 0xc9, 0x93, 0x48, 0x6,
    0xdd, 0xa3, 0xcb, 0x80, 0x21, 0x18, 0x14, 0xc4,
    0x1, 0xdd, 0x9c, 0x8, 0x1, 0x77, 0x9c, 0x3,
    0x22, 0x61, 0x2, 0x0, 0xe2, 0x64, 0x13, 0xa6,
    0x64, 0x68, 0x48, 0x8, 0xa2, 0x59, 0x74, 0x80,

    /* U+04ED "ӭ" */
    0xd, 0x42, 0xe1, 0x0, 0x5b, 0x14, 0x88, 0x1d,
    0xef, 0x70, 0x40, 0xaa, 0xe1, 0xe8, 0x5, 0xd1,
    0xa9, 0x8, 0x27, 0xfd, 0x60, 0xe1, 0x19, 0x8a,
    0x0, 0x84, 0xcc, 0x40, 0xe8, 0xc8, 0xf0, 0xa4,
    0x17, 0x69, 0x6a, 0x0,

    /* U+04EE "Ӯ" */
    0x0, 0x5f, 0xfd, 0x0, 0x1a, 0x77, 0x69, 0x0,
    0xc4, 0x58, 0x40, 0x15, 0xc0, 0x18, 0x7e, 0x20,
    0x2e, 0x1, 0x30, 0x49, 0x2c, 0x80, 0x52, 0xa2,
    0x10, 0x2e, 0xa, 0x32, 0x0, 0x25, 0x90, 0x94,
    0x30, 0xa, 0x6, 0x4f, 0xc0, 0x31, 0x33, 0x9,
    0x0, 0x3b, 0xc2, 0x0, 0x33, 0xc4, 0x9a, 0x80,
    0x6a, 0x74, 0xd0, 0xc,

    /* U+04EF "ӯ" */
    0x7, 0xff, 0xb4, 0x2, 0x6d, 0xdb, 0xc0, 0x21,
    0x22, 0xc0, 0xc, 0xc0, 0x4, 0xde, 0x54, 0x64,
    0x0, 0xd2, 0x23, 0x5, 0x0, 0xa5, 0x0, 0x19,
    0x41, 0xc1, 0x80, 0x14, 0x47, 0x48, 0x20, 0x3,
    0x35, 0x1f, 0x0, 0x6a, 0x61, 0x50, 0xc, 0xe0,
    0xe0, 0x1c, 0x81, 0x60, 0x12, 0x3d, 0xa1, 0x0,
    0x5f, 0xb, 0x40, 0x18,

    /* U+04F0 "Ӱ" */
    0x0, 0x22, 0x1, 0x88, 0x3, 0x66, 0x85, 0x38,
    0x6, 0x89, 0xc, 0x50, 0xf, 0xfa, 0xb8, 0x3,
    0xf, 0xc4, 0x5, 0xc0, 0x26, 0x9, 0x25, 0x90,
    0xa, 0x54, 0x42, 0x5, 0xc1, 0x46, 0x40, 0x4,
    0xb2, 0x12, 0x86, 0x1, 0x40, 0xc9, 0xf8, 0x6,
    0x26, 0x61, 0x20, 0x7, 0x78, 0x40, 0x6, 0x78,
    0x93, 0x50, 0xd, 0x4e, 0x9a, 0x1, 0x80,

    /* U+04F1 "ӱ" */
    0x4, 0xd0, 0x8a, 0x0, 0x96, 0x83, 0x3c, 0x1,
    0x9a, 0xe0, 0x87, 0xe5, 0x46, 0x40, 0xd, 0x22,
    0x30, 0x50, 0xa, 0x50, 0x1, 0x94, 0x1c, 0x18,
    0x1, 0x44, 0x74, 0x82, 0x0, 0x33, 0x51, 0xf0,
    0x6, 0xa6, 0x15, 0x0, 0xce, 0xe, 0x1, 0xc8,
    0x16, 0x1, 0x23, 0xda, 0x10, 0x5, 0xf0, 0xb4,
    0x1, 0x80,

    /* U+04F2 "Ӳ" */
    0x0, 0x8f, 0xd6, 0xb4, 0x3, 0x7c, 0x32, 0x78,
    0x6, 0x87, 0xf, 0x20, 0xc, 0x80, 0x62, 0x0,
    0xae, 0x0, 0xc3, 0xf1, 0x1, 0x70, 0x9, 0x82,
    0x49, 0x64, 0x2, 0x95, 0x10, 0x81, 0x70, 0x51,
    0x90, 0x1, 0x2c, 0x84, 0xa1, 0x80, 0x50, 0x32,
    0x7e, 0x1, 0x89, 0x98, 0x48, 0x1, 0xde, 0x10,
    0x1, 0x9e, 0x24, 0xd4, 0x3, 0x53, 0xa6, 0x80,
    0x60,

    /* U+04F3 "ӳ" */
    0x0, 0x94, 0x88, 0xa0, 0x13, 0x58, 0x7e, 0x0,
    0x6, 0xf5, 0x5e, 0x40, 0x3, 0xa6, 0xf4, 0x0,
    0xcc, 0x0, 0x4b, 0xe7, 0x46, 0x40, 0xe, 0x23,
    0x60, 0x50, 0x14, 0xa0, 0x3, 0x50, 0x38, 0x30,
    0x2, 0x88, 0xf5, 0x4, 0x0, 0x66, 0xa4, 0xe0,
    0xd, 0x4c, 0x2a, 0x1, 0x9c, 0x1c, 0x3, 0x90,
    0x28, 0x2, 0x35, 0xb4, 0x30, 0xa, 0x29, 0x68,
    0x3, 0x0,

    /* U+04F4 "Ӵ" */
    0x4, 0xd0, 0x89, 0x0, 0x9a, 0xc3, 0x34, 0x2,
    0x26, 0x4, 0x40, 0x3, 0xe0, 0x2, 0x3f, 0x40,
    0xf, 0xfe, 0x20, 0x88, 0x3, 0xca, 0xe8, 0x25,
    0x60, 0x9, 0x3b, 0xed, 0x60, 0x1, 0x6e, 0xb3,
    0xb4, 0x3, 0x11, 0x88, 0x7, 0xff, 0x1c,

    /* U+04F5 "ӵ" */
    0x0, 0x6a, 0x17, 0x8, 0x5, 0x4a, 0x72, 0x20,
    0x5e, 0x42, 0x24, 0xf4, 0x0, 0xff, 0xe2, 0x10,
    0x70, 0x89, 0x40, 0x29, 0x4e, 0xe4, 0x0, 0x4d,
    0xfb, 0xb0, 0x7, 0x11, 0x0, 0x3f, 0xe0,

    /* U+04F6 "Ӷ" */
    0xaf, 0xfe, 0x30, 0x1a, 0xac, 0x40, 0x6a, 0xb8,
    0x40, 0x3f, 0xfb, 0x6, 0x60, 0xe, 0x1c, 0x40,
    0xa, 0xb4, 0x3, 0xff, 0x8e,

    /* U+04F7 "ӷ" */
    0xdf, 0xfc, 0x9, 0x76, 0xc0, 0x14, 0x41, 0x80,
    0x7f, 0xf2, 0x57, 0xc0, 0x1b, 0x0, 0x1f, 0xc2,
    0x20, 0x0,

    /* U+04F8 "Ӹ" */
    0x0, 0xb5, 0xb, 0x84, 0x3, 0xa9, 0x8a, 0x44,
    0x3, 0x9c, 0x81, 0xc0, 0x2a, 0xd0, 0xf, 0x56,
    0x80, 0x7f, 0xf2, 0x84, 0x3, 0xf1, 0x77, 0xf4,
    0x0, 0x70, 0xdd, 0x99, 0xe0, 0x3, 0x1a, 0x22,
    0x11, 0x40, 0x3f, 0xf8, 0x46, 0xaa, 0x94, 0xa0,
    0xc, 0x35, 0x44, 0x87, 0x0, 0x80,

    /* U+04F9 "ӹ" */
    0x0, 0x3d, 0x85, 0xb8, 0x6, 0x4e, 0xe, 0x40,
    0x6, 0xd1, 0xa8, 0x29, 0xd6, 0x80, 0x7f, 0xf1,
    0xd7, 0xfd, 0x86, 0x1, 0x93, 0x2c, 0x34, 0x3,
    0x9, 0xa5, 0x8, 0x80, 0x21, 0x34, 0xb1, 0x10,
    0x4, 0x99, 0x6d, 0xa0, 0x10,

    /* U+04FA "Ӻ" */
    0xa, 0xff, 0xe3, 0x0, 0xd, 0x56, 0x20, 0x1,
    0xaa, 0xe1, 0x1, 0x1, 0x10, 0x5, 0x48, 0x5d,
    0xcb, 0x0, 0x41, 0x8d, 0xda, 0x40, 0x4, 0xc6,
    0x88, 0x20, 0xf, 0xfe, 0x1, 0xb8, 0x80, 0x70,
    0xc1, 0x0, 0x6a, 0xd0, 0xf, 0xb, 0x80, 0x80,
    0x68, 0xa3, 0x20, 0xd, 0x19, 0x80, 0xc,

    /* U+04FB "ӻ" */
    0xe, 0xff, 0xc0, 0x4, 0xbb, 0x80, 0x4, 0x89,
    0x0, 0x7b, 0x85, 0xbf, 0x83, 0x5, 0x73, 0x0,
    0x40, 0x66, 0x20, 0x9, 0xb4, 0x2, 0xe9, 0x0,
    0xef, 0x0, 0xd8, 0xd4, 0x1, 0x6e, 0x9c, 0x0,

    /* U+04FC "Ӽ" */
    0x6f, 0x40, 0xa, 0xf8, 0x18, 0xe4, 0x0, 0xa9,
    0x40, 0xe, 0x27, 0xb, 0x54, 0x0, 0x14, 0x42,
    0x82, 0xc0, 0x33, 0x92, 0xc0, 0x80, 0x61, 0x20,
    0xf0, 0xe, 0xa2, 0x96, 0x30, 0x9, 0x53, 0x98,
    0xf8, 0x0, 0x36, 0xc6, 0x1c, 0x52, 0xb0, 0x10,
    0x0, 0x27, 0x6a, 0x9e, 0x10, 0xa, 0x20, 0x1,
    0xf0, 0xf0, 0x80, 0x7b, 0xd9, 0x80, 0x1e, 0xcd,
    0x80,

    /* U+04FD "ӽ" */
    0x5f, 0x50, 0x5, 0xf0, 0x2a, 0x58, 0x2a, 0x50,
    0x2, 0x86, 0x6d, 0x50, 0x0, 0x32, 0xc1, 0x60,
    0x18, 0x40, 0x4c, 0x2, 0x28, 0x81, 0x70, 0x5,
    0xc6, 0xfc, 0x6e, 0x4e, 0x7e, 0x6, 0xd1, 0xcf,
    0xe6, 0x0, 0x98, 0x0, 0xfb, 0x5c, 0x3, 0xb5,
    0x74, 0x3, 0xb3, 0x98,

    /* U+04FE "Ӿ" */
    0x6f, 0x40, 0xa, 0xf4, 0x19, 0x24, 0x0, 0xa9,
    0x20, 0xa, 0x29, 0x1b, 0x74, 0x0, 0xa1, 0xb4,
    0x24, 0x0, 0x5d, 0x0, 0x63, 0xd6, 0x5, 0x70,
    0x0, 0x2b, 0x80, 0x2, 0x59, 0xd1, 0x9, 0x80,
    0x18, 0xfd, 0x52, 0xc0, 0x3, 0xc, 0x61, 0x23,
    0x21, 0x61, 0x0, 0x2, 0x76, 0x30,

    /* U+04FF "ӿ" */
    0x5f, 0x50, 0x5, 0xe8, 0x2b, 0x58, 0xb2, 0x70,
    0x2, 0x4f, 0x66, 0xc, 0xf, 0xc8, 0xc2, 0x34,
    0xf, 0x4c, 0x42, 0x3c, 0x0, 0xc7, 0x69, 0x44,
    0x0, 0x94, 0x59, 0x27, 0x8, 0x29, 0x2, 0x68,
    0x20,

    /* U+0500 "Ԁ" */
    0x0, 0xf7, 0xb8, 0x7, 0xff, 0x24, 0x40, 0x21,
    0xaf, 0xf7, 0x0, 0x5a, 0xb1, 0x76, 0x0, 0x11,
    0xc3, 0xa2, 0x0, 0x6, 0x1, 0xf0, 0x94, 0x41,
    0x54, 0x1, 0x7a, 0xb5, 0x50, 0x0,

    /* U+0501 "ԁ" */
    0x0, 0xf1, 0x88, 0x7, 0xb2, 0x40, 0x3f, 0xf8,
    0xa3, 0x5f, 0xca, 0x20, 0xb, 0x58, 0xb9, 0x10,
    0x15, 0x77, 0x2f, 0x0, 0x8, 0x34, 0x0, 0x40,
    0x18, 0x40, 0x21, 0x2, 0xc, 0x0, 0x8, 0x80,
    0x51, 0xd9, 0x74, 0x2, 0xa5, 0x9b, 0x94, 0x0,

    /* U+0502 "Ԃ" */
    0x0, 0xe5, 0xf3, 0x0, 0xff, 0xee, 0x8c, 0xf7,
    0xd0, 0x6, 0xf7, 0xd, 0x78, 0xb8, 0x0, 0xf1,
    0x1c, 0xb2, 0x10, 0x7, 0xfc, 0x60, 0x10, 0x80,
    0x8, 0x92, 0xcc, 0xb0, 0xf5, 0xa0, 0x40, 0xf5,
    0x99, 0x2e, 0x5, 0x34, 0x98,

    /* U+0503 "ԃ" */
    0x0, 0xe2, 0xf5, 0x0, 0xff, 0xe8, 0x8d, 0xfe,
    0xb8, 0x7, 0xd4, 0x93, 0x70, 0x1, 0xe1, 0x48,
    0x66, 0x40, 0x7, 0x88, 0xc, 0x0, 0xe0, 0x1b,
    0xa4, 0x3, 0xff, 0x80, 0x40, 0x60, 0x7, 0x0,
    0xc2, 0x32, 0xcb, 0x2c, 0x4, 0xac, 0x6, 0x85,
    0xa4, 0x5a, 0xf0, 0x53, 0x3a, 0x80,

    /* U+0504 "Ԅ" */
    0x18, 0xdf, 0xe9, 0x10, 0xe, 0x54, 0xaa, 0x4b,
    0x58, 0x7, 0x26, 0x3a, 0xba, 0x38, 0x7, 0xe1,
    0x64, 0xb0, 0xf, 0x47, 0xf4, 0xc9, 0x80, 0x2f,
    0x70, 0x9c, 0xb7, 0x98, 0x0, 0xf0, 0x9a, 0x43,
    0x38, 0x7, 0xfb, 0x0, 0x80, 0x40, 0x40, 0x39,
    0xc2, 0x5a, 0x81, 0x0, 0x38, 0xa9, 0xa5, 0xa4,
    0x80,

    /* U+0505 "ԅ" */
    0x3c, 0xef, 0xc4, 0x0, 0xe2, 0xba, 0xb7, 0xa0,
    0xe, 0x17, 0x44, 0x11, 0x80, 0x48, 0x20, 0x7f,
    0xe7, 0xe0, 0xa, 0xd8, 0xf, 0x6c, 0xb4, 0x3,
    0xe2, 0x48, 0x14, 0x1, 0x1, 0x0, 0xc8, 0x10,
    0xb6, 0xa, 0x1, 0xd6, 0x34, 0xf2, 0x60,

    /* U+0506 "Ԇ" */
    0x8, 0xdf, 0xeb, 0x20, 0x2, 0x22, 0xa9, 0xd,
    0x80, 0x4, 0xc7, 0x56, 0xa1, 0x0, 0xf1, 0xd3,
    0x0, 0x51, 0xfe, 0xc5, 0x90, 0xa, 0x73, 0x12,
    0xd6, 0x1, 0x9, 0x99, 0xa9, 0x10, 0x1, 0xe6,
    0x1, 0x0, 0xfd, 0x8a, 0x1, 0xf3, 0x40, 0x7,
    0x17, 0xa8, 0x7, 0xff, 0x1c,

    /* U+0507 "ԇ" */
    0x3c, 0xef, 0xd5, 0x0, 0x15, 0xd6, 0x2d, 0x10,
    0xb, 0xa1, 0xf0, 0x18, 0x0, 0xbf, 0xd3, 0x82,
    0x0, 0x2c, 0xb5, 0xd1, 0x0, 0x8d, 0x28, 0x5c,
    0x3, 0xe1, 0x0, 0xfa, 0x34, 0x3, 0xbd, 0x80,
    0x3f, 0xf8, 0x82,

    /* U+0508 "Ԉ" */
    0x0, 0xbf, 0xf9, 0xc0, 0x3c, 0x60, 0xf3, 0x20,
    0xf, 0xcc, 0x12, 0xcc, 0x0, 0xfc, 0x40, 0x20,
    0x1f, 0xed, 0x20, 0xf, 0xa6, 0x40, 0x6, 0x70,
    0xf, 0x89, 0x40, 0x6, 0x40, 0x1f, 0xe3, 0xd,
    0x0, 0xde, 0x0, 0x77, 0x2f, 0x82, 0x80, 0x44,
    0xcc, 0x83, 0xcb, 0x2a, 0x0, 0xde, 0xb0, 0xcc,
    0x70,

    /* U+0509 "ԉ" */
    0x0, 0x5f, 0xfe, 0x10, 0xf, 0x32, 0xdb, 0x0,
    0x7e, 0x3d, 0x4f, 0x0, 0xc4, 0x1, 0x9, 0x0,
    0x71, 0xe9, 0x81, 0x83, 0x0, 0x7f, 0x20, 0x18,
    0x18, 0x4, 0xe0, 0x2b, 0x2a, 0x0, 0x70, 0xb5,
    0x81, 0x28, 0x3b, 0x0, 0x15, 0x3d, 0xd, 0x0,

    /* U+050A "Ԋ" */
    0xad, 0x0, 0xd5, 0xa0, 0x1f, 0xfe, 0x12, 0xff,
    0xca, 0x1, 0x37, 0x88, 0xe, 0x66, 0x40, 0xf,
    0x8c, 0xf8, 0x40, 0x3f, 0xf8, 0x26, 0x0, 0x10,
    0x10, 0xf, 0x60, 0xc3, 0x49, 0x0, 0x7c, 0xcd,
    0x4a, 0xf8, 0x0,

    /* U+050B "ԋ" */
    0xda, 0x0, 0xb2, 0xc0, 0x3f, 0xf9, 0x86, 0x80,
    0xbf, 0xf1, 0x80, 0x55, 0x40, 0x4c, 0xc8, 0x80,
    0x3c, 0x26, 0x73, 0x38, 0x0, 0xcc, 0x1, 0xd8,
    0x6e, 0xca, 0x80, 0x1c, 0xed, 0x32, 0x58,

    /* U+050C "Ԍ" */
    0x0, 0x9f, 0x7f, 0xdb, 0x0, 0x1b, 0x61, 0x26,
    0x4a, 0x20, 0x14, 0x95, 0xcb, 0x32, 0x24, 0x2,
    0x65, 0x40, 0x0, 0x8e, 0x1, 0xd, 0x0, 0x17,
    0x76, 0x0, 0xf1, 0x5d, 0x90, 0x0, 0x21, 0xa0,
    0x12, 0x21, 0xc8, 0x0, 0xaa, 0x20, 0x8, 0x8d,
    0x40, 0x16, 0x3b, 0xa, 0xf8, 0x32, 0x0, 0x1f,
    0x65, 0xa9, 0x4c, 0x10,

    /* U+050D "ԍ" */
    0x0, 0x36, 0xff, 0xb1, 0x40, 0xf, 0x29, 0x54,
    0x51, 0x0, 0x42, 0xca, 0xaa, 0x50, 0xc, 0x3c,
    0x3, 0xf0, 0x82, 0xff, 0xca, 0x41, 0xa0, 0x99,
    0x20, 0xc2, 0xcc, 0x85, 0x6b, 0x23, 0x9, 0x85,
    0xbb, 0x3f, 0x80,

    /* U+050E "Ԏ" */
    0xdf, 0xff, 0x50, 0x4c, 0xc2, 0x73, 0x30, 0x23,
    0x30, 0x19, 0xa3, 0x0, 0xff, 0xe2, 0xbe, 0x0,
    0x7d, 0xe6, 0x1, 0xff, 0xc0, 0x30, 0x8, 0x44,
    0x1, 0x3a, 0xbb, 0x31, 0x0, 0x2b, 0x49, 0x92,
    0xd8,

    /* U+050F "ԏ" */
    0xbf, 0xfe, 0x90, 0x4, 0xe4, 0x4, 0xe5, 0x80,
    0x8, 0xcc, 0xa, 0x64, 0x40, 0xf, 0x87, 0x58,
    0x3, 0xfe, 0x70, 0x8, 0xc0, 0xc0, 0x4, 0x10,
    0xb0, 0xe, 0x0, 0x1b, 0x6a, 0x7a, 0x20,

    /* U+0510 "Ԑ" */
    0x1, 0x9e, 0xfe, 0xa2, 0xa, 0x69, 0xa9, 0x1a,
    0x5, 0x67, 0x57, 0xb8, 0x6, 0x75, 0x10, 0xd,
    0x13, 0x5d, 0xf4, 0x0, 0x98, 0x7b, 0xc8, 0x3,
    0x69, 0x84, 0x32, 0x0, 0xfe, 0x32, 0x98, 0x56,
    0x8b, 0xc, 0x65, 0xa9, 0x5c,

    /* U+0511 "ԑ" */
    0x4, 0xcf, 0xec, 0x40, 0xb6, 0xba, 0xb6, 0x1,
    0x24, 0x43, 0x90, 0x53, 0xff, 0x88, 0x6, 0x97,
    0x34, 0x81, 0x6, 0xcc, 0x80, 0xe, 0x16, 0x88,
    0x76, 0x2a, 0x6b, 0xb5, 0x10,

    /* U+0512 "Ԓ" */
    0x0, 0xbf, 0xfa, 0xc0, 0x31, 0x3, 0xd5, 0x8,
    0x3, 0x98, 0x25, 0x54, 0x20, 0x1c, 0x60, 0x20,
    0x1f, 0xb8, 0x80, 0x3f, 0x95, 0x80, 0x3f, 0x88,
    0xc0, 0x3f, 0x10, 0xe8, 0x7, 0xc5, 0x0, 0x80,
    0x19, 0x98, 0x1a, 0x92, 0x20, 0x18, 0xa4, 0x7f,
    0x98, 0x3, 0x65, 0x80, 0x7f, 0x9, 0x80, 0x80,
    0x7d, 0x50, 0xa0, 0x1f, 0xab, 0x68, 0x0,

    /* U+0513 "ԓ" */
    0x0, 0x5f, 0xfe, 0x30, 0x9, 0xd6, 0xe0, 0x3,
    0x8b, 0x50, 0xc0, 0x38, 0x48, 0x3, 0xc6, 0xc,
    0x1, 0xe5, 0x3, 0x0, 0xe3, 0xb5, 0x0, 0xcc,
    0x3a, 0x10, 0x1, 0xa9, 0xbb, 0x48, 0x0, 0x9e,
    0x60, 0x1f, 0x9, 0x8, 0x7, 0x17, 0xa, 0x0,
    0x71, 0x6f, 0x90,

    /* U+0514 "Ԕ" */
    0x0, 0xbf, 0xf1, 0x80, 0x55, 0xc0, 0x11, 0x83,
    0xc9, 0x70, 0x1, 0x16, 0x80, 0x26, 0x9, 0x6f,
    0x27, 0xa, 0x54, 0x0, 0x88, 0x4, 0xa, 0x21,
    0x41, 0x60, 0x1b, 0x48, 0x2, 0x72, 0x5b, 0x10,
    0xc, 0xcc, 0x0, 0x88, 0x81, 0xe0, 0x1c, 0x66,
    0x0, 0xb8, 0xe9, 0x50, 0x2, 0x30, 0xd0, 0x3,
    0x1f, 0x2a, 0x48, 0x1, 0x60, 0x14, 0x6, 0x1c,
    0x82, 0x4a, 0x2, 0xd6, 0x80, 0x16, 0x10, 0x0,
    0x27, 0x71, 0x80,

    /* U+0515 "ԕ" */
    0x0, 0x5f, 0xfc, 0xa0, 0xb, 0xe1, 0x0, 0x32,
    0xda, 0x58, 0xaa, 0x50, 0x80, 0xf, 0x52, 0x82,
    0xec, 0xa8, 0x1, 0x9, 0x0, 0xda, 0x85, 0x80,
    0x46, 0xc, 0x0, 0xd0, 0x13, 0x0, 0x90, 0xc,
    0x9, 0xe0, 0xf8, 0x0, 0x92, 0xa0, 0xe, 0x37,
    0xf3, 0x70, 0xa3, 0xb0, 0x73, 0xf0, 0x37, 0x82,

    /* U+0516 "Ԗ" */
    0xaf, 0xfb, 0x60, 0x1, 0x3c, 0x20, 0x35, 0x2e,
    0xe6, 0x36, 0xb1, 0x3, 0x56, 0xa3, 0xde, 0x45,
    0x0, 0xf3, 0xa1, 0xd0, 0x6, 0x12, 0x74, 0x8,
    0x10, 0x8, 0xbb, 0x61, 0x87, 0x0, 0x30, 0xde,
    0x74, 0xc2, 0xa0, 0x4, 0x68, 0x62, 0xc, 0x74,
    0x1, 0xfd, 0xc3, 0x0, 0x1f, 0x89, 0xdc, 0x60,

    /* U+0517 "ԗ" */
    0xd7, 0xaf, 0xe7, 0x0, 0x5f, 0x0, 0x23, 0x71,
    0xa1, 0x95, 0x28, 0x0, 0x6e, 0x70, 0x55, 0x6a,
    0x80, 0x6, 0x0, 0x9c, 0xc2, 0xc0, 0x3f, 0x84,
    0xc0, 0x27, 0x0, 0x9c, 0xcb, 0x80, 0x22, 0x73,
    0x82, 0x9e, 0x36, 0x0, 0x2e, 0xe3, 0x42, 0x9b,
    0x49, 0x1, 0xd7, 0xf3, 0x80, 0x27, 0xc8, 0xc,
    0x3, 0xff, 0x90,

    /* U+0518 "Ԙ" */
    0x0, 0x3e, 0xff, 0xfd, 0xa1, 0x10, 0x79, 0xa2,
    0x25, 0x55, 0x20, 0xa7, 0x4c, 0xa2, 0xca, 0xb2,
    0x0, 0x1c, 0x3, 0x84, 0x60, 0x5, 0xa3, 0x8,
    0x81, 0x3b, 0xa9, 0x6, 0x99, 0x77, 0xc, 0xd7,
    0x78, 0x1, 0xc1, 0x36, 0x4e, 0x89, 0x10, 0x1b,
    0xab, 0x20, 0x80, 0x7b, 0xc6, 0xc0, 0x26, 0x6c,
    0x8e, 0x74, 0x20, 0x11, 0x4c, 0xe0,

    /* U+0519 "ԙ" */
    0x6, 0xdf, 0xfa, 0xf3, 0xf5, 0x80, 0xa6, 0xbb,
    0x86, 0x97, 0xd7, 0x28, 0xe0, 0xc2, 0x20, 0x27,
    0x16, 0x2d, 0x70, 0x90, 0x8, 0xbf, 0xe2, 0x2a,
    0x5f, 0xfc, 0x66, 0xdd, 0xd2, 0x8, 0xf, 0x8a,
    0x45, 0xe0, 0xe2, 0x83, 0x91, 0xc5, 0x53, 0x9b,
    0x9f, 0x0, 0xe, 0xc2, 0xa9, 0x60,

    /* U+051A "Ԛ" */
    0x0, 0x14, 0xf7, 0xf4, 0x88, 0x4, 0x58, 0xcc,
    0x96, 0x67, 0x88, 0x2, 0x47, 0x61, 0xa3, 0x46,
    0xc0, 0x8, 0xa4, 0x1, 0x12, 0xa8, 0x8, 0x34,
    0x3, 0x88, 0x4, 0x3, 0xfe, 0x20, 0xd0, 0xe,
    0x20, 0x10, 0x45, 0x20, 0x8, 0x95, 0x40, 0x9,
    0x1c, 0x86, 0x8c, 0x1b, 0x0, 0x16, 0x23, 0x4b,
    0xaf, 0x88, 0x4, 0x55, 0xde, 0x6a, 0x60, 0x1f,
    0xb8, 0x3c, 0x40, 0x3e, 0x2a, 0x55, 0x0,

    /* U+051B "ԛ" */
    0x1, 0xaf, 0xe5, 0xc8, 0xb, 0x59, 0xb9, 0x30,
    0x15, 0x76, 0x5e, 0x0, 0x10, 0x68, 0x0, 0x80,
    0x30, 0x80, 0x42, 0x4, 0x18, 0x0, 0x11, 0x0,
    0xa3, 0xb2, 0xd0, 0x5, 0x4b, 0x37, 0xc2, 0x0,
    0x1a, 0xfe, 0x51, 0x0, 0xff, 0xe2, 0x80,

    /* U+051C "Ԝ" */
    0xcc, 0x0, 0x4b, 0xee, 0x1, 0x4f, 0x5, 0x98,
    0x5, 0xe1, 0x80, 0x12, 0x20, 0x10, 0x10, 0x0,
    0x89, 0x0, 0x4, 0xb0, 0xc, 0x30, 0xc, 0x60,
    0x14, 0x10, 0x10, 0x0, 0x88, 0x4, 0x13, 0x36,
    0x6, 0x11, 0x0, 0x18, 0x61, 0x6e, 0x16, 0xe0,
    0x88, 0x0, 0x94, 0x10, 0xf0, 0x10, 0x50, 0xb0,
    0x2, 0x21, 0xf0, 0x40, 0x31, 0xf0, 0x40, 0xc,
    0x88, 0x31, 0x0, 0x3a, 0x10, 0x80, 0x6c, 0xb,
    0x0, 0xb0, 0x14, 0x2,

    /* U+051D "ԝ" */
    0xbc, 0x0, 0x27, 0xc8, 0x1, 0xfc, 0x30, 0xc0,
    0x1a, 0x28, 0x0, 0xc4, 0x4, 0x4, 0x4, 0x92,
    0x20, 0x26, 0x1, 0x8e, 0x11, 0x14, 0x50, 0xc1,
    0x0, 0x8, 0x68, 0x24, 0xf8, 0x80, 0x60, 0xc,
    0x5c, 0x70, 0xc4, 0xd4, 0x0, 0x90, 0x53, 0x1,
    0x5, 0x74, 0x2, 0x21, 0x12, 0x80, 0x98, 0x20,
    0x0,

    /* U+051E "Ԟ" */
    0xad, 0x7, 0x66, 0x7a, 0x0, 0x49, 0x32, 0x74,
    0x0, 0x8c, 0xc0, 0x1c, 0x30, 0x76, 0xa4, 0x5,
    0xce, 0xc9, 0xa4, 0x3, 0x68, 0xc2, 0x1, 0x1a,
    0x50, 0x58, 0x7, 0xc, 0xaa, 0x80, 0x39, 0x8e,
    0xc0, 0x3d, 0xc3, 0x20,

    /* U+051F "ԟ" */
    0x0, 0xfb, 0x68, 0x32, 0x3c, 0x80, 0x2b, 0x78,
    0x20, 0x0, 0xd1, 0xc8, 0x82, 0xf1, 0x76, 0x8,
    0x25, 0x85, 0x90, 0x0, 0x52, 0x18, 0xc0, 0x33,
    0x97, 0x80, 0x74, 0x9b, 0x0,

    /* U+0520 "Ԡ" */
    0x0, 0xbf, 0xf8, 0x40, 0x3e, 0x20, 0x7a, 0x60,
    0xf, 0xe6, 0x9, 0x5f, 0x0, 0xfe, 0x30, 0x10,
    0x8, 0xc4, 0x3, 0xdc, 0x40, 0x1b, 0x7b, 0xec,
    0x80, 0x25, 0x60, 0xd, 0x35, 0xb, 0xa4, 0x0,
    0x23, 0x0, 0xce, 0xaf, 0x81, 0x0, 0x43, 0xa0,
    0x1f, 0x12, 0xa1, 0xc0, 0x28, 0x7, 0xe3, 0x1c,
    0x4a, 0x0, 0xfe, 0x31, 0xfe, 0x50, 0x9, 0xbc,
    0x40, 0x2, 0xa8, 0x1, 0xf9, 0x98, 0xf8, 0x12,
    0x1, 0xfb, 0xa6, 0x6, 0xcc,

    /* U+0521 "ԡ" */
    0x0, 0x5f, 0xfd, 0x80, 0x1f, 0x3a, 0xd9, 0x80,
    0x7e, 0x2d, 0x47, 0x0, 0xfc, 0x24, 0x0, 0x3f,
    0xe9, 0x0, 0x8c, 0x18, 0x0, 0x56, 0xcc, 0xa0,
    0x2, 0x81, 0x80, 0x5, 0x21, 0xd4, 0x4a, 0xd4,
    0x3, 0xd8, 0x5, 0x81, 0x0, 0x1f, 0xdd, 0xa4,
    0x0, 0xbc, 0x0, 0x18, 0x10, 0x7, 0x95, 0x9e,
    0x14, 0x40, 0x3c, 0x71, 0x5, 0xb0,

    /* U+0522 "Ԣ" */
    0xad, 0x0, 0xcf, 0xe2, 0x1, 0xff, 0xc9, 0x11,
    0xc0, 0x1f, 0xc5, 0xdd, 0xa0, 0xc, 0x40, 0x38,
    0x6e, 0xf3, 0x6, 0xf7, 0xd9, 0x0, 0xd, 0x13,
    0x70, 0x55, 0x21, 0x74, 0x80, 0x3f, 0x22, 0xbe,
    0x5, 0x80, 0x7f, 0xc4, 0x88, 0x0, 0xff, 0xe0,
    0x11, 0x0, 0x3f, 0xf8, 0x4, 0x35, 0xa0, 0x19,
    0xfc, 0x40, 0x2, 0x88, 0x0, 0xfc, 0xcc, 0x7c,
    0x8, 0x0, 0xfd, 0xf3, 0x3, 0x84,

    /* U+0523 "ԣ" */
    0xda, 0x0, 0xbd, 0xc0, 0x3f, 0xf8, 0x82, 0x45,
    0x0, 0x4, 0x3, 0x26, 0xec, 0x11, 0xdc, 0x60,
    0x1, 0xd5, 0x40, 0xb2, 0xb2, 0xc0, 0xca, 0xb0,
    0x6b, 0x59, 0x50, 0x7, 0xf2, 0x10, 0x7, 0xfd,
    0xb4, 0x1, 0x7b, 0x80, 0x15, 0x40, 0x1e, 0x75,
    0x93, 0xe0, 0xf, 0x6d, 0x3c, 0x28,

    /* U+0524 "Ԥ" */
    0xaf, 0xff, 0x80, 0x21, 0xaa, 0xc8, 0x1, 0x8d,
    0x57, 0x18, 0x7, 0xff, 0xc4, 0xc4, 0x3, 0xf6,
    0x3d, 0x68, 0x6, 0x8f, 0x0, 0xff, 0xe5, 0x0,

    /* U+0525 "ԥ" */
    0xdf, 0xfe, 0xb0, 0x1, 0xdd, 0xc4, 0x1, 0x32,
    0x24, 0x1, 0xff, 0xdd, 0x4f, 0xda, 0x0, 0xb6,
    0x40, 0x3f, 0xf8, 0xa0,

    /* U+0526 "Ԧ" */
    0xad, 0x0, 0xff, 0xe8, 0x9d, 0x77, 0xfa, 0xc4,
    0x2, 0x11, 0x45, 0xc2, 0x40, 0x4, 0x56, 0xc8,
    0xe8, 0x80, 0xf, 0xc2, 0x60, 0x1f, 0xfc, 0x83,
    0x10, 0xf, 0x87, 0x12, 0xb4, 0x3, 0x56, 0x80,
    0x7f, 0xf2, 0x80,

    /* U+0527 "ԧ" */
    0x10, 0xf, 0xb2, 0x80, 0x3f, 0xf8, 0x66, 0x1,
    0xf1, 0xcf, 0xf4, 0x80, 0x4a, 0x74, 0xcd, 0x0,
    0xa, 0x96, 0xb, 0xc0, 0xe, 0x1, 0x9, 0x0,
    0x7f, 0xf4, 0xd3, 0xf6, 0x80, 0x2c, 0x80, 0xf,
    0xfe, 0x18, 0x80,

    /* U+0528 "Ԩ" */
    0x0, 0x5e, 0x0, 0x67, 0xf1, 0x0, 0xff, 0xe6,
    0x88, 0xf7, 0x80, 0x71, 0x77, 0x67, 0x0, 0xe2,
    0xbb, 0xcc, 0x1, 0xc2, 0x89, 0xb8, 0x3, 0xff,
    0xbe, 0xfe, 0x20, 0x2c, 0xe0, 0x1f, 0x2f, 0x17,
    0x80, 0x7c, 0xb9, 0xc8, 0x1, 0xf0,

    /* U+0529 "ԩ" */
    0x0, 0x74, 0x80, 0x57, 0x60, 0xf, 0xfe, 0x4b,
    0x7f, 0xc8, 0x1, 0x97, 0x32, 0x30, 0xc, 0x67,
    0x9c, 0x3, 0xff, 0x9d, 0x76, 0x36, 0x1e, 0x0,
    0xeb, 0x94, 0x70, 0xe,

    /* U+052A "Ԫ" */
    0x0, 0x27, 0xff, 0x80, 0x28, 0xf0, 0x8, 0xfd,
    0x80, 0x21, 0x9, 0xaa, 0x20, 0x7, 0xf7, 0x23,
    0x0, 0x46, 0xc, 0xaa, 0x30, 0xf, 0xd2, 0x74,
    0x1, 0xff, 0xc5, 0x46, 0xa1, 0x0, 0xdc, 0x20,
    0x1d, 0xff, 0x38, 0x7d, 0xa2, 0x0, 0x38, 0x48,
    0x3, 0xb3, 0x26, 0xc, 0x74, 0x40, 0x7, 0x23,
    0x0, 0x71, 0x9c, 0x20, 0x70, 0x52, 0x1, 0x8c,
    0xb8, 0x3, 0xff, 0x81, 0xc5, 0x0, 0x4, 0xf0,
    0x15, 0x58, 0xc1, 0x44, 0x3, 0x8d, 0x9c, 0x82,
    0x4c, 0x2a, 0xb2, 0x5, 0x28, 0x7, 0xa0, 0x78,
    0x0, 0xdf, 0xfe, 0xc0, 0xa, 0x3c, 0x2, 0x1e,
    0xc0, 0xf, 0xfe, 0x57, 0x58, 0x7, 0x8e, 0xd4,
    0x3, 0xfc,

    /* U+052B "ԫ" */
    0x0, 0x7f, 0xf2, 0x80, 0x17, 0xc8, 0x1, 0xb4,
    0x1, 0x9e, 0xe8, 0x3, 0xf5, 0x5, 0x0, 0x6c,
    0x44, 0x1, 0x80, 0x73, 0x2f, 0x0, 0x42, 0xe,
    0x1, 0x4f, 0xfa, 0x83, 0x65, 0x4c, 0x2, 0x20,
    0x10, 0xa, 0x33, 0x10, 0x14, 0xca, 0x20, 0x12,
    0x9, 0x0, 0x44, 0x66, 0x20, 0x78, 0x1b, 0x0,
    0x1c, 0xaa, 0x24, 0x1a, 0x20, 0x18, 0x61, 0x50,
    0x34, 0x52, 0xed, 0x40, 0xec, 0x1, 0xcc, 0x72,
    0x0, 0x7f, 0xfe, 0x0, 0x97, 0xc8, 0x1, 0x9a,
    0x1, 0xff, 0xc7, 0xe8, 0x0, 0xef, 0x70, 0xf,
    0xe0,

    /* U+052C "Ԭ" */
    0x6f, 0x10, 0xff, 0xd0, 0x1, 0x84, 0x22, 0x80,
    0x3c, 0xa0, 0xca, 0x1, 0x18, 0x3, 0x4, 0x40,
    0x19, 0x82, 0x51, 0x4, 0xa0, 0x11, 0xb3, 0x9a,
    0xec, 0x80, 0x69, 0x70, 0xdf, 0xc0, 0xe, 0x56,
    0x20, 0xe, 0x58, 0x21, 0x55, 0x80, 0xcd, 0x6e,
    0xf, 0x55, 0x2, 0x40, 0x3f, 0xff, 0x8c, 0x3,
    0xfe, 0x2f, 0x0, 0xf3, 0x8,

    /* U+052D "ԭ" */
    0xaa, 0x6, 0xff, 0xca, 0x1, 0x8a, 0x68, 0x2,
    0x30, 0x10, 0x47, 0x0, 0xb9, 0x1c, 0xe, 0x80,
    0x26, 0x39, 0xe, 0x20, 0x8, 0x70, 0x27, 0xe0,
    0x2, 0x29, 0x2, 0x37, 0x2, 0x1e, 0x70, 0xbc,
    0xa0, 0x87, 0x6, 0xff, 0xe0, 0xf, 0xf9, 0x7c,
    0x3, 0x90, 0x80,

    /* U+052E "Ԯ" */
    0x0, 0x57, 0xff, 0x48, 0x6, 0x2a, 0xa8, 0x3,
    0x85, 0x95, 0x61, 0x0, 0xce, 0x20, 0x1f, 0x84,
    0xc0, 0x3f, 0x18, 0x80, 0x7e, 0x1f, 0x0, 0xf8,
    0x80, 0xc0, 0x3c, 0xfc, 0xa, 0x1, 0x95, 0xa8,
    0xa4, 0x40, 0x31, 0xc6, 0xf3, 0x0, 0x6e, 0x60,
    0xf, 0xfe, 0x3f, 0xa0,

    /* U+052F "ԯ" */
    0x2, 0xff, 0xe3, 0x0, 0x8, 0x4d, 0xc0, 0x6,
    0x70, 0x74, 0x30, 0xf, 0x8, 0x7, 0x84, 0x3,
    0xf1, 0x10, 0x3, 0xcd, 0x4e, 0x1, 0x90, 0x60,
    0x20, 0x3, 0x42, 0xf6, 0x90, 0x1, 0x3c, 0x3,
    0xff, 0x8c, 0xae,

    /* U+1E80 "Ẁ" */
    0x0, 0xc5, 0x6, 0x1, 0xff, 0x10, 0x68, 0x80,
    0x7f, 0xd1, 0x4a, 0x1, 0xff, 0xc0, 0x44, 0x0,
    0x7b, 0x30, 0x1, 0x2f, 0xb8, 0x5, 0x3c, 0x16,
    0x60, 0x17, 0x86, 0x0, 0x48, 0x80, 0x40, 0x40,
    0x2, 0x24, 0x0, 0x12, 0xc0, 0x30, 0xc0, 0x31,
    0x80, 0x50, 0x40, 0x40, 0x2, 0x20, 0x10, 0x4c,
    0xd8, 0x18, 0x44, 0x0, 0x61, 0x85, 0xb8, 0x5b,
    0x82, 0x20, 0x2, 0x50, 0x43, 0xc0, 0x41, 0x42,
    0xc0, 0x8, 0x87, 0xc1, 0x0, 0xc7, 0xc1, 0x0,
    0x32, 0x20, 0xc4, 0x0, 0xe8, 0x42, 0x1, 0xb0,
    0x2c, 0x2, 0xc0, 0x50, 0x8,

    /* U+1E81 "ẁ" */
    0x0, 0x87, 0x70, 0x3, 0xf8, 0x70, 0x20, 0x3,
    0xf8, 0x72, 0x40, 0x3a, 0xf0, 0x0, 0x9f, 0x0,
    0x7, 0xf0, 0xc3, 0x0, 0x68, 0xa0, 0x3, 0x10,
    0x10, 0x10, 0x12, 0x48, 0x80, 0x98, 0x6, 0x38,
    0x44, 0x51, 0x43, 0x4, 0x0, 0x21, 0xa0, 0x93,
    0xe2, 0x1, 0x80, 0x31, 0x71, 0xc3, 0x13, 0x50,
    0x2, 0x41, 0x4c, 0x4, 0x15, 0xd0, 0x8, 0x84,
    0x4a, 0x2, 0x60, 0x80, 0x0,

    /* U+1E82 "Ẃ" */
    0x0, 0xf0, 0xba, 0x80, 0x7f, 0xd7, 0x64, 0x0,
    0xff, 0x16, 0xe0, 0x80, 0x7f, 0x89, 0xc0, 0x3e,
    0xcc, 0x0, 0x4b, 0xee, 0x1, 0x4f, 0x5, 0x98,
    0x5, 0xe1, 0x80, 0x12, 0x20, 0x10, 0x10, 0x0,
    0x89, 0x0, 0x4, 0xb0, 0xc, 0x30, 0xc, 0x60,
    0x14, 0x10, 0x10, 0x0, 0x88, 0x4, 0x13, 0x36,
    0x6, 0x11, 0x0, 0x18, 0x61, 0x6e, 0x16, 0xe0,
    0x88, 0x0, 0x94, 0x10, 0xf0, 0x10, 0x50, 0xb0,
    0x2, 0x21, 0xf0, 0x40, 0x31, 0xf0, 0x40, 0xc,
    0x88, 0x31, 0x0, 0x3a, 0x10, 0x80, 0x6c, 0xb,
    0x0, 0xb0, 0x14, 0x2,

    /* U+1E83 "ẃ" */
    0x0, 0xe2, 0xf9, 0x0, 0xfe, 0xe7, 0x90, 0xf,
    0xed, 0x80, 0xe, 0xbc, 0x0, 0x27, 0x48, 0x1,
    0xfc, 0x30, 0xc0, 0x1a, 0x28, 0x0, 0xc4, 0x4,
    0x4, 0x4, 0x92, 0x20, 0x26, 0x1, 0x8e, 0x11,
    0x14, 0x50, 0xc1, 0x0, 0x8, 0x68, 0x24, 0xf8,
    0x80, 0x60, 0xc, 0x5c, 0x70, 0xc4, 0xd4, 0x0,
    0x90, 0x53, 0x1, 0x5, 0x74, 0x2, 0x21, 0x12,
    0x80, 0x98, 0x20, 0x0,

    /* U+1E84 "Ẅ" */
    0x0, 0xcd, 0x81, 0x50, 0x1, 0xfc, 0x94, 0x1d,
    0x80, 0x1f, 0xc4, 0xc0, 0x88, 0x0, 0xec, 0xc0,
    0x4, 0xbe, 0xe0, 0x14, 0xf0, 0x59, 0x80, 0x5e,
    0x18, 0x1, 0x22, 0x1, 0x1, 0x0, 0x8, 0x90,
    0x0, 0x4b, 0x0, 0xc3, 0x0, 0xc6, 0x1, 0x41,
    0x1, 0x0, 0x8, 0x80, 0x41, 0x33, 0x60, 0x61,
    0x10, 0x1, 0x86, 0x16, 0xe1, 0x6e, 0x8, 0x80,
    0x9, 0x41, 0xf, 0x1, 0x5, 0xb, 0x0, 0x22,
    0x1f, 0x4, 0x3, 0x1f, 0x4, 0x0, 0xc8, 0x83,
    0x10, 0x3, 0xa1, 0x8, 0x6, 0xc0, 0xb0, 0xb,
    0x1, 0x40, 0x20,

    /* U+1E85 "ẅ" */
    0x0, 0x93, 0x42, 0x24, 0x3, 0xe6, 0xb0, 0xcd,
    0x0, 0xd7, 0x80, 0x44, 0xfd, 0x40, 0x7f, 0xc,
    0x30, 0x6, 0x8a, 0x0, 0x31, 0x1, 0x1, 0x1,
    0x24, 0x88, 0x9, 0x80, 0x63, 0x84, 0x45, 0x14,
    0x30, 0x40, 0x2, 0x1a, 0x9, 0x3e, 0x20, 0x18,
    0x3, 0x17, 0x1c, 0x31, 0x35, 0x0, 0x24, 0x14,
    0xc0, 0x41, 0x5d, 0x0, 0x88, 0x44, 0xa0, 0x26,
    0x8, 0x0,

    /* U+1E9E "ẞ" */
    0x3, 0xbe, 0xfc, 0x40, 0x1, 0x63, 0x4c, 0x82,
    0xcc, 0x2c, 0x31, 0xda, 0x41, 0x40, 0x8c, 0x41,
    0xaa, 0x58, 0x1c, 0x2, 0x90, 0xb6, 0x0, 0xed,
    0xc7, 0x95, 0x0, 0xc4, 0x74, 0x38, 0x1, 0xf0,
    0x80, 0x4d, 0xa, 0xab, 0xd, 0x0, 0x2a, 0x55,
    0x1e, 0x90,

    /* U+1EF2 "Ỳ" */
    0x0, 0x2b, 0x80, 0x7c, 0x95, 0x40, 0xf, 0xe,
    0xe8, 0x40, 0x3e, 0x71, 0x0, 0xaf, 0x80, 0x35,
    0xe8, 0x40, 0xb0, 0x0, 0xd2, 0x0, 0xd6, 0x0,
    0x10, 0x6a, 0x0, 0x81, 0x63, 0x48, 0x0, 0x89,
    0xae, 0x11, 0x0, 0x1a, 0x9, 0x20, 0x3, 0x85,
    0x8, 0xc0, 0x3f, 0xfa, 0x40,

    /* U+1EF3 "ỳ" */
    0x0, 0x6e, 0x80, 0x3d, 0x83, 0x0, 0x1c, 0x39,
    0x20, 0x16, 0x60, 0x0, 0x2b, 0xe7, 0x46, 0x40,
    0xe, 0x23, 0x60, 0x50, 0x14, 0xa0, 0x3, 0x50,
    0x38, 0x30, 0x2, 0x88, 0xf5, 0x4, 0x0, 0x66,
    0xa4, 0xe0, 0xd, 0x4c, 0x2a, 0x1, 0x9c, 0x1c,
    0x3, 0x90, 0x28, 0x2, 0x35, 0xb4, 0x30, 0xa,
    0x29, 0x68, 0x3, 0x0,

    /* U+2010 "‐" */
    0x1, 0x19, 0xfb, 0xa5, 0xbb, 0x80,

    /* U+2011 "‑" */
    0x1, 0x19, 0xfb, 0xa5, 0xbb, 0x80,

    /* U+2012 "‒" */
    0x0, 0xfc, 0xff, 0xfe, 0x76, 0xcc, 0xf3, 0x0,

    /* U+2013 "–" */
    0x0, 0xf9, 0xff, 0xf9, 0xdb, 0x33, 0x98,

    /* U+2014 "—" */
    0x0, 0xff, 0xe1, 0x3f, 0xff, 0xff, 0x1, 0xdb,
    0x33, 0xff, 0x80, 0xc0,

    /* U+2015 "―" */
    0x0, 0xff, 0xe1, 0x3f, 0xff, 0xff, 0x1, 0xdb,
    0x33, 0xff, 0x80, 0xc0,

    /* U+2016 "‖" */
    0x5d, 0x1, 0xf1, 0x0, 0xff, 0xff, 0x80, 0x40,

    /* U+2017 "‗" */
    0xf, 0xfe, 0xb0, 0xff, 0xeb, 0xf, 0xfe, 0xb0,

    /* U+2018 "‘" */
    0xd, 0x53, 0x24, 0xb1, 0x17, 0xc8, 0x0,

    /* U+2019 "’" */
    0x3f, 0x55, 0x2, 0xfa, 0x87, 0x48, 0x0,

    /* U+201A "‚" */
    0x8, 0x51, 0x73, 0x50, 0x73, 0x41,

    /* U+201B "‛" */
    0xbd, 0xd, 0x20, 0x70, 0x31, 0x90,

    /* U+201C "“" */
    0xd, 0x51, 0xf1, 0x32, 0x46, 0x11, 0x58, 0x8a,
    0xd4, 0x3e, 0x41, 0x78, 0x0,

    /* U+201D "”" */
    0x3f, 0x57, 0xf1, 0x50, 0x5d, 0x31, 0xf5, 0x7,
    0xa0, 0xe9, 0x4, 0x70,

    /* U+201E "„" */
    0x8, 0x51, 0x93, 0x17, 0x35, 0x60, 0x50, 0x73,
    0x23, 0x32, 0xe, 0x50, 0x0,

    /* U+201F "‟" */
    0xbd, 0xf, 0x90, 0xd2, 0x5, 0x50, 0x38, 0x1f,
    0x18, 0xc, 0x82, 0x38, 0x80,

    /* U+2020 "†" */
    0x0, 0x1f, 0x98, 0x6, 0x20, 0x20, 0x8, 0xc0,
    0x23, 0x12, 0xce, 0xe, 0xc5, 0x2e, 0xf1, 0xfe,
    0x40, 0x10, 0x10, 0x10, 0xe, 0x10, 0xc, 0x20,
    0x60, 0x18, 0xc0, 0x3f, 0x8, 0x6, 0x10, 0x70,
    0x0,

    /* U+2021 "‡" */
    0x0, 0x17, 0xa0, 0x6, 0x20, 0x60, 0x0, 0xbb,
    0xa, 0x39, 0x9a, 0xf0, 0x72, 0xdc, 0xb2, 0x82,
    0x31, 0x0, 0x2, 0xc, 0x1, 0x84, 0x18, 0x0,
    0x59, 0x41, 0x16, 0x87, 0x78, 0x39, 0x87, 0x17,
    0x61, 0x47, 0x30, 0x1, 0x3, 0x0, 0x0,

    /* U+2022 "•" */
    0x6, 0xd9, 0x0, 0x49, 0x31, 0x80, 0x7a, 0x1,
    0xc,

    /* U+2023 "‣" */
    0x15, 0x0, 0xd5, 0x86, 0x1, 0x1e, 0x28, 0x0,
    0xa9, 0x41, 0xf5, 0x40,

    /* U+2024 "․" */
    0x0, 0x97, 0xd4, 0x46,

    /* U+2025 "‥" */
    0x0, 0xfd, 0xd6, 0x3, 0xf2, 0x6, 0x20, 0x1,
    0x10,

    /* U+2026 "…" */
    0x0, 0xff, 0xe0, 0x75, 0x81, 0x7b, 0x83, 0x7a,
    0x1, 0x88, 0x0, 0x44, 0x6, 0x2e,

    /* U+2027 "‧" */
    0x0, 0xdd, 0x60, 0x62,

    /* U+2030 "‰" */
    0x8, 0xec, 0x20, 0x1, 0x78, 0x80, 0x7c, 0x4f,
    0xad, 0x0, 0x9, 0x71, 0x0, 0xf9, 0xc8, 0xfd,
    0xc1, 0x16, 0x0, 0x3f, 0xf8, 0x53, 0x0, 0x1f,
    0xce, 0x43, 0x8c, 0xc0, 0x5c, 0xd5, 0x3, 0xcd,
    0x50, 0x26, 0xe7, 0xf8, 0x98, 0x49, 0xa1, 0xf4,
    0x9a, 0x0, 0x4f, 0xf6, 0x12, 0x22, 0xd0, 0x54,
    0xed, 0x0, 0xc0, 0x21, 0x7f, 0x0, 0xff, 0xe1,
    0x42, 0x98, 0x22, 0x8, 0x54, 0xd4, 0x80, 0x80,
    0x4, 0xd6, 0x0, 0x8a, 0xc9, 0x1f, 0xbc, 0x91,

    /* U+2039 "‹" */
    0x0, 0x3d, 0x0, 0x12, 0x3c, 0x6, 0x99, 0x40,
    0x87, 0xc0, 0x7, 0x32, 0x30, 0x3, 0x2f, 0x80,
    0x55, 0x80,

    /* U+203A "›" */
    0x2c, 0x10, 0x1, 0x6, 0x80, 0x5a, 0x52, 0x0,
    0x12, 0x50, 0x4, 0x96, 0x81, 0xb6, 0x88, 0x1f,
    0x18, 0x0,

    /* U+20A4 "₤" */
    0x0, 0x26, 0x7f, 0x58, 0x80, 0x2c, 0x2a, 0xf0,
    0x40, 0x82, 0x55, 0x4e, 0xf, 0x81, 0x5d, 0xc0,
    0x3, 0xe8, 0x4f, 0xf8, 0x2, 0x10, 0x31, 0x10,
    0x1, 0xf4, 0x2b, 0xfc, 0x0, 0x7a, 0xb, 0xdd,
    0x0, 0xe, 0x48, 0x88, 0x86, 0x3b, 0x32, 0x99,
    0xd4,

    /* U+20A5 "₥" */
    0x0, 0xf9, 0xc4, 0x3, 0xf9, 0x28, 0x40, 0x2d,
    0x7a, 0xfe, 0x7f, 0x3f, 0xd4, 0x0, 0x41, 0xd2,
    0xc2, 0x4d, 0x5, 0x0, 0xa, 0x56, 0x41, 0x9d,
    0x6c, 0x44, 0xe, 0x1, 0xbc, 0x0, 0x60, 0x60,
    0x1a, 0x80, 0x3f, 0xe7, 0x0, 0xff, 0x3a, 0x0,
    0x7f, 0xa7, 0xc0, 0x3e, 0xda, 0x65, 0x4f, 0x60,
    0x2, 0xf9, 0x0, 0xe, 0x0, 0x3f, 0x0,

    /* U+20A6 "₦" */
    0xd, 0xf1, 0x6, 0xd0, 0x8, 0x58, 0x3, 0xcf,
    0x40, 0x1b, 0x49, 0x8b, 0xe4, 0xb7, 0x45, 0x4c,
    0xca, 0x2d, 0xd1, 0x53, 0x32, 0x8b, 0x74, 0x53,
    0xe2, 0xc5, 0xa0, 0x19, 0xd0, 0x3, 0xda, 0x40,
    0x1e, 0x40, 0x8,

    /* U+20A7 "₧" */
    0xff, 0xb5, 0x80, 0x3c, 0xb4, 0xd2, 0x80, 0x1c,
    0x4b, 0x63, 0xc1, 0xc2, 0x1, 0xc6, 0x4, 0x20,
    0x18, 0x9c, 0x8f, 0x3, 0xa8, 0x1f, 0x61, 0xa2,
    0x1, 0x96, 0xb, 0x9f, 0x22, 0x40, 0x42, 0x4,
    0x60, 0x1f, 0xfc, 0x17, 0x5, 0x10, 0xf, 0x1a,
    0xde, 0x80,

    /* U+20A8 "₨" */
    0xdf, 0xf6, 0xa0, 0x7, 0xc9, 0x4d, 0x62, 0x1,
    0xe3, 0x59, 0x4, 0x2c, 0xfd, 0x30, 0x8, 0xc0,
    0x12, 0x16, 0x84, 0x2, 0x29, 0x4, 0x77, 0x24,
    0x88, 0x37, 0x3d, 0xd, 0x26, 0x10, 0x1, 0x64,
    0x4, 0x1a, 0xcb, 0x48, 0x9, 0x8f, 0xc0, 0x9,
    0xe0, 0x80, 0x14, 0xa1, 0xa8, 0x90, 0x18, 0x4,
    0xa5, 0x13, 0xda, 0xca,

    /* U+20A9 "₩" */
    0xaa, 0x0, 0x3e, 0x80, 0x1e, 0x9a, 0xc0, 0x42,
    0xe0, 0x20, 0xa6, 0x60, 0x44, 0x10, 0xa8, 0xa,
    0x81, 0x7e, 0x9a, 0x99, 0x83, 0x3, 0x5a, 0xe,
    0xe0, 0xdf, 0x4e, 0x47, 0x61, 0x92, 0x5c, 0x17,
    0xc4, 0x8c, 0x98, 0x80, 0x1c, 0x84, 0xc, 0xa4,
    0xa0, 0x3, 0x27, 0x2, 0x10, 0x10, 0x2, 0x81,
    0x0, 0x8, 0xc0, 0x0,

    /* U+20AA "₪" */
    0xdf, 0xfb, 0xa0, 0x1, 0xb0, 0xd, 0xb9, 0xe,
    0xc0, 0x18, 0x43, 0x15, 0x5a, 0x1, 0xf8, 0x98,
    0x3, 0xff, 0xb5, 0x5c, 0x5, 0xc0, 0x19, 0x80,
    0x14, 0x8, 0x1, 0xab, 0x71, 0xac, 0x80,

    /* U+20AB "₫" */
    0x0, 0xf7, 0xc0, 0x6, 0xaf, 0xf0, 0x3c, 0x0,
    0x57, 0xba, 0x6, 0x90, 0x1a, 0xfc, 0x71, 0x18,
    0x29, 0x66, 0xe4, 0x40, 0x2, 0x8c, 0xeb, 0xc0,
    0x11, 0x7, 0x80, 0x8, 0x3, 0x8c, 0x2, 0x10,
    0x1, 0x6, 0x0, 0x4, 0x40, 0x1, 0x46, 0x75,
    0xa0, 0xd, 0x4b, 0x17, 0xe6, 0x1, 0xd, 0x7f,
    0x26, 0x40, 0x1, 0x7f, 0xfa, 0xc0,

    /* U+20AC "€" */
    0x0, 0xc, 0xf7, 0xeb, 0x0, 0x31, 0xe6, 0xa8,
    0x60, 0xc5, 0x8e, 0xae, 0xb3, 0x20, 0xce, 0xe0,
    0x84, 0x21, 0xff, 0xc2, 0x10, 0x87, 0xfe, 0xb0,
    0x4, 0x38, 0x67, 0xd8, 0x0, 0x68, 0x14, 0x44,
    0x1, 0x13, 0x44, 0xab, 0xb0, 0x2, 0x5d, 0xd5,
    0x43,

    /* U+20AD "₭" */
    0xb, 0xc0, 0x1, 0x7b, 0x80, 0x7b, 0xd5, 0xc0,
    0x3a, 0xc6, 0x80, 0x3a, 0x17, 0x40, 0x2c, 0x43,
    0x71, 0xef, 0x30, 0xd4, 0x7, 0xa, 0xd3, 0x1,
    0x3, 0x84, 0x92, 0x0, 0xf4, 0x9b, 0x80, 0x78,
    0x9e, 0x4, 0x3, 0xd0, 0x34, 0x0,

    /* U+20AE "₮" */
    0xbf, 0xff, 0x5f, 0xd5, 0x8, 0x95, 0x4f, 0x45,
    0x53, 0xb, 0x82, 0x0, 0x62, 0xf1, 0x0, 0x8d,
    0x4f, 0x10, 0x0, 0xdc, 0x61, 0x72, 0x0, 0x4d,
    0x12, 0xd9, 0x0, 0x1d, 0x99, 0x9c, 0x2, 0x6d,
    0x40, 0xe, 0x76, 0x0, 0xe0,

    /* U+20AF "₯" */
    0x5c, 0xef, 0xd8, 0x10, 0xf, 0x85, 0x2e, 0x95,
    0xfc, 0x40, 0x3c, 0x91, 0x3b, 0x1a, 0x30, 0x1,
    0xf0, 0x9f, 0x1, 0x2a, 0x0, 0x7c, 0xa0, 0x80,
    0x3, 0x30, 0x7, 0xc6, 0x4, 0x0, 0x23, 0x7,
    0xde, 0x70, 0x6, 0x20, 0x0, 0x51, 0x55, 0x13,
    0x10, 0x20, 0x53, 0x0, 0x58, 0x57, 0x2a, 0x38,
    0x8, 0xc0, 0xfa, 0xb4, 0x48, 0x0, 0x91, 0x34,
    0x7, 0xa4, 0xd5, 0x20, 0x7f, 0x5d, 0x5, 0xff,
    0x6c, 0x90, 0x20, 0x6f, 0xe9, 0x80, 0x7e, 0xf3,
    0x0, 0xff, 0xe0, 0x2a, 0x0, 0x70,

    /* U+20B0 "₰" */
    0x0, 0x8b, 0x7e, 0x40, 0x34, 0x8d, 0x31, 0x80,
    0x4c, 0x8a, 0xe, 0x1, 0x31, 0x10, 0x18, 0x2,
    0xc4, 0x41, 0x90, 0x4, 0xc3, 0x30, 0x1, 0x18,
    0xa0, 0x20, 0x1, 0xf9, 0x14, 0x14, 0x6, 0x6,
    0xec, 0x92, 0x10, 0xdc, 0x8b, 0xe6, 0x53, 0x22,
    0xb0, 0x50, 0x70, 0xc, 0x8e, 0x2, 0x1, 0xa6,
    0x4c, 0x80,

    /* U+20B1 "₱" */
    0xc, 0xff, 0x74, 0x80, 0x64, 0xb9, 0x6a, 0xb,
    0x34, 0x9a, 0x15, 0xbb, 0x1a, 0xee, 0xa0, 0x2e,
    0xc6, 0xbb, 0xa8, 0xb, 0xb1, 0xae, 0xc8, 0xbd,
    0x80, 0x17, 0xed, 0x60, 0x2, 0x4d, 0xfa, 0x0,
    0xc2, 0x40, 0x1f, 0xfc, 0x0,

    /* U+20B2 "₲" */
    0x0, 0xee, 0x20, 0xf, 0x46, 0x8e, 0xea, 0x0,
    0x3, 0xae, 0xe1, 0x84, 0x10, 0x4, 0x15, 0x50,
    0x16, 0x64, 0x0, 0x64, 0x50, 0xf, 0x8, 0x60,
    0x4, 0x23, 0x1, 0x80, 0x76, 0x77, 0x4, 0x83,
    0x40, 0x2a, 0x70, 0x9, 0x14, 0x80, 0xf, 0xc0,
    0x14, 0x6, 0x38, 0x27, 0x80, 0x47, 0x8b, 0x3,
    0x2e, 0xa2, 0x0, 0x3b, 0xf1, 0xde, 0xa0, 0xf,
    0x69, 0x0, 0x40,

    /* U+20B3 "₳" */
    0x0, 0xaf, 0xd4, 0x3, 0x89, 0x1a, 0x40, 0x3a,
    0xca, 0xcc, 0xc0, 0xd, 0xf6, 0x2d, 0xc, 0xf8,
    0xdc, 0xb, 0xf6, 0x1f, 0x80, 0x50, 0x50, 0xf1,
    0x10, 0x6c, 0x87, 0x7c, 0x87, 0x46, 0x4, 0x7f,
    0xc4, 0x90, 0xe0, 0xc0, 0x15, 0x20, 0xd2, 0x8,
    0x4, 0xc0, 0xc0,

    /* U+20B4 "₴" */
    0x7, 0xcf, 0xf6, 0x18, 0x4, 0x93, 0x21, 0xd0,
    0x3, 0xc3, 0x31, 0x44, 0x37, 0xff, 0x38, 0x4e,
    0xf3, 0x91, 0xcf, 0xce, 0xf3, 0x91, 0xcf, 0xcc,
    0x83, 0x3f, 0xf4, 0xb8, 0x38, 0x7, 0x18, 0xd3,
    0x32, 0x34, 0x1, 0xab, 0x12, 0xa8, 0x0,

    /* U+20B5 "₵" */
    0x0, 0xef, 0x0, 0xe1, 0x9e, 0xe, 0xb2, 0x1,
    0xc7, 0x90, 0xb1, 0x20, 0x82, 0xc7, 0x5, 0xa0,
    0x3, 0x29, 0x0, 0x70, 0x86, 0x80, 0x7f, 0xf0,
    0xc4, 0x34, 0x3, 0xe4, 0x52, 0x0, 0xf4, 0x6,
    0x40, 0x34, 0x80, 0xf, 0x15, 0xc2, 0x54, 0x2,
    0x3b, 0xf0, 0xfc, 0x0, 0xf6, 0x0, 0x40,

    /* U+20B6 "₶" */
    0x2, 0xa0, 0x4, 0x98, 0x4, 0xae, 0x0, 0x67,
    0x0, 0x3c, 0x17, 0xf8, 0x2f, 0xd9, 0x50, 0xb2,
    0x42, 0x71, 0xc8, 0x40, 0xd4, 0x8, 0xc4, 0x3,
    0xff, 0xa6, 0x41, 0xc8, 0x60, 0x18, 0x61, 0x2d,
    0x40,

    /* U+20B7 "₷" */
    0x0, 0xcf, 0xbf, 0xd4, 0x40, 0x13, 0x42, 0x54,
    0x81, 0x80, 0x58, 0x52, 0xaf, 0x42, 0x1, 0x11,
    0xc, 0x3, 0xe8, 0x5c, 0xb4, 0x0, 0xf5, 0x60,
    0xdd, 0x81, 0x6d, 0xed, 0xe4, 0x2d, 0x1b, 0xcf,
    0xaa, 0x28, 0x1c, 0xba, 0x58, 0x0, 0x40, 0x72,
    0x56, 0x70, 0xb8, 0x5c, 0xcc, 0xb3, 0x0, 0x56,
    0x97, 0x34, 0x20, 0x0,

    /* U+20B8 "₸" */
    0xcf, 0xff, 0x44, 0x2a, 0xbe, 0x8a, 0xaf, 0xa2,
    0xa8, 0x27, 0x55, 0x22, 0xa8, 0x19, 0x54, 0x40,
    0x1f, 0xfd, 0xc0,

    /* U+20B9 "₹" */
    0xef, 0xfe, 0xee, 0x21, 0x7f, 0xa6, 0xdc, 0xae,
    0xb7, 0x90, 0x37, 0x80, 0x98, 0xd9, 0x26, 0x21,
    0x80, 0x8, 0x15, 0x0, 0x94, 0xf8, 0x3, 0x79,
    0x38, 0x4, 0x6b, 0x4, 0x0,

    /* U+20BA "₺" */
    0x5, 0xf2, 0x0, 0xf9, 0xa2, 0x80, 0x5, 0x81,
    0x3f, 0x0, 0xb, 0x20, 0x9f, 0x80, 0x5, 0x90,
    0x4f, 0xc0, 0x2, 0xc8, 0x3d, 0xcb, 0x62, 0x78,
    0x3, 0x17, 0x0, 0x73, 0x83, 0x80, 0x4b, 0x31,
    0x1, 0x1, 0x8, 0x5a, 0x70,

    /* U+20BB "₻" */
    0x5d, 0xe6, 0x0, 0xfa, 0x63, 0x24, 0x3, 0xeb,
    0xad, 0xf, 0xfd, 0xd0, 0xf, 0xb2, 0x15, 0x5a,
    0x15, 0xc0, 0x9c, 0x15, 0x95, 0xdb, 0xb0, 0x0,
    0x21, 0x19, 0x5a, 0xe0, 0x1e, 0x2e, 0x6c, 0xee,
    0x78, 0x3, 0x4, 0x87, 0xe, 0x75, 0x0, 0x1f,
    0xaf, 0x2c, 0xd0, 0x6, 0x33, 0x5a, 0xcc, 0xbc,
    0x0,

    /* U+20BC "₼" */
    0x0, 0xef, 0x80, 0xf, 0xfe, 0x82, 0x5f, 0x3,
    0xec, 0x88, 0x1, 0x6d, 0xe0, 0x15, 0x4d, 0x80,
    0x8, 0x4c, 0x60, 0x28, 0xc2, 0x61, 0x2d, 0x0,
    0xe3, 0x2c, 0x30, 0x20, 0x0, 0xf8, 0x1, 0x84,
    0x40, 0x1b, 0x9c, 0x2, 0x70, 0xf, 0xf8,

    /* U+20BD "₽" */
    0xa, 0xff, 0xb5, 0x80, 0x21, 0xaa, 0x34, 0xa8,
    0x0, 0xd5, 0x56, 0x3e, 0x1, 0xe3, 0x0, 0xe2,
    0x82, 0xcd, 0x52, 0xfd, 0x76, 0x67, 0x20, 0xe6,
    0x3e, 0x43, 0x90, 0x73, 0x2, 0x0, 0xc4, 0x2d,
    0xd0, 0x80, 0x4, 0x40, 0x44, 0x0, 0x80,

    /* U+20BE "₾" */
    0x0, 0xde, 0x1e, 0x1, 0xe2, 0x90, 0xf0, 0x81,
    0x0, 0x8b, 0x10, 0x30, 0x17, 0x4, 0x1, 0x1,
    0x80, 0x61, 0x85, 0x20, 0x5, 0x71, 0x0, 0x85,
    0x54, 0x2, 0x1c, 0x1, 0xc4, 0x40, 0x10, 0xf0,
    0xd0, 0xd0, 0x9d, 0x0, 0x19, 0x80, 0x80, 0x80,
    0x48, 0x1, 0x8, 0x80, 0xf, 0xca, 0xd7, 0x2a,
    0xb8, 0x80, 0xc, 0xc0, 0x6a, 0xac, 0xa0,

    /* U+20BF "₿" */
    0x5, 0x97, 0x70, 0x7, 0xf5, 0x51, 0xa2, 0x90,
    0x0, 0x35, 0x21, 0x62, 0x6, 0xad, 0x0, 0x40,
    0x10, 0xf8, 0x98, 0x17, 0xf2, 0xd0, 0x0, 0x72,
    0xce, 0x88, 0xc, 0xc9, 0xc2, 0xa0, 0x18, 0x40,
    0x23, 0x55, 0x78, 0x28, 0xd, 0x50, 0x6c, 0xaa,
    0x8d, 0x14, 0x80, 0x7, 0xd4, 0x40, 0x0,

    /* U+2116 "№" */
    0xef, 0x10, 0x0, 0xfa, 0x0, 0x7d, 0x20, 0x1f,
    0xf2, 0x38, 0x80, 0x7f, 0xb8, 0xa0, 0x3, 0x9e,
    0x98, 0x0, 0x70, 0xc4, 0x1, 0x3e, 0x76, 0xb8,
    0x1, 0x4e, 0x4, 0x1, 0x9c, 0x9d, 0x80, 0x14,
    0x29, 0x80, 0x4, 0x80, 0x84, 0x2, 0x44, 0x78,
    0x2, 0x2b, 0x2a, 0x0, 0x34, 0x18, 0x0, 0xb3,
    0xb0, 0x80, 0x31, 0xa8, 0x2, 0x3b, 0x79, 0xc0,

    /* U+2122 "™" */
    0x9d, 0xeb, 0x7f, 0x10, 0x9e, 0x98, 0x6b, 0x2,
    0x70, 0x53, 0x0, 0xe5, 0xa4, 0xb3, 0x0, 0xee,
    0x78, 0x60, 0xb, 0xc0, 0x43, 0x98, 0x4c,

    /* U+F001 "" */
    0x0, 0xff, 0xe6, 0x93, 0xdf, 0xd8, 0x7, 0xc9,
    0x3b, 0xa8, 0x40, 0x60, 0xc, 0x75, 0xf6, 0xc4,
    0x1, 0xfd, 0x2a, 0x1, 0xe2, 0x0, 0xff, 0x92,
    0x7b, 0x44, 0x3, 0xe6, 0xbf, 0xb6, 0x10, 0xf,
    0xe8, 0x40, 0xf, 0xfe, 0xaa, 0x28, 0x80, 0x7f,
    0x87, 0xae, 0x80, 0x21, 0x79, 0x70, 0xc, 0x82,
    0x1, 0x8, 0x7c, 0x31, 0x0, 0x65, 0x50, 0x0,
    0xbc, 0x44, 0x1, 0x8, 0x80, 0x2a, 0xfe, 0xd3,
    0x1c, 0x42, 0x5d, 0x0, 0xf0, 0x80, 0x0,

    /* U+F005 "" */
    0x0, 0xf8, 0x84, 0x3, 0xff, 0x82, 0x3b, 0xa0,
    0xf, 0xfe, 0xc, 0x81, 0xa0, 0x7, 0xfc, 0x2e,
    0x0, 0x80, 0xf, 0xfa, 0x40, 0x23, 0x50, 0xe,
    0x19, 0xbe, 0xf7, 0x0, 0xd5, 0xfb, 0x6e, 0x8,
    0xc8, 0x20, 0x1f, 0x89, 0x20, 0x55, 0x80, 0x3f,
    0xf8, 0x14, 0x21, 0x2e, 0x1, 0xfe, 0xa5, 0x0,
    0xa1, 0x80, 0x3f, 0x52, 0x80, 0x77, 0x80, 0x7e,
    0x70, 0xf, 0x78, 0x7, 0xe7, 0x0, 0xf2, 0x80,
    0x42, 0x1, 0xb4, 0x3, 0xc4, 0x0, 0x8e, 0xd5,
    0x0, 0x10, 0x7, 0x99, 0xf9, 0xc0, 0xab, 0x5b,
    0xc0, 0x20,

    /* U+F008 "" */
    0x50, 0x18, 0x8f, 0xc8, 0xb, 0x55, 0x3a, 0xaf,
    0x9e, 0x6a, 0x83, 0xd8, 0x19, 0xbb, 0xc6, 0xfc,
    0x20, 0x86, 0x1, 0xf8, 0x90, 0x7, 0xa8, 0x3,
    0xf3, 0xf0, 0x8b, 0xb4, 0x3f, 0xbb, 0x8d, 0xf8,
    0x44, 0xd6, 0x13, 0x11, 0xc2, 0x6c, 0x21, 0xc4,
    0xc, 0xde, 0x27, 0xe0, 0x18, 0x90, 0xf, 0xc9,
    0x2, 0x2c, 0xe0, 0x75, 0x5e, 0x26, 0xc1, 0x3e,
    0x80, 0x9a, 0xae, 0x17, 0xe3,

    /* U+F00B "" */
    0x57, 0x72, 0x82, 0xbb, 0xfc, 0xb5, 0x10, 0xa1,
    0xa8, 0x8f, 0xa8, 0x3, 0x18, 0x7, 0xf0, 0x80,
    0x44, 0x20, 0x1f, 0xf, 0x75, 0xe1, 0xdd, 0xff,
    0xc1, 0xe, 0xef, 0xe1, 0x0, 0x9, 0x8, 0x7,
    0xc2, 0x1, 0x8c, 0x3, 0xfa, 0x5d, 0xd0, 0x30,
    0xef, 0xf4, 0x80, 0x7f, 0xf0, 0xa5, 0xdd, 0x3,
    0xe, 0xff, 0x48, 0x6, 0x30, 0xf, 0xe2, 0x0,
    0x11, 0x40, 0x1f, 0x10,

    /* U+F00C "" */
    0x0, 0xff, 0x85, 0x40, 0x3f, 0xe1, 0xca, 0x80,
    0xf, 0xe1, 0xc2, 0x5, 0x0, 0xfc, 0x38, 0x40,
    0x3e, 0x5a, 0xc0, 0x18, 0x70, 0x80, 0x70, 0xbc,
    0xa5, 0x80, 0x3, 0x84, 0x3, 0x84, 0xa, 0x0,
    0x96, 0x1c, 0x20, 0x1c, 0x20, 0x4, 0x38, 0x2,
    0x7c, 0x80, 0x70, 0x80, 0x34, 0x38, 0x0, 0x40,
    0x70, 0x80, 0x3d, 0xe, 0x0, 0x1c, 0x20, 0xf,
    0xd1, 0x2, 0xc2, 0x0, 0xf0,

    /* U+F00D "" */
    0x0, 0xff, 0x3f, 0xb0, 0x6, 0xbe, 0x29, 0x9,
    0x60, 0x5, 0xa0, 0xd5, 0x0, 0x12, 0xd6, 0x80,
    0x52, 0x96, 0x0, 0x94, 0x2, 0xc1, 0x4, 0xa0,
    0x8, 0x70, 0x40, 0x2e, 0x0, 0x85, 0xc0, 0x2b,
    0x40, 0x20, 0x4, 0xb0, 0x5a, 0x1, 0x65, 0x80,
    0x25, 0x5c, 0xb, 0x5, 0x2c, 0x0, 0x7b, 0x18,
    0x20, 0x4, 0xc9, 0x60,

    /* U+F011 "" */
    0x0, 0xf0, 0x88, 0x3, 0xff, 0x81, 0xdc, 0x0,
    0xfc, 0xde, 0x42, 0x0, 0x12, 0xf7, 0x0, 0x9a,
    0x41, 0x0, 0x32, 0x4, 0x30, 0xc, 0x83, 0x30,
    0x3, 0x33, 0x2, 0x45, 0xc0, 0x64, 0x3, 0xd2,
    0x20, 0xf8, 0xc, 0x1, 0xf9, 0x83, 0x18, 0x38,
    0x3, 0xf7, 0x3, 0x30, 0x38, 0x0, 0x2a, 0xa1,
    0x0, 0x70, 0x3e, 0x82, 0x80, 0x55, 0x40, 0x9,
    0x43, 0x18, 0xa, 0x0, 0x3d, 0x4, 0xc, 0x30,
    0xf, 0x22, 0x0, 0x2a, 0x70, 0x81, 0x7, 0x60,
    0x6e, 0xeb, 0x54, 0x19, 0xc0, 0x29, 0xa3, 0x1,
    0x10, 0x15, 0x48, 0x7, 0x2e, 0x6d, 0xdb, 0x74,
    0xa0, 0x10,

    /* U+F013 "" */
    0x0, 0xff, 0xe3, 0xd7, 0xfa, 0x80, 0x3f, 0xcc,
    0x0, 0x60, 0xf, 0x1e, 0xb6, 0x98, 0x0, 0xf5,
    0xb4, 0xc0, 0x1a, 0x52, 0x40, 0x18, 0xa4, 0xb4,
    0x14, 0x40, 0x32, 0xa8, 0x3, 0xa, 0xa2, 0x80,
    0x57, 0x54, 0xb0, 0x9, 0x50, 0x64, 0x0, 0x48,
    0x0, 0x42, 0x0, 0x48, 0x83, 0x80, 0x8, 0x3,
    0x10, 0x1, 0xc1, 0x2c, 0x2, 0xb2, 0x25, 0x80,
    0x56, 0x8c, 0x1, 0x93, 0x74, 0x80, 0x19, 0x89,
    0x80, 0x40, 0x3c, 0x20, 0xc4, 0x13, 0x5d, 0x42,
    0x0, 0x1a, 0xea, 0x90, 0x9, 0x41, 0x48, 0x0,
    0x4a, 0xa, 0x1, 0xf4, 0x46, 0x0, 0xe0,

    /* U+F015 "" */
    0x0, 0xf8, 0xc4, 0x0, 0x68, 0x20, 0x1f, 0xa7,
    0x39, 0x43, 0xad, 0x0, 0x3c, 0x36, 0xc4, 0x15,
    0x0, 0x1f, 0x8b, 0x11, 0x19, 0xa4, 0xe4, 0x1,
    0xe4, 0xd2, 0x78, 0xfe, 0xf4, 0x0, 0xf3, 0xd8,
    0x56, 0xe0, 0x9e, 0x43, 0x5, 0xa0, 0x4c, 0xe,
    0x6d, 0x0, 0x43, 0x98, 0x91, 0xb6, 0x33, 0x64,
    0xb8, 0x7, 0xa8, 0x70, 0x42, 0xb1, 0xd4, 0x3,
    0xf4, 0x17, 0x30, 0x0, 0xc0, 0x22, 0x88, 0x0,
    0x63, 0x0, 0xfc, 0x8e, 0xe2, 0x0, 0xff, 0xe6,
    0x10, 0x5, 0xc0, 0x6, 0x0, 0x9, 0x80, 0x0,

    /* U+F019 "" */
    0x0, 0xf1, 0x98, 0x3, 0xfe, 0xbc, 0xc5, 0x80,
    0x7f, 0x9c, 0x0, 0xe0, 0x1f, 0xfe, 0x58, 0xff,
    0x18, 0x0, 0xff, 0xd0, 0x1, 0xa8, 0x40, 0x3c,
    0x34, 0x1, 0x8b, 0x4, 0x3, 0xe, 0x10, 0x7,
    0x16, 0x10, 0x0, 0x70, 0x80, 0x27, 0x99, 0xab,
    0xc8, 0x72, 0xa6, 0x67, 0x86, 0x69, 0xe7, 0xf2,
    0x5d, 0x9a, 0x80, 0xe, 0x4d, 0xd2, 0x0, 0x7f,
    0xf0, 0x95, 0x30, 0xc1, 0x4c, 0xff, 0x33, 0xf8,
    0x28,

    /* U+F01C "" */
    0x0, 0x9a, 0xef, 0xea, 0x30, 0xe, 0x49, 0x44,
    0xf9, 0x74, 0x40, 0x35, 0x6, 0x7f, 0xfa, 0x46,
    0x80, 0x29, 0x17, 0x30, 0xf, 0x31, 0xa2, 0x82,
    0x31, 0x40, 0x7, 0xee, 0xb, 0x19, 0x5, 0x44,
    0x10, 0x6, 0x34, 0x64, 0x18, 0x20, 0x7b, 0xb7,
    0x80, 0x43, 0x97, 0x64, 0x2, 0x0, 0xe2, 0x98,
    0x85, 0x0, 0x73, 0x80, 0x79, 0x9d, 0xc8, 0x1,
    0xff, 0xc9, 0x76, 0x0, 0xff, 0xe1, 0x68,

    /* U+F021 "" */
    0x0, 0xff, 0xe0, 0x19, 0x80, 0x21, 0x8d, 0xff,
    0x63, 0x0, 0x37, 0x0, 0x9, 0xee, 0x40, 0x3,
    0x9e, 0x43, 0x0, 0x25, 0x8a, 0x67, 0xfa, 0xcc,
    0x6c, 0x80, 0x14, 0xd, 0x66, 0x0, 0x4c, 0x70,
    0x9, 0x84, 0xe4, 0x2, 0x1f, 0xf3, 0x80, 0x5c,
    0x32, 0x1, 0xc4, 0x23, 0x8a, 0x39, 0x40, 0x30,
    0xef, 0x76, 0xd2, 0x2f, 0x0, 0x78, 0x87, 0x77,
    0xc2, 0x1, 0xa3, 0x64, 0x2, 0x44, 0x18, 0x6,
    0x16, 0xc, 0x0, 0x9e, 0xb0, 0x40, 0x3, 0x82,
    0x68, 0x2, 0x23, 0xf8, 0x44, 0x47, 0x90, 0xe8,
    0x5, 0xea, 0x2f, 0x76, 0x71, 0x3f, 0x10, 0x1,
    0x8d, 0x6b, 0xa2, 0x1a, 0xf0, 0x40, 0x0,

    /* U+F026 "" */
    0x0, 0xe2, 0x70, 0xc, 0x59, 0x0, 0x11, 0x60,
    0x86, 0xff, 0xb4, 0x40, 0x4, 0x1, 0xff, 0xcf,
    0xcb, 0xb4, 0x0, 0x46, 0x88, 0x7a, 0x0, 0xf2,
    0xd1, 0x80, 0x72, 0xe0,

    /* U+F027 "" */
    0x0, 0xe2, 0x70, 0xf, 0xc5, 0x90, 0x1, 0xf1,
    0x60, 0x80, 0x76, 0xff, 0xb4, 0x40, 0x22, 0x20,
    0x10, 0x7, 0xd5, 0x82, 0x1, 0xfa, 0x1, 0x80,
    0x3f, 0x18, 0x90, 0x7, 0xeb, 0x65, 0xcb, 0xb4,
    0x0, 0x68, 0x90, 0x34, 0x43, 0xd0, 0x7, 0xf9,
    0x68, 0xc0, 0x3f, 0x97, 0x0, 0x30,

    /* U+F028 "" */
    0x0, 0xff, 0x9d, 0xc0, 0x1f, 0x89, 0xc0, 0x31,
    0x45, 0x0, 0x78, 0xb2, 0x0, 0x28, 0x4b, 0x56,
    0x0, 0xc5, 0x82, 0x1, 0xa, 0xe2, 0x44, 0x86,
    0xff, 0xb4, 0x40, 0x23, 0x36, 0x1c, 0x38, 0x31,
    0x0, 0x7d, 0x78, 0x72, 0xc0, 0x9e, 0x1, 0xfa,
    0x1, 0x50, 0x44, 0x44, 0x0, 0xfc, 0x62, 0x4e,
    0x2, 0x2, 0x1, 0xfa, 0xd9, 0x78, 0xc1, 0xb,
    0x2e, 0xd0, 0x1, 0xa2, 0x5d, 0x60, 0xca, 0xcd,
    0x10, 0xf4, 0x1, 0x8a, 0x25, 0x3d, 0xc, 0x3,
    0x2d, 0x18, 0x0, 0xbd, 0xac, 0xe8, 0x3, 0xcb,
    0x80, 0x1a, 0x57, 0x4, 0x3, 0xff, 0x81, 0x7e,
    0x60, 0x0,

    /* U+F03E "" */
    0x37, 0x88, 0xff, 0x39, 0xec, 0x3b, 0xff, 0xa3,
    0x44, 0x59, 0xa4, 0x1, 0xf8, 0x41, 0xcc, 0xa8,
    0x3, 0x10, 0x7, 0x20, 0x85, 0x80, 0x4b, 0xb0,
    0x1, 0x8b, 0xbc, 0xc0, 0xb, 0x40, 0xf0, 0x1,
    0xd9, 0x40, 0xb4, 0x1, 0x39, 0x80, 0x58, 0x6b,
    0x94, 0x1, 0xf8, 0xcc, 0x0, 0x30, 0xf, 0xe3,
    0xcc, 0xff, 0x18, 0x28, 0x19, 0xff, 0x81, 0x80,

    /* U+F043 "" */
    0x0, 0xc4, 0x1, 0xf8, 0x76, 0x80, 0x3e, 0x70,
    0x51, 0x0, 0xf5, 0x80, 0x18, 0x3, 0x98, 0x80,
    0x10, 0x20, 0x10, 0xc0, 0x6, 0xb0, 0xa, 0x84,
    0x3, 0x2b, 0x2, 0xa0, 0x7, 0xa0, 0x24, 0x3,
    0xe1, 0x63, 0x14, 0x0, 0xf7, 0x81, 0xf8, 0x7,
    0xc8, 0x40, 0xc0, 0x1d, 0x90, 0x15, 0x9a, 0x20,
    0x2, 0x53, 0x91, 0xad, 0x10, 0x2f, 0x0, 0x36,
    0xba, 0x2c, 0xe9, 0x0,

    /* U+F048 "" */
    0x4, 0x30, 0xe, 0x31, 0x15, 0xe8, 0x6, 0x6c,
    0x80, 0xf, 0x3c, 0x81, 0x80, 0x74, 0xc0, 0x7,
    0xd4, 0xc0, 0x1f, 0x5a, 0x80, 0x7c, 0x28, 0x1,
    0xff, 0xc6, 0x19, 0x0, 0xfe, 0x6a, 0x0, 0xfe,
    0x5b, 0x0, 0xfe, 0x4c, 0x10, 0x0, 0x81, 0x80,
    0x47, 0x85, 0xa1, 0xfa, 0x1, 0x8b, 0x5c,

    /* U+F04B "" */
    0x2, 0x0, 0xff, 0xb3, 0x6c, 0x80, 0x3f, 0x8c,
    0x13, 0x64, 0x3, 0xff, 0x80, 0xdc, 0xc0, 0x1f,
    0xf0, 0xce, 0x18, 0x7, 0xfc, 0x79, 0x22, 0x1,
    0xff, 0x37, 0xb0, 0x7, 0xfc, 0x32, 0x40, 0x1f,
    0xf1, 0x10, 0x3, 0xfc, 0xfa, 0x1, 0xfc, 0x9b,
    0x0, 0x1f, 0x8a, 0xec, 0x40, 0x1f, 0xa3, 0x50,
    0x3, 0xf2, 0xf3, 0x80, 0x7d, 0x2b, 0x74, 0x20,
    0x1f, 0x80,

    /* U+F04C "" */
    0x14, 0x48, 0x80, 0x2, 0x89, 0x10, 0x65, 0xdd,
    0xa2, 0x19, 0x77, 0x68, 0x90, 0x6, 0x20, 0x20,
    0xc, 0x40, 0x1c, 0xe0, 0x1e, 0x70, 0xf, 0xff,
    0xf8, 0x7, 0xff, 0x25, 0xc0, 0x3c, 0xec, 0x1,
    0x19, 0x81, 0x80, 0x23, 0x30,

    /* U+F04D "" */
    0x14, 0x4f, 0xf1, 0x6, 0x5d, 0xff, 0xb4, 0x48,
    0x3, 0xfe, 0x20, 0xf, 0xfe, 0x3, 0x80, 0x7f,
    0xff, 0xc0, 0x3f, 0xfa, 0xe, 0xc0, 0x1f, 0xe3,
    0x30,

    /* U+F051 "" */
    0x2, 0x10, 0xe, 0x42, 0xd, 0xf2, 0x0, 0x8e,
    0xe4, 0x0, 0x38, 0x60, 0x7, 0x0, 0xe1, 0xc4,
    0x0, 0xfe, 0xb5, 0x0, 0xfe, 0xae, 0x0, 0xfe,
    0x50, 0xf, 0xfe, 0x31, 0x48, 0x7, 0xc5, 0x84,
    0x1, 0xe3, 0xc1, 0x0, 0xf2, 0x60, 0x80, 0x71,
    0xad, 0x80, 0x4e, 0x2, 0x19, 0x40, 0x18, 0xfe,
    0x80,

    /* U+F052 "" */
    0x0, 0xf0, 0x90, 0x7, 0xfc, 0x7d, 0xac, 0x1,
    0xfc, 0x5a, 0x0, 0x95, 0x0, 0xf8, 0x70, 0x40,
    0x2a, 0x40, 0xe, 0x1c, 0x10, 0xe, 0xb3, 0x0,
    0xda, 0x40, 0x1f, 0x69, 0x0, 0x28, 0xc0, 0x3f,
    0xe, 0x0, 0x10, 0x3, 0xfc, 0x24, 0x1a, 0xcd,
    0xfe, 0xa2, 0x6, 0x11, 0xff, 0x10, 0x2, 0x9d,
    0xff, 0xd0, 0x60, 0x1f, 0xfc, 0x17, 0x4, 0x0,
    0xff, 0x12, 0x80,

    /* U+F053 "" */
    0x0, 0xff, 0xe1, 0x1f, 0xc8, 0x7, 0x1e, 0x2,
    0x80, 0x63, 0xc0, 0x2d, 0x0, 0x8f, 0x0, 0xb0,
    0x40, 0x7, 0x80, 0x58, 0x20, 0x1, 0xc0, 0x2c,
    0x10, 0x8, 0x4c, 0x9, 0x40, 0x3b, 0xc, 0x2d,
    0x0, 0x3b, 0xc, 0x2d, 0x0, 0x3b, 0xc, 0x2d,
    0x0, 0x3b, 0xc, 0x28, 0x3, 0xd8, 0xb4, 0x0,

    /* U+F054 "" */
    0x0, 0xff, 0x66, 0x88, 0x7, 0x9, 0x96, 0x8,
    0x6, 0x1c, 0x2, 0xc1, 0x0, 0xc7, 0x80, 0x58,
    0x20, 0x18, 0xf0, 0xb, 0x4, 0x3, 0x1e, 0x1,
    0x60, 0x7, 0x20, 0x1, 0x0, 0x33, 0xc0, 0x34,
    0x80, 0x4f, 0x0, 0xd2, 0x1, 0x3c, 0x3, 0x48,
    0x4, 0x50, 0xd, 0x20, 0x18, 0xa1, 0xe4, 0x3,
    0x80,

    /* U+F067 "" */
    0x0, 0xe4, 0x50, 0xf, 0xf1, 0x5d, 0x30, 0x7,
    0xf0, 0x80, 0x4, 0x3, 0xff, 0xa6, 0xd3, 0x38,
    0x1, 0x73, 0x34, 0x4, 0xb3, 0x4a, 0x0, 0x36,
    0x69, 0xcc, 0x80, 0x3f, 0xe1, 0xde, 0xeb, 0x0,
    0x11, 0xdd, 0x79, 0x0, 0x8c, 0x1, 0x84, 0x60,
    0xf, 0xfe, 0xa1, 0x98, 0x90, 0x3, 0x80,

    /* U+F068 "" */
    0x69, 0x9f, 0xf4, 0x4, 0xb3, 0x7f, 0x9c, 0xc8,
    0x3, 0xfe, 0x1d, 0xff, 0xff, 0x88,

    /* U+F06E "" */
    0x0, 0xe1, 0x56, 0x62, 0x0, 0x7f, 0x1d, 0xf5,
    0x44, 0x2f, 0xe4, 0x40, 0x39, 0xf1, 0x17, 0xba,
    0xc2, 0x6f, 0x40, 0xa, 0x20, 0xb, 0x43, 0x36,
    0xf8, 0x22, 0xb5, 0x4, 0x70, 0x4, 0x0, 0x9,
    0x2c, 0xe0, 0x1, 0x63, 0x40, 0x11, 0x4e, 0x20,
    0x1, 0x14, 0x0, 0x36, 0xa0, 0x1c, 0x60, 0x11,
    0xb8, 0x5, 0x94, 0x20, 0x5, 0x82, 0x0, 0x22,
    0xe8, 0x1, 0x18, 0x74, 0x42, 0xcf, 0x6f, 0x2d,
    0x58, 0xe, 0x80, 0x7, 0x86, 0x3b, 0x22, 0xb5,
    0x40, 0x6c, 0x10, 0x8, 0xb2, 0xd9, 0x2a, 0x5d,
    0xb6, 0x40, 0x20,

    /* U+F070 "" */
    0x0, 0xff, 0xe3, 0x66, 0x90, 0x7, 0xff, 0xd,
    0xb, 0x54, 0x0, 0x28, 0xcc, 0x40, 0xf, 0xa2,
    0xc6, 0xa9, 0x9d, 0x71, 0x37, 0xf2, 0x20, 0x1c,
    0x9e, 0x6a, 0x6b, 0xdc, 0xfb, 0x26, 0xf3, 0x0,
    0xe1, 0xc6, 0x5, 0x4a, 0xb7, 0xc1, 0x16, 0x20,
    0x4, 0xf6, 0x33, 0x41, 0x4a, 0x9a, 0x12, 0x0,
    0xa1, 0x0, 0x42, 0x79, 0xae, 0x90, 0x0, 0x50,
    0xc0, 0x3, 0x0, 0x3, 0x1, 0xd0, 0x2d, 0x50,
    0x1, 0x88, 0x5, 0xe0, 0xe, 0x0, 0xa, 0x0,
    0x2a, 0x42, 0x6c, 0x0, 0x8c, 0x0, 0x2b, 0x0,
    0x48, 0x80, 0x1b, 0x4, 0x40, 0x76, 0x1, 0x93,
    0x48, 0x9f, 0xa, 0x87, 0xe8, 0x4, 0x60, 0x1c,
    0x5b, 0x48, 0xd5, 0x6c, 0x37, 0x3, 0x8c, 0x1,
    0xe5, 0xae, 0xff, 0x30, 0x1, 0xec, 0x65, 0x80,
    0x3f, 0xf8, 0x49, 0xea, 0xe0,

    /* U+F071 "" */
    0x0, 0xff, 0xe6, 0x1f, 0x68, 0x7, 0xff, 0xb,
    0xc4, 0xa0, 0x3, 0xff, 0x80, 0xc6, 0x0, 0x72,
    0x0, 0xff, 0xa0, 0x3, 0x48, 0x7, 0xfa, 0x4,
    0xc, 0xc0, 0x88, 0x0, 0xfc, 0x4e, 0x9, 0x98,
    0x0, 0x48, 0x7, 0xe9, 0x0, 0x38, 0x6, 0x27,
    0x0, 0xf2, 0x20, 0x0, 0x20, 0x20, 0x14, 0x8,
    0x7, 0x48, 0x4, 0x60, 0x60, 0x1a, 0xc0, 0x33,
    0x90, 0x4, 0x33, 0x20, 0xc, 0xa6, 0x0, 0x18,
    0x0, 0xc9, 0x36, 0x20, 0x1b, 0xc0, 0x16, 0x1,
    0xca, 0x48, 0x20, 0x18, 0xd8, 0x14, 0x3, 0x87,
    0x6c, 0x3, 0xd8, 0x12, 0x67, 0xff, 0xc1, 0x49,

    /* U+F074 "" */
    0x0, 0xff, 0x1b, 0x0, 0x7f, 0xf0, 0x12, 0x60,
    0x37, 0x6b, 0x0, 0xd1, 0xb2, 0xf, 0x4, 0x52,
    0x58, 0x1, 0xdc, 0x42, 0x0, 0x5a, 0xa4, 0x82,
    0x21, 0xa0, 0x1d, 0x40, 0x7d, 0x54, 0xd5, 0x1,
    0x20, 0xd1, 0xa3, 0x84, 0x1, 0x2a, 0x58, 0x2c,
    0x83, 0xf1, 0x0, 0x62, 0xd0, 0x38, 0x50, 0x4a,
    0x0, 0x84, 0xb0, 0x4b, 0x7e, 0x93, 0x16, 0xc3,
    0xfb, 0x44, 0x58, 0x2c, 0x16, 0xe0, 0x96, 0x1,
    0xe, 0x8, 0x59, 0x80, 0x77, 0x6e, 0xbc, 0x80,
    0x2c, 0xd6, 0x3, 0xb1, 0x22, 0x8, 0x7, 0x16,
    0x26, 0x0,

    /* U+F077 "" */
    0x0, 0xe7, 0xa0, 0xf, 0xf4, 0x41, 0x6c, 0x3,
    0xf4, 0x38, 0x1, 0x2c, 0x3, 0xd0, 0xe0, 0xd4,
    0x9, 0x60, 0x1a, 0x1c, 0x1a, 0x56, 0x81, 0x2c,
    0x0, 0xee, 0x6, 0x90, 0x2, 0xd0, 0x25, 0x87,
    0x3, 0x48, 0x6, 0x5a, 0x6, 0x9, 0xb9, 0x0,
    0xf2, 0xe6, 0x0,

    /* U+F078 "" */
    0x4c, 0x20, 0xf, 0xad, 0x83, 0xcf, 0x8, 0x3,
    0xb1, 0x24, 0x24, 0x45, 0x84, 0x1, 0x61, 0x85,
    0x81, 0x60, 0x8b, 0x8, 0x30, 0xc2, 0xd0, 0x0,
    0x58, 0x22, 0xcc, 0x18, 0x5a, 0x0, 0x62, 0xc1,
    0x11, 0x85, 0xa0, 0x7, 0x8b, 0x4, 0x2d, 0x0,
    0x3f, 0x17, 0xe2, 0x0, 0x70,

    /* U+F079 "" */
    0x0, 0xa0, 0xc0, 0x3f, 0xf8, 0x76, 0xf8, 0x61,
    0x17, 0x7e, 0x90, 0xd, 0x68, 0x0, 0xc3, 0x14,
    0x4f, 0x30, 0x80, 0x21, 0xc, 0xc, 0x32, 0x7f,
    0xf9, 0x40, 0x35, 0xbf, 0x2, 0xdb, 0x80, 0x7f,
    0xc7, 0x0, 0x12, 0x40, 0x7, 0xff, 0x28, 0xc0,
    0x31, 0x80, 0x7f, 0xc3, 0x98, 0x10, 0x9c, 0x80,
    0xc, 0xf7, 0x7c, 0x4c, 0x68, 0xe, 0x34, 0x0,
    0x30, 0x14, 0x4e, 0x89, 0x60, 0x1, 0x61, 0x0,
    0x7, 0xff, 0xeb, 0x9, 0x72, 0xc2, 0x0,

    /* U+F07B "" */
    0x37, 0x88, 0x9c, 0x3, 0xf6, 0xc3, 0xbd, 0x14,
    0x1, 0xf0, 0x80, 0x72, 0xee, 0x66, 0xb6, 0x0,
    0xf8, 0x8c, 0xf2, 0x48, 0x7, 0xff, 0xfc, 0x3,
    0xf9, 0x40, 0x3f, 0xf8, 0xc,

    /* U+F093 "" */
    0x0, 0xff, 0xe3, 0x8e, 0xe8, 0x40, 0x3f, 0x87,
    0x8, 0x98, 0x20, 0x1f, 0xe, 0x10, 0x0, 0xb0,
    0x40, 0x38, 0x70, 0x80, 0x31, 0x60, 0x80, 0x68,
    0x20, 0xf, 0x14, 0x0, 0x69, 0xee, 0x18, 0x0,
    0xfb, 0x92, 0x1, 0xc2, 0x20, 0xc, 0x22, 0x0,
    0xff, 0xe9, 0xbc, 0xcc, 0x6e, 0x0, 0x73, 0x99,
    0x9e, 0x19, 0xa8, 0x9b, 0xb4, 0xc3, 0x35, 0x0,
    0x19, 0x32, 0x65, 0x88, 0x1, 0xfc, 0x24, 0x41,
    0x54, 0xc3, 0x5, 0x33, 0xfc, 0xcf, 0xe0, 0xa0,

    /* U+F095 "" */
    0x0, 0xff, 0x88, 0x3, 0xff, 0x82, 0x9b, 0xf8,
    0xe0, 0x1f, 0xee, 0x0, 0x1c, 0x0, 0x7f, 0xa,
    0x80, 0x44, 0x1, 0xfc, 0xe0, 0x18, 0x40, 0x3f,
    0x99, 0xc0, 0x2b, 0x0, 0xff, 0x41, 0x80, 0x10,
    0x3, 0xfc, 0x86, 0x6, 0x60, 0xf, 0xe1, 0xa0,
    0x7, 0x80, 0x64, 0xa3, 0x0, 0x16, 0x8, 0x39,
    0x80, 0x17, 0x6d, 0x74, 0x57, 0x8, 0x12, 0x0,
    0x2b, 0x20, 0x0, 0xf5, 0x8, 0x2d, 0x80, 0x65,
    0x0, 0xfa, 0x28, 0x3, 0xb0, 0x3, 0x97, 0x5c,
    0x3, 0xca, 0x8a, 0xf5, 0xf4, 0x40, 0x1e,

    /* U+F0AC "" */
    0x0, 0xff, 0xe2, 0x92, 0x9f, 0xd0, 0xb0, 0x7,
    0x9f, 0x5f, 0x81, 0x53, 0x34, 0x80, 0x27, 0x82,
    0x12, 0x0, 0x77, 0x97, 0x88, 0x14, 0x2, 0x20,
    0x2, 0x44, 0x1, 0x58, 0x1e, 0xea, 0x1b, 0x77,
    0xe, 0xea, 0x3, 0x37, 0x49, 0xbb, 0xc9, 0xfb,
    0xa5, 0x20, 0x0, 0x88, 0x3, 0x8, 0x80, 0x4,
    0x40, 0x0, 0x88, 0x3, 0xf0, 0xf5, 0x51, 0x3e,
    0xab, 0x24, 0x55, 0x1c, 0x22, 0xc, 0x91, 0x18,
    0x26, 0x3c, 0x4d, 0xca, 0xc8, 0xb0, 0x11, 0x52,
    0x0, 0xa4, 0x37, 0x10, 0x5, 0x58, 0x51, 0x80,
    0x57, 0x9, 0x20, 0x2a, 0x5a, 0xa0, 0x1c, 0xec,
    0xf9, 0xe5, 0x44, 0x1, 0x0,

    /* U+F0C4 "" */
    0x4, 0x86, 0x0, 0xf0, 0x80, 0x1a, 0xde, 0x68,
    0x2, 0x2d, 0xed, 0x18, 0xc, 0x35, 0x10, 0x1f,
    0x20, 0x71, 0x1, 0x36, 0x3, 0x1c, 0x20, 0x5a,
    0x7, 0x1e, 0x50, 0x4c, 0x20, 0x5a, 0x0, 0x4b,
    0x98, 0x2, 0x48, 0x12, 0x80, 0x34, 0x6c, 0x80,
    0x45, 0x60, 0x1c, 0x91, 0x0, 0x8, 0x98, 0x3,
    0x35, 0xb8, 0x82, 0x0, 0x25, 0x80, 0x28, 0xc,
    0x30, 0x9c, 0x0, 0x4b, 0x0, 0x42, 0x6c, 0x0,
    0x3b, 0x0, 0x4b, 0x3, 0x8f, 0x29, 0x90, 0x25,
    0x80, 0x24, 0x65, 0xcd, 0x74, 0x2, 0x4d, 0x9d,
    0x10,

    /* U+F0C5 "" */
    0x0, 0xff, 0xe2, 0x37, 0xfe, 0x98, 0x60, 0xe,
    0xe0, 0xf, 0x4b, 0x4, 0x53, 0x0, 0x7b, 0x5b,
    0xc1, 0xd7, 0x0, 0x39, 0xa5, 0x54, 0x1, 0xfe,
    0x33, 0x84, 0x3, 0xff, 0xf1, 0xe0, 0x1f, 0x84,
    0x0, 0x88, 0xed, 0xdf, 0x70, 0x4, 0x39, 0xdb,
    0xb5, 0x91, 0x4, 0x14, 0xcf, 0xc9, 0x80, 0x18,

    /* U+F0C7 "" */
    0x49, 0x9f, 0xca, 0x1, 0x53, 0x37, 0xea, 0x60,
    0x0, 0x96, 0xef, 0xac, 0x25, 0x80, 0x2, 0x45,
    0xe5, 0x0, 0x49, 0x80, 0x7f, 0xf0, 0x14, 0x3,
    0xf1, 0x80, 0x71, 0xff, 0xfb, 0x40, 0x3f, 0x88,
    0xc0, 0x3f, 0xc9, 0xb9, 0x40, 0x1f, 0xda, 0x0,
    0x50, 0xf, 0xea, 0x0, 0x30, 0x7, 0xf1, 0xf6,
    0xc8, 0x7, 0x30, 0x6, 0x12, 0x0, 0xc4, 0xe0,

    /* U+F0C9 "" */
    0xcd, 0xdf, 0xf8, 0x8c, 0x8b, 0xfe, 0x1e, 0xdd,
    0xff, 0x8c, 0x48, 0xbf, 0xe0, 0xf, 0xfe, 0x17,
    0xff, 0xff, 0x0, 0xc8, 0x47, 0xff, 0x81, 0xbd,
    0xdf, 0xf1, 0x0, 0x7f, 0xf0, 0x77, 0xbb, 0xfe,
    0x22, 0x8, 0xff, 0xf0, 0x3f, 0xff, 0xf8, 0x6,

    /* U+F0E0 "" */
    0x37, 0x88, 0xff, 0x39, 0xec, 0x3b, 0xff, 0xa3,
    0x40, 0x3f, 0xf8, 0x5e, 0x60, 0x1f, 0xe3, 0xfc,
    0xe7, 0x0, 0xfc, 0xfd, 0x85, 0xbd, 0x62, 0x1,
    0x86, 0xf7, 0x44, 0x0, 0x9e, 0xc4, 0x0, 0x26,
    0x75, 0x0, 0x72, 0xfc, 0x55, 0x23, 0xd4, 0x3,
    0xe2, 0xce, 0xe6, 0x10, 0x7, 0xf9, 0x10, 0x1,
    0xe5, 0x0, 0xff, 0xe0, 0x30,

    /* U+F0E7 "" */
    0x0, 0xff, 0x87, 0xff, 0x80, 0x32, 0x80, 0x62,
    0x0, 0xc4, 0x1, 0x94, 0x3, 0x70, 0x6, 0xb0,
    0xc, 0x40, 0x1a, 0x6a, 0x8c, 0xc, 0x1, 0x95,
    0x6e, 0x2, 0x0, 0xf0, 0xc8, 0x29, 0x14, 0x1,
    0x40, 0x85, 0xee, 0xa4, 0x0, 0x4c, 0x1, 0xc6,
    0x0, 0xe0, 0xf, 0x60, 0x29, 0x80, 0x79, 0x2,
    0xc0, 0x3c, 0x60, 0xe2, 0x1, 0xf1, 0xc0, 0x6,

    /* U+F0EA "" */
    0x0, 0xc4, 0x1, 0xf9, 0x15, 0x5d, 0xb6, 0xaa,
    0x20, 0xd, 0x75, 0x43, 0xe4, 0xaa, 0x48, 0x7,
    0xc5, 0xc0, 0x13, 0x80, 0x7e, 0xac, 0xcb, 0x80,
    0x3e, 0x62, 0xcc, 0xa5, 0x5c, 0x3, 0x87, 0x40,
    0x27, 0x38, 0x80, 0x7, 0xf8, 0x94, 0x84, 0x3,
    0xf1, 0x3c, 0x40, 0x40, 0x3f, 0xe, 0x6e, 0x90,
    0x3, 0xff, 0x9d, 0x95, 0x50, 0x7, 0xf1, 0xaa,
    0x88, 0x3, 0xff, 0x83, 0xa0, 0x1e, 0x16,

    /* U+F0F3 "" */
    0x0, 0xe1, 0x10, 0x7, 0xfd, 0x7c, 0x1, 0xfc,
    0x30, 0xa1, 0x46, 0x1, 0xe2, 0xf7, 0x0, 0x2e,
    0x28, 0x7, 0x48, 0x80, 0x75, 0x8, 0x4, 0x28,
    0x1, 0xf2, 0x0, 0x44, 0x1, 0xf8, 0x80, 0x26,
    0x0, 0xfd, 0xc0, 0x16, 0x80, 0x7e, 0x50, 0x9,
    0x40, 0x3f, 0x19, 0x4, 0x90, 0x7, 0xf7, 0x83,
    0x80, 0x7f, 0x88, 0x9d, 0xbb, 0xfe, 0xe2, 0x2,
    0x2a, 0xb7, 0x5c, 0x45, 0x8, 0x7, 0x43, 0x2f,
    0x0, 0x70,

    /* U+F11C "" */
    0x5b, 0xbf, 0xfe, 0xd, 0x1d, 0x22, 0x7f, 0xf0,
    0x56, 0x0, 0xfc, 0xf3, 0xc7, 0xb8, 0x5e, 0x5d,
    0xc0, 0x70, 0x9, 0xc0, 0x21, 0x0, 0xe1, 0x0,
    0x8f, 0xd7, 0x3c, 0x3f, 0x8f, 0xcf, 0xfc, 0x1,
    0xdf, 0x4b, 0xcf, 0x1c, 0xbd, 0x60, 0x1e, 0x22,
    0x9, 0xf, 0x13, 0x11, 0x0, 0x39, 0x32, 0xc2,
    0x48, 0x92, 0xfb, 0x68, 0x1, 0x1d, 0xa7, 0x5d,
    0xf8, 0xb2, 0xc0, 0x23, 0xc4, 0xec, 0xcf, 0x16,
    0x60, 0x1d, 0x80, 0xc0, 0xcf, 0xe0, 0x33, 0x6,
    0x80,

    /* U+F124 "" */
    0x0, 0xff, 0xe0, 0x90, 0x7, 0xff, 0x5, 0x77,
    0x56, 0x1, 0xfe, 0x7e, 0xa2, 0x6, 0x0, 0xf8,
    0x63, 0xe0, 0x40, 0x2a, 0x0, 0xe2, 0x9e, 0x70,
    0xf, 0x38, 0x4, 0x77, 0xac, 0x1, 0xf3, 0x80,
    0x55, 0x88, 0x1, 0xfd, 0x20, 0x12, 0x80, 0x7f,
    0x94, 0x40, 0x2b, 0x65, 0x5c, 0x1, 0xd0, 0x1,
    0x92, 0x6a, 0xb0, 0x80, 0x48, 0x40, 0x1f, 0xfc,
    0x2f, 0x0, 0xff, 0xe1, 0x1a, 0x0, 0x7f, 0xf0,
    0xa4, 0x3, 0xff, 0x80, 0x60, 0x4a, 0x1, 0xff,
    0xc0, 0x94, 0xe0, 0xf, 0x0,

    /* U+F15B "" */
    0x35, 0x5e, 0x2, 0x0, 0xb2, 0xab, 0x8b, 0x50,
    0x3, 0xfd, 0x68, 0x1, 0xfe, 0xb3, 0x0, 0xf0,
    0xee, 0xc4, 0x1, 0xec, 0xdd, 0x98, 0x3, 0xfd,
    0xe0, 0x1f, 0xff, 0xf0, 0x3, 0xaa, 0xff, 0x58,

    /* U+F1EB "" */
    0x0, 0xf1, 0x22, 0xa8, 0xc4, 0x3, 0xf8, 0xeb,
    0xf6, 0xea, 0x99, 0xd8, 0xe0, 0x1c, 0x57, 0x8a,
    0x0, 0x12, 0x10, 0x1, 0xc7, 0xb0, 0x1, 0x75,
    0x1, 0x2b, 0xb9, 0xbd, 0xf8, 0xe2, 0x13, 0x61,
    0x0, 0x59, 0x6a, 0x20, 0x18, 0xe3, 0x9c, 0x11,
    0x71, 0xf4, 0xc1, 0x6b, 0xbf, 0xb2, 0x4, 0x22,
    0xe5, 0x46, 0x0, 0xb6, 0x94, 0x40, 0x4d, 0xfa,
    0x1, 0x18, 0x3, 0x71, 0x3, 0x56, 0x5c, 0x10,
    0x3a, 0x0, 0x7b, 0x97, 0x65, 0x4d, 0x1f, 0x62,
    0x8, 0x1, 0xe2, 0xa2, 0x2, 0x96, 0x0, 0x3b,
    0x80, 0x3f, 0xef, 0x69, 0x50, 0xf, 0xfe, 0x11,
    0x80, 0xc, 0x3, 0xff, 0x85, 0x64, 0xac, 0x1,
    0xf0,

    /* U+F240 "" */
    0x5b, 0xbf, 0xfe, 0x15, 0x10, 0x52, 0x27, 0xff,
    0x9, 0x6c, 0x0, 0x7d, 0xbb, 0xff, 0x78, 0x33,
    0x80, 0x13, 0x77, 0xfe, 0x23, 0xd, 0x0, 0xff,
    0xe1, 0xe8, 0x7, 0xff, 0x15, 0x80, 0x33, 0xcc,
    0xff, 0xc7, 0x0, 0x11, 0x4e, 0xef, 0xfd, 0x40,
    0x96, 0xa2, 0x89, 0xff, 0xc1, 0xe, 0x1a, 0xff,
    0xff, 0xe1, 0xa8, 0x0,

    /* U+F241 "" */
    0x5b, 0xbf, 0xfe, 0x15, 0x10, 0x52, 0x27, 0xff,
    0x9, 0x6c, 0x0, 0x7d, 0xbb, 0xfb, 0xbf, 0xe0,
    0x67, 0x0, 0x26, 0xef, 0xe9, 0x0, 0x8c, 0x34,
    0x3, 0xff, 0x87, 0xa0, 0x1f, 0xfc, 0x56, 0x0,
    0xcf, 0x33, 0xfa, 0xc0, 0x28, 0x0, 0x8a, 0x77,
    0x7f, 0x45, 0xdc, 0x9, 0x6a, 0x28, 0x9f, 0xfc,
    0x10, 0xe1, 0xaf, 0xff, 0xfe, 0x1a, 0x80,

    /* U+F242 "" */
    0x5b, 0xbf, 0xfe, 0x15, 0x10, 0x52, 0x27, 0xff,
    0x9, 0x6c, 0x0, 0x7d, 0xbb, 0xdd, 0xff, 0xe0,
    0x67, 0x0, 0x26, 0xef, 0x60, 0x7, 0x8c, 0x34,
    0x3, 0xff, 0x87, 0xa0, 0x1f, 0xfc, 0x56, 0x0,
    0xcf, 0x33, 0xd0, 0x1, 0xe8, 0x0, 0x8a, 0x77,
    0x7b, 0xae, 0xfc, 0x9, 0x6a, 0x28, 0x9f, 0xfc,
    0x10, 0xe1, 0xaf, 0xff, 0xfe, 0x1a, 0x80,

    /* U+F243 "" */
    0x5b, 0xbf, 0xfe, 0x15, 0x10, 0x52, 0x27, 0xff,
    0x9, 0x6c, 0x0, 0x7d, 0xbb, 0x7f, 0xff, 0x3,
    0x38, 0x1, 0x37, 0x63, 0x0, 0xfc, 0x61, 0xa0,
    0x1f, 0xfc, 0x3d, 0x0, 0xff, 0xe2, 0xb0, 0x6,
    0x79, 0x98, 0x80, 0x3f, 0x40, 0x4, 0x53, 0xbb,
    0x55, 0xdf, 0xe0, 0x4b, 0x51, 0x44, 0xff, 0xe0,
    0x87, 0xd, 0x7f, 0xff, 0xf0, 0xd4, 0x0,

    /* U+F244 "" */
    0x5b, 0xbf, 0xfe, 0x15, 0x10, 0x52, 0x27, 0xff,
    0x9, 0x6c, 0x0, 0x7f, 0xff, 0xfc, 0x10, 0x67,
    0x0, 0xff, 0xe1, 0x98, 0x68, 0x7, 0xff, 0xf,
    0x40, 0x3f, 0xf8, 0xac, 0x1, 0xff, 0xc5, 0x80,
    0x8, 0xae, 0xff, 0xf8, 0x20, 0x96, 0xa2, 0x89,
    0xff, 0xc1, 0xe, 0x1a, 0xff, 0xff, 0xe1, 0xa8,
    0x0,

    /* U+F287 "" */
    0x0, 0xfe, 0x7b, 0x20, 0xf, 0xfe, 0xd, 0x6c,
    0x24, 0x0, 0x7f, 0xf0, 0x28, 0xf8, 0x83, 0xc0,
    0x3e, 0x44, 0x0, 0x9, 0x24, 0xf7, 0x94, 0x3,
    0xd5, 0x76, 0x80, 0x98, 0x0, 0x84, 0x2, 0x6c,
    0x30, 0x50, 0x3, 0xfa, 0x4f, 0xff, 0xd2, 0x78,
    0x8a, 0x0, 0x6f, 0xf8, 0xeb, 0xff, 0xa4, 0xad,
    0x2a, 0xa9, 0x0, 0xa2, 0x40, 0x39, 0xf5, 0x0,
    0xa, 0xa0, 0xc, 0x80, 0x87, 0xdc, 0x81, 0x0,
    0xff, 0xba, 0xb4, 0x44, 0x40, 0x1f, 0xfc, 0x2,
    0xea, 0x0, 0xff, 0xe2, 0xa7, 0xfa, 0x80, 0x30,

    /* U+F293 "" */
    0x0, 0xe1, 0x10, 0x7, 0xe7, 0xee, 0xbe, 0xcc,
    0x3, 0x54, 0x9, 0x38, 0x26, 0x10, 0x1, 0x14,
    0x2, 0x86, 0x0, 0x48, 0x3, 0x80, 0x40, 0x3,
    0x6a, 0x8, 0x0, 0x40, 0xba, 0x3, 0xea, 0x10,
    0x30, 0x10, 0xa6, 0xe3, 0xe9, 0x10, 0x60, 0xd,
    0x80, 0x2a, 0xc0, 0x3, 0x0, 0xc2, 0x20, 0x10,
    0xf, 0x87, 0x18, 0x56, 0x0, 0x6, 0x4, 0x16,
    0xb2, 0x7e, 0xe4, 0xc, 0xe, 0x15, 0x0, 0x7b,
    0x64, 0x6, 0x12, 0x1, 0x18, 0xd2, 0x2, 0x80,
    0xe, 0x0, 0x2b, 0x40, 0x1b, 0x0, 0x9f, 0x14,
    0x98, 0xdf, 0xc4, 0x0,

    /* U+F2ED "" */
    0x0, 0xc6, 0x88, 0x30, 0xe, 0x56, 0x63, 0xe5,
    0xdb, 0x25, 0x98, 0xa1, 0x53, 0x28, 0x0, 0xcd,
    0x32, 0xa3, 0xa9, 0x9f, 0xf5, 0x1a, 0x55, 0x7f,
    0x84, 0xc, 0xff, 0xe2, 0x0, 0xd8, 0x9, 0x1,
    0x24, 0x1, 0xe1, 0x0, 0xc6, 0x1, 0xff, 0xef,
    0x10, 0xc, 0x60, 0x18, 0xc0, 0x18, 0x9, 0x1,
    0x24, 0x6, 0x3, 0x8, 0x67, 0xf3, 0x28, 0x0,

    /* U+F304 "" */
    0x0, 0xff, 0x84, 0x80, 0x3f, 0xf8, 0x9, 0xda,
    0xa0, 0x1f, 0xe2, 0xb0, 0x5, 0x28, 0x7, 0xe4,
    0x16, 0x0, 0xac, 0x3, 0xe4, 0xbc, 0xa6, 0x0,
    0x20, 0x7, 0x92, 0xc0, 0x19, 0x4c, 0x94, 0x1,
    0xc9, 0x60, 0x1b, 0x2e, 0xc0, 0x1c, 0x96, 0x1,
    0xc8, 0x40, 0x1c, 0x96, 0x1, 0xc9, 0x60, 0x1c,
    0x96, 0x1, 0xc9, 0x60, 0x1c, 0x96, 0x1, 0xc9,
    0x60, 0x1e, 0xf0, 0xe, 0x4b, 0x0, 0xf9, 0x80,
    0x32, 0x58, 0x7, 0xe2, 0x0, 0x92, 0xc0, 0x3f,
    0x99, 0x5e, 0x6c, 0x3, 0xf8,

    /* U+F55A "" */
    0x0, 0xc2, 0xf1, 0x1f, 0xce, 0x80, 0x18, 0xbe,
    0x1d, 0xff, 0xa2, 0xd0, 0x0, 0x78, 0x20, 0x11,
    0x80, 0x46, 0x1, 0x8c, 0xf, 0x44, 0x2, 0x6c,
    0x70, 0x7c, 0x60, 0xb, 0xcf, 0x44, 0x3, 0x39,
    0x45, 0xc1, 0x38, 0x6, 0xe1, 0x0, 0xe1, 0xc1,
    0x41, 0xc1, 0x0, 0xc8, 0x1, 0xf3, 0x8, 0xb,
    0x0, 0x74, 0xb0, 0x7, 0x34, 0x16, 0x14, 0x30,
    0x7, 0x4b, 0x0, 0x67, 0x4c, 0x3c, 0x47, 0x0,
    0xf4, 0xb0, 0x4, 0x36, 0x20, 0x36, 0x20, 0x17,
    0x80, 0x52, 0xe0, 0x1f, 0xf1, 0xb0,

    /* U+F7C2 "" */
    0x0, 0xff, 0xe0, 0x9f, 0x7f, 0xf7, 0x10, 0x1e,
    0x28, 0x21, 0x8a, 0xc, 0x26, 0x5, 0x15, 0xfa,
    0x50, 0x2, 0xc0, 0x3f, 0xf8, 0x3c, 0x5f, 0x8b,
    0xc0, 0x1f, 0xff, 0xf0, 0xc, 0x40, 0x1f, 0xc5,
    0xec, 0xab, 0xf3, 0xc0,

    /* U+F8A2 "" */
    0x0, 0xff, 0xe0, 0x98, 0x7, 0xff, 0x5, 0x30,
    0x40, 0x28, 0x20, 0xf, 0xd, 0x80, 0x6b, 0x75,
    0x0, 0xf1, 0x80, 0x6c, 0x40, 0xe4, 0x4f, 0x38,
    0x5, 0x66, 0x0, 0x6b, 0xbf, 0x50, 0x4, 0x60,
    0x1f, 0xfc, 0x2, 0x18, 0x80, 0x2, 0x3f, 0xff,
    0x68, 0x1, 0xe4, 0x4, 0x3, 0xff, 0x80, 0xd8,
    0xc0, 0x1f, 0xe0
};


/*---------------------
 *  GLYPH DESCRIPTION
 *--------------------*/

static const lv_font_fmt_txt_glyph_dsc_t glyph_dsc[] = {
    {.bitmap_index = 0, .adv_w = 0, .box_w = 0, .box_h = 0, .ofs_x = 0, .ofs_y = 0} /* id = 0 reserved */,
    {.bitmap_index = 0, .adv_w = 58, .box_w = 0, .box_h = 0, .ofs_x = 0, .ofs_y = 0},
    {.bitmap_index = 0, .adv_w = 61, .box_w = 3, .box_h = 10, .ofs_x = 0, .ofs_y = 0},
    {.bitmap_index = 15, .adv_w = 96, .box_w = 6, .box_h = 4, .ofs_x = 0, .ofs_y = 6},
    {.bitmap_index = 28, .adv_w = 145, .box_w = 9, .box_h = 10, .ofs_x = 0, .ofs_y = 0},
    {.bitmap_index = 72, .adv_w = 128, .box_w = 8, .box_h = 12, .ofs_x = 0, .ofs_y = -1},
    {.bitmap_index = 117, .adv_w = 191, .box_w = 12, .box_h = 10, .ofs_x = 0, .ofs_y = 0},
    {.bitmap_index = 173, .adv_w = 165, .box_w = 11, .box_h = 10, .ofs_x = 0, .ofs_y = 0},
    {.bitmap_index = 224, .adv_w = 53, .box_w = 3, .box_h = 4, .ofs_x = 0, .ofs_y = 6},
    {.bitmap_index = 230, .adv_w = 70, .box_w = 4, .box_h = 13, .ofs_x = 0, .ofs_y = -3},
    {.bitmap_index = 256, .adv_w = 70, .box_w = 4, .box_h = 13, .ofs_x = 0, .ofs_y = -3},
    {.bitmap_index = 283, .adv_w = 123, .box_w = 8, .box_h = 7, .ofs_x = 0, .ofs_y = 4},
    {.bitmap_index = 310, .adv_w = 128, .box_w = 8, .box_h = 8, .ofs_x = 0, .ofs_y = 2},
    {.bitmap_index = 332, .adv_w = 61, .box_w = 3, .box_h = 4, .ofs_x = 0, .ofs_y = -2},
    {.bitmap_index = 339, .adv_w = 72, .box_w = 4, .box_h = 3, .ofs_x = 0, .ofs_y = 3},
    {.bitmap_index = 345, .adv_w = 61, .box_w = 3, .box_h = 3, .ofs_x = 0, .ofs_y = 0},
    {.bitmap_index = 349, .adv_w = 86, .box_w = 6, .box_h = 10, .ofs_x = 0, .ofs_y = 0},
    {.bitmap_index = 377, .adv_w = 128, .box_w = 8, .box_h = 10, .ofs_x = 0, .ofs_y = 0},
    {.bitmap_index = 416, .adv_w = 128, .box_w = 5, .box_h = 10, .ofs_x = 1, .ofs_y = 0},
    {.bitmap_index = 428, .adv_w = 128, .box_w = 8, .box_h = 10, .ofs_x = 0, .ofs_y = 0},
    {.bitmap_index = 465, .adv_w = 128, .box_w = 8, .box_h = 10, .ofs_x = 0, .ofs_y = 0},
    {.bitmap_index = 503, .adv_w = 128, .box_w = 8, .box_h = 10, .ofs_x = 0, .ofs_y = 0},
    {.bitmap_index = 536, .adv_w = 128, .box_w = 8, .box_h = 10, .ofs_x = 0, .ofs_y = 0},
    {.bitmap_index = 574, .adv_w = 128, .box_w = 8, .box_h = 10, .ofs_x = 0, .ofs_y = 0},
    {.bitmap_index = 615, .adv_w = 128, .box_w = 8, .box_h = 10, .ofs_x = 0, .ofs_y = 0},
    {.bitmap_index = 647, .adv_w = 128, .box_w = 8, .box_h = 10, .ofs_x = 0, .ofs_y = 0},
    {.bitmap_index = 689, .adv_w = 128, .box_w = 8, .box_h = 10, .ofs_x = 0, .ofs_y = 0},
    {.bitmap_index = 730, .adv_w = 61, .box_w = 3, .box_h = 8, .ofs_x = 0, .ofs_y = 0},
    {.bitmap_index = 740, .adv_w = 61, .box_w = 3, .box_h = 10, .ofs_x = 0, .ofs_y = -2},
    {.bitmap_index = 753, .adv_w = 128, .box_w = 8, .box_h = 8, .ofs_x = 0, .ofs_y = 1},
    {.bitmap_index = 782, .adv_w = 128, .box_w = 8, .box_h = 5, .ofs_x = 0, .ofs_y = 2},
    {.bitmap_index = 796, .adv_w = 128, .box_w = 8, .box_h = 8, .ofs_x = 0, .ofs_y = 1},
    {.bitmap_index = 825, .adv_w = 100, .box_w = 6, .box_h = 10, .ofs_x = 0, .ofs_y = 0},
    {.bitmap_index = 854, .adv_w = 201, .box_w = 12, .box_h = 12, .ofs_x = 0, .ofs_y = -2},
    {.bitmap_index = 925, .adv_w = 147, .box_w = 10, .box_h = 10, .ofs_x = 0, .ofs_y = 0},
    {.bitmap_index = 969, .adv_w = 146, .box_w = 8, .box_h = 10, .ofs_x = 1, .ofs_y = 0},
    {.bitmap_index = 1008, .adv_w = 142, .box_w = 9, .box_h = 10, .ofs_x = 0, .ofs_y = 0},
    {.bitmap_index = 1046, .adv_w = 164, .box_w = 9, .box_h = 10, .ofs_x = 1, .ofs_y = 0},
    {.bitmap_index = 1083, .adv_w = 125, .box_w = 6, .box_h = 10, .ofs_x = 1, .ofs_y = 0},
    {.bitmap_index = 1107, .adv_w = 118, .box_w = 6, .box_h = 10, .ofs_x = 1, .ofs_y = 0},
    {.bitmap_index = 1129, .adv_w = 163, .box_w = 10, .box_h = 10, .ofs_x = 0, .ofs_y = 0},
    {.bitmap_index = 1177, .adv_w = 168, .box_w = 9, .box_h = 10, .ofs_x = 1, .ofs_y = 0},
    {.bitmap_index = 1200, .adv_w = 79, .box_w = 5, .box_h = 10, .ofs_x = 0, .ofs_y = 0},
    {.bitmap_index = 1215, .adv_w = 65, .box_w = 5, .box_h = 14, .ofs_x = -2, .ofs_y = -4},
    {.bitmap_index = 1230, .adv_w = 142, .box_w = 8, .box_h = 10, .ofs_x = 1, .ofs_y = 0},
    {.bitmap_index = 1265, .adv_w = 120, .box_w = 7, .box_h = 10, .ofs_x = 1, .ofs_y = 0},
    {.bitmap_index = 1275, .adv_w = 206, .box_w = 11, .box_h = 10, .ofs_x = 1, .ofs_y = 0},
    {.bitmap_index = 1320, .adv_w = 174, .box_w = 9, .box_h = 10, .ofs_x = 1, .ofs_y = 0},
    {.bitmap_index = 1354, .adv_w = 176, .box_w = 11, .box_h = 10, .ofs_x = 0, .ofs_y = 0},
    {.bitmap_index = 1405, .adv_w = 137, .box_w = 7, .box_h = 10, .ofs_x = 1, .ofs_y = 0},
    {.bitmap_index = 1434, .adv_w = 176, .box_w = 11, .box_h = 13, .ofs_x = 0, .ofs_y = -3},
    {.bitmap_index = 1497, .adv_w = 142, .box_w = 8, .box_h = 10, .ofs_x = 1, .ofs_y = 0},
    {.bitmap_index = 1533, .adv_w = 123, .box_w = 8, .box_h = 10, .ofs_x = 0, .ofs_y = 0},
    {.bitmap_index = 1571, .adv_w = 126, .box_w = 8, .box_h = 10, .ofs_x = 0, .ofs_y = 0},
    {.bitmap_index = 1586, .adv_w = 165, .box_w = 9, .box_h = 10, .ofs_x = 1, .ofs_y = 0},
    {.bitmap_index = 1611, .adv_w = 138, .box_w = 9, .box_h = 10, .ofs_x = 0, .ofs_y = 0},
    {.bitmap_index = 1653, .adv_w = 211, .box_w = 14, .box_h = 10, .ofs_x = 0, .ofs_y = 0},
    {.bitmap_index = 1721, .adv_w = 137, .box_w = 9, .box_h = 10, .ofs_x = 0, .ofs_y = 0},
    {.bitmap_index = 1765, .adv_w = 131, .box_w = 9, .box_h = 10, .ofs_x = 0, .ofs_y = 0},
    {.bitmap_index = 1797, .adv_w = 129, .box_w = 8, .box_h = 10, .ofs_x = 0, .ofs_y = 0},
    {.bitmap_index = 1831, .adv_w = 74, .box_w = 4, .box_h = 14, .ofs_x = 1, .ofs_y = -4},
    {.bitmap_index = 1844, .adv_w = 86, .box_w = 6, .box_h = 10, .ofs_x = 0, .ofs_y = 0},
    {.bitmap_index = 1870, .adv_w = 74, .box_w = 4, .box_h = 14, .ofs_x = 0, .ofs_y = -4},
    {.bitmap_index = 1883, .adv_w = 128, .box_w = 8, .box_h = 7, .ofs_x = 0, .ofs_y = 4},
    {.bitmap_index = 1909, .adv_w = 97, .box_w = 8, .box_h = 1, .ofs_x = -1, .ofs_y = -2},
    {.bitmap_index = 1912, .adv_w = 69, .box_w = 4, .box_h = 3, .ofs_x = 0, .ofs_y = 9},
    {.bitmap_index = 1919, .adv_w = 128, .box_w = 7, .box_h = 8, .ofs_x = 0, .ofs_y = 0},
    {.bitmap_index = 1948, .adv_w = 139, .box_w = 7, .box_h = 11, .ofs_x = 1, .ofs_y = 0},
    {.bitmap_index = 1980, .adv_w = 110, .box_w = 7, .box_h = 8, .ofs_x = 0, .ofs_y = 0},
    {.bitmap_index = 2005, .adv_w = 139, .box_w = 8, .box_h = 11, .ofs_x = 0, .ofs_y = 0},
    {.bitmap_index = 2042, .adv_w = 129, .box_w = 8, .box_h = 8, .ofs_x = 0, .ofs_y = 0},
    {.bitmap_index = 2074, .adv_w = 80, .box_w = 6, .box_h = 11, .ofs_x = 0, .ofs_y = 0},
    {.bitmap_index = 2095, .adv_w = 139, .box_w = 8, .box_h = 11, .ofs_x = 0, .ofs_y = -3},
    {.bitmap_index = 2139, .adv_w = 140, .box_w = 7, .box_h = 11, .ofs_x = 1, .ofs_y = 0},
    {.bitmap_index = 2162, .adv_w = 60, .box_w = 2, .box_h = 11, .ofs_x = 1, .ofs_y = 0},
    {.bitmap_index = 2170, .adv_w = 60, .box_w = 4, .box_h = 14, .ofs_x = -1, .ofs_y = -3},
    {.bitmap_index = 2187, .adv_w = 125, .box_w = 7, .box_h = 11, .ofs_x = 1, .ofs_y = 0},
    {.bitmap_index = 2215, .adv_w = 60, .box_w = 2, .box_h = 11, .ofs_x = 1, .ofs_y = 0},
    {.bitmap_index = 2220, .adv_w = 212, .box_w = 12, .box_h = 8, .ofs_x = 1, .ofs_y = 0},
    {.bitmap_index = 2248, .adv_w = 140, .box_w = 7, .box_h = 8, .ofs_x = 1, .ofs_y = 0},
    {.bitmap_index = 2265, .adv_w = 137, .box_w = 8, .box_h = 8, .ofs_x = 0, .ofs_y = 0},
    {.bitmap_index = 2295, .adv_w = 139, .box_w = 7, .box_h = 11, .ofs_x = 1, .ofs_y = -3},
    {.bitmap_index = 2330, .adv_w = 139, .box_w = 8, .box_h = 11, .ofs_x = 0, .ofs_y = -3},
    {.bitmap_index = 2369, .adv_w = 95, .box_w = 5, .box_h = 8, .ofs_x = 1, .ofs_y = 0},
    {.bitmap_index = 2382, .adv_w = 109, .box_w = 7, .box_h = 8, .ofs_x = 0, .ofs_y = 0},
    {.bitmap_index = 2410, .adv_w = 86, .box_w = 6, .box_h = 10, .ofs_x = 0, .ofs_y = 0},
    {.bitmap_index = 2433, .adv_w = 140, .box_w = 7, .box_h = 8, .ofs_x = 1, .ofs_y = 0},
    {.bitmap_index = 2452, .adv_w = 118, .box_w = 8, .box_h = 8, .ofs_x = 0, .ofs_y = 0},
    {.bitmap_index = 2484, .adv_w = 181, .box_w = 12, .box_h = 8, .ofs_x = 0, .ofs_y = 0},
    {.bitmap_index = 2533, .adv_w = 122, .box_w = 8, .box_h = 8, .ofs_x = 0, .ofs_y = 0},
    {.bitmap_index = 2565, .adv_w = 118, .box_w = 8, .box_h = 11, .ofs_x = 0, .ofs_y = -3},
    {.bitmap_index = 2607, .adv_w = 107, .box_w = 7, .box_h = 8, .ofs_x = 0, .ofs_y = 0},
    {.bitmap_index = 2633, .adv_w = 86, .box_w = 5, .box_h = 14, .ofs_x = 0, .ofs_y = -4},
    {.bitmap_index = 2667, .adv_w = 123, .box_w = 2, .box_h = 14, .ofs_x = 3, .ofs_y = -3},
    {.bitmap_index = 2672, .adv_w = 86, .box_w = 6, .box_h = 13, .ofs_x = 0, .ofs_y = -3},
    {.bitmap_index = 2707, .adv_w = 128, .box_w = 8, .box_h = 3, .ofs_x = 0, .ofs_y = 3},
    {.bitmap_index = 2719, .adv_w = 58, .box_w = 0, .box_h = 0, .ofs_x = 0, .ofs_y = 0},
    {.bitmap_index = 2719, .adv_w = 61, .box_w = 3, .box_h = 11, .ofs_x = 0, .ofs_y = -3},
    {.bitmap_index = 2736, .adv_w = 128, .box_w = 6, .box_h = 10, .ofs_x = 1, .ofs_y = 0},
    {.bitmap_index = 2765, .adv_w = 128, .box_w = 8, .box_h = 10, .ofs_x = 0, .ofs_y = 0},
    {.bitmap_index = 2804, .adv_w = 128, .box_w = 8, .box_h = 8, .ofs_x = 0, .ofs_y = 1},
    {.bitmap_index = 2837, .adv_w = 128, .box_w = 8, .box_h = 10, .ofs_x = 0, .ofs_y = 0},
    {.bitmap_index = 2878, .adv_w = 123, .box_w = 2, .box_h = 14, .ofs_x = 3, .ofs_y = -3},
    {.bitmap_index = 2888, .adv_w = 113, .box_w = 7, .box_h = 11, .ofs_x = 0, .ofs_y = 0},
    {.bitmap_index = 2928, .adv_w = 131, .box_w = 6, .box_h = 2, .ofs_x = 1, .ofs_y = 9},
    {.bitmap_index = 2935, .adv_w = 186, .box_w = 11, .box_h = 11, .ofs_x = 0, .ofs_y = 0},
    {.bitmap_index = 2993, .adv_w = 82, .box_w = 5, .box_h = 4, .ofs_x = 0, .ofs_y = 6},
    {.bitmap_index = 3003, .adv_w = 121, .box_w = 8, .box_h = 7, .ofs_x = 0, .ofs_y = 0},
    {.bitmap_index = 3032, .adv_w = 128, .box_w = 8, .box_h = 4, .ofs_x = 0, .ofs_y = 2},
    {.bitmap_index = 3043, .adv_w = 72, .box_w = 4, .box_h = 3, .ofs_x = 0, .ofs_y = 3},
    {.bitmap_index = 3049, .adv_w = 186, .box_w = 11, .box_h = 11, .ofs_x = 0, .ofs_y = 0},
    {.bitmap_index = 3108, .adv_w = 112, .box_w = 9, .box_h = 2, .ofs_x = -1, .ofs_y = 10},
    {.bitmap_index = 3114, .adv_w = 96, .box_w = 6, .box_h = 6, .ofs_x = 0, .ofs_y = 5},
    {.bitmap_index = 3131, .adv_w = 128, .box_w = 8, .box_h = 9, .ofs_x = 0, .ofs_y = 0},
    {.bitmap_index = 3157, .adv_w = 80, .box_w = 5, .box_h = 6, .ofs_x = 0, .ofs_y = 6},
    {.bitmap_index = 3173, .adv_w = 80, .box_w = 5, .box_h = 7, .ofs_x = 0, .ofs_y = 6},
    {.bitmap_index = 3192, .adv_w = 69, .box_w = 4, .box_h = 3, .ofs_x = 0, .ofs_y = 9},
    {.bitmap_index = 3198, .adv_w = 142, .box_w = 7, .box_h = 11, .ofs_x = 1, .ofs_y = -3},
    {.bitmap_index = 3223, .adv_w = 146, .box_w = 8, .box_h = 13, .ofs_x = 0, .ofs_y = -2},
    {.bitmap_index = 3252, .adv_w = 61, .box_w = 3, .box_h = 3, .ofs_x = 0, .ofs_y = 4},
    {.bitmap_index = 3256, .adv_w = 53, .box_w = 4, .box_h = 4, .ofs_x = 0, .ofs_y = -4},
    {.bitmap_index = 3265, .adv_w = 80, .box_w = 4, .box_h = 7, .ofs_x = 0, .ofs_y = 6},
    {.bitmap_index = 3276, .adv_w = 85, .box_w = 5, .box_h = 5, .ofs_x = 0, .ofs_y = 5},
    {.bitmap_index = 3289, .adv_w = 121, .box_w = 8, .box_h = 7, .ofs_x = 0, .ofs_y = 0},
    {.bitmap_index = 3318, .adv_w = 172, .box_w = 11, .box_h = 11, .ofs_x = 0, .ofs_y = 0},
    {.bitmap_index = 3371, .adv_w = 179, .box_w = 11, .box_h = 12, .ofs_x = 0, .ofs_y = -1},
    {.bitmap_index = 3434, .adv_w = 179, .box_w = 12, .box_h = 11, .ofs_x = 0, .ofs_y = 0},
    {.bitmap_index = 3497, .adv_w = 100, .box_w = 7, .box_h = 11, .ofs_x = 0, .ofs_y = -3},
    {.bitmap_index = 3532, .adv_w = 147, .box_w = 10, .box_h = 14, .ofs_x = 0, .ofs_y = 0},
    {.bitmap_index = 3589, .adv_w = 147, .box_w = 10, .box_h = 14, .ofs_x = 0, .ofs_y = 0},
    {.bitmap_index = 3646, .adv_w = 147, .box_w = 10, .box_h = 14, .ofs_x = 0, .ofs_y = 0},
    {.bitmap_index = 3705, .adv_w = 147, .box_w = 10, .box_h = 13, .ofs_x = 0, .ofs_y = 0},
    {.bitmap_index = 3760, .adv_w = 147, .box_w = 10, .box_h = 13, .ofs_x = 0, .ofs_y = 0},
    {.bitmap_index = 3816, .adv_w = 147, .box_w = 10, .box_h = 13, .ofs_x = 0, .ofs_y = 0},
    {.bitmap_index = 3870, .adv_w = 202, .box_w = 13, .box_h = 10, .ofs_x = -1, .ofs_y = 0},
    {.bitmap_index = 3926, .adv_w = 142, .box_w = 9, .box_h = 13, .ofs_x = 0, .ofs_y = -3},
    {.bitmap_index = 3976, .adv_w = 125, .box_w = 6, .box_h = 14, .ofs_x = 1, .ofs_y = 0},
    {.bitmap_index = 4011, .adv_w = 125, .box_w = 6, .box_h = 14, .ofs_x = 1, .ofs_y = 0},
    {.bitmap_index = 4047, .adv_w = 125, .box_w = 6, .box_h = 14, .ofs_x = 1, .ofs_y = 0},
    {.bitmap_index = 4084, .adv_w = 125, .box_w = 6, .box_h = 13, .ofs_x = 1, .ofs_y = 0},
    {.bitmap_index = 4117, .adv_w = 79, .box_w = 5, .box_h = 14, .ofs_x = 0, .ofs_y = 0},
    {.bitmap_index = 4141, .adv_w = 79, .box_w = 5, .box_h = 14, .ofs_x = 0, .ofs_y = 0},
    {.bitmap_index = 4166, .adv_w = 79, .box_w = 6, .box_h = 14, .ofs_x = -1, .ofs_y = 0},
    {.bitmap_index = 4195, .adv_w = 79, .box_w = 5, .box_h = 13, .ofs_x = 0, .ofs_y = 0},
    {.bitmap_index = 4217, .adv_w = 164, .box_w = 10, .box_h = 10, .ofs_x = 0, .ofs_y = 0},
    {.bitmap_index = 4265, .adv_w = 173, .box_w = 9, .box_h = 13, .ofs_x = 1, .ofs_y = 0},
    {.bitmap_index = 4310, .adv_w = 176, .box_w = 11, .box_h = 14, .ofs_x = 0, .ofs_y = 0},
    {.bitmap_index = 4374, .adv_w = 176, .box_w = 11, .box_h = 14, .ofs_x = 0, .ofs_y = 0},
    {.bitmap_index = 4438, .adv_w = 176, .box_w = 11, .box_h = 14, .ofs_x = 0, .ofs_y = 0},
    {.bitmap_index = 4504, .adv_w = 176, .box_w = 11, .box_h = 13, .ofs_x = 0, .ofs_y = 0},
    {.bitmap_index = 4565, .adv_w = 176, .box_w = 11, .box_h = 14, .ofs_x = 0, .ofs_y = 0},
    {.bitmap_index = 4630, .adv_w = 128, .box_w = 8, .box_h = 8, .ofs_x = 0, .ofs_y = 1},
    {.bitmap_index = 4663, .adv_w = 176, .box_w = 11, .box_h = 12, .ofs_x = 0, .ofs_y = -1},
    {.bitmap_index = 4727, .adv_w = 165, .box_w = 9, .box_h = 14, .ofs_x = 1, .ofs_y = 0},
    {.bitmap_index = 4765, .adv_w = 165, .box_w = 9, .box_h = 14, .ofs_x = 1, .ofs_y = 0},
    {.bitmap_index = 4803, .adv_w = 165, .box_w = 9, .box_h = 14, .ofs_x = 1, .ofs_y = 0},
    {.bitmap_index = 4844, .adv_w = 165, .box_w = 9, .box_h = 14, .ofs_x = 1, .ofs_y = 0},
    {.bitmap_index = 4882, .adv_w = 131, .box_w = 9, .box_h = 14, .ofs_x = 0, .ofs_y = 0},
    {.bitmap_index = 4927, .adv_w = 137, .box_w = 7, .box_h = 10, .ofs_x = 1, .ofs_y = 0},
    {.bitmap_index = 4960, .adv_w = 146, .box_w = 8, .box_h = 11, .ofs_x = 1, .ofs_y = 0},
    {.bitmap_index = 5000, .adv_w = 128, .box_w = 7, .box_h = 11, .ofs_x = 0, .ofs_y = 0},
    {.bitmap_index = 5038, .adv_w = 128, .box_w = 7, .box_h = 11, .ofs_x = 0, .ofs_y = 0},
    {.bitmap_index = 5076, .adv_w = 128, .box_w = 7, .box_h = 11, .ofs_x = 0, .ofs_y = 0},
    {.bitmap_index = 5116, .adv_w = 128, .box_w = 7, .box_h = 11, .ofs_x = 0, .ofs_y = 0},
    {.bitmap_index = 5156, .adv_w = 128, .box_w = 7, .box_h = 10, .ofs_x = 0, .ofs_y = 0},
    {.bitmap_index = 5192, .adv_w = 128, .box_w = 7, .box_h = 12, .ofs_x = 0, .ofs_y = 0},
    {.bitmap_index = 5235, .adv_w = 197, .box_w = 12, .box_h = 8, .ofs_x = 0, .ofs_y = 0},
    {.bitmap_index = 5283, .adv_w = 110, .box_w = 7, .box_h = 11, .ofs_x = 0, .ofs_y = -3},
    {.bitmap_index = 5318, .adv_w = 129, .box_w = 8, .box_h = 11, .ofs_x = 0, .ofs_y = 0},
    {.bitmap_index = 5359, .adv_w = 129, .box_w = 8, .box_h = 11, .ofs_x = 0, .ofs_y = 0},
    {.bitmap_index = 5401, .adv_w = 129, .box_w = 8, .box_h = 11, .ofs_x = 0, .ofs_y = 0},
    {.bitmap_index = 5445, .adv_w = 129, .box_w = 8, .box_h = 10, .ofs_x = 0, .ofs_y = 0},
    {.bitmap_index = 5484, .adv_w = 60, .box_w = 5, .box_h = 11, .ofs_x = -1, .ofs_y = 0},
    {.bitmap_index = 5497, .adv_w = 60, .box_w = 4, .box_h = 11, .ofs_x = 1, .ofs_y = 0},
    {.bitmap_index = 5508, .adv_w = 60, .box_w = 6, .box_h = 11, .ofs_x = -1, .ofs_y = 0},
    {.bitmap_index = 5523, .adv_w = 60, .box_w = 6, .box_h = 10, .ofs_x = -1, .ofs_y = 0},
    {.bitmap_index = 5535, .adv_w = 137, .box_w = 8, .box_h = 12, .ofs_x = 0, .ofs_y = 0},
    {.bitmap_index = 5580, .adv_w = 140, .box_w = 7, .box_h = 11, .ofs_x = 1, .ofs_y = 0},
    {.bitmap_index = 5608, .adv_w = 137, .box_w = 8, .box_h = 11, .ofs_x = 0, .ofs_y = 0},
    {.bitmap_index = 5648, .adv_w = 137, .box_w = 8, .box_h = 11, .ofs_x = 0, .ofs_y = 0},
    {.bitmap_index = 5688, .adv_w = 137, .box_w = 8, .box_h = 11, .ofs_x = 0, .ofs_y = 0},
    {.bitmap_index = 5729, .adv_w = 137, .box_w = 8, .box_h = 11, .ofs_x = 0, .ofs_y = 0},
    {.bitmap_index = 5771, .adv_w = 137, .box_w = 8, .box_h = 10, .ofs_x = 0, .ofs_y = 0},
    {.bitmap_index = 5809, .adv_w = 128, .box_w = 8, .box_h = 7, .ofs_x = 0, .ofs_y = 2},
    {.bitmap_index = 5831, .adv_w = 136, .box_w = 8, .box_h = 10, .ofs_x = 0, .ofs_y = -1},
    {.bitmap_index = 5870, .adv_w = 140, .box_w = 7, .box_h = 11, .ofs_x = 1, .ofs_y = 0},
    {.bitmap_index = 5898, .adv_w = 140, .box_w = 7, .box_h = 11, .ofs_x = 1, .ofs_y = 0},
    {.bitmap_index = 5927, .adv_w = 140, .box_w = 7, .box_h = 11, .ofs_x = 1, .ofs_y = 0},
    {.bitmap_index = 5956, .adv_w = 140, .box_w = 7, .box_h = 10, .ofs_x = 1, .ofs_y = 0},
    {.bitmap_index = 5982, .adv_w = 118, .box_w = 8, .box_h = 14, .ofs_x = 0, .ofs_y = -3},
    {.bitmap_index = 6033, .adv_w = 139, .box_w = 7, .box_h = 14, .ofs_x = 1, .ofs_y = -3},
    {.bitmap_index = 6071, .adv_w = 118, .box_w = 8, .box_h = 13, .ofs_x = 0, .ofs_y = -3},
    {.bitmap_index = 6121, .adv_w = 147, .box_w = 10, .box_h = 13, .ofs_x = 0, .ofs_y = 0},
    {.bitmap_index = 6176, .adv_w = 128, .box_w = 7, .box_h = 10, .ofs_x = 0, .ofs_y = 0},
    {.bitmap_index = 6211, .adv_w = 147, .box_w = 10, .box_h = 14, .ofs_x = 0, .ofs_y = 0},
    {.bitmap_index = 6269, .adv_w = 128, .box_w = 7, .box_h = 11, .ofs_x = 0, .ofs_y = 0},
    {.bitmap_index = 6309, .adv_w = 147, .box_w = 10, .box_h = 13, .ofs_x = 0, .ofs_y = -3},
    {.bitmap_index = 6363, .adv_w = 128, .box_w = 8, .box_h = 11, .ofs_x = 0, .ofs_y = -3},
    {.bitmap_index = 6406, .adv_w = 142, .box_w = 9, .box_h = 14, .ofs_x = 0, .ofs_y = 0},
    {.bitmap_index = 6457, .adv_w = 110, .box_w = 7, .box_h = 11, .ofs_x = 0, .ofs_y = 0},
    {.bitmap_index = 6491, .adv_w = 142, .box_w = 9, .box_h = 14, .ofs_x = 0, .ofs_y = 0},
    {.bitmap_index = 6545, .adv_w = 110, .box_w = 7, .box_h = 11, .ofs_x = 0, .ofs_y = 0},
    {.bitmap_index = 6581, .adv_w = 142, .box_w = 9, .box_h = 14, .ofs_x = 0, .ofs_y = 0},
    {.bitmap_index = 6629, .adv_w = 110, .box_w = 7, .box_h = 11, .ofs_x = 0, .ofs_y = 0},
    {.bitmap_index = 6661, .adv_w = 142, .box_w = 9, .box_h = 14, .ofs_x = 0, .ofs_y = 0},
    {.bitmap_index = 6714, .adv_w = 110, .box_w = 7, .box_h = 11, .ofs_x = 0, .ofs_y = 0},
    {.bitmap_index = 6749, .adv_w = 164, .box_w = 9, .box_h = 14, .ofs_x = 1, .ofs_y = 0},
    {.bitmap_index = 6802, .adv_w = 139, .box_w = 10, .box_h = 11, .ofs_x = 0, .ofs_y = 0},
    {.bitmap_index = 6848, .adv_w = 164, .box_w = 10, .box_h = 10, .ofs_x = 0, .ofs_y = 0},
    {.bitmap_index = 6896, .adv_w = 140, .box_w = 9, .box_h = 11, .ofs_x = 0, .ofs_y = 0},
    {.bitmap_index = 6942, .adv_w = 125, .box_w = 6, .box_h = 13, .ofs_x = 1, .ofs_y = 0},
    {.bitmap_index = 6974, .adv_w = 129, .box_w = 8, .box_h = 10, .ofs_x = 0, .ofs_y = 0},
    {.bitmap_index = 7013, .adv_w = 125, .box_w = 6, .box_h = 14, .ofs_x = 1, .ofs_y = 0},
    {.bitmap_index = 7050, .adv_w = 129, .box_w = 8, .box_h = 11, .ofs_x = 0, .ofs_y = 0},
    {.bitmap_index = 7094, .adv_w = 125, .box_w = 6, .box_h = 13, .ofs_x = 1, .ofs_y = 0},
    {.bitmap_index = 7126, .adv_w = 129, .box_w = 8, .box_h = 11, .ofs_x = 0, .ofs_y = 0},
    {.bitmap_index = 7166, .adv_w = 125, .box_w = 6, .box_h = 13, .ofs_x = 1, .ofs_y = -3},
    {.bitmap_index = 7199, .adv_w = 128, .box_w = 8, .box_h = 11, .ofs_x = 0, .ofs_y = -3},
    {.bitmap_index = 7241, .adv_w = 125, .box_w = 6, .box_h = 14, .ofs_x = 1, .ofs_y = 0},
    {.bitmap_index = 7278, .adv_w = 129, .box_w = 8, .box_h = 11, .ofs_x = 0, .ofs_y = 0},
    {.bitmap_index = 7321, .adv_w = 163, .box_w = 10, .box_h = 14, .ofs_x = 0, .ofs_y = 0},
    {.bitmap_index = 7384, .adv_w = 139, .box_w = 8, .box_h = 14, .ofs_x = 0, .ofs_y = -3},
    {.bitmap_index = 7440, .adv_w = 163, .box_w = 10, .box_h = 14, .ofs_x = 0, .ofs_y = 0},
    {.bitmap_index = 7502, .adv_w = 139, .box_w = 8, .box_h = 14, .ofs_x = 0, .ofs_y = -3},
    {.bitmap_index = 7557, .adv_w = 163, .box_w = 10, .box_h = 14, .ofs_x = 0, .ofs_y = 0},
    {.bitmap_index = 7616, .adv_w = 139, .box_w = 8, .box_h = 14, .ofs_x = 0, .ofs_y = -3},
    {.bitmap_index = 7669, .adv_w = 163, .box_w = 10, .box_h = 13, .ofs_x = 0, .ofs_y = -3},
    {.bitmap_index = 7729, .adv_w = 139, .box_w = 8, .box_h = 14, .ofs_x = 0, .ofs_y = -3},
    {.bitmap_index = 7782, .adv_w = 168, .box_w = 9, .box_h = 14, .ofs_x = 1, .ofs_y = 0},
    {.bitmap_index = 7821, .adv_w = 140, .box_w = 9, .box_h = 15, .ofs_x = -1, .ofs_y = 0},
    {.bitmap_index = 7862, .adv_w = 168, .box_w = 11, .box_h = 10, .ofs_x = 0, .ofs_y = 0},
    {.bitmap_index = 7896, .adv_w = 141, .box_w = 8, .box_h = 11, .ofs_x = 0, .ofs_y = 0},
    {.bitmap_index = 7928, .adv_w = 79, .box_w = 7, .box_h = 13, .ofs_x = -1, .ofs_y = 0},
    {.bitmap_index = 7956, .adv_w = 60, .box_w = 6, .box_h = 11, .ofs_x = -1, .ofs_y = 0},
    {.bitmap_index = 7971, .adv_w = 79, .box_w = 5, .box_h = 13, .ofs_x = 0, .ofs_y = 0},
    {.bitmap_index = 7993, .adv_w = 60, .box_w = 6, .box_h = 10, .ofs_x = -1, .ofs_y = 0},
    {.bitmap_index = 8004, .adv_w = 79, .box_w = 5, .box_h = 14, .ofs_x = 0, .ofs_y = 0},
    {.bitmap_index = 8029, .adv_w = 60, .box_w = 6, .box_h = 11, .ofs_x = -1, .ofs_y = 0},
    {.bitmap_index = 8043, .adv_w = 79, .box_w = 5, .box_h = 13, .ofs_x = 0, .ofs_y = -3},
    {.bitmap_index = 8065, .adv_w = 60, .box_w = 3, .box_h = 14, .ofs_x = 0, .ofs_y = -3},
    {.bitmap_index = 8080, .adv_w = 79, .box_w = 5, .box_h = 13, .ofs_x = 0, .ofs_y = 0},
    {.bitmap_index = 8103, .adv_w = 60, .box_w = 2, .box_h = 8, .ofs_x = 1, .ofs_y = 0},
    {.bitmap_index = 8108, .adv_w = 144, .box_w = 8, .box_h = 14, .ofs_x = 0, .ofs_y = -4},
    {.bitmap_index = 8142, .adv_w = 122, .box_w = 6, .box_h = 14, .ofs_x = 1, .ofs_y = -3},
    {.bitmap_index = 8167, .adv_w = 65, .box_w = 7, .box_h = 18, .ofs_x = -2, .ofs_y = -4},
    {.bitmap_index = 8200, .adv_w = 60, .box_w = 6, .box_h = 14, .ofs_x = -1, .ofs_y = -3},
    {.bitmap_index = 8223, .adv_w = 141, .box_w = 8, .box_h = 13, .ofs_x = 1, .ofs_y = -3},
    {.bitmap_index = 8268, .adv_w = 125, .box_w = 7, .box_h = 14, .ofs_x = 1, .ofs_y = -3},
    {.bitmap_index = 8306, .adv_w = 125, .box_w = 7, .box_h = 8, .ofs_x = 1, .ofs_y = 0},
    {.bitmap_index = 8333, .adv_w = 120, .box_w = 7, .box_h = 14, .ofs_x = 1, .ofs_y = 0},
    {.bitmap_index = 8355, .adv_w = 60, .box_w = 4, .box_h = 15, .ofs_x = 1, .ofs_y = 0},
    {.bitmap_index = 8368, .adv_w = 120, .box_w = 7, .box_h = 13, .ofs_x = 1, .ofs_y = -3},
    {.bitmap_index = 8387, .adv_w = 60, .box_w = 3, .box_h = 14, .ofs_x = 0, .ofs_y = -3},
    {.bitmap_index = 8396, .adv_w = 120, .box_w = 7, .box_h = 10, .ofs_x = 1, .ofs_y = 0},
    {.bitmap_index = 8416, .adv_w = 60, .box_w = 5, .box_h = 11, .ofs_x = 1, .ofs_y = 0},
    {.bitmap_index = 8428, .adv_w = 120, .box_w = 7, .box_h = 10, .ofs_x = 1, .ofs_y = 0},
    {.bitmap_index = 8447, .adv_w = 67, .box_w = 4, .box_h = 11, .ofs_x = 1, .ofs_y = 0},
    {.bitmap_index = 8460, .adv_w = 120, .box_w = 8, .box_h = 10, .ofs_x = 0, .ofs_y = 0},
    {.bitmap_index = 8486, .adv_w = 61, .box_w = 5, .box_h = 11, .ofs_x = -1, .ofs_y = 0},
    {.bitmap_index = 8504, .adv_w = 173, .box_w = 9, .box_h = 14, .ofs_x = 1, .ofs_y = 0},
    {.bitmap_index = 8551, .adv_w = 140, .box_w = 7, .box_h = 11, .ofs_x = 1, .ofs_y = 0},
    {.bitmap_index = 8578, .adv_w = 173, .box_w = 9, .box_h = 13, .ofs_x = 1, .ofs_y = -3},
    {.bitmap_index = 8623, .adv_w = 140, .box_w = 7, .box_h = 11, .ofs_x = 1, .ofs_y = -3},
    {.bitmap_index = 8650, .adv_w = 173, .box_w = 9, .box_h = 14, .ofs_x = 1, .ofs_y = 0},
    {.bitmap_index = 8699, .adv_w = 140, .box_w = 7, .box_h = 11, .ofs_x = 1, .ofs_y = 0},
    {.bitmap_index = 8727, .adv_w = 160, .box_w = 9, .box_h = 10, .ofs_x = 0, .ofs_y = 0},
    {.bitmap_index = 8756, .adv_w = 174, .box_w = 9, .box_h = 14, .ofs_x = 1, .ofs_y = -4},
    {.bitmap_index = 8806, .adv_w = 140, .box_w = 7, .box_h = 11, .ofs_x = 1, .ofs_y = -3},
    {.bitmap_index = 8832, .adv_w = 176, .box_w = 11, .box_h = 13, .ofs_x = 0, .ofs_y = 0},
    {.bitmap_index = 8894, .adv_w = 137, .box_w = 8, .box_h = 10, .ofs_x = 0, .ofs_y = 0},
    {.bitmap_index = 8931, .adv_w = 176, .box_w = 11, .box_h = 14, .ofs_x = 0, .ofs_y = 0},
    {.bitmap_index = 8996, .adv_w = 137, .box_w = 8, .box_h = 11, .ofs_x = 0, .ofs_y = 0},
    {.bitmap_index = 9038, .adv_w = 176, .box_w = 11, .box_h = 14, .ofs_x = 0, .ofs_y = 0},
    {.bitmap_index = 9106, .adv_w = 137, .box_w = 8, .box_h = 11, .ofs_x = 0, .ofs_y = 0},
    {.bitmap_index = 9148, .adv_w = 211, .box_w = 13, .box_h = 10, .ofs_x = 0, .ofs_y = 0},
    {.bitmap_index = 9202, .adv_w = 214, .box_w = 13, .box_h = 8, .ofs_x = 0, .ofs_y = 0},
    {.bitmap_index = 9252, .adv_w = 142, .box_w = 8, .box_h = 14, .ofs_x = 1, .ofs_y = 0},
    {.bitmap_index = 9300, .adv_w = 95, .box_w = 5, .box_h = 11, .ofs_x = 1, .ofs_y = 0},
    {.bitmap_index = 9320, .adv_w = 142, .box_w = 8, .box_h = 13, .ofs_x = 1, .ofs_y = -3},
    {.bitmap_index = 9366, .adv_w = 95, .box_w = 6, .box_h = 11, .ofs_x = 0, .ofs_y = -3},
    {.bitmap_index = 9388, .adv_w = 142, .box_w = 8, .box_h = 14, .ofs_x = 1, .ofs_y = 0},
    {.bitmap_index = 9438, .adv_w = 95, .box_w = 6, .box_h = 11, .ofs_x = 0, .ofs_y = 0},
    {.bitmap_index = 9462, .adv_w = 123, .box_w = 8, .box_h = 14, .ofs_x = 0, .ofs_y = 0},
    {.bitmap_index = 9511, .adv_w = 109, .box_w = 7, .box_h = 11, .ofs_x = 0, .ofs_y = 0},
    {.bitmap_index = 9548, .adv_w = 123, .box_w = 8, .box_h = 14, .ofs_x = 0, .ofs_y = 0},
    {.bitmap_index = 9601, .adv_w = 109, .box_w = 7, .box_h = 11, .ofs_x = 0, .ofs_y = 0},
    {.bitmap_index = 9640, .adv_w = 123, .box_w = 8, .box_h = 13, .ofs_x = 0, .ofs_y = -3},
    {.bitmap_index = 9688, .adv_w = 109, .box_w = 7, .box_h = 11, .ofs_x = 0, .ofs_y = -3},
    {.bitmap_index = 9726, .adv_w = 123, .box_w = 8, .box_h = 14, .ofs_x = 0, .ofs_y = 0},
    {.bitmap_index = 9778, .adv_w = 109, .box_w = 7, .box_h = 11, .ofs_x = 0, .ofs_y = 0},
    {.bitmap_index = 9817, .adv_w = 126, .box_w = 8, .box_h = 13, .ofs_x = 0, .ofs_y = -3},
    {.bitmap_index = 9840, .adv_w = 86, .box_w = 6, .box_h = 13, .ofs_x = 0, .ofs_y = -3},
    {.bitmap_index = 9872, .adv_w = 126, .box_w = 8, .box_h = 14, .ofs_x = 0, .ofs_y = 0},
    {.bitmap_index = 9902, .adv_w = 86, .box_w = 7, .box_h = 11, .ofs_x = 0, .ofs_y = 0},
    {.bitmap_index = 9932, .adv_w = 126, .box_w = 8, .box_h = 10, .ofs_x = 0, .ofs_y = 0},
    {.bitmap_index = 9960, .adv_w = 86, .box_w = 6, .box_h = 10, .ofs_x = 0, .ofs_y = 0},
    {.bitmap_index = 9990, .adv_w = 165, .box_w = 9, .box_h = 13, .ofs_x = 1, .ofs_y = 0},
    {.bitmap_index = 10027, .adv_w = 140, .box_w = 7, .box_h = 11, .ofs_x = 1, .ofs_y = 0},
    {.bitmap_index = 10057, .adv_w = 165, .box_w = 9, .box_h = 13, .ofs_x = 1, .ofs_y = 0},
    {.bitmap_index = 10092, .adv_w = 140, .box_w = 7, .box_h = 10, .ofs_x = 1, .ofs_y = 0},
    {.bitmap_index = 10117, .adv_w = 165, .box_w = 9, .box_h = 14, .ofs_x = 1, .ofs_y = 0},
    {.bitmap_index = 10157, .adv_w = 140, .box_w = 7, .box_h = 11, .ofs_x = 1, .ofs_y = 0},
    {.bitmap_index = 10187, .adv_w = 165, .box_w = 9, .box_h = 15, .ofs_x = 1, .ofs_y = 0},
    {.bitmap_index = 10229, .adv_w = 140, .box_w = 7, .box_h = 12, .ofs_x = 1, .ofs_y = 0},
    {.bitmap_index = 10261, .adv_w = 165, .box_w = 9, .box_h = 14, .ofs_x = 1, .ofs_y = 0},
    {.bitmap_index = 10302, .adv_w = 140, .box_w = 7, .box_h = 11, .ofs_x = 1, .ofs_y = 0},
    {.bitmap_index = 10332, .adv_w = 165, .box_w = 9, .box_h = 13, .ofs_x = 1, .ofs_y = -3},
    {.bitmap_index = 10367, .adv_w = 140, .box_w = 7, .box_h = 11, .ofs_x = 1, .ofs_y = -3},
    {.bitmap_index = 10395, .adv_w = 211, .box_w = 14, .box_h = 14, .ofs_x = 0, .ofs_y = 0},
    {.bitmap_index = 10482, .adv_w = 181, .box_w = 12, .box_h = 11, .ofs_x = 0, .ofs_y = 0},
    {.bitmap_index = 10544, .adv_w = 131, .box_w = 9, .box_h = 14, .ofs_x = 0, .ofs_y = 0},
    {.bitmap_index = 10591, .adv_w = 118, .box_w = 8, .box_h = 14, .ofs_x = 0, .ofs_y = -3},
    {.bitmap_index = 10644, .adv_w = 131, .box_w = 9, .box_h = 13, .ofs_x = 0, .ofs_y = 0},
    {.bitmap_index = 10688, .adv_w = 129, .box_w = 8, .box_h = 14, .ofs_x = 0, .ofs_y = 0},
    {.bitmap_index = 10735, .adv_w = 107, .box_w = 7, .box_h = 11, .ofs_x = 0, .ofs_y = 0},
    {.bitmap_index = 10773, .adv_w = 129, .box_w = 8, .box_h = 13, .ofs_x = 0, .ofs_y = 0},
    {.bitmap_index = 10815, .adv_w = 107, .box_w = 7, .box_h = 11, .ofs_x = 0, .ofs_y = 0},
    {.bitmap_index = 10851, .adv_w = 129, .box_w = 8, .box_h = 14, .ofs_x = 0, .ofs_y = 0},
    {.bitmap_index = 10899, .adv_w = 107, .box_w = 7, .box_h = 11, .ofs_x = 0, .ofs_y = 0},
    {.bitmap_index = 10938, .adv_w = 77, .box_w = 5, .box_h = 11, .ofs_x = 1, .ofs_y = 0},
    {.bitmap_index = 10949, .adv_w = 139, .box_w = 8, .box_h = 11, .ofs_x = 0, .ofs_y = 0},
    {.bitmap_index = 10991, .adv_w = 168, .box_w = 10, .box_h = 10, .ofs_x = 0, .ofs_y = 0},
    {.bitmap_index = 11034, .adv_w = 139, .box_w = 8, .box_h = 10, .ofs_x = 1, .ofs_y = 0},
    {.bitmap_index = 11070, .adv_w = 139, .box_w = 7, .box_h = 11, .ofs_x = 1, .ofs_y = 0},
    {.bitmap_index = 11105, .adv_w = 144, .box_w = 8, .box_h = 10, .ofs_x = 1, .ofs_y = 0},
    {.bitmap_index = 11136, .adv_w = 139, .box_w = 7, .box_h = 11, .ofs_x = 1, .ofs_y = 0},
    {.bitmap_index = 11168, .adv_w = 142, .box_w = 9, .box_h = 10, .ofs_x = 0, .ofs_y = 0},
    {.bitmap_index = 11205, .adv_w = 142, .box_w = 10, .box_h = 14, .ofs_x = 0, .ofs_y = 0},
    {.bitmap_index = 11257, .adv_w = 114, .box_w = 8, .box_h = 11, .ofs_x = 0, .ofs_y = 0},
    {.bitmap_index = 11295, .adv_w = 164, .box_w = 10, .box_h = 10, .ofs_x = 0, .ofs_y = 0},
    {.bitmap_index = 11343, .adv_w = 185, .box_w = 11, .box_h = 10, .ofs_x = 0, .ofs_y = 0},
    {.bitmap_index = 11385, .adv_w = 139, .box_w = 8, .box_h = 10, .ofs_x = 0, .ofs_y = 0},
    {.bitmap_index = 11418, .adv_w = 139, .box_w = 8, .box_h = 11, .ofs_x = 0, .ofs_y = 0},
    {.bitmap_index = 11459, .adv_w = 137, .box_w = 8, .box_h = 11, .ofs_x = 0, .ofs_y = -3},
    {.bitmap_index = 11504, .adv_w = 125, .box_w = 7, .box_h = 10, .ofs_x = 0, .ofs_y = 0},
    {.bitmap_index = 11531, .adv_w = 171, .box_w = 10, .box_h = 10, .ofs_x = 0, .ofs_y = 0},
    {.bitmap_index = 11577, .adv_w = 136, .box_w = 8, .box_h = 10, .ofs_x = 0, .ofs_y = 0},
    {.bitmap_index = 11615, .adv_w = 138, .box_w = 10, .box_h = 13, .ofs_x = -1, .ofs_y = -3},
    {.bitmap_index = 11657, .adv_w = 99, .box_w = 8, .box_h = 14, .ofs_x = -1, .ofs_y = -3},
    {.bitmap_index = 11693, .adv_w = 163, .box_w = 11, .box_h = 14, .ofs_x = 0, .ofs_y = 0},
    {.bitmap_index = 11756, .adv_w = 133, .box_w = 9, .box_h = 13, .ofs_x = 0, .ofs_y = -3},
    {.bitmap_index = 11807, .adv_w = 213, .box_w = 12, .box_h = 11, .ofs_x = 1, .ofs_y = 0},
    {.bitmap_index = 11849, .adv_w = 82, .box_w = 4, .box_h = 10, .ofs_x = 1, .ofs_y = 0},
    {.bitmap_index = 11859, .adv_w = 80, .box_w = 5, .box_h = 10, .ofs_x = 0, .ofs_y = 0},
    {.bitmap_index = 11882, .adv_w = 142, .box_w = 8, .box_h = 10, .ofs_x = 1, .ofs_y = 0},
    {.bitmap_index = 11917, .adv_w = 125, .box_w = 7, .box_h = 11, .ofs_x = 1, .ofs_y = 0},
    {.bitmap_index = 11951, .adv_w = 62, .box_w = 4, .box_h = 11, .ofs_x = 0, .ofs_y = 0},
    {.bitmap_index = 11965, .adv_w = 126, .box_w = 9, .box_h = 11, .ofs_x = -1, .ofs_y = 0},
    {.bitmap_index = 12010, .adv_w = 231, .box_w = 13, .box_h = 10, .ofs_x = 1, .ofs_y = 0},
    {.bitmap_index = 12043, .adv_w = 174, .box_w = 11, .box_h = 13, .ofs_x = -1, .ofs_y = -3},
    {.bitmap_index = 12090, .adv_w = 140, .box_w = 7, .box_h = 11, .ofs_x = 1, .ofs_y = -3},
    {.bitmap_index = 12112, .adv_w = 176, .box_w = 11, .box_h = 10, .ofs_x = 0, .ofs_y = 0},
    {.bitmap_index = 12164, .adv_w = 178, .box_w = 12, .box_h = 11, .ofs_x = 0, .ofs_y = 0},
    {.bitmap_index = 12223, .adv_w = 142, .box_w = 10, .box_h = 9, .ofs_x = 0, .ofs_y = 0},
    {.bitmap_index = 12263, .adv_w = 244, .box_w = 15, .box_h = 10, .ofs_x = 0, .ofs_y = 0},
    {.bitmap_index = 12326, .adv_w = 195, .box_w = 12, .box_h = 11, .ofs_x = 0, .ofs_y = -3},
    {.bitmap_index = 12376, .adv_w = 157, .box_w = 10, .box_h = 10, .ofs_x = 0, .ofs_y = 0},
    {.bitmap_index = 12413, .adv_w = 139, .box_w = 7, .box_h = 14, .ofs_x = 1, .ofs_y = -3},
    {.bitmap_index = 12453, .adv_w = 142, .box_w = 8, .box_h = 12, .ofs_x = 1, .ofs_y = -2},
    {.bitmap_index = 12496, .adv_w = 123, .box_w = 8, .box_h = 10, .ofs_x = 0, .ofs_y = 0},
    {.bitmap_index = 12535, .adv_w = 109, .box_w = 7, .box_h = 8, .ofs_x = 0, .ofs_y = 0},
    {.bitmap_index = 12564, .adv_w = 129, .box_w = 8, .box_h = 10, .ofs_x = 0, .ofs_y = 0},
    {.bitmap_index = 12598, .adv_w = 84, .box_w = 7, .box_h = 14, .ofs_x = -1, .ofs_y = -3},
    {.bitmap_index = 12621, .adv_w = 86, .box_w = 6, .box_h = 13, .ofs_x = 0, .ofs_y = -3},
    {.bitmap_index = 12654, .adv_w = 132, .box_w = 9, .box_h = 10, .ofs_x = 0, .ofs_y = 0},
    {.bitmap_index = 12671, .adv_w = 86, .box_w = 6, .box_h = 11, .ofs_x = 0, .ofs_y = 0},
    {.bitmap_index = 12700, .adv_w = 126, .box_w = 8, .box_h = 13, .ofs_x = 0, .ofs_y = -3},
    {.bitmap_index = 12721, .adv_w = 182, .box_w = 11, .box_h = 11, .ofs_x = 1, .ofs_y = 0},
    {.bitmap_index = 12762, .adv_w = 156, .box_w = 10, .box_h = 9, .ofs_x = 1, .ofs_y = 0},
    {.bitmap_index = 12795, .adv_w = 176, .box_w = 11, .box_h = 10, .ofs_x = 0, .ofs_y = 0},
    {.bitmap_index = 12847, .adv_w = 165, .box_w = 9, .box_h = 10, .ofs_x = 1, .ofs_y = 0},
    {.bitmap_index = 12885, .adv_w = 133, .box_w = 9, .box_h = 10, .ofs_x = 0, .ofs_y = 0},
    {.bitmap_index = 12917, .adv_w = 127, .box_w = 8, .box_h = 11, .ofs_x = 0, .ofs_y = -3},
    {.bitmap_index = 12959, .adv_w = 128, .box_w = 8, .box_h = 10, .ofs_x = 0, .ofs_y = 0},
    {.bitmap_index = 12996, .adv_w = 107, .box_w = 7, .box_h = 8, .ofs_x = 0, .ofs_y = 0},
    {.bitmap_index = 13024, .adv_w = 131, .box_w = 8, .box_h = 10, .ofs_x = 0, .ofs_y = 0},
    {.bitmap_index = 13061, .adv_w = 131, .box_w = 8, .box_h = 10, .ofs_x = 0, .ofs_y = 0},
    {.bitmap_index = 13099, .adv_w = 117, .box_w = 8, .box_h = 11, .ofs_x = 0, .ofs_y = -3},
    {.bitmap_index = 13140, .adv_w = 117, .box_w = 7, .box_h = 11, .ofs_x = 0, .ofs_y = -3},
    {.bitmap_index = 13178, .adv_w = 128, .box_w = 8, .box_h = 11, .ofs_x = 0, .ofs_y = 0},
    {.bitmap_index = 13220, .adv_w = 130, .box_w = 8, .box_h = 10, .ofs_x = 0, .ofs_y = 0},
    {.bitmap_index = 13256, .adv_w = 114, .box_w = 7, .box_h = 8, .ofs_x = 0, .ofs_y = 0},
    {.bitmap_index = 13283, .adv_w = 106, .box_w = 7, .box_h = 10, .ofs_x = 0, .ofs_y = 0},
    {.bitmap_index = 13316, .adv_w = 134, .box_w = 7, .box_h = 11, .ofs_x = 1, .ofs_y = -3},
    {.bitmap_index = 13348, .adv_w = 72, .box_w = 2, .box_h = 11, .ofs_x = 1, .ofs_y = 0},
    {.bitmap_index = 13353, .adv_w = 124, .box_w = 6, .box_h = 11, .ofs_x = 1, .ofs_y = 0},
    {.bitmap_index = 13360, .adv_w = 116, .box_w = 7, .box_h = 11, .ofs_x = 0, .ofs_y = 0},
    {.bitmap_index = 13391, .adv_w = 61, .box_w = 3, .box_h = 10, .ofs_x = 0, .ofs_y = 0},
    {.bitmap_index = 13406, .adv_w = 291, .box_w = 17, .box_h = 14, .ofs_x = 1, .ofs_y = 0},
    {.bitmap_index = 13498, .adv_w = 270, .box_w = 16, .box_h = 11, .ofs_x = 1, .ofs_y = 0},
    {.bitmap_index = 13574, .adv_w = 246, .box_w = 15, .box_h = 11, .ofs_x = 0, .ofs_y = 0},
    {.bitmap_index = 13649, .adv_w = 185, .box_w = 10, .box_h = 14, .ofs_x = 1, .ofs_y = -4},
    {.bitmap_index = 13680, .adv_w = 181, .box_w = 10, .box_h = 14, .ofs_x = 1, .ofs_y = -3},
    {.bitmap_index = 13715, .adv_w = 122, .box_w = 6, .box_h = 14, .ofs_x = 1, .ofs_y = -3},
    {.bitmap_index = 13737, .adv_w = 239, .box_w = 13, .box_h = 14, .ofs_x = 1, .ofs_y = -4},
    {.bitmap_index = 13796, .adv_w = 235, .box_w = 13, .box_h = 14, .ofs_x = 1, .ofs_y = -3},
    {.bitmap_index = 13855, .adv_w = 202, .box_w = 11, .box_h = 14, .ofs_x = 1, .ofs_y = -3},
    {.bitmap_index = 13896, .adv_w = 147, .box_w = 10, .box_h = 14, .ofs_x = 0, .ofs_y = 0},
    {.bitmap_index = 13955, .adv_w = 128, .box_w = 7, .box_h = 11, .ofs_x = 0, .ofs_y = 0},
    {.bitmap_index = 13995, .adv_w = 79, .box_w = 7, .box_h = 14, .ofs_x = -1, .ofs_y = 0},
    {.bitmap_index = 14027, .adv_w = 60, .box_w = 6, .box_h = 11, .ofs_x = -1, .ofs_y = 0},
    {.bitmap_index = 14041, .adv_w = 176, .box_w = 11, .box_h = 14, .ofs_x = 0, .ofs_y = 0},
    {.bitmap_index = 14107, .adv_w = 137, .box_w = 8, .box_h = 11, .ofs_x = 0, .ofs_y = 0},
    {.bitmap_index = 14148, .adv_w = 165, .box_w = 9, .box_h = 14, .ofs_x = 1, .ofs_y = 0},
    {.bitmap_index = 14188, .adv_w = 140, .box_w = 7, .box_h = 11, .ofs_x = 1, .ofs_y = 0},
    {.bitmap_index = 14218, .adv_w = 165, .box_w = 9, .box_h = 15, .ofs_x = 1, .ofs_y = 0},
    {.bitmap_index = 14261, .adv_w = 140, .box_w = 7, .box_h = 12, .ofs_x = 1, .ofs_y = 0},
    {.bitmap_index = 14294, .adv_w = 165, .box_w = 9, .box_h = 16, .ofs_x = 1, .ofs_y = 0},
    {.bitmap_index = 14341, .adv_w = 140, .box_w = 7, .box_h = 13, .ofs_x = 1, .ofs_y = 0},
    {.bitmap_index = 14376, .adv_w = 165, .box_w = 9, .box_h = 16, .ofs_x = 1, .ofs_y = 0},
    {.bitmap_index = 14425, .adv_w = 140, .box_w = 7, .box_h = 13, .ofs_x = 1, .ofs_y = 0},
    {.bitmap_index = 14462, .adv_w = 165, .box_w = 9, .box_h = 16, .ofs_x = 1, .ofs_y = 0},
    {.bitmap_index = 14508, .adv_w = 140, .box_w = 7, .box_h = 13, .ofs_x = 1, .ofs_y = 0},
    {.bitmap_index = 14542, .adv_w = 129, .box_w = 8, .box_h = 8, .ofs_x = 0, .ofs_y = 0},
    {.bitmap_index = 14573, .adv_w = 147, .box_w = 10, .box_h = 15, .ofs_x = 0, .ofs_y = 0},
    {.bitmap_index = 14637, .adv_w = 128, .box_w = 7, .box_h = 12, .ofs_x = 0, .ofs_y = 0},
    {.bitmap_index = 14679, .adv_w = 147, .box_w = 10, .box_h = 15, .ofs_x = 0, .ofs_y = 0},
    {.bitmap_index = 14741, .adv_w = 128, .box_w = 7, .box_h = 12, .ofs_x = 0, .ofs_y = 0},
    {.bitmap_index = 14782, .adv_w = 202, .box_w = 13, .box_h = 13, .ofs_x = -1, .ofs_y = 0},
    {.bitmap_index = 14850, .adv_w = 197, .box_w = 12, .box_h = 10, .ofs_x = 0, .ofs_y = 0},
    {.bitmap_index = 14907, .adv_w = 163, .box_w = 11, .box_h = 10, .ofs_x = 0, .ofs_y = 0},
    {.bitmap_index = 14961, .adv_w = 139, .box_w = 9, .box_h = 11, .ofs_x = 0, .ofs_y = -3},
    {.bitmap_index = 15009, .adv_w = 163, .box_w = 10, .box_h = 14, .ofs_x = 0, .ofs_y = 0},
    {.bitmap_index = 15072, .adv_w = 139, .box_w = 8, .box_h = 14, .ofs_x = 0, .ofs_y = -3},
    {.bitmap_index = 15128, .adv_w = 141, .box_w = 8, .box_h = 14, .ofs_x = 1, .ofs_y = 0},
    {.bitmap_index = 15178, .adv_w = 125, .box_w = 9, .box_h = 15, .ofs_x = -1, .ofs_y = 0},
    {.bitmap_index = 15225, .adv_w = 176, .box_w = 11, .box_h = 13, .ofs_x = 0, .ofs_y = -3},
    {.bitmap_index = 15287, .adv_w = 137, .box_w = 8, .box_h = 11, .ofs_x = 0, .ofs_y = -3},
    {.bitmap_index = 15328, .adv_w = 176, .box_w = 11, .box_h = 16, .ofs_x = 0, .ofs_y = -3},
    {.bitmap_index = 15402, .adv_w = 137, .box_w = 8, .box_h = 13, .ofs_x = 0, .ofs_y = -3},
    {.bitmap_index = 15450, .adv_w = 131, .box_w = 8, .box_h = 14, .ofs_x = 0, .ofs_y = 0},
    {.bitmap_index = 15502, .adv_w = 117, .box_w = 7, .box_h = 14, .ofs_x = 0, .ofs_y = -3},
    {.bitmap_index = 15550, .adv_w = 60, .box_w = 6, .box_h = 14, .ofs_x = -1, .ofs_y = -3},
    {.bitmap_index = 15572, .adv_w = 291, .box_w = 17, .box_h = 10, .ofs_x = 1, .ofs_y = 0},
    {.bitmap_index = 15642, .adv_w = 270, .box_w = 16, .box_h = 10, .ofs_x = 1, .ofs_y = 0},
    {.bitmap_index = 15707, .adv_w = 246, .box_w = 15, .box_h = 11, .ofs_x = 0, .ofs_y = 0},
    {.bitmap_index = 15771, .adv_w = 163, .box_w = 10, .box_h = 14, .ofs_x = 0, .ofs_y = 0},
    {.bitmap_index = 15832, .adv_w = 139, .box_w = 8, .box_h = 14, .ofs_x = 0, .ofs_y = -3},
    {.bitmap_index = 15886, .adv_w = 217, .box_w = 12, .box_h = 10, .ofs_x = 1, .ofs_y = 0},
    {.bitmap_index = 15925, .adv_w = 149, .box_w = 8, .box_h = 13, .ofs_x = 1, .ofs_y = -3},
    {.bitmap_index = 15968, .adv_w = 173, .box_w = 9, .box_h = 14, .ofs_x = 1, .ofs_y = 0},
    {.bitmap_index = 16015, .adv_w = 140, .box_w = 7, .box_h = 11, .ofs_x = 1, .ofs_y = 0},
    {.bitmap_index = 16042, .adv_w = 147, .box_w = 10, .box_h = 14, .ofs_x = 0, .ofs_y = 0},
    {.bitmap_index = 16099, .adv_w = 128, .box_w = 7, .box_h = 14, .ofs_x = 0, .ofs_y = 0},
    {.bitmap_index = 16148, .adv_w = 202, .box_w = 13, .box_h = 14, .ofs_x = -1, .ofs_y = 0},
    {.bitmap_index = 16218, .adv_w = 197, .box_w = 12, .box_h = 11, .ofs_x = 0, .ofs_y = 0},
    {.bitmap_index = 16277, .adv_w = 176, .box_w = 11, .box_h = 15, .ofs_x = 0, .ofs_y = -1},
    {.bitmap_index = 16353, .adv_w = 136, .box_w = 8, .box_h = 12, .ofs_x = 0, .ofs_y = -1},
    {.bitmap_index = 16399, .adv_w = 147, .box_w = 10, .box_h = 14, .ofs_x = 0, .ofs_y = 0},
    {.bitmap_index = 16458, .adv_w = 128, .box_w = 7, .box_h = 11, .ofs_x = 0, .ofs_y = 0},
    {.bitmap_index = 16498, .adv_w = 147, .box_w = 10, .box_h = 13, .ofs_x = 0, .ofs_y = 0},
    {.bitmap_index = 16555, .adv_w = 128, .box_w = 7, .box_h = 11, .ofs_x = 0, .ofs_y = 0},
    {.bitmap_index = 16595, .adv_w = 125, .box_w = 7, .box_h = 14, .ofs_x = 0, .ofs_y = 0},
    {.bitmap_index = 16638, .adv_w = 129, .box_w = 8, .box_h = 11, .ofs_x = 0, .ofs_y = 0},
    {.bitmap_index = 16681, .adv_w = 125, .box_w = 6, .box_h = 13, .ofs_x = 1, .ofs_y = 0},
    {.bitmap_index = 16715, .adv_w = 129, .box_w = 8, .box_h = 11, .ofs_x = 0, .ofs_y = 0},
    {.bitmap_index = 16759, .adv_w = 79, .box_w = 6, .box_h = 14, .ofs_x = -1, .ofs_y = 0},
    {.bitmap_index = 16788, .adv_w = 60, .box_w = 6, .box_h = 11, .ofs_x = -2, .ofs_y = 0},
    {.bitmap_index = 16804, .adv_w = 79, .box_w = 5, .box_h = 13, .ofs_x = 0, .ofs_y = 0},
    {.bitmap_index = 16826, .adv_w = 60, .box_w = 6, .box_h = 11, .ofs_x = -1, .ofs_y = 0},
    {.bitmap_index = 16841, .adv_w = 176, .box_w = 11, .box_h = 14, .ofs_x = 0, .ofs_y = 0},
    {.bitmap_index = 16908, .adv_w = 137, .box_w = 8, .box_h = 11, .ofs_x = 0, .ofs_y = 0},
    {.bitmap_index = 16950, .adv_w = 176, .box_w = 11, .box_h = 14, .ofs_x = 0, .ofs_y = 0},
    {.bitmap_index = 17016, .adv_w = 137, .box_w = 8, .box_h = 11, .ofs_x = 0, .ofs_y = 0},
    {.bitmap_index = 17057, .adv_w = 142, .box_w = 8, .box_h = 14, .ofs_x = 1, .ofs_y = 0},
    {.bitmap_index = 17107, .adv_w = 95, .box_w = 6, .box_h = 11, .ofs_x = 0, .ofs_y = 0},
    {.bitmap_index = 17131, .adv_w = 142, .box_w = 8, .box_h = 13, .ofs_x = 1, .ofs_y = 0},
    {.bitmap_index = 17178, .adv_w = 95, .box_w = 5, .box_h = 11, .ofs_x = 1, .ofs_y = 0},
    {.bitmap_index = 17198, .adv_w = 165, .box_w = 9, .box_h = 14, .ofs_x = 1, .ofs_y = 0},
    {.bitmap_index = 17238, .adv_w = 140, .box_w = 7, .box_h = 11, .ofs_x = 1, .ofs_y = 0},
    {.bitmap_index = 17267, .adv_w = 165, .box_w = 9, .box_h = 14, .ofs_x = 1, .ofs_y = 0},
    {.bitmap_index = 17308, .adv_w = 140, .box_w = 7, .box_h = 11, .ofs_x = 1, .ofs_y = 0},
    {.bitmap_index = 17337, .adv_w = 123, .box_w = 8, .box_h = 13, .ofs_x = 0, .ofs_y = -3},
    {.bitmap_index = 17385, .adv_w = 109, .box_w = 7, .box_h = 11, .ofs_x = 0, .ofs_y = -3},
    {.bitmap_index = 17422, .adv_w = 126, .box_w = 8, .box_h = 13, .ofs_x = 0, .ofs_y = -3},
    {.bitmap_index = 17444, .adv_w = 86, .box_w = 6, .box_h = 13, .ofs_x = 0, .ofs_y = -3},
    {.bitmap_index = 17475, .adv_w = 132, .box_w = 8, .box_h = 14, .ofs_x = 0, .ofs_y = -4},
    {.bitmap_index = 17527, .adv_w = 112, .box_w = 7, .box_h = 12, .ofs_x = 0, .ofs_y = -4},
    {.bitmap_index = 17567, .adv_w = 168, .box_w = 9, .box_h = 14, .ofs_x = 1, .ofs_y = 0},
    {.bitmap_index = 17606, .adv_w = 140, .box_w = 9, .box_h = 15, .ofs_x = -1, .ofs_y = 0},
    {.bitmap_index = 17648, .adv_w = 167, .box_w = 9, .box_h = 13, .ofs_x = 1, .ofs_y = -3},
    {.bitmap_index = 17677, .adv_w = 194, .box_w = 13, .box_h = 13, .ofs_x = 0, .ofs_y = -2},
    {.bitmap_index = 17736, .adv_w = 156, .box_w = 9, .box_h = 10, .ofs_x = 0, .ofs_y = 0},
    {.bitmap_index = 17780, .adv_w = 136, .box_w = 8, .box_h = 11, .ofs_x = 0, .ofs_y = 0},
    {.bitmap_index = 17822, .adv_w = 129, .box_w = 8, .box_h = 14, .ofs_x = 0, .ofs_y = -4},
    {.bitmap_index = 17868, .adv_w = 106, .box_w = 7, .box_h = 12, .ofs_x = 0, .ofs_y = -4},
    {.bitmap_index = 17906, .adv_w = 147, .box_w = 10, .box_h = 13, .ofs_x = 0, .ofs_y = 0},
    {.bitmap_index = 17960, .adv_w = 128, .box_w = 7, .box_h = 11, .ofs_x = 0, .ofs_y = 0},
    {.bitmap_index = 17997, .adv_w = 125, .box_w = 6, .box_h = 13, .ofs_x = 1, .ofs_y = -3},
    {.bitmap_index = 18029, .adv_w = 129, .box_w = 8, .box_h = 11, .ofs_x = 0, .ofs_y = -3},
    {.bitmap_index = 18072, .adv_w = 176, .box_w = 11, .box_h = 15, .ofs_x = 0, .ofs_y = 0},
    {.bitmap_index = 18143, .adv_w = 137, .box_w = 8, .box_h = 12, .ofs_x = 0, .ofs_y = 0},
    {.bitmap_index = 18188, .adv_w = 176, .box_w = 11, .box_h = 15, .ofs_x = 0, .ofs_y = 0},
    {.bitmap_index = 18256, .adv_w = 137, .box_w = 8, .box_h = 12, .ofs_x = 0, .ofs_y = 0},
    {.bitmap_index = 18301, .adv_w = 176, .box_w = 11, .box_h = 14, .ofs_x = 0, .ofs_y = 0},
    {.bitmap_index = 18363, .adv_w = 137, .box_w = 8, .box_h = 11, .ofs_x = 0, .ofs_y = 0},
    {.bitmap_index = 18402, .adv_w = 176, .box_w = 11, .box_h = 15, .ofs_x = 0, .ofs_y = 0},
    {.bitmap_index = 18471, .adv_w = 137, .box_w = 8, .box_h = 12, .ofs_x = 0, .ofs_y = 0},
    {.bitmap_index = 18515, .adv_w = 131, .box_w = 9, .box_h = 13, .ofs_x = 0, .ofs_y = 0},
    {.bitmap_index = 18557, .adv_w = 118, .box_w = 8, .box_h = 14, .ofs_x = 0, .ofs_y = -3},
    {.bitmap_index = 18609, .adv_w = 89, .box_w = 6, .box_h = 12, .ofs_x = 0, .ofs_y = -1},
    {.bitmap_index = 18628, .adv_w = 169, .box_w = 10, .box_h = 9, .ofs_x = 1, .ofs_y = -1},
    {.bitmap_index = 18667, .adv_w = 91, .box_w = 6, .box_h = 11, .ofs_x = 0, .ofs_y = -1},
    {.bitmap_index = 18697, .adv_w = 60, .box_w = 4, .box_h = 11, .ofs_x = -1, .ofs_y = -3},
    {.bitmap_index = 18707, .adv_w = 217, .box_w = 13, .box_h = 11, .ofs_x = 0, .ofs_y = 0},
    {.bitmap_index = 18762, .adv_w = 217, .box_w = 13, .box_h = 11, .ofs_x = 0, .ofs_y = -3},
    {.bitmap_index = 18821, .adv_w = 147, .box_w = 10, .box_h = 12, .ofs_x = 0, .ofs_y = -1},
    {.bitmap_index = 18875, .adv_w = 142, .box_w = 9, .box_h = 12, .ofs_x = 0, .ofs_y = -1},
    {.bitmap_index = 18925, .adv_w = 110, .box_w = 7, .box_h = 14, .ofs_x = 0, .ofs_y = -3},
    {.bitmap_index = 18970, .adv_w = 120, .box_w = 8, .box_h = 10, .ofs_x = 0, .ofs_y = 0},
    {.bitmap_index = 18994, .adv_w = 127, .box_w = 8, .box_h = 12, .ofs_x = 0, .ofs_y = -1},
    {.bitmap_index = 19031, .adv_w = 108, .box_w = 7, .box_h = 11, .ofs_x = 0, .ofs_y = -3},
    {.bitmap_index = 19069, .adv_w = 106, .box_w = 7, .box_h = 11, .ofs_x = 0, .ofs_y = -3},
    {.bitmap_index = 19105, .adv_w = 103, .box_w = 6, .box_h = 10, .ofs_x = 0, .ofs_y = 0},
    {.bitmap_index = 19130, .adv_w = 101, .box_w = 6, .box_h = 8, .ofs_x = 0, .ofs_y = 0},
    {.bitmap_index = 19153, .adv_w = 146, .box_w = 9, .box_h = 10, .ofs_x = 0, .ofs_y = 0},
    {.bitmap_index = 19197, .adv_w = 165, .box_w = 11, .box_h = 10, .ofs_x = 0, .ofs_y = 0},
    {.bitmap_index = 19240, .adv_w = 140, .box_w = 9, .box_h = 10, .ofs_x = 0, .ofs_y = 0},
    {.bitmap_index = 19281, .adv_w = 125, .box_w = 6, .box_h = 13, .ofs_x = 1, .ofs_y = -2},
    {.bitmap_index = 19319, .adv_w = 128, .box_w = 8, .box_h = 10, .ofs_x = 0, .ofs_y = -1},
    {.bitmap_index = 19359, .adv_w = 65, .box_w = 6, .box_h = 14, .ofs_x = -2, .ofs_y = -4},
    {.bitmap_index = 19388, .adv_w = 61, .box_w = 5, .box_h = 14, .ofs_x = -1, .ofs_y = -3},
    {.bitmap_index = 19416, .adv_w = 173, .box_w = 11, .box_h = 13, .ofs_x = 0, .ofs_y = -3},
    {.bitmap_index = 19474, .adv_w = 139, .box_w = 9, .box_h = 11, .ofs_x = 0, .ofs_y = -3},
    {.bitmap_index = 19518, .adv_w = 142, .box_w = 9, .box_h = 10, .ofs_x = 0, .ofs_y = 0},
    {.bitmap_index = 19557, .adv_w = 95, .box_w = 6, .box_h = 9, .ofs_x = 0, .ofs_y = 0},
    {.bitmap_index = 19579, .adv_w = 131, .box_w = 9, .box_h = 10, .ofs_x = 0, .ofs_y = 0},
    {.bitmap_index = 19610, .adv_w = 118, .box_w = 8, .box_h = 11, .ofs_x = 0, .ofs_y = -3},
    {.bitmap_index = 19651, .adv_w = 102, .box_w = 5, .box_h = 10, .ofs_x = 1, .ofs_y = 0},
    {.bitmap_index = 19668, .adv_w = 87, .box_w = 5, .box_h = 8, .ofs_x = 1, .ofs_y = 0},
    {.bitmap_index = 19682, .adv_w = 155, .box_w = 9, .box_h = 10, .ofs_x = 0, .ofs_y = 0},
    {.bitmap_index = 19706, .adv_w = 149, .box_w = 8, .box_h = 11, .ofs_x = 1, .ofs_y = 0},
    {.bitmap_index = 19727, .adv_w = 43, .box_w = 3, .box_h = 3, .ofs_x = 0, .ofs_y = 8},
    {.bitmap_index = 19732, .adv_w = 43, .box_w = 4, .box_h = 3, .ofs_x = -1, .ofs_y = -2},
    {.bitmap_index = 19739, .adv_w = 176, .box_w = 9, .box_h = 10, .ofs_x = 1, .ofs_y = 0},
    {.bitmap_index = 19773, .adv_w = 149, .box_w = 8, .box_h = 8, .ofs_x = 1, .ofs_y = 0},
    {.bitmap_index = 19798, .adv_w = 58, .box_w = 3, .box_h = 4, .ofs_x = 1, .ofs_y = -4},
    {.bitmap_index = 19804, .adv_w = 110, .box_w = 7, .box_h = 8, .ofs_x = 0, .ofs_y = 0},
    {.bitmap_index = 19831, .adv_w = 110, .box_w = 7, .box_h = 8, .ofs_x = 0, .ofs_y = 0},
    {.bitmap_index = 19859, .adv_w = 110, .box_w = 7, .box_h = 8, .ofs_x = 0, .ofs_y = 0},
    {.bitmap_index = 19888, .adv_w = 61, .box_w = 3, .box_h = 10, .ofs_x = 0, .ofs_y = -2},
    {.bitmap_index = 19901, .adv_w = 65, .box_w = 5, .box_h = 14, .ofs_x = -2, .ofs_y = -4},
    {.bitmap_index = 19916, .adv_w = 56, .box_w = 3, .box_h = 3, .ofs_x = 0, .ofs_y = 9},
    {.bitmap_index = 19921, .adv_w = 155, .box_w = 6, .box_h = 3, .ofs_x = 2, .ofs_y = 9},
    {.bitmap_index = 19931, .adv_w = 164, .box_w = 11, .box_h = 10, .ofs_x = 0, .ofs_y = 0},
    {.bitmap_index = 19981, .adv_w = 61, .box_w = 3, .box_h = 3, .ofs_x = 0, .ofs_y = 5},
    {.bitmap_index = 19986, .adv_w = 166, .box_w = 10, .box_h = 10, .ofs_x = 0, .ofs_y = 0},
    {.bitmap_index = 20023, .adv_w = 208, .box_w = 12, .box_h = 10, .ofs_x = 0, .ofs_y = 0},
    {.bitmap_index = 20055, .adv_w = 125, .box_w = 8, .box_h = 10, .ofs_x = 0, .ofs_y = 0},
    {.bitmap_index = 20077, .adv_w = 205, .box_w = 12, .box_h = 10, .ofs_x = 0, .ofs_y = 0},
    {.bitmap_index = 20131, .adv_w = 182, .box_w = 12, .box_h = 10, .ofs_x = 0, .ofs_y = 0},
    {.bitmap_index = 20169, .adv_w = 195, .box_w = 12, .box_h = 10, .ofs_x = 0, .ofs_y = 0},
    {.bitmap_index = 20227, .adv_w = 79, .box_w = 7, .box_h = 11, .ofs_x = -1, .ofs_y = 0},
    {.bitmap_index = 20250, .adv_w = 147, .box_w = 10, .box_h = 10, .ofs_x = 0, .ofs_y = 0},
    {.bitmap_index = 20294, .adv_w = 146, .box_w = 8, .box_h = 10, .ofs_x = 1, .ofs_y = 0},
    {.bitmap_index = 20333, .adv_w = 114, .box_w = 6, .box_h = 10, .ofs_x = 1, .ofs_y = 0},
    {.bitmap_index = 20344, .adv_w = 145, .box_w = 9, .box_h = 10, .ofs_x = 0, .ofs_y = 0},
    {.bitmap_index = 20385, .adv_w = 125, .box_w = 6, .box_h = 10, .ofs_x = 1, .ofs_y = 0},
    {.bitmap_index = 20409, .adv_w = 129, .box_w = 8, .box_h = 10, .ofs_x = 0, .ofs_y = 0},
    {.bitmap_index = 20443, .adv_w = 168, .box_w = 9, .box_h = 10, .ofs_x = 1, .ofs_y = 0},
    {.bitmap_index = 20466, .adv_w = 176, .box_w = 11, .box_h = 10, .ofs_x = 0, .ofs_y = 0},
    {.bitmap_index = 20521, .adv_w = 79, .box_w = 5, .box_h = 10, .ofs_x = 0, .ofs_y = 0},
    {.bitmap_index = 20536, .adv_w = 141, .box_w = 8, .box_h = 10, .ofs_x = 1, .ofs_y = 0},
    {.bitmap_index = 20571, .adv_w = 140, .box_w = 9, .box_h = 10, .ofs_x = 0, .ofs_y = 0},
    {.bitmap_index = 20612, .adv_w = 206, .box_w = 11, .box_h = 10, .ofs_x = 1, .ofs_y = 0},
    {.bitmap_index = 20657, .adv_w = 173, .box_w = 9, .box_h = 10, .ofs_x = 1, .ofs_y = 0},
    {.bitmap_index = 20691, .adv_w = 140, .box_w = 8, .box_h = 10, .ofs_x = 0, .ofs_y = 0},
    {.bitmap_index = 20719, .adv_w = 176, .box_w = 11, .box_h = 10, .ofs_x = 0, .ofs_y = 0},
    {.bitmap_index = 20770, .adv_w = 165, .box_w = 8, .box_h = 10, .ofs_x = 1, .ofs_y = 0},
    {.bitmap_index = 20782, .adv_w = 137, .box_w = 7, .box_h = 10, .ofs_x = 1, .ofs_y = 0},
    {.bitmap_index = 20811, .adv_w = 129, .box_w = 8, .box_h = 10, .ofs_x = 0, .ofs_y = 0},
    {.bitmap_index = 20845, .adv_w = 126, .box_w = 8, .box_h = 10, .ofs_x = 0, .ofs_y = 0},
    {.bitmap_index = 20860, .adv_w = 131, .box_w = 9, .box_h = 10, .ofs_x = 0, .ofs_y = 0},
    {.bitmap_index = 20892, .adv_w = 193, .box_w = 12, .box_h = 10, .ofs_x = 0, .ofs_y = 0},
    {.bitmap_index = 20946, .adv_w = 137, .box_w = 9, .box_h = 10, .ofs_x = 0, .ofs_y = 0},
    {.bitmap_index = 20990, .adv_w = 188, .box_w = 10, .box_h = 10, .ofs_x = 1, .ofs_y = 0},
    {.bitmap_index = 21028, .adv_w = 163, .box_w = 10, .box_h = 10, .ofs_x = 0, .ofs_y = 0},
    {.bitmap_index = 21075, .adv_w = 79, .box_w = 5, .box_h = 13, .ofs_x = 0, .ofs_y = 0},
    {.bitmap_index = 21097, .adv_w = 131, .box_w = 9, .box_h = 13, .ofs_x = 0, .ofs_y = 0},
    {.bitmap_index = 21141, .adv_w = 142, .box_w = 9, .box_h = 11, .ofs_x = 0, .ofs_y = 0},
    {.bitmap_index = 21184, .adv_w = 108, .box_w = 7, .box_h = 11, .ofs_x = 0, .ofs_y = 0},
    {.bitmap_index = 21222, .adv_w = 138, .box_w = 7, .box_h = 14, .ofs_x = 1, .ofs_y = -3},
    {.bitmap_index = 21253, .adv_w = 79, .box_w = 4, .box_h = 11, .ofs_x = 1, .ofs_y = 0},
    {.bitmap_index = 21268, .adv_w = 137, .box_w = 7, .box_h = 11, .ofs_x = 1, .ofs_y = 0},
    {.bitmap_index = 21304, .adv_w = 142, .box_w = 9, .box_h = 8, .ofs_x = 0, .ofs_y = 0},
    {.bitmap_index = 21338, .adv_w = 138, .box_w = 7, .box_h = 14, .ofs_x = 1, .ofs_y = -3},
    {.bitmap_index = 21382, .adv_w = 119, .box_w = 7, .box_h = 11, .ofs_x = 0, .ofs_y = -3},
    {.bitmap_index = 21415, .adv_w = 133, .box_w = 8, .box_h = 11, .ofs_x = 0, .ofs_y = 0},
    {.bitmap_index = 21459, .adv_w = 108, .box_w = 7, .box_h = 8, .ofs_x = 0, .ofs_y = 0},
    {.bitmap_index = 21488, .adv_w = 105, .box_w = 7, .box_h = 15, .ofs_x = 0, .ofs_y = -4},
    {.bitmap_index = 21535, .adv_w = 138, .box_w = 7, .box_h = 11, .ofs_x = 1, .ofs_y = -3},
    {.bitmap_index = 21557, .adv_w = 134, .box_w = 8, .box_h = 11, .ofs_x = 0, .ofs_y = 0},
    {.bitmap_index = 21602, .adv_w = 79, .box_w = 4, .box_h = 8, .ofs_x = 1, .ofs_y = 0},
    {.bitmap_index = 21611, .adv_w = 125, .box_w = 7, .box_h = 8, .ofs_x = 1, .ofs_y = 0},
    {.bitmap_index = 21638, .adv_w = 120, .box_w = 8, .box_h = 11, .ofs_x = 0, .ofs_y = 0},
    {.bitmap_index = 21678, .adv_w = 143, .box_w = 8, .box_h = 11, .ofs_x = 1, .ofs_y = -3},
    {.bitmap_index = 21706, .adv_w = 119, .box_w = 7, .box_h = 8, .ofs_x = 0, .ofs_y = 0},
    {.bitmap_index = 21734, .adv_w = 112, .box_w = 7, .box_h = 15, .ofs_x = 0, .ofs_y = -4},
    {.bitmap_index = 21782, .adv_w = 137, .box_w = 8, .box_h = 8, .ofs_x = 0, .ofs_y = 0},
    {.bitmap_index = 21812, .adv_w = 152, .box_w = 10, .box_h = 8, .ofs_x = 0, .ofs_y = 0},
    {.bitmap_index = 21833, .adv_w = 136, .box_w = 8, .box_h = 11, .ofs_x = 0, .ofs_y = -3},
    {.bitmap_index = 21871, .adv_w = 111, .box_w = 7, .box_h = 11, .ofs_x = 0, .ofs_y = -3},
    {.bitmap_index = 21906, .adv_w = 140, .box_w = 9, .box_h = 8, .ofs_x = 0, .ofs_y = 0},
    {.bitmap_index = 21940, .adv_w = 113, .box_w = 7, .box_h = 8, .ofs_x = 0, .ofs_y = 0},
    {.bitmap_index = 21962, .adv_w = 137, .box_w = 7, .box_h = 8, .ofs_x = 1, .ofs_y = 0},
    {.bitmap_index = 21988, .adv_w = 168, .box_w = 10, .box_h = 14, .ofs_x = 0, .ofs_y = -3},
    {.bitmap_index = 22038, .adv_w = 135, .box_w = 9, .box_h = 11, .ofs_x = 0, .ofs_y = -3},
    {.bitmap_index = 22084, .adv_w = 173, .box_w = 9, .box_h = 14, .ofs_x = 1, .ofs_y = -3},
    {.bitmap_index = 22125, .adv_w = 183, .box_w = 11, .box_h = 8, .ofs_x = 0, .ofs_y = 0},
    {.bitmap_index = 22165, .adv_w = 79, .box_w = 6, .box_h = 10, .ofs_x = -1, .ofs_y = 0},
    {.bitmap_index = 22182, .adv_w = 137, .box_w = 7, .box_h = 10, .ofs_x = 1, .ofs_y = 0},
    {.bitmap_index = 22215, .adv_w = 137, .box_w = 8, .box_h = 11, .ofs_x = 0, .ofs_y = 0},
    {.bitmap_index = 22254, .adv_w = 137, .box_w = 7, .box_h = 11, .ofs_x = 1, .ofs_y = 0},
    {.bitmap_index = 22289, .adv_w = 184, .box_w = 11, .box_h = 11, .ofs_x = 0, .ofs_y = 0},
    {.bitmap_index = 22340, .adv_w = 141, .box_w = 8, .box_h = 13, .ofs_x = 1, .ofs_y = -3},
    {.bitmap_index = 22387, .adv_w = 145, .box_w = 8, .box_h = 11, .ofs_x = 1, .ofs_y = 0},
    {.bitmap_index = 22432, .adv_w = 147, .box_w = 9, .box_h = 11, .ofs_x = 0, .ofs_y = 0},
    {.bitmap_index = 22482, .adv_w = 137, .box_w = 9, .box_h = 10, .ofs_x = 0, .ofs_y = 0},
    {.bitmap_index = 22514, .adv_w = 188, .box_w = 12, .box_h = 10, .ofs_x = 0, .ofs_y = 0},
    {.bitmap_index = 22553, .adv_w = 137, .box_w = 9, .box_h = 13, .ofs_x = 0, .ofs_y = 0},
    {.bitmap_index = 22597, .adv_w = 168, .box_w = 10, .box_h = 14, .ofs_x = 0, .ofs_y = -3},
    {.bitmap_index = 22647, .adv_w = 202, .box_w = 13, .box_h = 8, .ofs_x = 0, .ofs_y = 0},
    {.bitmap_index = 22692, .adv_w = 125, .box_w = 7, .box_h = 12, .ofs_x = 1, .ofs_y = -4},
    {.bitmap_index = 22733, .adv_w = 173, .box_w = 10, .box_h = 10, .ofs_x = 0, .ofs_y = 0},
    {.bitmap_index = 22779, .adv_w = 137, .box_w = 8, .box_h = 11, .ofs_x = 0, .ofs_y = -3},
    {.bitmap_index = 22817, .adv_w = 142, .box_w = 9, .box_h = 10, .ofs_x = 0, .ofs_y = 0},
    {.bitmap_index = 22853, .adv_w = 110, .box_w = 7, .box_h = 12, .ofs_x = 0, .ofs_y = -4},
    {.bitmap_index = 22892, .adv_w = 117, .box_w = 6, .box_h = 10, .ofs_x = 1, .ofs_y = 0},
    {.bitmap_index = 22917, .adv_w = 118, .box_w = 6, .box_h = 11, .ofs_x = 1, .ofs_y = -3},
    {.bitmap_index = 22943, .adv_w = 111, .box_w = 8, .box_h = 10, .ofs_x = -1, .ofs_y = 0},
    {.bitmap_index = 22977, .adv_w = 124, .box_w = 8, .box_h = 14, .ofs_x = 0, .ofs_y = -3},
    {.bitmap_index = 23024, .adv_w = 133, .box_w = 9, .box_h = 10, .ofs_x = -1, .ofs_y = 0},
    {.bitmap_index = 23065, .adv_w = 116, .box_w = 9, .box_h = 15, .ofs_x = -2, .ofs_y = -3},
    {.bitmap_index = 23120, .adv_w = 151, .box_w = 10, .box_h = 8, .ofs_x = 0, .ofs_y = 0},
    {.bitmap_index = 23158, .adv_w = 136, .box_w = 8, .box_h = 11, .ofs_x = 0, .ofs_y = -3},
    {.bitmap_index = 23202, .adv_w = 110, .box_w = 7, .box_h = 8, .ofs_x = 0, .ofs_y = 0},
    {.bitmap_index = 23227, .adv_w = 60, .box_w = 4, .box_h = 14, .ofs_x = -1, .ofs_y = -3},
    {.bitmap_index = 23244, .adv_w = 176, .box_w = 11, .box_h = 10, .ofs_x = 0, .ofs_y = 0},
    {.bitmap_index = 23296, .adv_w = 113, .box_w = 7, .box_h = 8, .ofs_x = 0, .ofs_y = 0},
    {.bitmap_index = 23325, .adv_w = 112, .box_w = 7, .box_h = 8, .ofs_x = 0, .ofs_y = 0},
    {.bitmap_index = 23354, .adv_w = 137, .box_w = 7, .box_h = 10, .ofs_x = 1, .ofs_y = 0},
    {.bitmap_index = 23387, .adv_w = 139, .box_w = 7, .box_h = 14, .ofs_x = 1, .ofs_y = -3},
    {.bitmap_index = 23425, .adv_w = 142, .box_w = 9, .box_h = 10, .ofs_x = 0, .ofs_y = 0},
    {.bitmap_index = 23463, .adv_w = 206, .box_w = 11, .box_h = 10, .ofs_x = 1, .ofs_y = 0},
    {.bitmap_index = 23502, .adv_w = 169, .box_w = 9, .box_h = 11, .ofs_x = 1, .ofs_y = -3},
    {.bitmap_index = 23536, .adv_w = 137, .box_w = 8, .box_h = 11, .ofs_x = 0, .ofs_y = -3},
    {.bitmap_index = 23580, .adv_w = 142, .box_w = 9, .box_h = 10, .ofs_x = 0, .ofs_y = 0},
    {.bitmap_index = 23617, .adv_w = 142, .box_w = 9, .box_h = 10, .ofs_x = 0, .ofs_y = 0},
    {.bitmap_index = 23660, .adv_w = 142, .box_w = 9, .box_h = 10, .ofs_x = 0, .ofs_y = 0},
    {.bitmap_index = 23701, .adv_w = 125, .box_w = 6, .box_h = 14, .ofs_x = 1, .ofs_y = 0},
    {.bitmap_index = 23736, .adv_w = 125, .box_w = 6, .box_h = 13, .ofs_x = 1, .ofs_y = 0},
    {.bitmap_index = 23770, .adv_w = 164, .box_w = 10, .box_h = 10, .ofs_x = 0, .ofs_y = 0},
    {.bitmap_index = 23809, .adv_w = 118, .box_w = 6, .box_h = 14, .ofs_x = 1, .ofs_y = 0},
    {.bitmap_index = 23831, .adv_w = 144, .box_w = 9, .box_h = 10, .ofs_x = 0, .ofs_y = 0},
    {.bitmap_index = 23873, .adv_w = 123, .box_w = 8, .box_h = 10, .ofs_x = 0, .ofs_y = 0},
    {.bitmap_index = 23911, .adv_w = 66, .box_w = 2, .box_h = 10, .ofs_x = 1, .ofs_y = 0},
    {.bitmap_index = 23916, .adv_w = 67, .box_w = 4, .box_h = 13, .ofs_x = 0, .ofs_y = 0},
    {.bitmap_index = 23927, .adv_w = 65, .box_w = 5, .box_h = 14, .ofs_x = -2, .ofs_y = -4},
    {.bitmap_index = 23942, .adv_w = 228, .box_w = 14, .box_h = 10, .ofs_x = 0, .ofs_y = 0},
    {.bitmap_index = 23999, .adv_w = 233, .box_w = 13, .box_h = 10, .ofs_x = 1, .ofs_y = 0},
    {.bitmap_index = 24038, .adv_w = 164, .box_w = 10, .box_h = 10, .ofs_x = 0, .ofs_y = 0},
    {.bitmap_index = 24073, .adv_w = 144, .box_w = 8, .box_h = 14, .ofs_x = 1, .ofs_y = 0},
    {.bitmap_index = 24120, .adv_w = 172, .box_w = 9, .box_h = 14, .ofs_x = 1, .ofs_y = 0},
    {.bitmap_index = 24166, .adv_w = 140, .box_w = 9, .box_h = 14, .ofs_x = 0, .ofs_y = 0},
    {.bitmap_index = 24221, .adv_w = 166, .box_w = 9, .box_h = 13, .ofs_x = 1, .ofs_y = -3},
    {.bitmap_index = 24244, .adv_w = 146, .box_w = 10, .box_h = 10, .ofs_x = 0, .ofs_y = 0},
    {.bitmap_index = 24288, .adv_w = 140, .box_w = 8, .box_h = 10, .ofs_x = 1, .ofs_y = 0},
    {.bitmap_index = 24324, .adv_w = 146, .box_w = 8, .box_h = 10, .ofs_x = 1, .ofs_y = 0},
    {.bitmap_index = 24362, .adv_w = 118, .box_w = 6, .box_h = 10, .ofs_x = 1, .ofs_y = 0},
    {.bitmap_index = 24372, .adv_w = 166, .box_w = 11, .box_h = 13, .ofs_x = 0, .ofs_y = -3},
    {.bitmap_index = 24421, .adv_w = 125, .box_w = 6, .box_h = 10, .ofs_x = 1, .ofs_y = 0},
    {.bitmap_index = 24446, .adv_w = 209, .box_w = 13, .box_h = 10, .ofs_x = 0, .ofs_y = 0},
    {.bitmap_index = 24504, .adv_w = 130, .box_w = 8, .box_h = 10, .ofs_x = 0, .ofs_y = 0},
    {.bitmap_index = 24542, .adv_w = 172, .box_w = 9, .box_h = 10, .ofs_x = 1, .ofs_y = 0},
    {.bitmap_index = 24574, .adv_w = 172, .box_w = 9, .box_h = 14, .ofs_x = 1, .ofs_y = 0},
    {.bitmap_index = 24620, .adv_w = 144, .box_w = 8, .box_h = 10, .ofs_x = 1, .ofs_y = 0},
    {.bitmap_index = 24655, .adv_w = 159, .box_w = 9, .box_h = 10, .ofs_x = 0, .ofs_y = 0},
    {.bitmap_index = 24688, .adv_w = 206, .box_w = 11, .box_h = 10, .ofs_x = 1, .ofs_y = 0},
    {.bitmap_index = 24733, .adv_w = 168, .box_w = 9, .box_h = 10, .ofs_x = 1, .ofs_y = 0},
    {.bitmap_index = 24756, .adv_w = 172, .box_w = 10, .box_h = 10, .ofs_x = 0, .ofs_y = 0},
    {.bitmap_index = 24802, .adv_w = 166, .box_w = 9, .box_h = 10, .ofs_x = 1, .ofs_y = 0},
    {.bitmap_index = 24815, .adv_w = 137, .box_w = 7, .box_h = 10, .ofs_x = 1, .ofs_y = 0},
    {.bitmap_index = 24844, .adv_w = 144, .box_w = 9, .box_h = 10, .ofs_x = 0, .ofs_y = 0},
    {.bitmap_index = 24881, .adv_w = 126, .box_w = 8, .box_h = 10, .ofs_x = 0, .ofs_y = 0},
    {.bitmap_index = 24896, .adv_w = 140, .box_w = 9, .box_h = 10, .ofs_x = 0, .ofs_y = 0},
    {.bitmap_index = 24937, .adv_w = 189, .box_w = 12, .box_h = 10, .ofs_x = 0, .ofs_y = 0},
    {.bitmap_index = 24990, .adv_w = 137, .box_w = 9, .box_h = 10, .ofs_x = 0, .ofs_y = 0},
    {.bitmap_index = 25034, .adv_w = 168, .box_w = 10, .box_h = 13, .ofs_x = 1, .ofs_y = -3},
    {.bitmap_index = 25056, .adv_w = 154, .box_w = 8, .box_h = 10, .ofs_x = 1, .ofs_y = 0},
    {.bitmap_index = 25083, .adv_w = 234, .box_w = 13, .box_h = 10, .ofs_x = 1, .ofs_y = 0},
    {.bitmap_index = 25108, .adv_w = 233, .box_w = 14, .box_h = 13, .ofs_x = 1, .ofs_y = -3},
    {.bitmap_index = 25140, .adv_w = 158, .box_w = 10, .box_h = 10, .ofs_x = 0, .ofs_y = 0},
    {.bitmap_index = 25174, .adv_w = 195, .box_w = 10, .box_h = 10, .ofs_x = 1, .ofs_y = 0},
    {.bitmap_index = 25207, .adv_w = 138, .box_w = 7, .box_h = 10, .ofs_x = 1, .ofs_y = 0},
    {.bitmap_index = 25233, .adv_w = 146, .box_w = 9, .box_h = 10, .ofs_x = 0, .ofs_y = 0},
    {.bitmap_index = 25275, .adv_w = 225, .box_w = 13, .box_h = 10, .ofs_x = 1, .ofs_y = 0},
    {.bitmap_index = 25332, .adv_w = 146, .box_w = 8, .box_h = 10, .ofs_x = 0, .ofs_y = 0},
    {.bitmap_index = 25370, .adv_w = 127, .box_w = 7, .box_h = 8, .ofs_x = 0, .ofs_y = 0},
    {.bitmap_index = 25399, .adv_w = 136, .box_w = 8, .box_h = 12, .ofs_x = 0, .ofs_y = 0},
    {.bitmap_index = 25445, .adv_w = 128, .box_w = 7, .box_h = 8, .ofs_x = 1, .ofs_y = 0},
    {.bitmap_index = 25474, .adv_w = 101, .box_w = 5, .box_h = 8, .ofs_x = 1, .ofs_y = 0},
    {.bitmap_index = 25484, .adv_w = 138, .box_w = 9, .box_h = 11, .ofs_x = 0, .ofs_y = -3},
    {.bitmap_index = 25521, .adv_w = 126, .box_w = 8, .box_h = 8, .ofs_x = 0, .ofs_y = 0},
    {.bitmap_index = 25553, .adv_w = 177, .box_w = 11, .box_h = 8, .ofs_x = 0, .ofs_y = 0},
    {.bitmap_index = 25595, .adv_w = 111, .box_w = 7, .box_h = 8, .ofs_x = 0, .ofs_y = 0},
    {.bitmap_index = 25624, .adv_w = 143, .box_w = 7, .box_h = 8, .ofs_x = 1, .ofs_y = 0},
    {.bitmap_index = 25648, .adv_w = 143, .box_w = 7, .box_h = 12, .ofs_x = 1, .ofs_y = 0},
    {.bitmap_index = 25685, .adv_w = 125, .box_w = 7, .box_h = 8, .ofs_x = 1, .ofs_y = 0},
    {.bitmap_index = 25712, .adv_w = 134, .box_w = 8, .box_h = 8, .ofs_x = 0, .ofs_y = 0},
    {.bitmap_index = 25737, .adv_w = 177, .box_w = 9, .box_h = 8, .ofs_x = 1, .ofs_y = 0},
    {.bitmap_index = 25771, .adv_w = 140, .box_w = 7, .box_h = 8, .ofs_x = 1, .ofs_y = 0},
    {.bitmap_index = 25789, .adv_w = 135, .box_w = 8, .box_h = 8, .ofs_x = 0, .ofs_y = 0},
    {.bitmap_index = 25820, .adv_w = 139, .box_w = 7, .box_h = 8, .ofs_x = 1, .ofs_y = 0},
    {.bitmap_index = 25831, .adv_w = 138, .box_w = 7, .box_h = 11, .ofs_x = 1, .ofs_y = -3},
    {.bitmap_index = 25865, .adv_w = 112, .box_w = 7, .box_h = 8, .ofs_x = 0, .ofs_y = 0},
    {.bitmap_index = 25892, .adv_w = 107, .box_w = 7, .box_h = 8, .ofs_x = 0, .ofs_y = 0},
    {.bitmap_index = 25905, .adv_w = 118, .box_w = 8, .box_h = 11, .ofs_x = 0, .ofs_y = -3},
    {.bitmap_index = 25947, .adv_w = 170, .box_w = 10, .box_h = 15, .ofs_x = 0, .ofs_y = -3},
    {.bitmap_index = 25998, .adv_w = 119, .box_w = 8, .box_h = 8, .ofs_x = 0, .ofs_y = 0},
    {.bitmap_index = 26030, .adv_w = 140, .box_w = 8, .box_h = 11, .ofs_x = 1, .ofs_y = -3},
    {.bitmap_index = 26050, .adv_w = 135, .box_w = 8, .box_h = 8, .ofs_x = 0, .ofs_y = 0},
    {.bitmap_index = 26073, .adv_w = 204, .box_w = 11, .box_h = 8, .ofs_x = 1, .ofs_y = 0},
    {.bitmap_index = 26093, .adv_w = 205, .box_w = 12, .box_h = 11, .ofs_x = 1, .ofs_y = -3},
    {.bitmap_index = 26121, .adv_w = 143, .box_w = 9, .box_h = 8, .ofs_x = 0, .ofs_y = 0},
    {.bitmap_index = 26151, .adv_w = 176, .box_w = 9, .box_h = 8, .ofs_x = 1, .ofs_y = 0},
    {.bitmap_index = 26178, .adv_w = 125, .box_w = 7, .box_h = 8, .ofs_x = 1, .ofs_y = 0},
    {.bitmap_index = 26200, .adv_w = 113, .box_w = 7, .box_h = 8, .ofs_x = 0, .ofs_y = 0},
    {.bitmap_index = 26229, .adv_w = 182, .box_w = 10, .box_h = 8, .ofs_x = 1, .ofs_y = 0},
    {.bitmap_index = 26267, .adv_w = 131, .box_w = 8, .box_h = 8, .ofs_x = 0, .ofs_y = 0},
    {.bitmap_index = 26297, .adv_w = 126, .box_w = 8, .box_h = 12, .ofs_x = 0, .ofs_y = 0},
    {.bitmap_index = 26341, .adv_w = 126, .box_w = 8, .box_h = 10, .ofs_x = 0, .ofs_y = 0},
    {.bitmap_index = 26380, .adv_w = 141, .box_w = 8, .box_h = 15, .ofs_x = 0, .ofs_y = -3},
    {.bitmap_index = 26422, .adv_w = 101, .box_w = 5, .box_h = 11, .ofs_x = 1, .ofs_y = 0},
    {.bitmap_index = 26440, .adv_w = 112, .box_w = 7, .box_h = 8, .ofs_x = 0, .ofs_y = 0},
    {.bitmap_index = 26469, .adv_w = 107, .box_w = 7, .box_h = 8, .ofs_x = 0, .ofs_y = 0},
    {.bitmap_index = 26497, .adv_w = 61, .box_w = 2, .box_h = 10, .ofs_x = 1, .ofs_y = 0},
    {.bitmap_index = 26504, .adv_w = 60, .box_w = 4, .box_h = 10, .ofs_x = 0, .ofs_y = 0},
    {.bitmap_index = 26514, .adv_w = 60, .box_w = 4, .box_h = 13, .ofs_x = -1, .ofs_y = -3},
    {.bitmap_index = 26529, .adv_w = 195, .box_w = 12, .box_h = 8, .ofs_x = 0, .ofs_y = 0},
    {.bitmap_index = 26570, .adv_w = 202, .box_w = 11, .box_h = 8, .ofs_x = 1, .ofs_y = 0},
    {.bitmap_index = 26602, .adv_w = 141, .box_w = 8, .box_h = 12, .ofs_x = 0, .ofs_y = 0},
    {.bitmap_index = 26634, .adv_w = 125, .box_w = 7, .box_h = 11, .ofs_x = 1, .ofs_y = 0},
    {.bitmap_index = 26670, .adv_w = 143, .box_w = 7, .box_h = 11, .ofs_x = 1, .ofs_y = 0},
    {.bitmap_index = 26703, .adv_w = 118, .box_w = 8, .box_h = 15, .ofs_x = 0, .ofs_y = -3},
    {.bitmap_index = 26760, .adv_w = 139, .box_w = 7, .box_h = 10, .ofs_x = 1, .ofs_y = -2},
    {.bitmap_index = 26778, .adv_w = 208, .box_w = 13, .box_h = 10, .ofs_x = 0, .ofs_y = 0},
    {.bitmap_index = 26843, .adv_w = 183, .box_w = 12, .box_h = 8, .ofs_x = 0, .ofs_y = 0},
    {.bitmap_index = 26893, .adv_w = 151, .box_w = 9, .box_h = 10, .ofs_x = 0, .ofs_y = 0},
    {.bitmap_index = 26933, .adv_w = 144, .box_w = 9, .box_h = 10, .ofs_x = 0, .ofs_y = 0},
    {.bitmap_index = 26974, .adv_w = 208, .box_w = 12, .box_h = 10, .ofs_x = 1, .ofs_y = 0},
    {.bitmap_index = 27027, .adv_w = 170, .box_w = 10, .box_h = 8, .ofs_x = 1, .ofs_y = 0},
    {.bitmap_index = 27066, .adv_w = 156, .box_w = 10, .box_h = 10, .ofs_x = 0, .ofs_y = 0},
    {.bitmap_index = 27110, .adv_w = 133, .box_w = 9, .box_h = 8, .ofs_x = 0, .ofs_y = 0},
    {.bitmap_index = 27143, .adv_w = 213, .box_w = 13, .box_h = 10, .ofs_x = 1, .ofs_y = 0},
    {.bitmap_index = 27197, .adv_w = 183, .box_w = 11, .box_h = 8, .ofs_x = 1, .ofs_y = 0},
    {.bitmap_index = 27236, .adv_w = 168, .box_w = 11, .box_h = 10, .ofs_x = 0, .ofs_y = 0},
    {.bitmap_index = 27286, .adv_w = 142, .box_w = 9, .box_h = 8, .ofs_x = 0, .ofs_y = 0},
    {.bitmap_index = 27320, .adv_w = 226, .box_w = 14, .box_h = 10, .ofs_x = 1, .ofs_y = 0},
    {.bitmap_index = 27379, .adv_w = 192, .box_w = 11, .box_h = 8, .ofs_x = 1, .ofs_y = 0},
    {.bitmap_index = 27422, .adv_w = 134, .box_w = 8, .box_h = 17, .ofs_x = 0, .ofs_y = -4},
    {.bitmap_index = 27486, .adv_w = 114, .box_w = 7, .box_h = 13, .ofs_x = 0, .ofs_y = -3},
    {.bitmap_index = 27532, .adv_w = 185, .box_w = 10, .box_h = 10, .ofs_x = 1, .ofs_y = 0},
    {.bitmap_index = 27570, .adv_w = 176, .box_w = 9, .box_h = 15, .ofs_x = 1, .ofs_y = -3},
    {.bitmap_index = 27614, .adv_w = 176, .box_w = 11, .box_h = 10, .ofs_x = 0, .ofs_y = 0},
    {.bitmap_index = 27666, .adv_w = 136, .box_w = 8, .box_h = 8, .ofs_x = 0, .ofs_y = 0},
    {.bitmap_index = 27698, .adv_w = 148, .box_w = 10, .box_h = 10, .ofs_x = 0, .ofs_y = 0},
    {.bitmap_index = 27742, .adv_w = 121, .box_w = 8, .box_h = 8, .ofs_x = 0, .ofs_y = 0},
    {.bitmap_index = 27774, .adv_w = 148, .box_w = 10, .box_h = 14, .ofs_x = 0, .ofs_y = 0},
    {.bitmap_index = 27835, .adv_w = 121, .box_w = 8, .box_h = 11, .ofs_x = 0, .ofs_y = 0},
    {.bitmap_index = 27879, .adv_w = 280, .box_w = 18, .box_h = 13, .ofs_x = 0, .ofs_y = -3},
    {.bitmap_index = 27977, .adv_w = 251, .box_w = 16, .box_h = 11, .ofs_x = 0, .ofs_y = -3},
    {.bitmap_index = 28055, .adv_w = 185, .box_w = 11, .box_h = 12, .ofs_x = 0, .ofs_y = -1},
    {.bitmap_index = 28114, .adv_w = 149, .box_w = 9, .box_h = 10, .ofs_x = 0, .ofs_y = -1},
    {.bitmap_index = 28156, .adv_w = 234, .box_w = 14, .box_h = 15, .ofs_x = 0, .ofs_y = 0},
    {.bitmap_index = 28240, .adv_w = 206, .box_w = 13, .box_h = 13, .ofs_x = 0, .ofs_y = 0},
    {.bitmap_index = 28309, .adv_w = 208, .box_w = 13, .box_h = 13, .ofs_x = 0, .ofs_y = 0},
    {.bitmap_index = 28390, .adv_w = 183, .box_w = 12, .box_h = 10, .ofs_x = 0, .ofs_y = 0},
    {.bitmap_index = 28451, .adv_w = 146, .box_w = 9, .box_h = 13, .ofs_x = 0, .ofs_y = -3},
    {.bitmap_index = 28495, .adv_w = 112, .box_w = 7, .box_h = 11, .ofs_x = 0, .ofs_y = -3},
    {.bitmap_index = 28525, .adv_w = 136, .box_w = 8, .box_h = 11, .ofs_x = 0, .ofs_y = -1},
    {.bitmap_index = 28563, .adv_w = 0, .box_w = 6, .box_h = 3, .ofs_x = -7, .ofs_y = 8},
    {.bitmap_index = 28572, .adv_w = 0, .box_w = 6, .box_h = 3, .ofs_x = -7, .ofs_y = 8},
    {.bitmap_index = 28582, .adv_w = 0, .box_w = 2, .box_h = 3, .ofs_x = -5, .ofs_y = 8},
    {.bitmap_index = 28585, .adv_w = 0, .box_w = 2, .box_h = 3, .ofs_x = -5, .ofs_y = 8},
    {.bitmap_index = 28588, .adv_w = 0, .box_w = 6, .box_h = 3, .ofs_x = -3, .ofs_y = 10},
    {.bitmap_index = 28598, .adv_w = 0, .box_w = 16, .box_h = 15, .ofs_x = -8, .ofs_y = -4},
    {.bitmap_index = 28678, .adv_w = 0, .box_w = 16, .box_h = 16, .ofs_x = -8, .ofs_y = -4},
    {.bitmap_index = 28764, .adv_w = 185, .box_w = 11, .box_h = 17, .ofs_x = 1, .ofs_y = -3},
    {.bitmap_index = 28834, .adv_w = 157, .box_w = 9, .box_h = 14, .ofs_x = 1, .ofs_y = -3},
    {.bitmap_index = 28885, .adv_w = 139, .box_w = 9, .box_h = 10, .ofs_x = 0, .ofs_y = 0},
    {.bitmap_index = 28925, .adv_w = 134, .box_w = 8, .box_h = 11, .ofs_x = 0, .ofs_y = 0},
    {.bitmap_index = 28963, .adv_w = 138, .box_w = 7, .box_h = 10, .ofs_x = 1, .ofs_y = 0},
    {.bitmap_index = 28995, .adv_w = 139, .box_w = 7, .box_h = 11, .ofs_x = 1, .ofs_y = -3},
    {.bitmap_index = 29031, .adv_w = 122, .box_w = 7, .box_h = 13, .ofs_x = 1, .ofs_y = 0},
    {.bitmap_index = 29051, .adv_w = 103, .box_w = 6, .box_h = 10, .ofs_x = 1, .ofs_y = 0},
    {.bitmap_index = 29067, .adv_w = 121, .box_w = 8, .box_h = 10, .ofs_x = 0, .ofs_y = 0},
    {.bitmap_index = 29096, .adv_w = 101, .box_w = 6, .box_h = 8, .ofs_x = 0, .ofs_y = 0},
    {.bitmap_index = 29117, .adv_w = 151, .box_w = 8, .box_h = 13, .ofs_x = 1, .ofs_y = -3},
    {.bitmap_index = 29162, .adv_w = 124, .box_w = 7, .box_h = 11, .ofs_x = 1, .ofs_y = -3},
    {.bitmap_index = 29198, .adv_w = 211, .box_w = 13, .box_h = 13, .ofs_x = 0, .ofs_y = -3},
    {.bitmap_index = 29265, .adv_w = 187, .box_w = 12, .box_h = 11, .ofs_x = 0, .ofs_y = -3},
    {.bitmap_index = 29319, .adv_w = 130, .box_w = 8, .box_h = 13, .ofs_x = 0, .ofs_y = -3},
    {.bitmap_index = 29368, .adv_w = 111, .box_w = 7, .box_h = 11, .ofs_x = 0, .ofs_y = -3},
    {.bitmap_index = 29407, .adv_w = 156, .box_w = 9, .box_h = 13, .ofs_x = 1, .ofs_y = -3},
    {.bitmap_index = 29450, .adv_w = 131, .box_w = 8, .box_h = 11, .ofs_x = 1, .ofs_y = -3},
    {.bitmap_index = 29483, .adv_w = 143, .box_w = 8, .box_h = 10, .ofs_x = 1, .ofs_y = 0},
    {.bitmap_index = 29519, .adv_w = 124, .box_w = 7, .box_h = 8, .ofs_x = 1, .ofs_y = 0},
    {.bitmap_index = 29545, .adv_w = 144, .box_w = 9, .box_h = 10, .ofs_x = 0, .ofs_y = 0},
    {.bitmap_index = 29584, .adv_w = 126, .box_w = 8, .box_h = 12, .ofs_x = 0, .ofs_y = 0},
    {.bitmap_index = 29625, .adv_w = 158, .box_w = 10, .box_h = 10, .ofs_x = 0, .ofs_y = 0},
    {.bitmap_index = 29665, .adv_w = 144, .box_w = 9, .box_h = 8, .ofs_x = 0, .ofs_y = 0},
    {.bitmap_index = 29695, .adv_w = 175, .box_w = 10, .box_h = 13, .ofs_x = 1, .ofs_y = -3},
    {.bitmap_index = 29729, .adv_w = 153, .box_w = 9, .box_h = 11, .ofs_x = 1, .ofs_y = -3},
    {.bitmap_index = 29756, .adv_w = 184, .box_w = 11, .box_h = 10, .ofs_x = 1, .ofs_y = 0},
    {.bitmap_index = 29785, .adv_w = 167, .box_w = 10, .box_h = 8, .ofs_x = 1, .ofs_y = 0},
    {.bitmap_index = 29811, .adv_w = 241, .box_w = 14, .box_h = 13, .ofs_x = 1, .ofs_y = -3},
    {.bitmap_index = 29869, .adv_w = 195, .box_w = 11, .box_h = 11, .ofs_x = 1, .ofs_y = -3},
    {.bitmap_index = 29911, .adv_w = 174, .box_w = 11, .box_h = 11, .ofs_x = 0, .ofs_y = -1},
    {.bitmap_index = 29970, .adv_w = 145, .box_w = 9, .box_h = 8, .ofs_x = 0, .ofs_y = 0},
    {.bitmap_index = 30005, .adv_w = 142, .box_w = 9, .box_h = 13, .ofs_x = 0, .ofs_y = -3},
    {.bitmap_index = 30054, .adv_w = 110, .box_w = 7, .box_h = 11, .ofs_x = 0, .ofs_y = -3},
    {.bitmap_index = 30088, .adv_w = 126, .box_w = 8, .box_h = 13, .ofs_x = 0, .ofs_y = -3},
    {.bitmap_index = 30112, .adv_w = 111, .box_w = 7, .box_h = 11, .ofs_x = 0, .ofs_y = -3},
    {.bitmap_index = 30132, .adv_w = 131, .box_w = 9, .box_h = 10, .ofs_x = 0, .ofs_y = 0},
    {.bitmap_index = 30164, .adv_w = 118, .box_w = 8, .box_h = 11, .ofs_x = 0, .ofs_y = -3},
    {.bitmap_index = 30200, .adv_w = 131, .box_w = 9, .box_h = 10, .ofs_x = 0, .ofs_y = 0},
    {.bitmap_index = 30241, .adv_w = 118, .box_w = 8, .box_h = 11, .ofs_x = 0, .ofs_y = -3},
    {.bitmap_index = 30282, .adv_w = 149, .box_w = 10, .box_h = 13, .ofs_x = 0, .ofs_y = -3},
    {.bitmap_index = 30335, .adv_w = 129, .box_w = 8, .box_h = 11, .ofs_x = 0, .ofs_y = -3},
    {.bitmap_index = 30373, .adv_w = 198, .box_w = 13, .box_h = 13, .ofs_x = 0, .ofs_y = -3},
    {.bitmap_index = 30407, .adv_w = 167, .box_w = 11, .box_h = 11, .ofs_x = 0, .ofs_y = -3},
    {.bitmap_index = 30440, .adv_w = 164, .box_w = 10, .box_h = 13, .ofs_x = 1, .ofs_y = -3},
    {.bitmap_index = 30475, .adv_w = 146, .box_w = 9, .box_h = 11, .ofs_x = 0, .ofs_y = -3},
    {.bitmap_index = 30506, .adv_w = 159, .box_w = 8, .box_h = 10, .ofs_x = 1, .ofs_y = 0},
    {.bitmap_index = 30536, .adv_w = 139, .box_w = 8, .box_h = 8, .ofs_x = 0, .ofs_y = 0},
    {.bitmap_index = 30561, .adv_w = 159, .box_w = 8, .box_h = 10, .ofs_x = 1, .ofs_y = 0},
    {.bitmap_index = 30583, .adv_w = 140, .box_w = 7, .box_h = 12, .ofs_x = 1, .ofs_y = 0},
    {.bitmap_index = 30608, .adv_w = 197, .box_w = 12, .box_h = 10, .ofs_x = 0, .ofs_y = 0},
    {.bitmap_index = 30660, .adv_w = 152, .box_w = 9, .box_h = 8, .ofs_x = 0, .ofs_y = 0},
    {.bitmap_index = 30694, .adv_w = 197, .box_w = 12, .box_h = 13, .ofs_x = 0, .ofs_y = -3},
    {.bitmap_index = 30756, .adv_w = 152, .box_w = 9, .box_h = 11, .ofs_x = 0, .ofs_y = -3},
    {.bitmap_index = 30800, .adv_w = 79, .box_w = 5, .box_h = 10, .ofs_x = 0, .ofs_y = 0},
    {.bitmap_index = 30815, .adv_w = 209, .box_w = 13, .box_h = 14, .ofs_x = 0, .ofs_y = 0},
    {.bitmap_index = 30889, .adv_w = 177, .box_w = 11, .box_h = 12, .ofs_x = 0, .ofs_y = 0},
    {.bitmap_index = 30947, .adv_w = 160, .box_w = 9, .box_h = 13, .ofs_x = 1, .ofs_y = -3},
    {.bitmap_index = 30998, .adv_w = 131, .box_w = 7, .box_h = 11, .ofs_x = 1, .ofs_y = -3},
    {.bitmap_index = 31035, .adv_w = 169, .box_w = 11, .box_h = 13, .ofs_x = 0, .ofs_y = -3},
    {.bitmap_index = 31086, .adv_w = 141, .box_w = 9, .box_h = 11, .ofs_x = 0, .ofs_y = -3},
    {.bitmap_index = 31126, .adv_w = 166, .box_w = 9, .box_h = 13, .ofs_x = 1, .ofs_y = -3},
    {.bitmap_index = 31164, .adv_w = 142, .box_w = 7, .box_h = 11, .ofs_x = 1, .ofs_y = -3},
    {.bitmap_index = 31194, .adv_w = 176, .box_w = 10, .box_h = 13, .ofs_x = 1, .ofs_y = -3},
    {.bitmap_index = 31232, .adv_w = 154, .box_w = 9, .box_h = 11, .ofs_x = 1, .ofs_y = -3},
    {.bitmap_index = 31263, .adv_w = 159, .box_w = 8, .box_h = 13, .ofs_x = 1, .ofs_y = -3},
    {.bitmap_index = 31296, .adv_w = 140, .box_w = 8, .box_h = 11, .ofs_x = 0, .ofs_y = -3},
    {.bitmap_index = 31325, .adv_w = 213, .box_w = 13, .box_h = 13, .ofs_x = 1, .ofs_y = -3},
    {.bitmap_index = 31390, .adv_w = 180, .box_w = 11, .box_h = 11, .ofs_x = 1, .ofs_y = -3},
    {.bitmap_index = 31438, .adv_w = 79, .box_w = 5, .box_h = 10, .ofs_x = 0, .ofs_y = 0},
    {.bitmap_index = 31453, .adv_w = 147, .box_w = 10, .box_h = 14, .ofs_x = 0, .ofs_y = 0},
    {.bitmap_index = 31511, .adv_w = 128, .box_w = 7, .box_h = 12, .ofs_x = 0, .ofs_y = 0},
    {.bitmap_index = 31554, .adv_w = 147, .box_w = 10, .box_h = 13, .ofs_x = 0, .ofs_y = 0},
    {.bitmap_index = 31610, .adv_w = 128, .box_w = 7, .box_h = 10, .ofs_x = 0, .ofs_y = 0},
    {.bitmap_index = 31646, .adv_w = 202, .box_w = 13, .box_h = 10, .ofs_x = -1, .ofs_y = 0},
    {.bitmap_index = 31702, .adv_w = 197, .box_w = 12, .box_h = 8, .ofs_x = 0, .ofs_y = 0},
    {.bitmap_index = 31750, .adv_w = 125, .box_w = 6, .box_h = 14, .ofs_x = 1, .ofs_y = 0},
    {.bitmap_index = 31785, .adv_w = 129, .box_w = 8, .box_h = 12, .ofs_x = 0, .ofs_y = 0},
    {.bitmap_index = 31832, .adv_w = 171, .box_w = 10, .box_h = 10, .ofs_x = 0, .ofs_y = 0},
    {.bitmap_index = 31878, .adv_w = 129, .box_w = 8, .box_h = 8, .ofs_x = 0, .ofs_y = 0},
    {.bitmap_index = 31909, .adv_w = 171, .box_w = 10, .box_h = 14, .ofs_x = 0, .ofs_y = 0},
    {.bitmap_index = 31969, .adv_w = 129, .box_w = 8, .box_h = 10, .ofs_x = 0, .ofs_y = 0},
    {.bitmap_index = 32008, .adv_w = 209, .box_w = 13, .box_h = 13, .ofs_x = 0, .ofs_y = 0},
    {.bitmap_index = 32080, .adv_w = 177, .box_w = 11, .box_h = 10, .ofs_x = 0, .ofs_y = 0},
    {.bitmap_index = 32131, .adv_w = 130, .box_w = 8, .box_h = 14, .ofs_x = 0, .ofs_y = 0},
    {.bitmap_index = 32181, .adv_w = 111, .box_w = 7, .box_h = 10, .ofs_x = 0, .ofs_y = 0},
    {.bitmap_index = 32217, .adv_w = 131, .box_w = 8, .box_h = 10, .ofs_x = 0, .ofs_y = 0},
    {.bitmap_index = 32254, .adv_w = 117, .box_w = 7, .box_h = 11, .ofs_x = 0, .ofs_y = -3},
    {.bitmap_index = 32290, .adv_w = 172, .box_w = 9, .box_h = 13, .ofs_x = 1, .ofs_y = 0},
    {.bitmap_index = 32334, .adv_w = 143, .box_w = 7, .box_h = 10, .ofs_x = 1, .ofs_y = 0},
    {.bitmap_index = 32364, .adv_w = 172, .box_w = 9, .box_h = 13, .ofs_x = 1, .ofs_y = 0},
    {.bitmap_index = 32409, .adv_w = 143, .box_w = 7, .box_h = 10, .ofs_x = 1, .ofs_y = 0},
    {.bitmap_index = 32440, .adv_w = 176, .box_w = 11, .box_h = 14, .ofs_x = 0, .ofs_y = 0},
    {.bitmap_index = 32505, .adv_w = 137, .box_w = 8, .box_h = 10, .ofs_x = 0, .ofs_y = 0},
    {.bitmap_index = 32543, .adv_w = 176, .box_w = 11, .box_h = 10, .ofs_x = 0, .ofs_y = 0},
    {.bitmap_index = 32595, .adv_w = 137, .box_w = 8, .box_h = 8, .ofs_x = 0, .ofs_y = 0},
    {.bitmap_index = 32627, .adv_w = 176, .box_w = 11, .box_h = 13, .ofs_x = 0, .ofs_y = 0},
    {.bitmap_index = 32691, .adv_w = 137, .box_w = 8, .box_h = 10, .ofs_x = 0, .ofs_y = 0},
    {.bitmap_index = 32731, .adv_w = 145, .box_w = 9, .box_h = 14, .ofs_x = 0, .ofs_y = 0},
    {.bitmap_index = 32787, .adv_w = 113, .box_w = 7, .box_h = 10, .ofs_x = 0, .ofs_y = 0},
    {.bitmap_index = 32823, .adv_w = 140, .box_w = 9, .box_h = 13, .ofs_x = 0, .ofs_y = 0},
    {.bitmap_index = 32875, .adv_w = 118, .box_w = 8, .box_h = 14, .ofs_x = 0, .ofs_y = -3},
    {.bitmap_index = 32927, .adv_w = 140, .box_w = 9, .box_h = 14, .ofs_x = 0, .ofs_y = 0},
    {.bitmap_index = 32982, .adv_w = 118, .box_w = 8, .box_h = 13, .ofs_x = 0, .ofs_y = -3},
    {.bitmap_index = 33032, .adv_w = 140, .box_w = 9, .box_h = 14, .ofs_x = 0, .ofs_y = 0},
    {.bitmap_index = 33089, .adv_w = 118, .box_w = 8, .box_h = 15, .ofs_x = 0, .ofs_y = -3},
    {.bitmap_index = 33147, .adv_w = 154, .box_w = 8, .box_h = 13, .ofs_x = 1, .ofs_y = 0},
    {.bitmap_index = 33186, .adv_w = 135, .box_w = 8, .box_h = 10, .ofs_x = 0, .ofs_y = 0},
    {.bitmap_index = 33217, .adv_w = 121, .box_w = 7, .box_h = 13, .ofs_x = 1, .ofs_y = -3},
    {.bitmap_index = 33238, .adv_w = 100, .box_w = 5, .box_h = 11, .ofs_x = 1, .ofs_y = -3},
    {.bitmap_index = 33256, .adv_w = 195, .box_w = 10, .box_h = 13, .ofs_x = 1, .ofs_y = 0},
    {.bitmap_index = 33302, .adv_w = 176, .box_w = 9, .box_h = 10, .ofs_x = 1, .ofs_y = 0},
    {.bitmap_index = 33339, .adv_w = 121, .box_w = 8, .box_h = 14, .ofs_x = 0, .ofs_y = -4},
    {.bitmap_index = 33386, .adv_w = 101, .box_w = 6, .box_h = 12, .ofs_x = 0, .ofs_y = -4},
    {.bitmap_index = 33418, .adv_w = 148, .box_w = 9, .box_h = 14, .ofs_x = 0, .ofs_y = -4},
    {.bitmap_index = 33475, .adv_w = 129, .box_w = 8, .box_h = 12, .ofs_x = 0, .ofs_y = -4},
    {.bitmap_index = 33519, .adv_w = 137, .box_w = 9, .box_h = 10, .ofs_x = 0, .ofs_y = 0},
    {.bitmap_index = 33565, .adv_w = 122, .box_w = 8, .box_h = 8, .ofs_x = 0, .ofs_y = 0},
    {.bitmap_index = 33598, .adv_w = 139, .box_w = 8, .box_h = 10, .ofs_x = 0, .ofs_y = 0},
    {.bitmap_index = 33628, .adv_w = 139, .box_w = 8, .box_h = 12, .ofs_x = 0, .ofs_y = 0},
    {.bitmap_index = 33668, .adv_w = 204, .box_w = 12, .box_h = 10, .ofs_x = 0, .ofs_y = 0},
    {.bitmap_index = 33705, .adv_w = 203, .box_w = 12, .box_h = 11, .ofs_x = 0, .ofs_y = 0},
    {.bitmap_index = 33751, .adv_w = 203, .box_w = 12, .box_h = 10, .ofs_x = 0, .ofs_y = 0},
    {.bitmap_index = 33800, .adv_w = 185, .box_w = 11, .box_h = 8, .ofs_x = 0, .ofs_y = 0},
    {.bitmap_index = 33839, .adv_w = 146, .box_w = 9, .box_h = 13, .ofs_x = 0, .ofs_y = -3},
    {.bitmap_index = 33884, .adv_w = 129, .box_w = 8, .box_h = 11, .ofs_x = 0, .ofs_y = -3},
    {.bitmap_index = 33919, .adv_w = 224, .box_w = 13, .box_h = 10, .ofs_x = 0, .ofs_y = 0},
    {.bitmap_index = 33968, .adv_w = 197, .box_w = 12, .box_h = 8, .ofs_x = 0, .ofs_y = 0},
    {.bitmap_index = 34008, .adv_w = 229, .box_w = 13, .box_h = 10, .ofs_x = 1, .ofs_y = 0},
    {.bitmap_index = 34043, .adv_w = 208, .box_w = 11, .box_h = 8, .ofs_x = 1, .ofs_y = 0},
    {.bitmap_index = 34074, .adv_w = 173, .box_w = 11, .box_h = 10, .ofs_x = 0, .ofs_y = 0},
    {.bitmap_index = 34126, .adv_w = 145, .box_w = 9, .box_h = 8, .ofs_x = 0, .ofs_y = 0},
    {.bitmap_index = 34161, .adv_w = 163, .box_w = 9, .box_h = 10, .ofs_x = 0, .ofs_y = 0},
    {.bitmap_index = 34194, .adv_w = 152, .box_w = 9, .box_h = 8, .ofs_x = 0, .ofs_y = 0},
    {.bitmap_index = 34225, .adv_w = 136, .box_w = 8, .box_h = 10, .ofs_x = 0, .ofs_y = 0},
    {.bitmap_index = 34262, .adv_w = 113, .box_w = 7, .box_h = 8, .ofs_x = 0, .ofs_y = 0},
    {.bitmap_index = 34291, .adv_w = 167, .box_w = 11, .box_h = 14, .ofs_x = 0, .ofs_y = -4},
    {.bitmap_index = 34346, .adv_w = 140, .box_w = 9, .box_h = 12, .ofs_x = 0, .ofs_y = -4},
    {.bitmap_index = 34389, .adv_w = 217, .box_w = 14, .box_h = 10, .ofs_x = 0, .ofs_y = 0},
    {.bitmap_index = 34456, .adv_w = 186, .box_w = 12, .box_h = 8, .ofs_x = 0, .ofs_y = 0},
    {.bitmap_index = 34504, .adv_w = 185, .box_w = 11, .box_h = 10, .ofs_x = 1, .ofs_y = 0},
    {.bitmap_index = 34552, .adv_w = 186, .box_w = 11, .box_h = 11, .ofs_x = 1, .ofs_y = -3},
    {.bitmap_index = 34603, .adv_w = 202, .box_w = 12, .box_h = 10, .ofs_x = 0, .ofs_y = 0},
    {.bitmap_index = 34657, .adv_w = 199, .box_w = 12, .box_h = 8, .ofs_x = 0, .ofs_y = 0},
    {.bitmap_index = 34703, .adv_w = 176, .box_w = 11, .box_h = 13, .ofs_x = 0, .ofs_y = -3},
    {.bitmap_index = 34766, .adv_w = 139, .box_w = 8, .box_h = 11, .ofs_x = 0, .ofs_y = -3},
    {.bitmap_index = 34805, .adv_w = 211, .box_w = 14, .box_h = 10, .ofs_x = 0, .ofs_y = 0},
    {.bitmap_index = 34873, .adv_w = 181, .box_w = 12, .box_h = 8, .ofs_x = 0, .ofs_y = 0},
    {.bitmap_index = 34922, .adv_w = 144, .box_w = 8, .box_h = 10, .ofs_x = 1, .ofs_y = 0},
    {.bitmap_index = 34958, .adv_w = 125, .box_w = 7, .box_h = 9, .ofs_x = 1, .ofs_y = 0},
    {.bitmap_index = 34987, .adv_w = 233, .box_w = 14, .box_h = 13, .ofs_x = 0, .ofs_y = -3},
    {.bitmap_index = 35056, .adv_w = 187, .box_w = 12, .box_h = 11, .ofs_x = 0, .ofs_y = -3},
    {.bitmap_index = 35110, .adv_w = 248, .box_w = 14, .box_h = 13, .ofs_x = 1, .ofs_y = -3},
    {.bitmap_index = 35172, .adv_w = 199, .box_w = 11, .box_h = 11, .ofs_x = 1, .ofs_y = -3},
    {.bitmap_index = 35218, .adv_w = 172, .box_w = 10, .box_h = 13, .ofs_x = 1, .ofs_y = -3},
    {.bitmap_index = 35242, .adv_w = 149, .box_w = 8, .box_h = 11, .ofs_x = 1, .ofs_y = -3},
    {.bitmap_index = 35262, .adv_w = 171, .box_w = 10, .box_h = 13, .ofs_x = 1, .ofs_y = -3},
    {.bitmap_index = 35297, .adv_w = 150, .box_w = 8, .box_h = 15, .ofs_x = 1, .ofs_y = -3},
    {.bitmap_index = 35332, .adv_w = 165, .box_w = 11, .box_h = 14, .ofs_x = -1, .ofs_y = -4},
    {.bitmap_index = 35370, .adv_w = 142, .box_w = 9, .box_h = 11, .ofs_x = -1, .ofs_y = -3},
    {.bitmap_index = 35398, .adv_w = 323, .box_w = 21, .box_h = 13, .ofs_x = 0, .ofs_y = -3},
    {.bitmap_index = 35496, .adv_w = 276, .box_w = 18, .box_h = 11, .ofs_x = 0, .ofs_y = -3},
    {.bitmap_index = 35577, .adv_w = 160, .box_w = 10, .box_h = 13, .ofs_x = 0, .ofs_y = -3},
    {.bitmap_index = 35630, .adv_w = 138, .box_w = 9, .box_h = 11, .ofs_x = 0, .ofs_y = -3},
    {.bitmap_index = 35673, .adv_w = 163, .box_w = 10, .box_h = 13, .ofs_x = 0, .ofs_y = -3},
    {.bitmap_index = 35717, .adv_w = 137, .box_w = 9, .box_h = 11, .ofs_x = 0, .ofs_y = -3},
    {.bitmap_index = 35752, .adv_w = 211, .box_w = 14, .box_h = 14, .ofs_x = 0, .ofs_y = 0},
    {.bitmap_index = 35837, .adv_w = 181, .box_w = 12, .box_h = 11, .ofs_x = 0, .ofs_y = 0},
    {.bitmap_index = 35898, .adv_w = 211, .box_w = 14, .box_h = 14, .ofs_x = 0, .ofs_y = 0},
    {.bitmap_index = 35982, .adv_w = 181, .box_w = 12, .box_h = 11, .ofs_x = 0, .ofs_y = 0},
    {.bitmap_index = 36042, .adv_w = 211, .box_w = 14, .box_h = 13, .ofs_x = 0, .ofs_y = 0},
    {.bitmap_index = 36125, .adv_w = 181, .box_w = 12, .box_h = 10, .ofs_x = 0, .ofs_y = 0},
    {.bitmap_index = 36183, .adv_w = 162, .box_w = 9, .box_h = 10, .ofs_x = 1, .ofs_y = 0},
    {.bitmap_index = 36225, .adv_w = 131, .box_w = 9, .box_h = 14, .ofs_x = 0, .ofs_y = 0},
    {.bitmap_index = 36270, .adv_w = 118, .box_w = 8, .box_h = 14, .ofs_x = 0, .ofs_y = -3},
    {.bitmap_index = 36322, .adv_w = 72, .box_w = 4, .box_h = 3, .ofs_x = 0, .ofs_y = 3},
    {.bitmap_index = 36328, .adv_w = 72, .box_w = 4, .box_h = 3, .ofs_x = 0, .ofs_y = 3},
    {.bitmap_index = 36334, .adv_w = 129, .box_w = 8, .box_h = 3, .ofs_x = 0, .ofs_y = 4},
    {.bitmap_index = 36342, .adv_w = 112, .box_w = 7, .box_h = 3, .ofs_x = 0, .ofs_y = 3},
    {.bitmap_index = 36349, .adv_w = 224, .box_w = 14, .box_h = 3, .ofs_x = 0, .ofs_y = 3},
    {.bitmap_index = 36361, .adv_w = 224, .box_w = 14, .box_h = 3, .ofs_x = 0, .ofs_y = 3},
    {.bitmap_index = 36373, .adv_w = 123, .box_w = 6, .box_h = 14, .ofs_x = 1, .ofs_y = -3},
    {.bitmap_index = 36381, .adv_w = 92, .box_w = 7, .box_h = 3, .ofs_x = -1, .ofs_y = -3},
    {.bitmap_index = 36389, .adv_w = 42, .box_w = 3, .box_h = 4, .ofs_x = 0, .ofs_y = 6},
    {.bitmap_index = 36396, .adv_w = 42, .box_w = 3, .box_h = 4, .ofs_x = 0, .ofs_y = 6},
    {.bitmap_index = 36403, .adv_w = 58, .box_w = 3, .box_h = 4, .ofs_x = 0, .ofs_y = -2},
    {.bitmap_index = 36409, .adv_w = 42, .box_w = 3, .box_h = 4, .ofs_x = 0, .ofs_y = 6},
    {.bitmap_index = 36415, .adv_w = 86, .box_w = 6, .box_h = 4, .ofs_x = 0, .ofs_y = 6},
    {.bitmap_index = 36428, .adv_w = 86, .box_w = 6, .box_h = 4, .ofs_x = 0, .ofs_y = 6},
    {.bitmap_index = 36440, .adv_w = 100, .box_w = 6, .box_h = 4, .ofs_x = 0, .ofs_y = -2},
    {.bitmap_index = 36453, .adv_w = 86, .box_w = 6, .box_h = 4, .ofs_x = 0, .ofs_y = 6},
    {.bitmap_index = 36466, .adv_w = 115, .box_w = 7, .box_h = 11, .ofs_x = 0, .ofs_y = 0},
    {.bitmap_index = 36499, .adv_w = 115, .box_w = 7, .box_h = 11, .ofs_x = 0, .ofs_y = 0},
    {.bitmap_index = 36538, .adv_w = 84, .box_w = 5, .box_h = 4, .ofs_x = 0, .ofs_y = 3},
    {.bitmap_index = 36547, .adv_w = 83, .box_w = 5, .box_h = 5, .ofs_x = 0, .ofs_y = 3},
    {.bitmap_index = 36559, .adv_w = 112, .box_w = 3, .box_h = 3, .ofs_x = 2, .ofs_y = 0},
    {.bitmap_index = 36563, .adv_w = 123, .box_w = 7, .box_h = 3, .ofs_x = 0, .ofs_y = 0},
    {.bitmap_index = 36572, .adv_w = 181, .box_w = 11, .box_h = 3, .ofs_x = 0, .ofs_y = 0},
    {.bitmap_index = 36586, .adv_w = 61, .box_w = 3, .box_h = 3, .ofs_x = 0, .ofs_y = 3},
    {.bitmap_index = 36590, .adv_w = 270, .box_w = 17, .box_h = 10, .ofs_x = 0, .ofs_y = 0},
    {.bitmap_index = 36662, .adv_w = 73, .box_w = 5, .box_h = 7, .ofs_x = 0, .ofs_y = 0},
    {.bitmap_index = 36680, .adv_w = 73, .box_w = 5, .box_h = 7, .ofs_x = 0, .ofs_y = 0},
    {.bitmap_index = 36698, .adv_w = 128, .box_w = 8, .box_h = 10, .ofs_x = 0, .ofs_y = 0},
    {.bitmap_index = 36739, .adv_w = 212, .box_w = 12, .box_h = 12, .ofs_x = 1, .ofs_y = -2},
    {.bitmap_index = 36794, .adv_w = 128, .box_w = 8, .box_h = 10, .ofs_x = 0, .ofs_y = 0},
    {.bitmap_index = 36829, .adv_w = 181, .box_w = 10, .box_h = 10, .ofs_x = 1, .ofs_y = 0},
    {.bitmap_index = 36871, .adv_w = 192, .box_w = 11, .box_h = 10, .ofs_x = 1, .ofs_y = 0},
    {.bitmap_index = 36923, .adv_w = 155, .box_w = 10, .box_h = 10, .ofs_x = 0, .ofs_y = 0},
    {.bitmap_index = 36975, .adv_w = 187, .box_w = 10, .box_h = 10, .ofs_x = 1, .ofs_y = 0},
    {.bitmap_index = 37006, .adv_w = 140, .box_w = 9, .box_h = 13, .ofs_x = 0, .ofs_y = -2},
    {.bitmap_index = 37060, .adv_w = 128, .box_w = 8, .box_h = 10, .ofs_x = 0, .ofs_y = 0},
    {.bitmap_index = 37101, .adv_w = 128, .box_w = 9, .box_h = 10, .ofs_x = 0, .ofs_y = 0},
    {.bitmap_index = 37139, .adv_w = 128, .box_w = 8, .box_h = 10, .ofs_x = 0, .ofs_y = 0},
    {.bitmap_index = 37176, .adv_w = 220, .box_w = 14, .box_h = 13, .ofs_x = 0, .ofs_y = -3},
    {.bitmap_index = 37254, .adv_w = 131, .box_w = 8, .box_h = 13, .ofs_x = 0, .ofs_y = -3},
    {.bitmap_index = 37304, .adv_w = 128, .box_w = 8, .box_h = 10, .ofs_x = 0, .ofs_y = 0},
    {.bitmap_index = 37341, .adv_w = 164, .box_w = 10, .box_h = 13, .ofs_x = 0, .ofs_y = -2},
    {.bitmap_index = 37400, .adv_w = 139, .box_w = 9, .box_h = 10, .ofs_x = 0, .ofs_y = 0},
    {.bitmap_index = 37443, .adv_w = 125, .box_w = 8, .box_h = 10, .ofs_x = 0, .ofs_y = 0},
    {.bitmap_index = 37482, .adv_w = 142, .box_w = 9, .box_h = 13, .ofs_x = 0, .ofs_y = -2},
    {.bitmap_index = 37529, .adv_w = 144, .box_w = 9, .box_h = 10, .ofs_x = 0, .ofs_y = 0},
    {.bitmap_index = 37562, .adv_w = 163, .box_w = 10, .box_h = 11, .ofs_x = 0, .ofs_y = -1},
    {.bitmap_index = 37614, .adv_w = 124, .box_w = 8, .box_h = 10, .ofs_x = 0, .ofs_y = 0},
    {.bitmap_index = 37633, .adv_w = 128, .box_w = 6, .box_h = 10, .ofs_x = 1, .ofs_y = 0},
    {.bitmap_index = 37662, .adv_w = 128, .box_w = 8, .box_h = 10, .ofs_x = 0, .ofs_y = 0},
    {.bitmap_index = 37699, .adv_w = 177, .box_w = 11, .box_h = 10, .ofs_x = 0, .ofs_y = 0},
    {.bitmap_index = 37748, .adv_w = 186, .box_w = 11, .box_h = 10, .ofs_x = 0, .ofs_y = 0},
    {.bitmap_index = 37787, .adv_w = 131, .box_w = 8, .box_h = 10, .ofs_x = 0, .ofs_y = 0},
    {.bitmap_index = 37826, .adv_w = 174, .box_w = 11, .box_h = 11, .ofs_x = 0, .ofs_y = 0},
    {.bitmap_index = 37881, .adv_w = 128, .box_w = 7, .box_h = 14, .ofs_x = 1, .ofs_y = -2},
    {.bitmap_index = 37928, .adv_w = 229, .box_w = 13, .box_h = 10, .ofs_x = 1, .ofs_y = 0},
    {.bitmap_index = 37984, .adv_w = 173, .box_w = 10, .box_h = 5, .ofs_x = 0, .ofs_y = 5},
    {.bitmap_index = 38007, .adv_w = 224, .box_w = 15, .box_h = 15, .ofs_x = -1, .ofs_y = -2},
    {.bitmap_index = 38078, .adv_w = 252, .box_w = 16, .box_h = 15, .ofs_x = 0, .ofs_y = -2},
    {.bitmap_index = 38160, .adv_w = 224, .box_w = 14, .box_h = 11, .ofs_x = 0, .ofs_y = 0},
    {.bitmap_index = 38221, .adv_w = 224, .box_w = 14, .box_h = 13, .ofs_x = 0, .ofs_y = -1},
    {.bitmap_index = 38281, .adv_w = 224, .box_w = 14, .box_h = 11, .ofs_x = 0, .ofs_y = 0},
    {.bitmap_index = 38342, .adv_w = 154, .box_w = 10, .box_h = 11, .ofs_x = 0, .ofs_y = 0},
    {.bitmap_index = 38394, .adv_w = 224, .box_w = 14, .box_h = 15, .ofs_x = 0, .ofs_y = -2},
    {.bitmap_index = 38484, .adv_w = 224, .box_w = 14, .box_h = 15, .ofs_x = 0, .ofs_y = -2},
    {.bitmap_index = 38571, .adv_w = 252, .box_w = 16, .box_h = 13, .ofs_x = 0, .ofs_y = -1},
    {.bitmap_index = 38651, .adv_w = 224, .box_w = 14, .box_h = 15, .ofs_x = 0, .ofs_y = -2},
    {.bitmap_index = 38716, .adv_w = 252, .box_w = 16, .box_h = 11, .ofs_x = 0, .ofs_y = 0},
    {.bitmap_index = 38779, .adv_w = 224, .box_w = 14, .box_h = 15, .ofs_x = 0, .ofs_y = -2},
    {.bitmap_index = 38874, .adv_w = 112, .box_w = 7, .box_h = 12, .ofs_x = 0, .ofs_y = -1},
    {.bitmap_index = 38902, .adv_w = 168, .box_w = 11, .box_h = 12, .ofs_x = 0, .ofs_y = -1},
    {.bitmap_index = 38948, .adv_w = 252, .box_w = 16, .box_h = 14, .ofs_x = 0, .ofs_y = -2},
    {.bitmap_index = 39038, .adv_w = 224, .box_w = 14, .box_h = 11, .ofs_x = 0, .ofs_y = 0},
    {.bitmap_index = 39094, .adv_w = 154, .box_w = 10, .box_h = 15, .ofs_x = 0, .ofs_y = -2},
    {.bitmap_index = 39154, .adv_w = 196, .box_w = 10, .box_h = 14, .ofs_x = 1, .ofs_y = -2},
    {.bitmap_index = 39201, .adv_w = 196, .box_w = 13, .box_h = 15, .ofs_x = 0, .ofs_y = -2},
    {.bitmap_index = 39259, .adv_w = 196, .box_w = 13, .box_h = 13, .ofs_x = 0, .ofs_y = -1},
    {.bitmap_index = 39296, .adv_w = 196, .box_w = 13, .box_h = 13, .ofs_x = 0, .ofs_y = -1},
    {.bitmap_index = 39321, .adv_w = 196, .box_w = 10, .box_h = 14, .ofs_x = 1, .ofs_y = -2},
    {.bitmap_index = 39370, .adv_w = 196, .box_w = 14, .box_h = 13, .ofs_x = -1, .ofs_y = -1},
    {.bitmap_index = 39429, .adv_w = 140, .box_w = 9, .box_h = 13, .ofs_x = 0, .ofs_y = -1},
    {.bitmap_index = 39477, .adv_w = 140, .box_w = 9, .box_h = 13, .ofs_x = 0, .ofs_y = -1},
    {.bitmap_index = 39526, .adv_w = 196, .box_w = 13, .box_h = 13, .ofs_x = 0, .ofs_y = -1},
    {.bitmap_index = 39573, .adv_w = 196, .box_w = 13, .box_h = 4, .ofs_x = 0, .ofs_y = 3},
    {.bitmap_index = 39587, .adv_w = 252, .box_w = 16, .box_h = 11, .ofs_x = 0, .ofs_y = 0},
    {.bitmap_index = 39670, .adv_w = 280, .box_w = 18, .box_h = 15, .ofs_x = 0, .ofs_y = -2},
    {.bitmap_index = 39787, .adv_w = 252, .box_w = 17, .box_h = 15, .ofs_x = -1, .ofs_y = -2},
    {.bitmap_index = 39875, .adv_w = 224, .box_w = 14, .box_h = 13, .ofs_x = 0, .ofs_y = -1},
    {.bitmap_index = 39957, .adv_w = 196, .box_w = 13, .box_h = 8, .ofs_x = 0, .ofs_y = 1},
    {.bitmap_index = 40000, .adv_w = 196, .box_w = 13, .box_h = 8, .ofs_x = 0, .ofs_y = 1},
    {.bitmap_index = 40045, .adv_w = 280, .box_w = 18, .box_h = 11, .ofs_x = 0, .ofs_y = 0},
    {.bitmap_index = 40116, .adv_w = 224, .box_w = 14, .box_h = 11, .ofs_x = 0, .ofs_y = 0},
    {.bitmap_index = 40145, .adv_w = 224, .box_w = 14, .box_h = 15, .ofs_x = 0, .ofs_y = -2},
    {.bitmap_index = 40217, .adv_w = 224, .box_w = 15, .box_h = 15, .ofs_x = -1, .ofs_y = -2},
    {.bitmap_index = 40296, .adv_w = 217, .box_w = 14, .box_h = 15, .ofs_x = 0, .ofs_y = -2},
    {.bitmap_index = 40389, .adv_w = 196, .box_w = 13, .box_h = 13, .ofs_x = 0, .ofs_y = -1},
    {.bitmap_index = 40470, .adv_w = 196, .box_w = 13, .box_h = 15, .ofs_x = 0, .ofs_y = -2},
    {.bitmap_index = 40518, .adv_w = 196, .box_w = 13, .box_h = 13, .ofs_x = 0, .ofs_y = -1},
    {.bitmap_index = 40574, .adv_w = 196, .box_w = 13, .box_h = 12, .ofs_x = 0, .ofs_y = -1},
    {.bitmap_index = 40614, .adv_w = 224, .box_w = 14, .box_h = 11, .ofs_x = 0, .ofs_y = 0},
    {.bitmap_index = 40667, .adv_w = 140, .box_w = 10, .box_h = 15, .ofs_x = -1, .ofs_y = -2},
    {.bitmap_index = 40723, .adv_w = 196, .box_w = 13, .box_h = 15, .ofs_x = 0, .ofs_y = -2},
    {.bitmap_index = 40786, .adv_w = 196, .box_w = 13, .box_h = 15, .ofs_x = 0, .ofs_y = -2},
    {.bitmap_index = 40852, .adv_w = 252, .box_w = 16, .box_h = 11, .ofs_x = 0, .ofs_y = 0},
    {.bitmap_index = 40925, .adv_w = 224, .box_w = 16, .box_h = 15, .ofs_x = -1, .ofs_y = -2},
    {.bitmap_index = 41002, .adv_w = 168, .box_w = 11, .box_h = 15, .ofs_x = 0, .ofs_y = -2},
    {.bitmap_index = 41034, .adv_w = 280, .box_w = 18, .box_h = 13, .ofs_x = 0, .ofs_y = -1},
    {.bitmap_index = 41131, .adv_w = 280, .box_w = 18, .box_h = 10, .ofs_x = 0, .ofs_y = 0},
    {.bitmap_index = 41183, .adv_w = 280, .box_w = 18, .box_h = 10, .ofs_x = 0, .ofs_y = 0},
    {.bitmap_index = 41238, .adv_w = 280, .box_w = 18, .box_h = 10, .ofs_x = 0, .ofs_y = 0},
    {.bitmap_index = 41293, .adv_w = 280, .box_w = 18, .box_h = 10, .ofs_x = 0, .ofs_y = 0},
    {.bitmap_index = 41348, .adv_w = 280, .box_w = 18, .box_h = 10, .ofs_x = 0, .ofs_y = 0},
    {.bitmap_index = 41397, .adv_w = 280, .box_w = 18, .box_h = 12, .ofs_x = 0, .ofs_y = -1},
    {.bitmap_index = 41477, .adv_w = 196, .box_w = 12, .box_h = 15, .ofs_x = 0, .ofs_y = -2},
    {.bitmap_index = 41561, .adv_w = 196, .box_w = 13, .box_h = 15, .ofs_x = 0, .ofs_y = -2},
    {.bitmap_index = 41617, .adv_w = 224, .box_w = 15, .box_h = 15, .ofs_x = -1, .ofs_y = -2},
    {.bitmap_index = 41694, .adv_w = 280, .box_w = 18, .box_h = 11, .ofs_x = 0, .ofs_y = 0},
    {.bitmap_index = 41772, .adv_w = 168, .box_w = 11, .box_h = 15, .ofs_x = 0, .ofs_y = -2},
    {.bitmap_index = 41808, .adv_w = 225, .box_w = 15, .box_h = 10, .ofs_x = 0, .ofs_y = 0}
};

/*---------------------
 *  CHARACTER MAPPING
 *--------------------*/

static const uint8_t glyph_id_ofs_list_3[] = {
    0, 1, 2, 3, 4, 5, 6, 7,
    0, 0, 8, 9, 10, 11, 12, 13,
    0, 0, 0, 0, 14, 15, 16, 17,
    18, 19, 20, 0, 21
};

static const uint16_t unicode_list_8[] = {
    0x0, 0x1, 0x2, 0x3, 0x4, 0x5, 0x1e, 0x72,
    0x73
};

static const uint16_t unicode_list_10[] = {
    0x0, 0x9, 0xa
};

static const uint16_t unicode_list_12[] = {
    0x0, 0xc, 0xceeb, 0xceef, 0xcef2, 0xcef5, 0xcef6, 0xcef7,
    0xcefb, 0xcefd, 0xceff, 0xcf03, 0xcf06, 0xcf0b, 0xcf10, 0xcf11,
    0xcf12, 0xcf28, 0xcf2d, 0xcf32, 0xcf35, 0xcf36, 0xcf37, 0xcf3b,
    0xcf3c, 0xcf3d, 0xcf3e, 0xcf51, 0xcf52, 0xcf58, 0xcf5a, 0xcf5b,
    0xcf5e, 0xcf61, 0xcf62, 0xcf63, 0xcf65, 0xcf7d, 0xcf7f, 0xcf96,
    0xcfae, 0xcfaf, 0xcfb1, 0xcfb3, 0xcfca, 0xcfd1, 0xcfd4, 0xcfdd,
    0xd006, 0xd00e, 0xd045, 0xd0d5, 0xd12a, 0xd12b, 0xd12c, 0xd12d,
    0xd12e, 0xd171, 0xd17d, 0xd1d7, 0xd1ee, 0xd444, 0xd6ac, 0xd78c
};

/*Collect the unicode lists and glyph_id offsets*/
static const lv_font_fmt_txt_cmap_t cmaps[] =
{
    {
        .range_start = 32, .range_length = 95, .glyph_id_start = 1,
        .unicode_list = NULL, .glyph_id_ofs_list = NULL, .list_length = 0, .type = LV_FONT_FMT_TXT_CMAP_FORMAT0_TINY
    },
    {
        .range_start = 160, .range_length = 176, .glyph_id_start = 96,
        .unicode_list = NULL, .glyph_id_ofs_list = NULL, .list_length = 0, .type = LV_FONT_FMT_TXT_CMAP_FORMAT0_TINY
    },
    {
        .range_start = 336, .range_length = 256, .glyph_id_start = 272,
        .unicode_list = NULL, .glyph_id_ofs_list = NULL, .list_length = 0, .type = LV_FONT_FMT_TXT_CMAP_FORMAT0_TINY
    },
    {
        .range_start = 880, .range_length = 29, .glyph_id_start = 528,
        .unicode_list = NULL, .glyph_id_ofs_list = glyph_id_ofs_list_3, .list_length = 29, .type = LV_FONT_FMT_TXT_CMAP_FORMAT0_FULL
    },
    {
        .range_start = 910, .range_length = 20, .glyph_id_start = 550,
        .unicode_list = NULL, .glyph_id_ofs_list = NULL, .list_length = 0, .type = LV_FONT_FMT_TXT_CMAP_FORMAT0_TINY
    },
    {
        .range_start = 931, .range_length = 63, .glyph_id_start = 570,
        .unicode_list = NULL, .glyph_id_ofs_list = NULL, .list_length = 0, .type = LV_FONT_FMT_TXT_CMAP_FORMAT0_TINY
    },
    {
        .range_start = 1008, .range_length = 64, .glyph_id_start = 633,
        .unicode_list = NULL, .glyph_id_ofs_list = NULL, .list_length = 0, .type = LV_FONT_FMT_TXT_CMAP_FORMAT0_TINY
    },
    {
        .range_start = 1072, .range_length = 256, .glyph_id_start = 697,
        .unicode_list = NULL, .glyph_id_ofs_list = NULL, .list_length = 0, .type = LV_FONT_FMT_TXT_CMAP_FORMAT0_TINY
    },
    {
        .range_start = 7808, .range_length = 116, .glyph_id_start = 953,
        .unicode_list = unicode_list_8, .glyph_id_ofs_list = NULL, .list_length = 9, .type = LV_FONT_FMT_TXT_CMAP_SPARSE_TINY
    },
    {
        .range_start = 8208, .range_length = 24, .glyph_id_start = 962,
        .unicode_list = NULL, .glyph_id_ofs_list = NULL, .list_length = 0, .type = LV_FONT_FMT_TXT_CMAP_FORMAT0_TINY
    },
    {
        .range_start = 8240, .range_length = 11, .glyph_id_start = 986,
        .unicode_list = unicode_list_10, .glyph_id_ofs_list = NULL, .list_length = 3, .type = LV_FONT_FMT_TXT_CMAP_SPARSE_TINY
    },
    {
        .range_start = 8356, .range_length = 28, .glyph_id_start = 989,
        .unicode_list = NULL, .glyph_id_ofs_list = NULL, .list_length = 0, .type = LV_FONT_FMT_TXT_CMAP_FORMAT0_TINY
    },
    {
        .range_start = 8470, .range_length = 55181, .glyph_id_start = 1017,
        .unicode_list = unicode_list_12, .glyph_id_ofs_list = NULL, .list_length = 64, .type = LV_FONT_FMT_TXT_CMAP_SPARSE_TINY
    }
};

/*-----------------
 *    KERNING
 *----------------*/


/*Map glyph_ids to kern left classes*/
static const uint8_t kern_left_class_mapping[] =
{
    0, 0, 0, 0, 0, 0, 0, 1,
    0, 2, 0, 0, 0, 3, 4, 3,
    0, 0, 0, 0, 0, 0, 0, 0,
    0, 0, 0, 5, 0, 0, 0, 0,
    0, 0, 6, 7, 8, 9, 10, 11,
    0, 0, 0, 0, 8, 12, 0, 0,
    9, 13, 9, 14, 0, 15, 16, 17,
    17, 8, 18, 19, 2, 0, 0, 0,
    20, 0, 21, 22, 23, 0, 22, 24,
    0, 21, 0, 0, 0, 0, 21, 21,
    22, 22, 0, 25, 0, 23, 0, 26,
    26, 27, 26, 0, 2, 0, 0, 0,
    0, 28, 0, 0, 0, 0, 0, 0,
    0, 0, 0, 29, 0, 0, 0, 0,
    0, 0, 0, 0, 0, 0, 0, 0,
    0, 0, 0, 30, 0, 0, 0, 31,
    6, 6, 6, 6, 6, 6, 10, 8,
    10, 10, 10, 10, 0, 0, 0, 0,
    9, 0, 9, 9, 9, 9, 9, 0,
    9, 16, 16, 16, 16, 18, 13, 0,
    21, 21, 21, 21, 21, 21, 22, 0,
    22, 22, 22, 22, 0, 0, 32, 32,
    22, 0, 22, 22, 22, 22, 22, 0,
    22, 0, 0, 0, 0, 26, 22, 26,
    6, 21, 6, 21, 33, 21, 8, 0,
    8, 0, 8, 0, 8, 0, 9, 34,
    9, 0, 10, 22, 10, 22, 10, 22,
    10, 22, 10, 22, 0, 0, 0, 0,
    0, 0, 0, 0, 0, 21, 0, 0,
    0, 35, 0, 32, 0, 0, 36, 0,
    0, 0, 0, 0, 0, 0, 8, 0,
    27, 12, 0, 12, 0, 12, 34, 12,
    0, 12, 0, 0, 21, 0, 21, 0,
    0, 21, 0, 21, 9, 22, 9, 22,
    9, 22, 10, 22, 0, 25, 0, 25,
    0, 25, 0, 0, 0, 0, 0, 0,
    0, 0, 15, 23, 15, 37, 15, 23,
    16, 0, 16, 0, 16, 0, 16, 0,
    16, 0, 16, 0, 17, 26, 18, 26,
    18, 19, 0, 19, 0, 19, 0, 0,
    0, 0, 0, 0, 0, 0, 0, 0,
    0, 0, 0, 0, 0, 0, 0, 0,
    0, 0, 0, 0, 0, 0, 0, 0,
    0, 0, 0, 0, 0, 0, 0, 0,
    38, 39, 0, 0, 0, 0, 0, 0,
    0, 0, 0, 0, 0, 0, 0, 40,
    41, 0, 0, 0, 0, 0, 0, 0,
    0, 0, 0, 0, 0, 0, 0, 0,
    0, 0, 0, 0, 0, 0, 0, 0,
    0, 0, 0, 0, 0, 0, 0, 0,
    0, 0, 0, 0, 0, 0, 0, 0,
    0, 0, 0, 0, 0, 0, 0, 0,
    0, 0, 0, 0, 0, 0, 0, 0,
    0, 0, 0, 0, 0, 0, 0, 0,
    0, 0, 0, 0, 0, 0, 0, 0,
    0, 0, 6, 21, 10, 22, 9, 0,
    0, 0, 0, 0, 0, 0, 0, 0,
    0, 0, 0, 32, 0, 0, 0, 0,
    0, 0, 0, 0, 0, 0, 0, 0,
    0, 0, 15, 23, 0, 0, 0, 0,
    0, 0, 0, 0, 0, 0, 0, 0,
    0, 0, 0, 0, 0, 0, 0, 0,
    0, 0, 0, 0, 0, 0, 0, 0,
    0, 0, 0, 0, 0, 0, 0, 0,
    0, 0, 0, 0, 0, 0, 0, 0,
    0, 0, 0, 0, 0, 0, 0, 0,
    0, 0, 0, 0, 0, 0, 0, 0,
    0, 0, 0, 0, 0, 0, 42, 7,
    42, 0, 0, 0, 0, 43, 44, 0,
    45, 42, 7, 46, 42, 0, 47, 0,
    43, 0, 48, 42, 0, 0, 0, 43,
    0, 0, 47, 49, 44, 43, 0, 44,
    0, 0, 44, 50, 51, 52, 45, 53,
    50, 54, 55, 56, 51, 57, 52, 58,
    45, 0, 59, 50, 55, 60, 56, 51,
    56, 0, 61, 62, 53, 56, 63, 53,
    56, 45, 53, 56, 53, 56, 48, 0,
    0, 0, 0, 0, 56, 0, 0, 0,
    0, 0, 0, 0, 0, 0, 0, 0,
    0, 0, 0, 0, 0, 0, 0, 0,
    0, 0, 0, 0, 0, 0, 0, 0,
    0, 64, 64, 65, 66, 67, 68, 0,
    0, 0, 69, 69, 65, 70, 0, 71,
    0, 72, 73, 74, 66, 75, 64, 70,
    74, 0, 0, 70, 0, 0, 0, 76,
    0, 77, 67, 66, 71, 78, 70, 75,
    0, 0, 75, 69, 0, 69, 76, 76,
    0, 79, 80, 81, 82, 83, 84, 85,
    81, 86, 86, 85, 86, 86, 86, 84,
    86, 84, 87, 82, 88, 84, 85, 83,
    86, 86, 83, 89, 86, 89, 84, 84,
    86, 84, 84, 90, 91, 87, 92, 0,
    93, 94, 89, 89, 95, 85, 86, 88,
    86, 76, 96, 97, 89, 67, 87, 72,
    98, 72, 98, 99, 0, 99, 0, 100,
    0, 0, 84, 76, 84, 71, 96, 71,
    96, 88, 88, 76, 84, 76, 84, 76,
    96, 67, 0, 0, 0, 0, 0, 0,
    0, 0, 0, 75, 83, 97, 89, 77,
    84, 101, 102, 103, 104, 0, 0, 105,
    106, 100, 81, 105, 106, 70, 85, 70,
    85, 70, 85, 75, 83, 103, 102, 0,
    0, 0, 84, 67, 87, 101, 102, 107,
    108, 107, 108, 105, 106, 75, 83, 75,
    83, 0, 0, 0, 0, 109, 110, 109,
    110, 0, 70, 85, 0, 0, 75, 83,
    0, 0, 75, 83, 0, 0, 75, 83,
    0, 72, 79, 72, 79, 64, 110, 64,
    110, 76, 84, 76, 84, 70, 85, 100,
    81, 0, 0, 0, 86, 0, 86, 76,
    84, 76, 84, 76, 84, 76, 84, 71,
    88, 71, 88, 71, 88, 0, 86, 101,
    102, 0, 86, 103, 104, 105, 106, 70,
    106, 0, 0, 111, 112, 111, 112, 75,
    83, 111, 112, 111, 112, 0, 0, 0,
    112, 0, 0, 75, 83, 0, 0, 0,
    0, 0, 0, 0, 0, 0, 0, 70,
    0, 0, 0, 0, 0, 0, 0, 0,
    0, 0, 0, 70, 85, 0, 0, 0,
    83, 17, 26, 17, 26, 17, 26, 0,
    18, 26, 0, 0, 0, 4, 4, 4,
    0, 0, 0, 0, 3, 0, 0, 0,
    3, 0, 0, 0, 0, 0, 0, 0,
    0, 0, 0, 29, 30, 0, 0, 0,
    0, 0, 0, 0, 0, 0, 0, 0,
    0, 0, 0, 0, 0, 0, 0, 0,
    0, 0, 0, 0, 0, 0, 0, 0,
    0, 0, 0, 0, 0, 0, 0, 0,
    0, 0, 0, 0, 0, 0, 0, 0,
    0, 0, 0, 0, 0, 0, 0, 0,
    0, 0, 0, 0, 0, 0, 0, 0,
    0, 0, 0, 0, 0, 0, 0, 0,
    0, 0, 0, 0, 0, 0, 0, 0,
    0, 0, 0, 0, 0, 0, 0, 0,
    0, 0, 0, 0, 0, 0, 0, 0,
    0
};

/*Map glyph_ids to kern right classes*/
static const uint8_t kern_right_class_mapping[] =
{
    0, 0, 1, 2, 0, 0, 0, 3,
    2, 0, 4, 0, 0, 5, 6, 5,
    0, 0, 0, 0, 0, 0, 0, 0,
    0, 0, 0, 7, 7, 0, 0, 0,
    8, 0, 9, 0, 10, 0, 0, 0,
    10, 0, 11, 12, 0, 0, 0, 0,
    10, 0, 10, 0, 0, 13, 14, 15,
    15, 16, 17, 18, 0, 0, 4, 0,
    0, 0, 19, 20, 21, 21, 21, 22,
    23, 20, 0, 24, 20, 20, 25, 25,
    21, 25, 21, 25, 26, 22, 25, 27,
    27, 27, 27, 28, 0, 0, 4, 0,
    0, 0, 0, 0, 0, 0, 0, 0,
    0, 0, 0, 29, 0, 0, 0, 0,
    0, 0, 0, 0, 0, 0, 0, 0,
    0, 0, 0, 30, 0, 0, 0, 0,
    9, 9, 9, 9, 9, 9, 31, 10,
    0, 0, 0, 0, 0, 0, 0, 0,
    0, 0, 10, 10, 10, 10, 10, 0,
    10, 14, 14, 14, 14, 17, 0, 0,
    21, 19, 19, 19, 19, 19, 19, 21,
    21, 21, 21, 21, 0, 0, 0, 0,
    0, 0, 21, 21, 21, 21, 21, 0,
    21, 25, 25, 25, 25, 27, 20, 27,
    9, 19, 9, 19, 9, 19, 10, 21,
    10, 21, 10, 21, 10, 21, 0, 21,
    0, 21, 0, 21, 0, 21, 0, 21,
    0, 21, 0, 21, 10, 23, 10, 23,
    10, 23, 10, 23, 0, 20, 0, 32,
    0, 33, 0, 0, 0, 0, 0, 0,
    0, 0, 0, 0, 0, 0, 0, 20,
    25, 0, 20, 0, 20, 0, 20, 0,
    20, 0, 0, 0, 25, 0, 25, 0,
    0, 0, 0, 25, 10, 21, 10, 21,
    10, 21, 10, 21, 0, 25, 0, 25,
    0, 0, 0, 26, 0, 0, 0, 26,
    0, 0, 13, 22, 13, 22, 13, 22,
    14, 25, 14, 25, 14, 25, 14, 25,
    14, 25, 14, 25, 15, 27, 17, 27,
    17, 18, 28, 18, 28, 18, 28, 0,
    0, 0, 0, 0, 0, 0, 0, 0,
    0, 0, 0, 0, 0, 0, 0, 0,
    0, 0, 0, 0, 0, 0, 0, 0,
    0, 0, 0, 0, 0, 0, 0, 0,
    10, 21, 0, 0, 0, 0, 0, 0,
    0, 0, 0, 0, 0, 0, 0, 14,
    25, 0, 0, 0, 0, 0, 0, 0,
    0, 0, 0, 0, 0, 0, 0, 0,
    0, 0, 0, 0, 0, 0, 0, 0,
    0, 0, 0, 0, 0, 0, 0, 0,
    0, 0, 0, 0, 0, 0, 0, 0,
    0, 0, 0, 0, 0, 0, 0, 0,
    0, 0, 0, 0, 0, 0, 0, 0,
    0, 0, 0, 0, 0, 0, 0, 0,
    0, 0, 0, 0, 0, 0, 0, 0,
    0, 0, 9, 19, 31, 19, 10, 21,
    0, 0, 0, 0, 0, 0, 0, 0,
    0, 0, 0, 0, 0, 0, 0, 0,
    0, 0, 0, 0, 0, 0, 0, 0,
    0, 26, 13, 22, 0, 0, 0, 0,
    0, 0, 0, 0, 0, 0, 0, 0,
    0, 0, 0, 0, 0, 0, 0, 0,
    0, 0, 0, 0, 0, 0, 0, 0,
    0, 0, 0, 0, 0, 0, 0, 0,
    0, 0, 0, 0, 0, 0, 0, 0,
    0, 0, 0, 0, 0, 0, 0, 0,
    0, 0, 0, 0, 0, 0, 0, 0,
    0, 0, 0, 0, 0, 0, 34, 0,
    34, 0, 0, 0, 0, 35, 36, 0,
    37, 34, 0, 0, 34, 0, 38, 0,
    35, 0, 0, 34, 0, 0, 0, 35,
    0, 0, 38, 39, 36, 35, 40, 36,
    0, 0, 36, 41, 42, 0, 37, 43,
    41, 44, 45, 41, 42, 46, 0, 47,
    37, 44, 48, 44, 45, 49, 41, 50,
    44, 41, 41, 51, 43, 41, 52, 43,
    41, 37, 43, 41, 43, 41, 0, 0,
    0, 0, 0, 0, 41, 0, 0, 0,
    0, 0, 0, 0, 0, 0, 0, 0,
    0, 0, 0, 0, 0, 0, 0, 0,
    0, 0, 0, 0, 0, 0, 0, 0,
    0, 0, 0, 53, 0, 54, 55, 0,
    0, 56, 57, 0, 53, 0, 0, 58,
    0, 59, 0, 0, 0, 60, 0, 61,
    62, 0, 0, 0, 57, 0, 0, 54,
    0, 0, 54, 53, 58, 63, 61, 0,
    64, 0, 0, 53, 0, 0, 62, 0,
    65, 66, 67, 68, 68, 69, 70, 71,
    72, 68, 68, 68, 73, 68, 68, 70,
    68, 68, 70, 74, 75, 70, 71, 68,
    76, 68, 68, 74, 68, 68, 72, 68,
    77, 70, 70, 78, 68, 70, 79, 0,
    80, 81, 73, 68, 78, 68, 68, 75,
    68, 82, 83, 84, 0, 0, 85, 59,
    69, 0, 85, 0, 0, 0, 85, 62,
    0, 64, 0, 82, 66, 86, 83, 86,
    83, 82, 66, 82, 66, 82, 66, 82,
    83, 82, 66, 0, 0, 0, 0, 0,
    0, 0, 0, 0, 85, 84, 78, 0,
    85, 0, 85, 84, 0, 0, 85, 61,
    71, 62, 72, 0, 85, 0, 85, 0,
    78, 87, 74, 0, 85, 0, 85, 0,
    85, 82, 66, 82, 66, 53, 74, 88,
    89, 88, 89, 61, 71, 87, 74, 64,
    76, 64, 76, 0, 85, 90, 91, 90,
    91, 0, 61, 71, 0, 85, 92, 69,
    0, 85, 0, 85, 64, 76, 0, 85,
    0, 59, 93, 59, 93, 59, 93, 0,
    66, 94, 93, 94, 93, 61, 71, 62,
    72, 0, 0, 0, 68, 0, 68, 82,
    66, 82, 66, 82, 66, 62, 72, 58,
    75, 58, 75, 58, 75, 64, 76, 0,
    85, 0, 68, 84, 0, 61, 71, 61,
    71, 95, 66, 95, 66, 96, 97, 96,
    97, 92, 69, 0, 85, 82, 66, 87,
    74, 0, 66, 92, 69, 0, 0, 0,
    0, 0, 0, 0, 0, 0, 0, 0,
    68, 0, 0, 0, 0, 0, 0, 0,
    0, 0, 0, 60, 69, 0, 0, 57,
    73, 15, 27, 15, 27, 15, 27, 0,
    17, 0, 0, 0, 0, 6, 6, 6,
    0, 0, 98, 2, 5, 0, 98, 2,
    5, 0, 0, 0, 0, 0, 0, 0,
    5, 0, 0, 29, 30, 0, 0, 0,
    0, 0, 0, 0, 0, 0, 0, 0,
    0, 0, 0, 0, 0, 0, 0, 0,
    0, 0, 0, 0, 0, 0, 0, 0,
    0, 0, 0, 0, 0, 0, 0, 0,
    0, 0, 0, 0, 0, 0, 0, 0,
    0, 0, 0, 0, 0, 0, 0, 0,
    0, 0, 0, 0, 0, 0, 0, 0,
    0, 0, 0, 0, 0, 0, 0, 0,
    0, 0, 0, 0, 0, 0, 0, 0,
    0, 0, 0, 0, 0, 0, 0, 0,
    0, 0, 0, 0, 0, 0, 0, 0,
    0
};

/*Kern values between classes*/
static const int8_t kern_class_values[] =
{
    0, 0, 0, 0, 0, 0, 0, 0,
    0, 0, 0, 0, -13, 0, -4, 0,
    -7, 0, 0, 0, 0, 0, 0, 0,
    0, 0, 0, 0, 0, 0, 0, 0,
    0, 0, 0, 0, 0, 0, 0, 0,
    0, 0, 0, 0, 0, 0, 0, 0,
    0, 0, 0, 0, 0, 0, 0, 0,
    0, 0, 0, 0, 0, 0, 0, 0,
    0, 0, 0, 0, 0, 0, 0, 0,
    0, 0, 0, 0, 0, 0, 0, 0,
    0, 0, 0, 0, 0, 0, 0, 0,
    0, 0, 0, 0, 0, 0, 0, 0,
    0, 0, 0, 0, 0, 0, 0, 0,
    0, 0, 0, 0, 0, 20, 0, 0,
    0, 0, 0, 0, 0, 0, 0, 0,
    0, 9, 0, 0, 0, 0, 0, 0,
    0, 0, 0, 0, 0, 0, 0, 0,
    0, 0, 0, 0, 0, 0, 0, 0,
    0, 0, 0, 0, 0, 0, 0, 0,
    0, 22, 0, 0, 0, 0, 0, 0,
    -7, 0, 0, 0, 0, 0, 0, 0,
    0, 0, 0, 0, 0, 0, 0, 0,
    0, 0, 13, 0, 0, 0, 0, 0,
    0, 0, 0, 0, 0, 0, 0, 0,
    0, 0, 0, 0, 0, 0, 0, 0,
    0, 0, 0, 0, 0, -11, 0, 0,
    -16, -4, -13, 0, -13, 0, 0, 0,
    0, 0, 0, 0, 0, 0, 0, 0,
    0, 0, 0, 0, 0, 0, -11, -13,
    0, 0, -16, 0, 0, 0, 0, 0,
    0, 0, 0, 0, 0, 0, 0, 0,
    -11, 0, 0, 13, 0, -4, 0, 0,
    0, 0, -9, -18, 0, 0, 0, 0,
    0, 0, 0, 0, 0, -9, 0, -13,
    0, 0, 0, 0, 0, -11, 0, 0,
    0, -13, -16, -13, 0, -13, 0, 0,
    0, 0, 0, -16, -11, 0, 0, 0,
    0, 0, 0, 0, 0, 0, 0, 0,
    0, 0, -9, 0, 0, 0, 0, 0,
    0, 0, 0, 0, 0, 0, 0, 0,
    0, 0, 0, 0, 0, 0, 0, 0,
    0, 0, 0, 0, -9, 0, 0, 0,
    0, 0, 0, 0, 0, 0, 0, 0,
    0, 0, -9, 0, 0, 0, 0, -4,
    0, 0, -2, 0, 0, 0, 0, 0,
    0, 0, 0, 0, -2, 0, 0, -4,
    0, 0, 0, 0, 0, 0, 0, 0,
    0, 0, 0, 0, -9, 0, 0, 0,
    0, 0, 0, 0, 0, 0, 0, 0,
    0, 0, 0, 0, 0, 0, 0, 0,
    0, 0, 0, 0, 0, 0, 0, 0,
    0, 0, 0, 0, 0, 0, 0, 0,
    0, 0, 0, 0, 0, 0, 0, 0,
    0, 0, 0, 0, 0, 0, 0, 0,
    0, 0, 0, 0, 0, 0, 0, 0,
    0, 0, 0, 0, -6, 0, 0, 0,
    0, 0, 0, 0, -2, 0, -2, -2,
    0, 0, 0, 0, 0, 0, 0, 0,
    0, 0, 0, -2, 0, 0, 0, 0,
    0, 0, 0, 0, 0, 0, 0, 0,
    0, 0, 0, 0, 0, 0, 0, 0,
    0, 0, 0, -16, 0, 0, 0, 0,
    0, 0, 0, -4, 0, 11, -16, 0,
    -9, 0, -13, 0, 0, 0, 0, 0,
    0, 0, 0, 0, 0, 0, 0, 0,
    0, 0, 0, 0, 0, 0, 0, 0,
    0, 0, 0, 0, 0, 0, 0, 0,
    0, 0, 0, 0, 0, 0, 0, 0,
    0, 0, 0, 0, 0, 0, 0, 0,
    0, 0, 0, 0, 0, 0, 0, 0,
    0, 0, 0, 0, 0, 0, 0, 0,
    0, 0, 0, 0, 0, 0, 0, 0,
    0, 0, 0, 0, 0, 0, 0, 0,
    0, 0, 0, 0, 0, 0, 0, 0,
    -2, 0, 0, 0, 0, 0, 0, 0,
    0, 0, 0, 0, 0, 0, 0, 0,
    0, 0, 0, 0, 0, 0, 0, 0,
    0, 0, 0, 0, 0, 0, 0, 0,
    0, 0, 0, 0, 0, 0, 0, 0,
    0, 0, 0, 0, 0, 0, 0, 0,
    0, 0, 0, 0, 0, 0, 0, 0,
    0, 0, 0, 0, 0, 0, 0, 0,
    0, 0, 0, 0, 0, 0, 0, 0,
    0, 0, 0, 0, 0, 0, 0, 0,
    0, 0, 0, 0, 0, 0, 0, 0,
    0, 0, 0, 0, 0, 0, 0, 0,
    0, 0, 0, 0, 0, 0, 0, -4,
    0, 0, 0, 0, 0, 0, 0, 0,
    0, 0, 0, 0, 0, 0, 0, 0,
    0, 0, -4, 0, 0, 0, 0, 0,
    0, 0, 0, 0, 0, 0, 0, 0,
    0, 0, 0, 0, 0, 0, 0, 0,
    0, 0, 0, 0, 0, 0, 0, 0,
    0, 0, 0, 0, 0, 0, 0, 0,
    0, 0, 0, 0, 0, 0, 0, 0,
    0, 0, 0, 0, 0, 0, 0, 0,
    0, 0, 0, 0, 0, 0, 0, 0,
    0, 0, 0, 0, 0, 0, 0, 0,
    0, 0, 0, 0, -9, 0, 0, 0,
    -4, 0, 0, 0, -7, 0, -2, -4,
    -2, -2, 0, 0, 0, 0, 0, 0,
    0, 0, 0, 0, 0, 0, 0, 0,
    0, 0, 0, 0, 0, 0, 0, 0,
    0, 0, 0, 0, 0, 0, 0, 0,
    0, 0, 0, 0, 0, 0, 0, 0,
    0, 0, 0, 0, 0, 0, 0, 0,
    0, 0, 0, 0, 0, 0, 0, 0,
    0, 0, 0, 0, 0, 0, 0, 0,
    0, 0, 0, 0, 0, 0, 0, 0,
    0, 0, 0, 0, 0, 0, 0, 0,
    0, 0, 0, 0, 0, 0, 0, 0,
    0, 0, 0, 0, 0, 13, 0, 0,
    0, 0, 0, 0, 0, 0, 0, 0,
    0, 0, 0, 0, 0, 0, 0, 0,
    0, 0, 0, 0, 0, 0, 0, 0,
    0, 0, 0, 0, 0, 0, 0, 0,
    0, 0, 0, 0, 0, 0, 0, 0,
    0, 0, 0, 0, 0, 0, 0, 0,
    0, 0, 0, 0, 0, 0, 0, 0,
    0, 0, 0, 0, 0, 0, 0, 0,
    0, 0, 0, 0, 0, 0, 0, 0,
    0, 0, 0, 0, 0, 0, 0, 0,
    0, 0, 0, 0, 0, 0, 0, 4,
    -13, 0, 0, 4, -4, 0, 0, 0,
    0, 0, 0, 0, 0, 0, 0, 0,
    0, 0, 0, 0, 0, 0, 0, 0,
    0, 0, 0, 0, 0, 0, 0, 0,
    0, 0, 0, 0, 0, 0, 0, 0,
    0, 0, 0, 0, 0, 0, 0, 0,
    0, 0, 0, 0, 0, 0, 0, 0,
    0, 0, 0, 0, 0, 0, 0, 0,
    0, 0, 0, 0, 0, 0, 0, 0,
    0, 0, 0, 0, 0, 0, 0, 0,
    0, 0, 0, 0, 0, 0, 0, 0,
    0, 0, 0, 0, 0, 0, 0, -18,
    0, 0, 0, 0, 0, 0, 0, -4,
    0, 0, -4, -2, -4, 0, -7, 0,
    0, 0, 0, 0, 0, 0, 0, 0,
    0, 0, 0, 0, 0, 0, 0, 0,
    0, 0, 0, 0, 0, 0, 0, 0,
    0, 0, 0, 0, 0, 0, 0, 0,
    0, 0, 0, 0, 0, 0, 0, 0,
    0, 0, 0, 0, 0, 0, 0, 0,
    0, 0, 0, 0, 0, 0, 0, 0,
    0, 0, 0, 0, 0, 0, 0, 0,
    0, 0, 0, 0, 0, 0, 0, 0,
    0, 0, 0, 0, 0, 0, 0, 0,
    0, 0, -2, 0, -29, 0, 0, 0,
    -11, 0, 0, 0, 0, 0, 0, -4,
    0, -2, 0, 0, 0, 0, 0, 0,
    0, 0, 0, 0, -4, 0, -7, 0,
    0, 0, 0, 0, 0, 0, 0, 0,
    0, 0, 0, 0, 0, 0, 0, 0,
    0, 0, 0, 0, 0, 0, 0, 0,
    0, 0, 0, 0, 0, 0, 0, 0,
    0, 0, 0, 0, 0, 0, 0, 0,
    0, 0, 0, 0, 0, 0, 0, 0,
    0, 0, 0, 0, 0, 0, 0, 0,
    0, 0, 0, 0, 0, 0, 0, 0,
    0, 0, 0, 0, 0, 0, 0, 0,
    0, 0, 0, 0, 0, 0, 0, 0,
    0, 0, 0, 0, 0, 0, 0, 0,
    0, 0, 0, 0, 0, 0, -2, 0,
    0, 0, 0, 0, 0, 0, 0, 0,
    0, 0, 0, 0, 0, 0, 0, 0,
    0, 0, 0, 0, 0, 0, 0, 0,
    0, 0, 0, 0, 0, 0, 0, 0,
    0, 0, 0, 0, 0, 0, 0, 0,
    0, 0, 0, 0, 0, 0, 0, 0,
    0, 0, 0, 0, 0, 0, 0, 0,
    0, 0, 0, 0, 0, 0, 0, 0,
    0, 0, 0, 0, 0, 0, -4, 0,
    -13, -9, 0, 4, -16, -4, 0, 0,
    4, 0, 0, 0, 0, 0, -18, 0,
    -16, 0, -16, 0, -11, -13, -4, -9,
    -13, -7, 0, 0, 0, 0, 0, 0,
    0, 0, 0, 0, 0, 0, 0, 0,
    0, 0, 0, 0, 0, 0, 0, 0,
    0, 0, 0, 0, 0, 0, 0, 0,
    0, 0, 0, 0, 0, 0, 0, 0,
    0, 0, 0, 0, 0, 0, 0, 0,
    0, 0, 0, 0, 0, 0, 0, 0,
    0, 0, 0, 0, 0, 0, 0, 0,
    0, 0, 0, 0, 0, 0, 0, 0,
    0, 0, -4, 0, 0, 0, -2, 0,
    0, 0, 0, 0, 0, 0, 0, 0,
    0, 0, 0, 0, 0, 0, 0, 0,
    0, 0, 0, 0, 0, 0, 0, 0,
    0, 0, 0, 0, 0, 0, 0, 0,
    0, 0, 0, 0, 0, 0, 0, 0,
    0, 0, 0, 0, 0, 0, 0, 0,
    0, 0, 0, 0, 0, 0, 0, 0,
    0, 0, 0, 0, 0, 0, 0, 0,
    0, 0, 0, 0, 0, 0, 0, 0,
    0, 0, 0, 0, 0, 0, 0, 0,
    0, 0, 0, 0, 0, 0, 0, 0,
    0, 0, 0, 0, -11, 0, 0, 4,
    -9, -2, 0, 0, 0, 0, 0, 0,
    0, 0, -4, 0, -4, 0, -2, 0,
    -2, -2, 0, 0, -7, -2, 0, 0,
    0, 0, 0, 0, 0, 0, 0, 0,
    0, 0, 0, 0, 0, 0, 0, 0,
    0, 0, 0, 0, 0, 0, 0, 0,
    0, 0, 0, 0, 0, 0, 0, 0,
    0, 0, 0, 0, 0, 0, 0, 0,
    0, 0, 0, 0, 0, 0, 0, 0,
    0, 0, 0, 0, 0, 0, 0, 0,
    0, 0, 0, 0, 0, 0, 0, 0,
    0, 0, 0, 0, -7, 0, -13, 0,
    0, 4, -13, -4, 0, 0, 0, 0,
    0, 0, 0, 0, -11, 0, -11, 0,
    -11, 0, -7, -9, 0, -4, -18, -7,
    0, 0, 0, 0, 0, 0, 0, 0,
    0, 0, 0, 0, 0, 0, 0, 0,
    0, 0, 0, 0, 0, 0, 0, 0,
    0, 0, 0, 0, 0, 0, 0, 0,
    0, 0, 0, 0, 0, 0, 0, 0,
    0, 0, 0, 0, 0, 0, 0, 0,
    0, 0, 0, 0, 0, 0, 0, 0,
    0, 0, 0, 0, 0, 0, 0, 0,
    0, 0, 0, 0, 0, 0, 0, 0,
    0, 0, 0, 0, 0, -2, 0, 0,
    0, 0, 0, 0, 0, 0, 0, 0,
    0, 0, 0, 0, 0, 0, 0, 0,
    -4, 0, 0, 0, 0, 0, 0, 0,
    0, 0, 0, 0, 0, 0, 0, 0,
    0, 0, 0, 0, 0, 0, 0, 0,
    0, 0, 0, 0, 0, 0, 0, 0,
    0, 0, 0, 0, 0, 0, 0, 0,
    0, 0, 0, 0, 0, 0, 0, 0,
    0, 0, 0, 0, 0, 0, 0, 0,
    0, 0, 0, 0, 0, 0, 0, 0,
    0, 0, 0, 0, 0, 0, 0, 0,
    0, 0, 0, 0, 0, 0, 0, 0,
    0, 21, 0, 0, 0, 0, 0, 0,
    0, 0, 0, 0, 0, 0, 0, 0,
    0, 0, 0, 0, 0, 0, 0, 0,
    0, 0, 0, 0, 0, 0, 0, 0,
    0, 0, 0, 0, 0, 0, 0, 0,
    0, 0, 0, 0, 0, 0, 0, 0,
    0, 0, 0, 0, 0, 0, 0, 0,
    0, 0, 0, 0, 0, 0, 0, 0,
    0, 0, 0, 0, 0, 0, 0, 0,
    0, 0, 0, 0, 0, 0, 0, 0,
    0, 0, 0, 0, 0, 0, 0, 0,
    0, -2, 0, 0, 0, 0, 0, 0,
    0, 0, 0, 0, 0, 0, 0, 0,
    0, 0, 0, 0, 0, 0, 0, 0,
    0, 0, 0, 0, 0, 0, 0, 0,
    0, 0, 0, 0, 0, 0, 0, 0,
    0, 0, 0, 0, 0, 0, 0, 0,
    0, 0, 0, 0, 0, 0, 0, 0,
    0, 0, 0, 0, 0, 0, 0, 0,
    0, 0, 0, 0, 0, 0, 0, 0,
    0, 0, 0, 0, 0, 0, 0, 0,
    0, 0, 0, 0, 0, 0, 0, 0,
    0, 0, 0, 0, 0, 0, 0, 0,
    0, 0, 0, -2, 0, 0, 0, 0,
    0, 0, 0, 0, 0, 0, 0, 0,
    0, 0, 0, 0, 0, 0, 0, 0,
    0, 0, 0, 0, -4, -2, 0, 0,
    0, 0, 0, 0, 0, 0, 0, 0,
    0, 0, 0, 0, 0, 0, 0, 0,
    0, 0, 0, 0, 0, 0, 0, 0,
    0, 0, 0, 0, 0, 0, 0, 0,
    0, 0, 0, 0, 0, 0, 0, 0,
    0, 0, 0, 0, 0, 0, 0, 0,
    0, 0, 0, 0, 0, 0, 0, 0,
    0, 0, 0, 0, 0, 0, 0, 0,
    0, 0, 0, 0, 0, 4, 0, 0,
    0, 0, 0, 0, 0, 0, 0, 0,
    0, 0, 0, 0, 0, 0, 0, 0,
    0, 0, 0, 0, 0, 0, 0, 0,
    0, 0, 0, 0, 0, 0, 0, 0,
    0, 0, 0, 0, 0, 0, 0, 0,
    0, 0, 0, 0, 0, 0, 0, 0,
    0, 0, 0, 0, 0, 0, 0, 0,
    0, 0, 0, 0, 0, 0, 0, 0,
    0, 0, 0, 0, 0, 0, 0, 0,
    0, 0, 0, 0, 0, 0, 0, 0,
    0, 0, 0, 0, 0, 0, 0, 0,
    0, 0, 0, 0, 0, 0, 0, 13,
    0, 9, -4, 0, 0, 0, 0, 0,
    0, 0, 0, 0, 0, 0, 0, 0,
    0, 0, 0, 0, 0, 0, 0, 0,
    0, 0, 0, 0, 0, 0, 0, 0,
    0, 0, 0, 0, 0, 0, 0, 0,
    0, 0, 0, 0, 0, 0, 0, 0,
    0, 0, 0, 0, 0, 0, 0, 0,
    0, 0, 0, 0, 0, 0, 0, 0,
    0, 0, 0, 0, 0, 0, 0, 0,
    0, 0, 0, 0, 0, 0, 0, 0,
    0, 0, 0, 0, 0, 0, 0, 0,
    0, 0, 0, 0, 0, 0, 0, 0,
    0, 9, 0, 0, -36, 0, 0, 0,
    0, 0, 0, 0, 0, 0, 0, 0,
    0, 0, -4, 0, -4, 0, -2, 0,
    0, 0, 0, 0, 0, 0, 0, 0,
    0, 0, 0, 0, 0, 0, 0, 0,
    0, 0, 0, 0, 0, 0, 0, 0,
    0, 0, 0, 0, 0, 0, 0, 0,
    0, 0, 0, 0, 0, 0, 0, 0,
    0, 0, 0, 0, 0, 0, 0, 0,
    0, 0, 0, 0, 0, 0, 0, 0,
    0, 0, 0, 0, 0, 0, 0, 0,
    0, 0, 0, 0, 0, 0, 0, 0,
    0, 0, 0, 9, 0, 0, -9, 0,
    0, 4, 0, 0, 0, 0, 0, 0,
    0, 0, 0, 0, 0, 0, 0, 0,
    0, 0, 0, 0, 0, 0, 0, 0,
    0, 0, 0, 0, 0, 0, 0, 0,
    0, 0, 0, 0, 0, 0, 0, 0,
    0, 0, 0, 0, 0, 0, 0, 0,
    0, 0, 0, 0, 0, 0, 0, 0,
    0, 0, 0, 0, 0, 0, 0, 0,
    0, 0, 0, 0, 0, 0, 0, 0,
    0, 0, 0, 0, 0, 0, 0, 0,
    0, 0, 0, 0, 0, 0, 0, 0,
    0, 0, 0, 0, 0, 0, 0, 0,
    0, 0, 0, 0, 0, 0, 0, 0,
    0, 0, 0, 0, 0, 0, 0, 0,
    -4, 0, 0, 0, 0, 0, 0, 0,
    0, 0, 0, 0, 0, 0, 0, 0,
    0, 0, 0, 0, 0, 0, 0, 0,
    0, 0, 0, 0, 0, 0, 0, 0,
    0, 0, 0, 0, 0, 0, 0, 0,
    0, 0, 0, 0, 0, 0, 0, 0,
    0, 0, 0, 0, 0, 0, 0, 0,
    0, 0, 0, 0, 0, 0, 0, 0,
    0, 0, 0, 0, 0, 0, 0, 0,
    0, 0, 0, 0, 0, 0, 0, 0,
    0, 0, 0, 0, 0, 0, 0, 0,
    0, 11, -4, 0, -2, 0, -7, 0,
    0, 0, 0, 0, 0, 0, 0, 0,
    0, 0, 0, 0, 0, 0, 0, 0,
    0, 0, 0, 0, 0, 0, 0, 0,
    0, 0, 0, 0, 0, 0, 0, 0,
    0, 0, 0, 0, 0, 0, 0, 0,
    0, 0, 0, 0, 0, 0, 0, 0,
    0, 0, 0, 0, 0, 0, 0, 0,
    0, 0, 0, 0, 0, 0, 0, 0,
    0, 0, 0, 0, 0, 0, 0, 0,
    0, 0, 0, 0, 0, 0, 0, 0,
    0, 0, 0, 0, 0, 0, 0, 0,
    0, 0, 0, 0, -7, 0, -2, 0,
    -7, 0, 0, 0, 0, 0, 0, 0,
    0, 0, 0, 0, 0, 0, 0, 0,
    0, 0, 0, -7, 0, 0, -7, 0,
    0, 0, 0, 0, 0, 0, 0, 0,
    0, 0, 0, 0, -7, 0, 0, 0,
    0, 0, -2, 0, 0, 0, 0, 0,
    0, 0, 0, 0, 0, 0, 0, 0,
    0, 0, 0, 0, 0, 0, 0, 0,
    0, 0, 0, 0, 0, 0, -2, 0,
    0, 0, 0, 0, 0, 0, 0, 0,
    0, 0, 0, 0, 0, 0, 0, 0,
    0, 0, 0, 0, 0, 0, -13, 0,
    -7, -4, -18, 0, 0, 0, 0, 0,
    0, 0, 0, 0, 0, 0, 0, 0,
    0, 0, 0, 0, 0, -18, 0, 0,
    -13, -4, 0, 0, 0, 0, 0, 0,
    0, 0, 0, 0, 0, 0, -13, 0,
    0, 0, 0, -4, 0, 0, -4, 0,
    0, -4, 0, 0, 0, 0, 0, 0,
    0, 0, 0, 0, 0, 0, 0, 0,
    0, 0, 0, 0, 0, 0, 0, 0,
    -9, 0, 0, 0, 0, 0, 0, 0,
    0, 0, 0, 0, 0, 0, 0, 0,
    0, 0, 0, 0, 0, 0, 0, 22,
    -9, 0, -7, 0, -9, 0, 0, 0,
    0, 0, 0, 0, 0, 0, 0, 0,
    0, 0, 0, 0, 0, 0, 0, 0,
    0, 0, 0, 0, 0, 0, 0, 0,
    0, 0, 0, 0, 0, 0, 0, 0,
    0, 0, 0, 0, 0, 0, 0, 0,
    0, 0, 0, 0, 0, 0, 0, 0,
    0, 0, 0, 0, 0, 0, 0, 0,
    0, 0, 0, 0, 0, 0, 0, 0,
    0, 0, 0, 0, 0, 0, 0, 0,
    0, 0, 0, 0, 0, 0, 0, 0,
    0, 11, 0, 0, 0, 0, 0, 0,
    0, 0, 0, 0, 0, 0, 0, 0,
    0, 0, 0, 0, 0, 0, 0, 0,
    0, 0, 0, 0, 0, 0, 0, 0,
    0, 0, 0, 0, 0, 0, 0, 0,
    0, 0, 0, 0, 0, 0, 0, 0,
    0, 0, 0, 0, 0, 0, 0, 0,
    0, 0, 0, 0, 0, 0, 0, 0,
    0, 0, 0, 0, 0, 0, 0, 0,
    0, 0, 0, 0, 0, 0, 0, 0,
    0, 0, 0, 0, 0, 0, 0, 0,
    0, 0, 0, 0, 0, 0, 0, 0,
    0, -16, 0, 0, 0, 0, 0, 0,
    0, -4, 0, 25, -16, 0, -9, 0,
    -13, 0, 0, 0, 0, 0, 0, 0,
    0, 0, 0, 0, 0, 0, 0, 0,
    0, 0, 0, 0, 0, 0, 0, 0,
    0, 0, 0, 0, 0, 0, 0, 0,
    0, 0, 0, 0, 0, 0, 0, 0,
    0, 0, 0, 0, 0, 0, 0, 0,
    0, 0, 0, 0, 0, 0, 0, 0,
    0, 0, 0, 0, 0, 0, 0, 0,
    0, 0, 0, 0, 0, 0, 0, 0,
    0, 0, 0, 0, 0, 0, 0, 0,
    0, 0, 16, 15, 0, 24, 0, 0,
    0, 23, 0, 0, 0, 0, 0, 0,
    0, 0, 0, 0, 0, 7, 0, 0,
    0, 0, 0, 0, 0, 0, 0, 0,
    0, 16, 0, 0, 0, 0, 0, 0,
    0, 0, 0, 0, 0, 0, 0, 0,
    0, 0, 0, 0, 0, 0, 0, 0,
    0, 0, 0, 0, 0, 0, 0, 0,
    0, 0, 0, 0, 0, 0, 0, 0,
    0, 0, 0, 0, 0, 0, 0, 0,
    0, 0, 0, 0, 0, 0, 0, 0,
    0, 0, 0, 0, 0, 0, 0, 0,
    0, 0, 0, 17, 0, 0, 0, 11,
    0, 0, 0, 0, 0, 0, 0, 0,
    0, 0, 0, 0, 0, 0, 0, 0,
    0, 0, 0, 0, 0, 0, 0, 0,
    0, 0, 0, 0, 28, 0, 0, 0,
    0, 0, 0, 0, 0, 0, 0, 0,
    0, 0, 0, 0, 0, 0, 0, 0,
    0, 0, 0, 0, 0, 0, 0, 0,
    0, 0, 0, 0, 0, 0, 0, 0,
    0, 0, 0, 0, 0, 0, 0, 0,
    0, 0, 0, 0, 0, 0, 0, 0,
    0, 0, 0, 0, 0, 0, 0, 0,
    0, 0, 0, 0, 0, 0, 0, 0,
    0, 0, 0, 0, 0, 0, 0, 0,
    0, 11, 0, 0, 0, 0, 0, 0,
    0, 0, 0, 0, 0, 0, 0, 0,
    0, 0, 0, 0, 0, 0, 0, 0,
    0, 0, 0, 0, 0, 0, 0, 0,
    0, 0, 0, 0, 0, 0, 0, 0,
    0, 0, 0, 0, 0, 0, 0, 0,
    0, 0, 0, 0, 0, 0, 0, 0,
    0, 0, 0, 0, 0, 0, 0, 0,
    0, 0, 0, 0, 0, 0, 0, 0,
    0, 0, 0, 0, 0, 0, 0, 0,
    0, 0, 0, 0, 0, 0, 0, 0,
    20, 22, 0, 30, 0, 0, 0, 27,
    0, 0, 0, 0, 0, 0, 0, 0,
    0, 0, 0, 0, 0, 0, 0, 0,
    0, 0, 0, 0, 0, 0, 0, 0,
    0, 0, 0, 0, 0, 0, 0, 0,
    0, 0, 0, 0, 0, 0, 0, 0,
    0, 0, 0, 0, 0, 0, 0, 0,
    0, 0, 0, 0, 0, 0, 0, 0,
    0, 0, 0, 0, 0, 0, 0, 0,
    0, 0, 0, 0, 0, 0, 0, 0,
    0, 0, 0, 0, 0, 0, 0, 0,
    0, 0, 0, 0, 0, 0, 0, 0,
    0, 17, 0, 0, 0, 0, 0, 0,
    0, 0, -4, 0, 4, 0, 13, 0,
    16, 11, 13, 0, 0, 0, 0, 0,
    0, 0, 0, 0, 0, 0, 0, 0,
    0, 0, 0, 0, 0, 0, 0, 0,
    0, 0, 0, 0, 0, 0, 0, 0,
    0, 0, 0, 0, 0, 0, 0, 0,
    0, 0, 0, 0, 0, 0, 0, 0,
    0, 0, 0, 0, 0, 0, 0, 0,
    0, 0, 0, 0, 0, 0, 0, 0,
    0, 0, 0, 0, 0, 0, 0, 0,
    0, 0, 0, 0, 0, 0, 0, 0,
    0, 0, 0, 0, 0, 0, 0, 0,
    0, 0, 0, 0, 0, 0, 0, 0,
    0, 0, 0, 0, 0, 0, 0, 4,
    0, 9, 0, 0, 0, 0, 11, 0,
    0, 0, 0, 0, 0, 0, 0, 0,
    0, 0, 0, 0, 0, 0, 0, 0,
    0, 0, 0, 0, 0, 0, 0, 0,
    0, 0, 0, 0, 0, 0, 0, 0,
    0, 0, 0, 0, 0, 0, 0, 0,
    0, 0, 0, 0, 0, 0, 0, 0,
    0, 0, 0, 0, 0, 0, 0, 0,
    0, 0, 0, 0, 0, 0, 0, 0,
    0, 0, 0, 0, 0, 0, 0, 0,
    0, 0, 0, 0, 0, 0, -7, -2,
    4, 0, 16, 0, 16, 11, 13, 0,
    -7, 0, -4, 0, -4, 0, 0, 0,
    0, 0, 0, 0, 0, 0, 0, 0,
    0, 0, 0, 0, 0, 0, 0, 0,
    0, 0, 0, 0, 0, 0, 0, 0,
    0, 0, 0, 0, 0, 0, 0, 0,
    0, 0, 0, 0, 0, 0, 0, 0,
    0, 0, 0, 0, 0, 0, 0, 0,
    0, 0, 0, 0, 0, 0, 0, 0,
    0, 0, 0, 0, 0, 0, 0, 0,
    0, 0, 0, 0, 0, 0, 0, 0,
    0, 0, 0, 0, 0, 0, 0, 0,
    0, 0, 0, 0, 0, 0, 0, 0,
    0, 0, 0, 4, 0, 11, 0, 0,
    0, 0, 11, 0, 0, 0, 0, 0,
    0, 0, 0, 0, 0, 0, 0, 0,
    0, 0, 0, 0, 0, 0, 0, 0,
    0, 0, 0, 0, 0, 0, 0, 0,
    0, 0, 0, 0, 0, 0, 0, 0,
    0, 0, 0, 0, 0, 0, 0, 0,
    0, 0, 0, 0, 0, 0, 0, 0,
    0, 0, 0, 0, 0, 0, 0, 0,
    0, 0, 0, 0, 0, 0, 0, 0,
    0, 0, 0, -16, 0, 0, 0, 0,
    0, 0, 0, 0, 0, 0, 0, 0,
    0, 0, 0, 0, 0, 0, 0, 0,
    0, 0, 0, 0, 0, 0, 0, 0,
    0, 0, 0, 0, -4, -13, 0, 0,
    -16, 0, 0, 0, 0, 0, 0, 0,
    0, 0, 0, 0, 0, 0, 0, 0,
    0, 0, 0, 0, 0, 0, 0, 0,
    0, 0, 0, 0, 0, 0, 0, 0,
    0, 0, 0, 0, 0, 0, 0, 0,
    0, 0, 0, 0, 0, 0, 0, 0,
    0, 0, 0, 0, 0, 0, 0, 0,
    0, 0, 0, 0, 0, 0, 0, 0,
    -9, 0, 0, 0, 0, 0, 0, 0,
    0, 0, 0, 0, 0, 0, 0, 0,
    0, 0, 0, 0, 0, 0, 0, 0,
    0, 0, 0, 0, 0, -4, 0, -2,
    0, -2, -7, -4, 0, 0, 0, 0,
    0, 0, 0, 0, 0, 0, 0, 0,
    0, 0, 0, 0, 0, 0, 0, 0,
    0, 0, 0, 0, 0, 0, 0, 0,
    0, 0, 0, 0, 0, 0, 0, 0,
    0, 0, 0, 0, 0, 0, 0, 0,
    0, 0, 0, 0, 0, 0, 0, 0,
    0, 0, 0, 0, 0, 0, 0, 0,
    0, 0, -13, 0, 0, 0, 0, 0,
    0, 0, 0, 0, 0, 0, 0, 0,
    0, 0, 0, 0, 0, 0, 0, 0,
    0, 0, -18, -7, 0, 0, 0, -13,
    -4, 0, -7, 0, 0, 0, -11, -11,
    -7, -7, 0, -11, 0, 0, -11, 0,
    0, 0, 0, 0, 0, 0, 0, 0,
    0, 0, 0, 0, 0, 0, 0, 0,
    0, 0, 0, 0, 0, 0, 0, 0,
    0, 0, 0, 0, 0, 0, 0, 0,
    0, 0, 0, 0, 0, 0, 0, 0,
    0, 0, 0, 0, 0, 0, 0, 0,
    0, 9, 0, 0, -4, 0, 0, 0,
    0, 0, 0, 0, 0, 0, 0, 0,
    0, 0, 0, 0, 0, 0, 0, 0,
    0, 0, 0, 0, 0, 0, 0, 0,
    0, 0, 0, 0, 0, 0, 0, 0,
    -4, -4, -2, 0, -4, -4, -4, 0,
    -4, -4, -4, -4, 0, 0, 0, 0,
    0, 0, 0, 0, 0, 0, 0, 0,
    0, 0, 0, 0, 0, 0, 0, 0,
    0, 0, 0, 0, 0, 0, 0, 0,
    0, 0, 0, 0, 0, 0, 0, 0,
    0, 0, 0, 0, 0, 0, 0, 0,
    0, 0, 0, 0, 0, 0, -18, -9,
    0, 0, 0, 0, 0, 0, 0, 0,
    0, 0, 0, 0, 0, 0, 0, 0,
    0, 0, 0, 0, 0, 0, -13, -7,
    0, 0, 0, -16, -4, 0, -11, 0,
    4, 0, -16, -16, -11, -11, -4, -16,
    0, -4, -16, 0, 0, -4, 0, 0,
    0, 0, 0, 0, 0, 0, 0, 0,
    0, 0, 0, 0, 0, 0, 0, 0,
    0, 0, 0, 0, 0, 0, 0, 0,
    0, 0, 0, 0, 0, 0, 0, 0,
    0, 0, 0, 0, 0, 0, 0, 0,
    0, 0, 0, 0, 0, 0, 0, 0,
    0, 0, 0, 0, 0, 0, 0, 0,
    0, 0, 0, 0, 0, 0, 0, 0,
    0, 0, 0, 0, 0, 0, 0, 0,
    -4, 0, 0, 0, 0, 0, -2, 0,
    0, 0, 0, 0, 0, 0, 0, 0,
    0, 0, 0, 0, 0, 0, 0, 0,
    0, 0, 0, 0, 0, 0, 0, 0,
    0, 0, 0, 0, 0, 0, 0, 0,
    0, 0, 0, 0, 0, 0, 0, 0,
    0, 0, 0, 0, 0, 0, 0, 0,
    0, 0, 0, 0, 0, 0, 0, 0,
    0, 0, 0, 0, 0, 0, 0, 0,
    0, 0, 0, 0, 0, 0, 0, 0,
    0, 0, 0, 0, 0, 0, 0, 0,
    0, 0, 0, 0, 0, 0, 0, 0,
    0, 0, -4, 0, 0, 0, 0, 0,
    -4, 0, 0, 0, 0, 0, 0, 0,
    0, 0, 0, 0, 0, 0, 0, 0,
    0, 0, 0, 0, 0, 0, 0, 0,
    0, 0, 0, 0, 0, 0, 0, 0,
    0, 0, 0, 0, 0, 0, 0, 0,
    0, 0, 0, 0, 0, 0, 0, 0,
    0, 0, 0, 0, 0, 0, 0, 0,
    0, 0, 0, 0, 0, 0, 0, 0,
    0, 0, 0, 0, -13, -9, 0, 0,
    0, 0, 0, 0, 0, 0, 0, 0,
    0, 0, 0, 0, 0, 0, 0, 0,
    0, 0, 0, 0, -13, -7, 0, 0,
    0, -16, -4, 0, -11, 0, 4, 0,
    -16, -16, -11, -11, -4, -16, 0, -4,
    -16, 0, 0, -4, 0, 0, 0, 0,
    0, 0, 0, 0, 0, 0, 0, 0,
    0, 0, 0, 0, 0, 0, 0, 0,
    0, 0, 0, 0, 0, 0, 0, 0,
    0, 0, 0, 0, 0, 0, 0, 0,
    0, 0, 0, 0, 0, 0, 0, 0,
    0, 0, 0, 9, 0, 0, -4, 0,
    0, 0, 0, 0, 0, 0, 0, 0,
    0, 0, 0, 0, 0, 0, 0, 0,
    0, 0, 0, 0, 0, 0, 0, 0,
    0, 0, 0, 0, 0, 0, 0, 0,
    0, 0, -2, -4, -2, 0, -1, -4,
    -2, 0, -4, -2, -2, -2, 0, 0,
    0, 0, 0, 0, 0, 0, 0, 0,
    0, 0, 0, 0, 0, 0, 0, 0,
    0, 0, 0, 0, 0, 0, 0, 0,
    0, 0, 0, 0, 0, 0, 0, 0,
    0, 0, 0, 0, 0, 0, 0, 0,
    0, 0, 0, 0, 0, 4, 0, 0,
    0, 0, 0, 0, 0, 0, 0, 0,
    0, 0, 0, 0, 0, 0, 0, 0,
    0, 0, 0, 0, 0, 0, 0, 0,
    0, 0, 0, 0, 0, 0, 0, 0,
    0, 0, 0, 0, -2, 0, 0, 0,
    0, 0, 0, 0, 0, 0, 0, 0,
    0, 0, 0, 0, 0, 0, 0, 0,
    0, 0, 0, 0, 0, 0, 0, 0,
    0, 0, 0, 0, 0, 0, 0, 0,
    0, 0, 0, 0, 0, 0, 0, 0,
    0, 0, 0, 0, 0, 0, 0, 0,
    0, 0, 0, 0, 0, 0, 0, -2,
    0, 0, 0, 0, 0, 0, 0, 0,
    0, 0, 0, 0, 0, 0, 0, 0,
    0, 0, 0, 0, 0, 0, 0, 0,
    0, 0, 0, 0, 0, 0, 0, 0,
    0, 0, 0, 0, 0, 0, 0, 0,
    0, 0, -1, 0, 0, 0, 0, -2,
    0, 0, 0, 0, 0, 0, 0, 0,
    0, 0, 0, 0, 0, 0, 0, 0,
    0, 0, 0, 0, 0, 0, 0, 0,
    0, 0, 0, 0, 0, 0, 0, 0,
    0, 0, 0, 0, 0, 0, 0, 0,
    0, 0, 0, 0, 0, 0, 0, 0,
    0, -2, 0, 0, 0, 0, 0, 0,
    0, 0, 0, 0, 0, 0, 0, 0,
    0, 0, 0, 0, 0, 0, 0, 0,
    0, 0, 0, 0, 0, 0, 0, 0,
    0, 0, 0, 0, 0, 0, 0, 0,
    0, 0, 0, 0, -4, 0, 0, -7,
    0, -2, -2, -4, 0, 0, 0, 0,
    0, 0, 0, 0, 0, 0, 0, 0,
    0, 0, 0, 0, 0, 0, 0, 0,
    0, 0, 0, 0, 0, 0, 0, 0,
    0, 0, 0, 0, 0, 0, 0, 0,
    0, 0, 0, 0, 0, 0, 0, 0,
    0, 0, 0, -2, 0, 0, 0, 0,
    0, 0, 0, 0, 0, 0, 0, 0,
    0, 0, 0, 0, 0, 0, 0, 0,
    0, 0, 0, 0, 0, 0, 0, 0,
    0, 0, 0, 0, 0, 0, 0, 0,
    0, 0, 0, 0, 0, 0, -4, 0,
    0, -4, 0, 0, 0, -4, 0, 0,
    0, 0, 0, 0, 0, 0, 0, 0,
    0, 0, 0, 0, 0, 0, 0, 0,
    0, 0, 0, 0, 0, 0, 0, 0,
    0, 0, 0, 0, 0, 0, 0, 0,
    0, 0, 0, 0, 0, 0, 0, 0,
    0, 0, 0, 0, 0, 9, 0, 0,
    -9, 0, 0, 0, 0, 0, 0, 0,
    0, 0, 0, 0, 0, 0, 0, 0,
    0, 0, 0, 0, 0, 0, 0, 0,
    0, 0, 0, 0, 0, 0, 0, 0,
    0, 0, 0, 0, -2, 0, 0, 0,
    0, 0, 0, -2, 0, 0, 0, 0,
    0, 0, 0, 0, 0, 0, 0, 0,
    0, 0, 0, 0, 0, 0, 0, 0,
    0, 0, 0, 0, 0, 0, 0, 0,
    0, 0, 0, 0, 0, 0, 0, 0,
    0, 0, 0, 0, 0, 0, 0, 0,
    0, 0, 0, 0, 0, 0, 0, -2,
    0, 0, 0, 0, 0, 0, 0, 0,
    0, 0, 0, 0, 0, 0, 0, 0,
    0, 0, 0, 0, 0, 0, 0, 0,
    0, 0, 0, 0, 0, 0, 0, 0,
    0, 0, 0, 0, 0, 0, 0, 0,
    0, 0, -4, 0, 0, -4, 0, -2,
    -2, -4, 0, 0, 0, 0, 0, 0,
    0, 0, 0, 0, 0, 0, 0, 0,
    0, 0, 0, 0, 0, 0, 0, 0,
    0, 0, 0, 0, 0, 0, 0, 0,
    0, 0, 0, 0, 0, 0, 0, 0,
    0, 0, 0, 0, 0, 0, 0, 0,
    0, 4, 0, 0, 0, 0, 0, 0,
    0, 0, 0, 0, 0, 0, 0, 0,
    0, 0, 0, 0, 0, 0, 0, 0,
    0, 0, 0, 0, 0, 0, 0, 0,
    0, 0, 0, 0, 0, 0, 0, 0,
    -6, -2, 0, 0, 0, 0, 0, 0,
    0, 0, -2, 0, 0, 0, 0, 0,
    0, 0, 0, 0, 0, 0, 0, 0,
    0, 0, 0, 0, 0, 0, 0, 0,
    0, 0, 0, 0, 0, 0, 0, 0,
    0, 0, 0, 0, 0, 0, 0, 0,
    0, 0, 0, 0, 0, 0, 0, 0,
    0, 0, 0, 0, 0, 0, 0, 0,
    0, 0, 0, 0, 0, 0, 0, 0,
    0, 0, 0, 0, 0, 0, 0, 0,
    0, 0, 0, 0, 0, 0, 0, 0,
    0, 0, 0, 0, 0, 0, 0, 0,
    0, 0, 0, -2, 0, 0, 0, 0,
    0, -4, 0, 0, 0, 0, 0, 0,
    0, 0, 0, 0, 0, 0, 0, 0,
    0, 0, 0, 0, 0, 0, 0, 0,
    0, 0, 0, 0, 0, 0, 0, 0,
    0, 0, 0, 0, 0, 0, 0, 0,
    0, 0, 0, 0, 0, 0, 0, 0,
    0, 0, 0, 0, 0, 9, 0, 0,
    -4, 0, 0, 0, 0, 0, 0, 0,
    0, 0, 0, 0, 0, 0, 0, 0,
    0, 0, 0, 0, 0, 0, 0, 0,
    0, 0, 0, 0, 0, 0, 0, 0,
    0, 0, 0, 0, -2, 0, 0, 0,
    -4, 0, -4, 0, -2, -2, -4, -11,
    0, 0, 0, 0, 0, 0, 0, 0,
    0, 0, 0, 0, 0, 0, 0, 0,
    0, 0, 0, 0, 0, 0, 0, 0,
    0, 0, 0, 0, 0, 0, 0, 0,
    0, 0, 0, 0, 0, 0, 0, 0,
    0, 0, 0, 0, 0, 0, 0, 4,
    0, 0, 0, 0, 0, 0, 0, 0,
    0, 0, 0, 0, 0, 0, 0, 0,
    0, 0, 0, 0, 0, 0, 0, 0,
    0, 0, 0, 0, 0, 0, 0, 0,
    0, 0, -2, 0, 0, 0, -2, 0,
    -4, 0, 0, 0, 0, 0, 0, 0,
    0, 0, 0, 0, 0, 0, 0, 0,
    0, 0, 0, 0, 0, 0, 0, 0,
    0, 0, 0, 0, 0, 0, 0, 0,
    0, 0, 0, 0, 0, 0, 0, 0,
    0, 0, 0, 0, 0, 0, 0, 0,
    0, 0, 0, 0, 0, 0, 0, 0,
    0, 9, 0, 0, -9, 0, 0, 0,
    0, 0, 0, 0, 0, 0, 0, 0,
    0, 0, 0, 0, 0, 0, 0, 0,
    0, 0, 0, 0, 0, 0, 0, 0,
    0, 0, 0, 0, 0, 0, 0, 0,
    -4, -4, 0, 0, 0, -4, 0, 0,
    -4, 0, 0, 0, 0, 0, 0, 0,
    0, 0, 0, 0, 0, 0, 0, 0,
    0, 0, 0, 0, 0, 0, 0, 0,
    0, 0, 0, 0, 0, 0, 0, 0,
    0, 0, 0, 0, 0, 0, 0, 0,
    0, 0, 0, 0, 0, 0, 0, 0,
    0, 0, 0, 9, 0, 0, -4, 0,
    0, 0, 0, 0, 0, 0, 0, 0,
    0, 0, 0, 0, 0, 0, 0, 0,
    0, 0, 0, 0, 0, 0, 0, 0,
    0, 0, 0, 0, 0, 0, 0, 0,
    0, 0, -4, -4, 0, 0, 0, -4,
    0, 0, -4, 0, 0, 0, 0, 0,
    0, 0, 0, 0, 0, 0, 0, 0,
    0, 0, 0, 0, 0, 0, 0, 0,
    0, 0, 0, 0, 0, 0, 0, 0,
    0, 0, 0, 0, 0, 0, 0, 0,
    0, 0, 0, 0, 0, 0, 0, 0,
    0, 0, 0, 0, 0, 9, 0, 0,
    0, 0, 0, 0, 0, 0, 0, 0,
    0, 0, 0, 0, 0, 0, 0, 0,
    0, 0, 0, 0, 0, 0, 0, 0,
    0, 0, 0, 0, 0, 0, 0, 0,
    0, 0, 0, 0, -7, -4, -2, 0,
    0, 0, 0, -7, 0, 0, 0, 0,
    0, 0, 0, 0, 0, 0, 0, 0,
    0, 0, 0, 0, 0, 0, 0, 0,
    0, 0, 0, 0, 0, 0, 0, 0,
    0, 0, 0, 0, 0, 0, 0, 0,
    0, 0, 0, 0, 0, 0, 0, 0,
    0, 0, 0, 0, 0, 0, 0, 0,
    0, 0, 0, 0, 0, 0, 0, 0,
    0, 0, 0, 0, 0, 0, 0, 0,
    0, 0, 0, 0, 0, 0, 0, 0,
    0, 0, 0, 0, 0, 0, 0, 0,
    0, 0, 0, 0, 0, 0, 0, 0,
    0, 0, 0, 0, 0, 0, 0, 0,
    0, 0, 0, 0, 0, 11, 0, 0,
    0, 0, 0, 0, 0, 0, 0, 0,
    0, 0, 0, 0, 0, 0, 0, 0,
    0, 0, 0, 0, 0, 0, 0, 0,
    0, 0, 0, 0, 0, 0, 0, 0,
    0, 0, 0, 0, 0, 0, 0, 0,
    0, -16, 0, 0, 0, 0, 0, 0,
    0, 0, 0, 0, 0, 0, 0, 0,
    0, 0, 0, 0, 0, 0, 0, 0,
    0, 0, 0, 0, 0, 0, 0, 0,
    0, 0, 0, 0, 0, 0, 0, 0,
    0, 0, 0, 0, 0, 0, 0, 0,
    0, 0, 0, 0, -11, 0, 0, 0,
    0, -4, 0, 0, 0, 0, 0, -7,
    0, 0, 0, 0, 0, 0, 0, 0,
    0, -4, -4, -4, 0, 0, 0, 0,
    0, 0, 0, -4, 0, -9, -13, -11,
    -4, 0, 0, 0, 0, 0, 0, -11,
    -7, -7, 0, 4, 0, 0, -11, -9,
    -7, 0, 0, 0, 0, 0, 0, 0,
    0, 0, 0, 0, 0, 0, 0, 0,
    0, 0, 0, 0, 0, 0, 0, -7,
    0, 0, 0, 0, 0, 0, 0, 0,
    0, 0, 0, 0, 0, 0, 0, 0,
    0, 0, 0, 0, 0, 0, 4, -4,
    0, 0, -6, 0, -16, -6, 0, 0,
    -8, 0, 0, -9, -4, -7, -9, -9,
    -2, -2, -7, -2, -4, -7, -9, 0,
    -4, 0, 0, 0, 0, 0, 0, 0,
    2, 0, 0, 0, 0, 0, 0, 0,
    0, 0, 0, 0, 0, 0, 0, 0,
    0, 0, 0, 0, 0, 0, 0, 0,
    0, 0, 0, 0, 0, 0, 0, 0,
    0, 0, 0, 0, 0, 0, 0, 0,
    -4, 0, 0, 0, 0, 0, 0, 0,
    0, 0, 0, 0, 0, 0, 0, 0,
    0, 0, 0, 0, 0, 0, 0, 0,
    0, -4, 0, 0, 0, 0, 0, 0,
    0, 0, -7, 0, 0, 0, 0, 0,
    0, 0, 0, 0, 0, 0, 0, -4,
    0, 0, 0, 0, 0, -4, 0, 0,
    0, 0, 0, 0, 0, -4, 0, 0,
    0, 0, -4, 0, -4, 0, 0, 0,
    0, 0, -4, 0, 0, 0, 0, 0,
    0, 0, 0, 0, 0, 0, 0, 0,
    0, 0, 0, 0, 0, 0, 0, 0,
    0, 0, 0, 0, 0, 0, 0, 0,
    0, 0, 0, 0, 0, 0, 0, 0,
    0, 0, 0, 0, 0, 0, 0, 0,
    0, 0, 0, 0, 0, 0, 0, 0,
    0, 0, 0, 0, -2, 0, 0, 0,
    0, 0, 0, 0, 0, 0, 0, 0,
    0, 0, 0, 0, 0, 0, 0, 0,
    0, 0, 0, 0, 0, 0, 0, 0,
    0, 0, 0, 0, 0, 0, 0, 0,
    0, -20, 0, 0, -2, 0, 0, 0,
    0, 0, 0, 0, 0, 0, 0, 0,
    0, 0, 0, 0, 0, 0, 0, 0,
    0, 0, 0, 0, 0, 0, 0, 0,
    0, 0, 0, 0, 0, 0, 0, 0,
    0, 0, 0, 0, 0, 0, 0, 0,
    0, 0, 0, 0, -13, 0, 0, 0,
    0, -4, 0, 0, 0, 0, 0, -7,
    0, 0, 0, 0, 0, 0, -4, 0,
    0, -4, -4, 0, -4, 0, 0, 0,
    0, 0, 0, 0, 0, 0, -7, 0,
    0, 0, 0, 0, 0, 0, 0, 0,
    0, -13, 0, 4, 0, 0, 0, -2,
    -2, 0, 0, 0, 0, 0, 0, 0,
    0, 0, 0, 0, 0, 0, 0, 0,
    0, 0, 0, 0, 0, 0, -4, 0,
    0, 0, 0, 0, 0, 0, 0, 0,
    0, 0, 0, 0, 0, 0, 0, 0,
    0, 0, 0, 0, 0, 0, 0, -4,
    0, 0, 0, 0, 0, 0, 0, 0,
    -9, -2, 0, -2, -4, 0, 0, -4,
    0, 0, 0, -2, -2, -4, 0, 0,
    0, 0, 0, -4, 0, 0, 0, 0,
    0, 0, 0, -11, 0, 0, 0, 0,
    -4, 0, -4, 0, 0, 4, 0, 0,
    -16, -4, -2, 0, 0, 0, 0, 0,
    0, 0, 0, 0, 0, 0, 0, 0,
    0, 0, 0, 0, 0, 0, 0, 0,
    -11, -4, 0, 0, 0, 0, 0, 0,
    0, 0, 0, 0, 0, 0, 0, 0,
    0, 0, 0, 0, 0, 0, 0, 0,
    0, -9, -4, 0, -19, 0, -27, -23,
    0, 0, -7, 0, -7, -11, -9, -2,
    -22, -14, -7, -4, -11, 0, 0, -4,
    -11, 11, -7, 0, 0, -2, 0, 0,
    0, 0, 0, 0, 0, -4, -7, -11,
    0, 0, -16, 0, 0, 0, 0, -16,
    0, 0, 0, 0, 0, 0, 0, 0,
    0, 0, 0, 0, 0, 0, 0, 0,
    0, 0, 0, 0, 0, 0, 0, 0,
    0, 0, 0, -2, 0, 0, 0, 0,
    0, 0, 0, 0, 0, 0, 0, 0,
    0, 0, 0, 0, 0, 0, 0, 0,
    0, 0, -16, -4, 0, 11, 0, -6,
    0, 0, 0, 0, -8, -13, 0, 0,
    0, 0, 0, -2, 0, 0, 0, -7,
    -4, -7, 0, 0, 0, 0, 0, 0,
    0, -4, 0, -9, -11, -13, 0, -11,
    0, 0, 0, -2, 0, -16, -7, -9,
    0, 0, 0, 0, 0, 0, 0, 0,
    0, 0, 0, 0, 0, 0, 0, 0,
    0, 0, 0, 0, 0, 0, 0, 0,
    0, 0, 0, 0, 0, 0, 0, 0,
    0, 0, 0, 0, 0, 0, 0, 0,
    0, 0, 0, 0, 0, 0, 0, 0,
    0, 0, 0, 0, 0, 0, 0, 0,
    0, 0, 0, 0, 0, 0, 0, 0,
    0, 0, 0, 0, 0, 0, -2, 0,
    0, 0, -2, 0, 0, 0, 0, 0,
    0, 0, 0, 0, 0, 0, 0, 0,
    0, 0, 0, 0, 0, 0, 0, 0,
    0, 0, 0, 0, 0, -4, 0, 0,
    0, 0, 0, 0, 0, 0, 0, 0,
    0, 0, 0, 0, 0, 0, 0, 0,
    0, 0, 0, 0, 0, 0, 0, 0,
    0, 0, 0, 0, 0, 0, 0, 0,
    0, 0, 0, 0, 0, 0, 0, 0,
    0, 0, 0, 0, 0, 0, 0, 0,
    0, 0, 0, 0, 0, 0, 0, 0,
    0, 0, 0, 0, 0, 0, 0, 0,
    -2, 0, 0, 0, 0, -3, -2, 0,
    0, 0, 0, 0, 0, 0, 0, 0,
    0, 0, 0, 0, 0, 0, 0, 0,
    0, 0, 0, 0, 0, 0, 0, 0,
    7, 0, 0, 0, 0, 0, 0, 0,
    0, 0, 0, 0, 0, 0, 0, 0,
    0, 0, 0, 0, 0, 0, 0, 0,
    0, 0, 0, 0, 0, 0, 0, 0,
    0, 0, 0, 0, 0, 0, 0, 0,
    0, 0, 0, 0, 0, 0, 0, 0,
    0, 0, 0, 20, 7, 0, 0, 9,
    0, 0, -2, -6, 0, 0, 0, 0,
    7, 0, 0, 0, 7, -2, 7, -4,
    0, 0, 0, 0, 16, 0, 0, 0,
    0, 0, 0, 0, 0, 0, 0, 0,
    0, 0, 0, 0, -4, 0, 0, 0,
    0, 0, -9, 0, 0, 0, 0, 0,
    0, 0, 0, 0, 0, 0, 0, 0,
    0, 0, 0, 0, 0, 0, 0, 0,
    0, 0, 0, 0, 0, 0, 0, 0,
    0, 0, 0, 0, 0, 0, 0, 0,
    0, 0, 0, 0, 0, 0, 0, 0,
    0, 0, -4, 0, 0, 0, -2, -9,
    -4, -2, -4, -2, 0, 0, 0, 0,
    0, 0, -2, 0, -3, 0, -2, 0,
    0, 0, -2, 0, 0, 0, 0, 0,
    0, 0, 0, -2, -2, -2, 0, 0,
    0, -4, 0, 0, 0, -4, 0, 0,
    0, 0, 0, 0, -29, -2, -2, 0,
    0, 0, 0, 0, 0, 0, 0, 0,
    0, 0, 0, 0, 0, 0, 0, 0,
    0, 0, 0, 0, -4, -2, 0, 0,
    0, 0, 0, 0, 0, 0, 0, 0,
    0, 0, 0, 0, 0, 0, 0, 0,
    0, 0, 0, 0, 0, 0, 0, 0,
    -13, -4, -11, -13, -4, 0, -2, 0,
    0, -6, 0, 0, -11, -2, 0, 0,
    -9, 0, 0, 0, -2, 0, 0, 0,
    0, 0, 0, 0, 0, 0, 0, 0,
    0, 0, 0, -13, 0, 0, -9, 0,
    0, 0, 0, -2, 0, -6, -9, 0,
    -2, 0, 0, 0, 0, 0, 0, 0,
    0, 0, 0, 0, 0, 0, 0, 0,
    0, 0, 0, 0, 0, 0, 0, 0,
    0, 0, 0, 0, 0, 0, 0, 0,
    0, 0, 0, 0, 0, 0, 0, 0,
    0, 0, 0, 0, 0, 0, -8, 0,
    -2, 0, -5, -7, -8, -7, -9, -7,
    0, 0, -2, 0, 0, 0, -6, 0,
    -3, 0, -3, 0, 0, 0, -2, 0,
    0, 0, 0, 0, 0, 0, 0, 0,
    -4, 0, 0, 0, 0, 0, 0, 0,
    0, 0, 0, 0, 0, -2, 0, 0,
    0, 0, 0, 0, 0, 0, 0, 0,
    0, 0, 0, 0, 0, 0, 0, 0,
    0, 0, 0, 0, 0, 0, 0, 0,
    0, 0, 0, 0, 0, 0, 0, 0,
    0, 0, 0, 0, 0, 0, 0, 0,
    0, 0, 0, 0, 0, 0, 0, 0,
    -9, 0, 0, 0, 0, -9, 0, 0,
    0, 0, 0, 0, 0, 0, 0, 0,
    0, 0, -4, 0, 0, -2, -2, 0,
    0, 0, 0, 0, 0, 0, 0, 0,
    0, 0, 0, 0, 0, 0, 0, 0,
    0, 0, 0, 0, 0, 0, 0, 0,
    0, 0, 0, 0, 0, 0, 0, 0,
    0, 0, 0, 0, 0, 0, 0, 0,
    0, 0, 0, 0, 0, 0, 0, 0,
    0, 0, 0, 0, 0, 0, 0, 0,
    0, 0, 0, 0, 0, 0, 0, 0,
    0, 0, 0, 0, 0, 0, 0, 0,
    0, 0, -4, 0, 0, 0, 0, -9,
    -2, 0, -2, 0, 0, 0, -4, 0,
    0, 0, -2, 0, -4, 0, 0, -2,
    -7, -2, -2, 0, 0, 0, 0, 0,
    0, 0, 0, 0, 0, 0, 0, 0,
    0, 0, 0, 0, 0, 0, -2, 0,
    0, 0, 0, -2, 0, 0, 0, 0,
    0, 0, 0, 0, 0, 0, 0, 0,
    0, 0, 0, 0, 0, 0, 0, 0,
    0, 0, 0, 0, 0, 0, 0, 0,
    0, 0, 0, 0, 0, 0, 0, 0,
    0, 0, 0, 0, 0, 0, 0, 0,
    0, 0, 0, 0, -7, 0, 0, 0,
    0, -2, 0, 0, -2, 0, 0, 0,
    -2, 0, 0, 0, 0, 0, -4, 0,
    0, -2, -2, 0, 0, 0, 0, 0,
    0, 0, 0, 0, 0, 0, 0, 0,
    0, 0, 0, 0, 0, 0, 0, 0,
    0, 0, 0, 7, 0, 0, -9, -4,
    0, 0, 0, 0, 0, 0, 0, 0,
    0, 0, 0, 0, 0, 0, 0, 0,
    0, 0, 0, 0, 0, 0, 0, 0,
    0, 0, 0, 0, 0, 0, 0, 0,
    0, 0, 0, 0, 0, 0, 0, 0,
    0, 0, 0, 0, 0, 0, 0, 0,
    0, 0, -4, 0, -7, -7, -2, 0,
    0, 0, 0, 0, 0, 0, -9, -2,
    0, 0, -7, 0, 0, 0, 0, 0,
    0, 0, 0, 0, 0, 0, 0, 0,
    0, 0, 0, 0, 0, 0, 0, 0,
    0, 0, 0, 9, 0, -2, 0, 0,
    4, 0, 0, 0, 0, 0, 0, 0,
    0, 0, 0, 0, 0, 0, 0, 0,
    0, 0, 0, 0, 0, 0, 0, 0,
    0, 0, 0, 0, 0, 0, 0, 0,
    0, 0, 0, 0, 0, 0, 0, 0,
    0, 0, 0, 0, 0, 0, 0, 0,
    -7, 0, 0, 22, 4, 0, 0, 7,
    0, 0, 0, -3, 0, 0, 0, 0,
    4, 0, 0, 0, 6, -3, 0, -7,
    0, 0, 0, 0, 13, 0, 0, 0,
    0, 0, 0, 0, 0, 0, 0, 0,
    0, 0, 0, 0, 0, 0, 0, 0,
    0, 0, 0, 0, 0, 0, 0, 0,
    0, 0, 0, 0, 0, 0, 0, 0,
    0, 0, 0, 0, 0, 0, 0, 0,
    0, 0, 0, 0, 0, 0, 0, 0,
    0, 0, 0, 0, 0, 0, 0, 0,
    0, 0, 0, 0, 0, 0, 0, 0,
    0, 0, -9, 0, 0, 0, 0, -9,
    -2, 0, -4, 0, 0, 0, -4, 0,
    0, 0, -2, 0, -4, 0, 0, -2,
    -7, -2, -2, 0, 0, 0, 0, 0,
    0, 0, 0, 0, 0, 0, 0, 0,
    0, 0, 0, 0, 0, 0, -2, 0,
    0, 0, 0, 0, 0, -2, 0, 0,
    0, 0, 0, 0, 0, 0, 0, 0,
    0, 0, 0, 0, 0, 0, 0, 0,
    0, 0, 0, 0, 0, 0, 0, 0,
    0, 0, 0, 0, 0, 0, 0, 0,
    0, 0, 0, 0, 0, 0, 0, 0,
    0, 0, 0, 0, -2, -3, 0, 0,
    0, -2, 0, 0, 0, 0, -3, -2,
    0, -4, 0, 0, 0, -4, 0, 0,
    0, 0, 0, -4, -2, 0, 0, 0,
    0, 0, 0, 0, 0, 0, 0, 0,
    0, 0, -4, 0, 0, 0, 0, 0,
    0, 7, 0, 0, 0, 0, 0, 0,
    0, 0, 0, 0, 0, 0, 0, 0,
    0, 0, 0, 0, 0, 0, 0, 0,
    0, 0, 0, 0, 0, 0, 0, 0,
    0, 0, 0, 0, 0, 0, 0, 0,
    0, 0, 0, 0, 0, 0, 0, 0,
    0, 0, 0, 0, 0, 0, -7, 0,
    0, 0, 0, 0, 0, 0, 0, 0,
    0, 0, 0, 0, 0, 0, 0, 0,
    0, 0, 0, 0, 0, 0, 0, -1,
    0, 0, 0, 0, 0, 0, 0, 0,
    0, 0, 0, 0, 0, 0, 0, 0,
    0, 0, 0, 0, 0, 4, 0, 0,
    0, 0, 0, 0, 0, 0, 0, 0,
    0, 0, 0, 0, 0, 0, 0, 0,
    0, 0, 0, 0, 0, 0, 0, 0,
    0, 0, 0, 0, 0, 0, 0, 0,
    0, 0, 0, 0, 0, 0, 0, 0,
    0, 0, 0, 0, 0, 0, 0, 0,
    -4, 0, 0, 0, 0, 0, 0, 0,
    0, 0, 0, 0, 0, 0, 0, 0,
    0, -2, 0, 0, 0, 0, 0, 0,
    -2, 0, 0, 0, 0, 0, 0, 0,
    0, 0, 0, 0, 0, 0, 0, 0,
    0, 0, 0, 0, 0, 0, 0, 4,
    0, 0, -9, 0, 0, 0, 0, 0,
    0, 0, 0, 0, 0, 0, 0, 0,
    0, 0, 0, 0, 0, 0, 0, 0,
    0, 0, 0, 0, 0, 0, 0, 0,
    0, 0, 0, 0, 0, 0, 0, 0,
    0, 0, 0, 0, 0, 0, 0, 0,
    0, 0, 0, 0, 0, 0, -4, 0,
    -4, -7, -2, 0, 0, 0, 0, -2,
    0, 0, -11, -7, 0, 0, -11, 0,
    0, 0, -7, 0, 0, 0, 0, 0,
    0, 0, 0, 0, 0, 0, 0, 0,
    0, 0, 0, 0, 0, 0, 0, 9,
    0, -18, 0, 0, 0, 0, -2, 0,
    0, 0, 0, 0, 0, 0, 0, 0,
    0, 0, 0, 0, 0, 0, 0, 0,
    0, 0, 0, 0, 0, 0, 0, 0,
    0, 0, 0, 0, 0, 0, 0, 0,
    0, 0, 0, 0, 0, 0, 0, 0,
    0, 0, 0, 0, -13, 0, 0, 0,
    0, -4, -2, 0, -2, 0, -2, -16,
    -4, 0, 0, 0, 0, 0, -4, 0,
    0, -13, -10, -9, -4, 0, 0, 0,
    0, 0, -4, 0, 0, 0, 0, 0,
    -7, 0, -4, 0, 0, 0, 0, 0,
    -11, -7, 0, -2, 0, 0, 0, 0,
    0, 0, 0, 0, 0, 0, 0, 0,
    0, 0, 0, 0, 0, 0, 0, 0,
    0, 0, 0, 0, 0, 0, 0, 0,
    0, 0, 0, 0, 0, 0, 0, 0,
    0, 0, 0, 0, 0, 0, 0, 0,
    0, 0, 0, 0, 0, 0, -9, 0,
    0, 9, 0, 0, 0, 0, 0, 0,
    0, 0, 0, 0, 0, 0, 0, 0,
    0, 0, 0, -7, -11, 0, 0, 0,
    0, 0, 4, 0, 0, 0, 0, 0,
    0, 0, 0, 0, 0, 0, 0, 0,
    0, 0, -4, 0, 0, 7, 0, 0,
    -9, -4, 0, 0, 0, 0, 0, 0,
    0, 0, 0, 0, 0, 0, 0, 0,
    0, 0, 0, 0, 0, 0, 0, 0,
    0, 0, 0, 0, 0, 0, 0, 0,
    0, 0, 0, 0, 0, 0, 0, 0,
    0, 0, 0, 0, 0, 0, 0, 0,
    0, 0, 0, 0, -4, 2, -7, -7,
    -2, 0, 0, 0, 0, 0, 0, 0,
    -9, -2, 0, 0, -7, 0, 0, 0,
    0, 2, 0, 2, 0, 0, 0, 0,
    0, 0, 0, 0, 0, 0, 0, 0,
    0, 0, 0, 0, 0, 9, 0, 0,
    0, 0, 0, 0, 0, 0, 0, 0,
    0, 0, 0, 0, 0, 0, 0, 0,
    0, 0, 0, 0, 0, 0, 0, 0,
    0, 0, 0, 0, 0, 0, 0, 0,
    0, 0, 0, 0, 0, 0, 0, 0,
    0, 0, 0, 0, 0, 0, 0, 0,
    0, 0, -4, 0, 0, 0, 0, -7,
    0, 0, 0, 0, 0, 0, -2, 0,
    0, 0, 0, 0, 0, 0, 0, 0,
    0, 0, -4, 0, 0, 0, 0, 0,
    0, 0, 0, 0, 0, 0, 0, 0,
    0, 0, 0, 0, 0, 0, 0, 0,
    0, 7, 0, 0, 0, 0, 0, 0,
    0, 0, 0, 0, 0, 0, 0, 0,
    0, 0, 0, 0, 0, 0, 0, 0,
    0, 0, 0, 0, 0, 0, 0, 0,
    0, 0, 0, 0, 0, 0, 0, 0,
    0, 0, 0, 0, 0, 0, 0, 0,
    0, 0, 0, 0, 4, 0, 0, 0,
    0, 0, 0, 0, 0, 0, 0, 0,
    0, 0, 0, 0, 0, 0, 0, 0,
    0, 0, 0, 0, 0, 8, 0, 3,
    0, 0, 0, 0, 0, 0, 0, 0,
    0, 0, 0, 0, 0, 0, 0, 0,
    0, 0, 0, 0, 0, 0, 0, 0,
    0, 0, 0, 0, 0, 0, 0, 0,
    0, 0, 0, 0, 0, 0, 0, 0,
    0, 0, 0, 0, 0, 0, 0, 0,
    0, 0, 0, 0, 0, 0, 0, 0,
    0, 0, 0, 0, 0, 0, 0, 0,
    0, 0, 0, 0, 0, 0, 0, 0,
    0, 7, 0, 0, 0, 0, 0, 0,
    0, 0, 0, 0, 0, 0, 0, 0,
    0, 0, 0, 0, 0, 0, 0, 0,
    0, 0, 4, 0, 0, 0, 0, 0,
    0, 0, 0, 0, 0, 0, 0, 0,
    0, 0, 0, 0, 0, -2, 0, 0,
    0, 0, 0, 0, 0, 0, 0, 0,
    0, 0, 0, 0, 0, 0, 0, 0,
    0, 0, 0, 0, 0, 0, 0, 0,
    0, 0, 0, 0, 0, 0, 0, 0,
    0, 0, 0, 0, 0, 0, 0, 0,
    0, 0, 0, 0, 0, 0, 0, 0,
    -9, 0, 0, 9, 0, 0, 0, 0,
    0, 0, 0, 0, 0, 0, 0, 0,
    0, 0, 0, 0, 0, -7, -11, 0,
    0, 0, 0, 0, 0, 0, 0, 0,
    0, 0, 0, 0, 0, 0, 0, 0,
    0, 0, 0, 0, -4, 0, 0, 0,
    0, 0, -9, 0, 0, 0, 0, 0,
    0, 0, 0, 0, 0, 0, 0, 0,
    0, 0, 0, 0, 0, 0, 0, 0,
    0, 0, 0, 0, 0, 0, 0, 0,
    0, 0, 0, 0, 0, 0, 0, 0,
    0, 0, 0, 0, 0, 0, 0, 0,
    0, 0, 0, 0, 0, 0, 0, 0,
    0, 0, 0, 0, 0, 0, 0, 0,
    0, 0, -4, 0, 0, 0, 0, 0,
    0, 0, 0, 0, 0, 0, 0, 0,
    0, 0, 0, 0, 0, 0, 0, 0,
    0, 0, 0, 0, 0, 0, 0, 0,
    0, -9, 0, 0, 0, 0, 0, 0,
    0, 0, 0, 0, 0, 0, 0, 0,
    0, 0, 0, 0, 0, 0, 0, 0,
    0, 0, 0, 0, 0, 0, 0, 0,
    0, 0, 0, 0, 0, 0, 0, 0,
    0, 0, 0, 0, 0, 0, 0, 0,
    0, 0, 0, 0, -9, 0, 0, 0,
    0, 0, 0, 0, 0, 0, 0, -9,
    0, 0, 0, 0, 0, 0, 0, 0,
    0, -4, 0, 0, 0, 0, 0, 0,
    0, 0, 0, 0, 0, -7, -4, -7,
    0, 0, 0, 0, 0, 0, 0, -11,
    0, 0, 0, -16, 0, 0, 0, 0,
    0, 0, 0, 0, 0, 0, 0, 0,
    0, 0, 0, 0, 0, 0, 0, 0,
    0, 0, 0, 0, 0, 0, 0, 0,
    0, 0, 0, 0, 0, 0, 0, 0,
    0, 0, 0, 0, 0, 0, 0, 0,
    0, 0, 0, 0, 0, 0, 0, 0,
    0, 0, 0, 0, 0, 0, 0, 0,
    0, 0, 0, -4, 0, 0, 0, 0,
    0, 0, 0, -11, -7, -7, 0, 0,
    0, 0, 0, 0, -4, 0, 0, 0,
    0, 0, -4, 0, -4, 0, 0, 0,
    0, 0, -13, 0, 0, 0, 0, 0,
    0, 0, 0, 0, 0, 0, 0, 0,
    0, 0, 0, 0, 0, 0, 0, 0,
    0, 0, 0, 0, 0, 0, 0, 0,
    0, 0, 0, 0, 0, 0, 0, 0,
    0, 0, 0, 0, 0, 0, 0, 0,
    0, 0, 0, 0, 0, 0, 0, 0,
    0, 0, 0, 0, 0, 0, 0, 0,
    0, 0, 0, 0, 0, 0, 0, 0,
    0, 0, 0, 0, 0, 0, 0, 0,
    0, 0, 0, 0, 0, 0, 0, 0,
    0, 0, 0, 0, 0, 0, 0, 0,
    0, 0, 0, -2, 0, 0, 0, 0,
    0, 0, -9, 0, 0, 0, 0, 0,
    0, 0, 0, 0, 0, 0, 0, 0,
    0, 0, 0, 0, 0, 0, 0, 0,
    0, 0, 0, 0, 0, 0, 0, 0,
    0, 0, 0, 0, 0, 0, 0, 0,
    0, 0, 0, 0, 0, 0, 0, 0,
    0, 0, 0, 0, 0, 0, 0, 0,
    0, 0, 0, 0, 0, 0, 0, 0,
    0, 0, 0, 0, 0, 0, 0, 0,
    0, 0, 0, 0, 0, 0, 0, 0,
    0, 0, 0, -2, 0, -2, 0, 0,
    0, 0, 0, 0, 0, -4, 0, 0,
    0, 0, 0, 0, -13, -9, 0, 0,
    0, 0, 0, 0, 0, 0, 0, 0,
    0, 0, 0, 0, 0, 0, 0, 0,
    0, 0, 0, 0, -13, -7, 0, 0,
    0, 0, 0, 0, 0, 0, 0, 0,
    0, 0, 0, 0, 0, 0, 0, 0,
    0, 0, 0, 0, 4, -4, 0, 0,
    -9, 0, -16, -11, 0, 0, -7, 0,
    0, -16, 0, 0, -13, 0, -4, -4,
    0, -9, -9, -11, 0, 0, 0, 0,
    0, -4, -4, 0, -11, 0, 0, 0,
    -9, -11, -16, -11, -18, 0, -16, 0,
    -11, 0, 0, 0, 0, 0, -11, -4,
    0, 0, 0, 0, 0, 0, 0, 0,
    0, 0, 0, 0, 0, 0, 0, 0,
    0, 0, 0, 0, 0, 0, 0, 0,
    0, 0, 0, 0, 0, 0, 0, 0,
    0, 0, 0, 0, 0, 0, 0, 0,
    0, 0, 0, 0, 0, 0, 0, 0,
    0, 0, 0, 0, -7, 0, 0, 0,
    0, 0, 0, -2, 0, 0, -9, -2,
    0, 0, -7, 0, 0, 0, 0, 0,
    0, 0, 0, 0, 0, 0, 0, 0,
    0, 0, 0, 0, 0, 0, 0, 0,
    0, 0, 0, 0, 0, 0, 0, 0,
    -11, -4, 0, 0, 0, 0, 0, 0,
    0, 0, 0, 0, 0, 0, 0, 0,
    0, 0, 0, 0, 0, 0, 0, 0,
    0, 0, 0, 0, 0, 0, 0, 0,
    0, 0, 0, 0, 0, 0, 0, 0,
    0, 0, 0, 0, 0, 0, 0, 0,
    4, 0, 0, 0, 0, 0, -13, 0,
    0, 0, 0, 0, 0, -9, 0, 0,
    -11, 0, -4, -4, 0, 0, 0, -11,
    0, 4, 0, 0, 0, -4, 0, 0,
    -7, 0, 4, 0, 0, -4, -7, -9,
    0, 0, -11, 0, -4, 0, 0, 0,
    0, 0, -7, 0, 0, 0, 0, 0,
    0, 0, 0, 0, 0, 0, 0, 0,
    0, 0, 0, 0, 0, 0, 0, 0,
    0, 0, 0, 0, 0, 0, 0, 0,
    0, 0, 0, 0, 0, 0, 0, 0,
    0, 0, 0, 0, 0, 0, 0, 0,
    0, 0, 0, 0, 0, 0, 0, 0,
    0, 0, 0, 0, 0, 0, 0, -4,
    0, 0, -7, 0, 0, 0, 0, 0,
    0, 0, 0, 0, 0, 0, 0, 0,
    0, 0, 0, 0, 0, 0, 0, 0,
    0, 0, 0, 0, 0, 0, 0, 0,
    0, 0, 0, 0, 0, 0, 0, 0,
    0, 0, 0, 0, 0, 0, 0, 0,
    0, 0, 0, 0, 0, 0, 0, 0,
    0, 0, 0, 0, 0, 0, 0, 0,
    0, 0, 0, 0, 0, 0, 0, 0,
    0, 0, 0, 0, 0, 0, 0, 0,
    0, 0, 0, 0, 0, 0, 0, 0,
    0, 0, 0, 0, 0, 0, 0, 0,
    0, 0, 0, 0, 0, 0, 0, 0,
    0, -4, 0, -11, 0, 0, 0, 0,
    0, -4, 0, 0, 0, 0, 0, 0,
    0, -11, -4, 0, 0, 0, 0, 0,
    -4, 0, 0, 0, 0, 0, 0, 0,
    0, 0, 0, 0, 0, 0, 0, 0,
    0, 0, 0, 0, 0, 0, 0, 0,
    0, 0, 0, 0, 0, 0, 0, 0,
    0, 0, 0, 0, 0, 0, 0, 0,
    0, 0, 0, 0, 0, 0, 0, 0,
    0, 0, 0, 0, 0, 0, 0, 0,
    0, 0, 0, 0, 0, 0, 0, 0,
    0, 0, 0, -2, 0, 0, 0, 0,
    0, 0, 0, 0, 0, -2, 0, 0,
    0, 0, 0, 0, 0, 0, 0, 0,
    0, 0, 0, 0, 0, 0, 0, 0,
    0, 0, -4, 0, 0, 0, 0, 0,
    -13, 0, 0, 0, 0, 0, 0, 0,
    0, 0, 0, 0, 0, 0, 0, 0,
    0, 0, 0, 0, 0, 0, 0, 0,
    0, 0, 0, 0, 0, 0, 0, 0,
    0, 0, 0, 0, 0, 0, 0, 0,
    0, 0, 0, 0, 0, 0, 0, 0,
    0, 0, 0, 0, 0, 0, -13, 0,
    0, 0, 0, 0, 0, -11, 0, 0,
    -11, 0, 0, 0, 0, 0, 0, -9,
    0, 4, 0, 0, 0, -4, 0, 0,
    -7, 0, 0, 0, 0, 0, -9, -9,
    -9, -2, -9, 0, -4, 0, 0, 0,
    0, 0, -9, 0, 0, 0, 0, 0,
    0, 0, 0, 0, 0, 0, 0, 0,
    0, 0, 0, 0, 0, 0, 0, 0,
    0, 0, 0, 0, 0, 0, 0, 0,
    0, 0, 0, 0, 0, 0, 0, 0,
    0, 0, 0, 0, 0, 0, 0, 0,
    0, 0, 0, 0, 0, 0, 0, 0,
    0, 0, 0, 0, 0, 0, 0, 0,
    0, 0, -2, 0, 0, 0, 0, 0,
    0, 0, 0, 0, 0, 0, 0, 0,
    0, 0, 0, 0, 0, 0, 0, 0,
    0, 0, 0, 0, 0, 0, 0, 0,
    0, 0, 0, 0, 0, 0, 0, 0,
    0, 0, 0, 0, 0, 0, 0, 0,
    0, 0, 0, 0, 0, 0, 0, 0,
    0, 0, 0, 0, 0, 0, 0, 0,
    0, 0, 0, 0, 0, 0, 0, 0,
    0, 0, 0, 0, 0, 0, 0, 0,
    0, 0, 0, 0, -4, 0, 0, 0,
    0, 0, 0, 0, 0, 0, 0, 0,
    0, 0, 0, 0, 0, 0, 0, 0,
    0, 0, 0, 0, 0, 0, 0, 0,
    0, 0, 0, 0, 0, -2, 0, -2,
    0, 0, 0, 0, 0, 0, 0, -2,
    0, 0, 0, -2, 0, 0, 0, 0,
    0, 0, 0, 0, 0, 0, 0, 0,
    0, 0, 0, 0, 0, 0, 0, 0,
    0, 0, 0, 0, 0, 0, 0, 0,
    0, 0, 0, 0, 0, 0, 0, 0,
    0, 0, 0, 0, 0, 0, 0, 0,
    0, 0, 0, 0, 0, 0, 0, 0,
    0, 0, 0, 0, 0, 0, 0, 0,
    0, 0, 0, 0, 0, 0, 0, 0,
    -4, 0, 0, 0, -2, 0, 0, 0,
    0, 0, 0, 0, 0, 0, 0, 0,
    0, 0, 0, 0, 0, 0, 0, 0,
    0, 0, 0, 0, 0, -11, 0, 0,
    0, 0, 0, 0, 0, 0, 0, 0,
    0, 0, 0, 0, 0, 0, 0, 0,
    0, 0, 0, 0, 0, 0, 0, 0,
    0, 0, 0, 0, 0, 0, 0, 0,
    0, 0, 0, 0, 0, 0, 0, 0,
    0, 0, 0, 0, 0, 0, 0, 0,
    -16, 0, 0, 0, 0, -7, -7, 0,
    -7, 0, 0, -7, 0, 0, 0, 0,
    0, 0, -4, 0, 0, -7, 0, -4,
    0, 0, 0, 0, 0, 0, 0, 0,
    0, -7, -9, -9, 0, 0, 0, 0,
    0, 0, 0, -7, -4, 0, 0, -11,
    0, 0, 0, 0, 0, 0, 0, 0,
    0, 0, 0, 0, 0, 0, 0, 0,
    0, 0, 0, 0, 0, 0, 0, 0,
    0, 0, 0, 0, 0, 0, 0, 0,
    0, 0, 0, 0, 0, 0, 0, 0,
    0, 0, 0, 0, 0, 0, 0, 0,
    0, 0, 0, 0, 0, 0, 0, 0,
    0, 0, 0, 0, 0, 0, 0, 0,
    0, 0, 0, 0, -4, 0, 0, -7,
    -4, -4, 0, 0, 0, 0, 0, 0,
    0, 0, 0, 0, 0, 0, 0, 0,
    0, 0, 0, 0, 0, 0, -11, 0
};


/*Collect the kern class' data in one place*/
static const lv_font_fmt_txt_kern_classes_t kern_classes =
{
    .class_pair_values   = kern_class_values,
    .left_class_mapping  = kern_left_class_mapping,
    .right_class_mapping = kern_right_class_mapping,
    .left_class_cnt      = 112,
    .right_class_cnt     = 98,
};

/*--------------------
 *  ALL CUSTOM DATA
 *--------------------*/

#if LVGL_VERSION_MAJOR == 8
/*Store all the custom data of the font*/
static  lv_font_fmt_txt_glyph_cache_t cache;
#endif

#if LVGL_VERSION_MAJOR >= 8
static const lv_font_fmt_txt_dsc_t font_dsc = {
#else
static lv_font_fmt_txt_dsc_t font_dsc = {
#endif
    .glyph_bitmap = glyph_bitmap,
    .glyph_dsc = glyph_dsc,
    .cmaps = cmaps,
    .kern_dsc = &kern_classes,
    .kern_scale = 16,
    .cmap_num = 13,
    .bpp = 4,
    .kern_classes = 1,
    .bitmap_format = 1,
#if LVGL_VERSION_MAJOR == 8
    .cache = &cache
#endif
};



/*-----------------
 *  PUBLIC FONT
 *----------------*/

/*Initialize a public general font descriptor*/
#if LVGL_VERSION_MAJOR >= 8
const lv_font_t ui_font_14 = {
#else
lv_font_t ui_font_14 = {
#endif
    .get_glyph_dsc = lv_font_get_glyph_dsc_fmt_txt,    /*Function pointer to get glyph's data*/
    .get_glyph_bitmap = lv_font_get_bitmap_fmt_txt,    /*Function pointer to get glyph's bitmap*/
    .line_height = 20,          /*The maximum line height required by the font*/
    .base_line = 4,             /*Baseline measured from the bottom of the line*/
#if !(LVGL_VERSION_MAJOR == 6 && LVGL_VERSION_MINOR == 0)
    .subpx = LV_FONT_SUBPX_NONE,
#endif
#if LV_VERSION_CHECK(7, 4, 0) || LVGL_VERSION_MAJOR >= 8
    .underline_position = -1,
    .underline_thickness = 1,
#endif
    .dsc = &font_dsc,          /*The custom font data. Will be accessed by `get_glyph_bitmap/dsc` */
#if LV_VERSION_CHECK(8, 2, 0) || LVGL_VERSION_MAJOR >= 9
    .fallback = NULL,
#endif
    .user_data = NULL,
};



#endif /*#if UI_FONT_14*/

