/*******************************************************************************
 * Size: 16 px
 * Bpp: 4
 * Opts: --bpp 4 --size 16 --force-fast-kern-format --font /var/folders/1d/dgkmygls6x5gsb16pbn2mwlr0000gn/T//meshcore-ui-fonts/NotoSans-Medium.ttf -r 0x20-0x7E,0xA0-0x24F,0x370-0x3FF,0x400-0x52F,0x1E80-0x1E85,0x1E9E,0x1EF2-0x1EF3,0x2010-0x2027,0x2030,0x2039-0x203A,0x20A4-0x20BF,0x2116,0x2122 --font /var/folders/1d/dgkmygls6x5gsb16pbn2mwlr0000gn/T//meshcore-ui-fonts/fa.woff -r 61612,61445,62073,61632,61441,61448,61451,61452,61453,61457,61459,61461,61465,61468,61473,61478,61479,61480,61502,61507,61512,61515,61516,61517,61521,61522,61523,61524,61543,61544,61550,61552,61553,61556,61559,61560,61561,61563,61587,61589,61636,61637,61639,61641,61664,61671,61674,61683,61724,61732,61787,61931,62016,62017,62018,62019,62020,62087,62099,62212,62189,62810,63426,63650 --format lvgl --lv-include lvgl.h --lv-font-name ui_font_16 -o /Users/jakub/Documents/MeshCore/MeshCore/examples/companion_radio/ui-lvgl/fonts/ui_font_16.c
 ******************************************************************************/

#ifdef LV_LVGL_H_INCLUDE_SIMPLE
#include "lvgl.h"
#else
#include "lvgl.h"
#endif

#ifndef UI_FONT_16
#define UI_FONT_16 1
#endif

#if UI_FONT_16

/*-----------------
 *    BITMAPS
 *----------------*/

/*Store the image of the glyphs*/
static LV_ATTRIBUTE_LARGE_CONST const uint8_t glyph_bitmap[] = {
    /* U+0020 " " */

    /* U+0021 "!" */
    0xcf, 0x27, 0x3, 0x0, 0x84, 0x4, 0xc0, 0x2,
    0x20, 0x1, 0x87, 0x80, 0x1b, 0x80, 0xdc, 0x3e,
    0xcd, 0xc4, 0x80,

    /* U+0022 "\"" */
    0xeb, 0xd, 0xc3, 0x10, 0x17, 0x13, 0x7, 0x17,
    0x10, 0x13, 0x99, 0x4, 0x40,

    /* U+0023 "#" */
    0x0, 0x8b, 0xc8, 0x32, 0x0, 0x33, 0x81, 0x1,
    0x68, 0x6, 0x22, 0x0, 0x89, 0x80, 0x36, 0xb8,
    0x28, 0x10, 0x3, 0xfc, 0xaa, 0xfb, 0xe, 0xf0,
    0xcb, 0x9, 0xc3, 0x4c, 0xc0, 0x18, 0x1, 0xcc,
    0xb4, 0xcd, 0x3f, 0x61, 0xde, 0x33, 0xed, 0x78,
    0x6b, 0x90, 0x19, 0x87, 0x23, 0x1d, 0x3f, 0x23,
    0x30, 0x80, 0x8, 0xc0, 0x9c, 0x3, 0x10, 0x30,
    0x3e, 0x80, 0x40,

    /* U+0024 "$" */
    0x0, 0xde, 0x20, 0x1c, 0x90, 0x10, 0xe6, 0x0,
    0x9b, 0x60, 0x48, 0xf0, 0x3, 0x27, 0x6, 0x7f,
    0x0, 0x4e, 0x1, 0x88, 0x0, 0xe7, 0xc0, 0xa0,
    0x1a, 0x2d, 0x42, 0xf4, 0xc0, 0x24, 0xb0, 0x83,
    0xc1, 0x0, 0xe6, 0x80, 0x51, 0x95, 0x30, 0x4a,
    0x5, 0x7, 0xac, 0xa, 0x2a, 0x11, 0x76, 0xd8,
    0x67, 0x28, 0x4, 0x48, 0x4, 0x1, 0xf4, 0x88,
    0x4,

    /* U+0025 "%" */
    0x4, 0xde, 0x70, 0x8, 0x79, 0x80, 0x2a, 0x48,
    0x81, 0x80, 0x24, 0xd8, 0x0, 0x63, 0x6c, 0x56,
    0x2, 0xf0, 0x1, 0x38, 0x18, 0x8, 0x82, 0x9,
    0x40, 0x27, 0x3, 0x1, 0x11, 0x34, 0x80, 0x63,
    0x5, 0x32, 0xc8, 0x35, 0xcf, 0xa0, 0x4, 0xc6,
    0x23, 0xac, 0x5b, 0xf3, 0xc0, 0x37, 0xf5, 0xc2,
    0x25, 0x82, 0xa8, 0x1, 0x9, 0xa4, 0x0, 0x88,
    0x3c, 0x80, 0x37, 0xa9, 0x80, 0x88, 0x3c, 0xc0,
    0x24, 0x38, 0x0, 0x3d, 0x8a, 0xa8, 0x2, 0x86,
    0x20, 0x4, 0x3f, 0x34, 0x80,

    /* U+0026 "&" */
    0x0, 0x15, 0xff, 0x48, 0x7, 0xde, 0xb0, 0xed,
    0x0, 0x1c, 0x44, 0x67, 0x91, 0x40, 0xe, 0x20,
    0x20, 0x21, 0x50, 0xf, 0x32, 0xc6, 0xc, 0x0,
    0x7a, 0xc1, 0xcf, 0xc4, 0x3, 0x8f, 0x44, 0x88,
    0xa0, 0xb, 0xe0, 0x6, 0x8e, 0x60, 0xad, 0x5,
    0x10, 0x4, 0x2e, 0x43, 0x85, 0x7a, 0x10, 0x6,
    0x4, 0x0, 0x1c, 0x3, 0x52, 0x1, 0x44, 0x53,
    0x3e, 0x0, 0xaa, 0x0, 0x2d, 0xdd, 0x32, 0x6c,
    0xf2, 0xb4,

    /* U+0027 "'" */
    0xeb, 0x31, 0x11, 0xb8, 0xcc, 0x80,

    /* U+0028 "(" */
    0x0, 0x2f, 0x98, 0xd, 0xb1, 0x83, 0xd, 0x80,
    0x28, 0xc8, 0x0, 0x48, 0x0, 0x30, 0xe0, 0x3,
    0x81, 0x0, 0x4, 0x3, 0x8, 0x8, 0x1, 0x80,
    0x80, 0x4, 0x38, 0x1, 0x3a, 0x8, 0x2, 0xc1,
    0x80, 0x4, 0xf2, 0x20, 0x8, 0xa0,

    /* U+0029 ")" */
    0x3f, 0x50, 0x1, 0xad, 0x80, 0x52, 0x2c, 0x0,
    0x32, 0xa0, 0x9, 0xc, 0x2, 0xf0, 0x30, 0x1,
    0x83, 0x80, 0x4, 0x4, 0x0, 0x40, 0x20, 0xe,
    0x6, 0x0, 0x18, 0x90, 0xa, 0x38, 0x1, 0x82,
    0xc0, 0x65, 0xc8, 0x1, 0x50, 0x0,

    /* U+002A "*" */
    0x0, 0x9f, 0xc8, 0x3, 0xc4, 0x4, 0x1, 0x14,
    0xa0, 0x80, 0xad, 0x3, 0x32, 0xec, 0x1d, 0x4a,
    0x29, 0xfc, 0x40, 0xbf, 0xe1, 0x0, 0x41, 0x52,
    0xa8, 0x2, 0x26, 0x62, 0x94, 0x0, 0x45, 0xb0,
    0x1f, 0x80, 0x0,

    /* U+002B "+" */
    0x0, 0x87, 0xcc, 0x3, 0xff, 0x82, 0x22, 0x30,
    0x71, 0x10, 0x1f, 0x73, 0x42, 0xfb, 0x8a, 0x77,
    0x6a, 0x9, 0xbb, 0x20, 0x22, 0x40, 0xa8, 0x81,
    0x0, 0xff, 0xe3, 0x0,

    /* U+002C "," */
    0x0, 0xeb, 0xf1, 0x6, 0x31, 0x11, 0x58, 0x28,
    0x30, 0x0,

    /* U+002D "-" */
    0x38, 0x89, 0x15, 0xde, 0xd0,

    /* U+002E "." */
    0x24, 0xf, 0xb3, 0x71, 0x20,

    /* U+002F "/" */
    0x0, 0xd9, 0xa0, 0x18, 0x8e, 0x80, 0x32, 0x82,
    0x80, 0x6a, 0x32, 0x0, 0x8c, 0xa8, 0x3, 0x58,
    0x38, 0x6, 0x64, 0x10, 0x9, 0x7, 0x80, 0x36,
    0x82, 0x80, 0x66, 0x50, 0xc, 0xa1, 0xc0, 0x1b,
    0xc5, 0x0, 0x30,

    /* U+0030 "0" */
    0x0, 0x2e, 0xfe, 0xb0, 0x4, 0x94, 0x2e, 0x32,
    0xc0, 0x8, 0x1c, 0x8c, 0x28, 0x0, 0x1a, 0x0,
    0x4a, 0x24, 0x61, 0xa0, 0x16, 0x83, 0xb8, 0x4,
    0x2, 0x10, 0x30, 0xf, 0xe7, 0x1, 0x0, 0x84,
    0xc, 0xc1, 0xa0, 0x16, 0x83, 0x81, 0xa0, 0x4,
    0xa2, 0x41, 0x3, 0x8f, 0x65, 0x0, 0x4, 0xa1,
    0x86, 0x96, 0x0,

    /* U+0031 "1" */
    0x0, 0x17, 0x78, 0x2e, 0x88, 0x35, 0x2a, 0x2,
    0x3d, 0x0, 0xa, 0x0, 0x3f, 0xfb, 0x40,

    /* U+0032 "2" */
    0x1, 0x9e, 0xfd, 0x70, 0xb, 0xd9, 0x1c, 0x61,
    0xc0, 0x15, 0xb5, 0x18, 0x34, 0x0, 0x42, 0x0,
    0x88, 0x80, 0x1f, 0x19, 0x80, 0x3d, 0x1, 0x0,
    0x1c, 0xae, 0xc8, 0x1, 0x92, 0x92, 0x40, 0x32,
    0x5a, 0x58, 0x6, 0x3b, 0x4b, 0x0, 0xc5, 0xa0,
    0x53, 0x38, 0xd8, 0x41, 0x9b, 0x94,

    /* U+0033 "3" */
    0x4, 0xbe, 0xfd, 0x80, 0x0, 0xd3, 0x32, 0x5,
    0xe4, 0x7, 0x36, 0x1f, 0x9, 0xc0, 0x4, 0x1,
    0xc6, 0x1, 0x84, 0xe8, 0xa4, 0x2, 0x9e, 0xc4,
    0xa4, 0x0, 0xae, 0xd2, 0xb5, 0x20, 0x11, 0x23,
    0x5a, 0xb1, 0x0, 0x78, 0x81, 0x80, 0x3c, 0x80,
    0xcb, 0xd2, 0xf1, 0x86, 0xa4, 0xe8, 0xf0, 0xe1,
    0x14, 0x0,

    /* U+0034 "4" */
    0x0, 0xeb, 0xf4, 0x0, 0xe6, 0x40, 0xf, 0x14,
    0xa0, 0x7, 0xa4, 0xf4, 0x3, 0x99, 0x38, 0x3,
    0x86, 0x60, 0x80, 0x3a, 0x8d, 0xc0, 0x39, 0x92,
    0x48, 0x82, 0x2, 0x2d, 0xa, 0xdd, 0x40, 0x56,
    0x45, 0x56, 0x60, 0x79, 0x35, 0x5d, 0xe1, 0x88,
    0x1, 0xfc,

    /* U+0035 "5" */
    0x6, 0xff, 0xe8, 0x0, 0x8, 0x33, 0xbd, 0x80,
    0xf, 0x9, 0x88, 0x90, 0x0, 0x20, 0x1f, 0x88,
    0x40, 0x40, 0x39, 0xc7, 0xfb, 0xe8, 0x40, 0x11,
    0xa, 0x95, 0x56, 0x0, 0x11, 0xd5, 0xa9, 0x48,
    0xc0, 0x3d, 0xa0, 0xe0, 0x1e, 0xb0, 0x51, 0xea,
    0x88, 0x61, 0xb8, 0x89, 0xdf, 0x4, 0xc0, 0x0,

    /* U+0036 "6" */
    0x0, 0x9b, 0x3f, 0xd0, 0x1, 0x54, 0x84, 0x43,
    0x40, 0x8, 0xaf, 0x8e, 0xe5, 0x0, 0x78, 0x40,
    0x7, 0x91, 0x40, 0x3c, 0x40, 0x75, 0xfe, 0xc3,
    0x1, 0x6, 0xb, 0x92, 0xd1, 0x10, 0x2d, 0x23,
    0x58, 0xa1, 0x1, 0x80, 0x4c, 0x6, 0x6, 0xe2,
    0x0, 0x40, 0x20, 0xf1, 0xc7, 0x98, 0x34, 0x3,
    0xb1, 0x87, 0x6d, 0x0,

    /* U+0037 "7" */
    0x6f, 0xff, 0x9d, 0x5d, 0xf8, 0xc0, 0x8e, 0x23,
    0x80, 0x54, 0x3, 0x8c, 0xd2, 0x1, 0xe9, 0x6,
    0x0, 0xe1, 0x55, 0x8, 0x7, 0x48, 0x48, 0x7,
    0x98, 0xcc, 0x1, 0xcc, 0x34, 0x1, 0xeb, 0x16,
    0x0, 0xe4, 0x26, 0x0, 0xf7, 0x85, 0x0, 0x60,

    /* U+0038 "8" */
    0x0, 0x3e, 0xff, 0x48, 0x5, 0x10, 0x79, 0x76,
    0xb0, 0x2, 0x95, 0x34, 0xa2, 0x0, 0x2, 0x1,
    0xc2, 0x0, 0x92, 0xb3, 0x94, 0x80, 0x2, 0xca,
    0x63, 0x5b, 0x0, 0xe, 0x5, 0x82, 0x8c, 0x1,
    0xa7, 0xf3, 0xc5, 0x82, 0x63, 0x62, 0x3, 0x0,
    0xe2, 0x1c, 0x1, 0x10, 0x19, 0x1b, 0xc3, 0x44,
    0x92, 0x86, 0xb2, 0xcb, 0x33, 0x0,

    /* U+0039 "9" */
    0x0, 0x47, 0x7e, 0xa8, 0x5, 0x2e, 0xb0, 0x34,
    0xc0, 0x2c, 0x96, 0xf8, 0x70, 0x4, 0x1a, 0x1,
    0x50, 0x98, 0x87, 0x0, 0x73, 0x10, 0xb2, 0xa,
    0xc8, 0x18, 0x68, 0x5f, 0x5b, 0x81, 0x1, 0xf6,
    0xe7, 0x78, 0x30, 0x4, 0x46, 0x16, 0x24, 0x1,
    0xca, 0x6c, 0x0, 0x47, 0x75, 0xd1, 0xc0, 0x0,
    0xa2, 0xd, 0x18, 0x0,

    /* U+003A ":" */
    0xae, 0x17, 0x12, 0xfb, 0x32, 0x40, 0xf, 0x89,
    0x3, 0xec, 0xdc, 0x48,

    /* U+003B ";" */
    0xb, 0xe1, 0x6, 0x12, 0xf, 0xb3, 0x2, 0x40,
    0xf, 0xfe, 0x16, 0x78, 0x0, 0xd0, 0x8, 0x38,
    0x10, 0x54, 0x1b, 0x80, 0x0,

    /* U+003C "<" */
    0x0, 0xff, 0xe1, 0x8c, 0xa8, 0x6, 0x19, 0xe4,
    0x70, 0x0, 0xcf, 0x2d, 0x69, 0x4, 0x72, 0xde,
    0x28, 0x0, 0xdc, 0x65, 0x0, 0x31, 0xf3, 0x5f,
    0x40, 0x80, 0x43, 0x1d, 0x2b, 0xd4, 0x40, 0x19,
    0xf6, 0x99, 0x0, 0x3c, 0xb8, 0xc0,

    /* U+003D "=" */
    0x1, 0x1f, 0x80, 0xbb, 0xbe, 0x42, 0xbb, 0xf9,
    0x41, 0x57, 0xe1, 0x2e, 0xef, 0x90, 0xae, 0xfe,
    0x50,

    /* U+003E ">" */
    0x0, 0xfe, 0x3a, 0x20, 0xf, 0x13, 0x6d, 0x10,
    0x6, 0x1c, 0xb1, 0xda, 0x20, 0xc, 0x97, 0x83,
    0xb2, 0x20, 0x18, 0xfc, 0x99, 0x0, 0x2, 0xfb,
    0x69, 0xaa, 0x33, 0xd2, 0xbd, 0x24, 0x4, 0x93,
    0xd0, 0x20, 0x11, 0xeb, 0x0, 0x78,

    /* U+003F "?" */
    0x3a, 0xdf, 0xd6, 0xb, 0x44, 0x38, 0xcb, 0x47,
    0x4c, 0x60, 0x60, 0x7, 0x8c, 0x3, 0x50, 0x50,
    0x5, 0x6b, 0x46, 0x0, 0x74, 0xb5, 0x0, 0xb1,
    0x10, 0x1, 0xbe, 0x0, 0x39, 0xc0, 0x3d, 0x98,
    0x0, 0xe2, 0x20, 0x4,

    /* U+0040 "@" */
    0x0, 0xc9, 0x5d, 0xfd, 0x6a, 0x1, 0xea, 0xb0,
    0xbc, 0xa2, 0xaa, 0x0, 0x6a, 0x4d, 0xa5, 0x34,
    0x9d, 0x48, 0x0, 0x22, 0xe9, 0x2e, 0xff, 0x61,
    0x5b, 0x80, 0x3d, 0x4d, 0x29, 0x71, 0x8c, 0x14,
    0x14, 0x13, 0x3, 0xce, 0xf, 0x80, 0x22, 0x20,
    0x81, 0x2, 0xa0, 0x0, 0x44, 0x1, 0xe7, 0x3,
    0x0, 0xb8, 0x2, 0x23, 0x10, 0x60, 0x75, 0x13,
    0x71, 0x13, 0x8a, 0x2, 0x78, 0x58, 0x76, 0x5a,
    0xf4, 0x68, 0x3, 0xd5, 0x7, 0x7b, 0xd6, 0xb7,
    0xcc, 0x0, 0x8f, 0x70, 0x42, 0x4, 0xac, 0x1,
    0xd1, 0x49, 0xbf, 0xed, 0x80, 0xf, 0x97, 0x3f,
    0x75, 0xfa, 0x80, 0x10,

    /* U+0041 "A" */
    0x0, 0xdb, 0xe8, 0x1, 0xf1, 0x90, 0x70, 0x7,
    0xd4, 0xc, 0xa0, 0x1f, 0x3a, 0x68, 0x30, 0x7,
    0x20, 0xea, 0xd, 0x0, 0x77, 0x3, 0x83, 0x98,
    0x80, 0x65, 0x41, 0xa, 0x6, 0x0, 0x94, 0x13,
    0xfd, 0x81, 0x40, 0x17, 0x3, 0xbe, 0x32, 0x30,
    0x14, 0x44, 0x47, 0x5, 0x83, 0x7, 0x0, 0x64,
    0x16, 0xa, 0x5, 0x0, 0xe6, 0x14,

    /* U+0042 "B" */
    0x8f, 0xfd, 0xb2, 0x40, 0x13, 0x43, 0xb3, 0x30,
    0x2, 0xa7, 0x8b, 0x41, 0x30, 0xf, 0x10, 0x8,
    0x1, 0x84, 0x95, 0x90, 0x80, 0x15, 0xdb, 0x4b,
    0x60, 0x14, 0x5d, 0x3a, 0xe8, 0x80, 0x11, 0xb,
    0x12, 0x4c, 0x1, 0xe5, 0xe, 0x0, 0xf5, 0x87,
    0x0, 0x29, 0xdd, 0x4e, 0x2c, 0x0, 0x68, 0x82,
    0x2e, 0x8,

    /* U+0043 "C" */
    0x0, 0x8e, 0xbb, 0xfa, 0x8c, 0x0, 0xd8, 0xa8,
    0xca, 0xa6, 0x2, 0x92, 0xea, 0x9b, 0xf5, 0x8,
    0x8, 0x10, 0xf, 0x20, 0x28, 0x7, 0xc2, 0x40,
    0x1f, 0xfc, 0x61, 0x20, 0xf, 0xc8, 0x8, 0x1,
    0xf7, 0x4, 0x88, 0x7, 0x91, 0x8b, 0xea, 0x27,
    0x4c, 0x1, 0x34, 0x48, 0xee, 0x62,

    /* U+0044 "D" */
    0x8f, 0xfd, 0xb0, 0x20, 0x19, 0xa1, 0xd9, 0xfc,
    0xc0, 0x2a, 0x78, 0xbb, 0xe, 0x80, 0x7c, 0x8e,
    0x2a, 0x1, 0xf5, 0x86, 0x0, 0x7c, 0x40, 0x40,
    0x1f, 0xfc, 0x55, 0x2, 0x0, 0xfb, 0x43, 0x0,
    0x3c, 0xcc, 0x25, 0x0, 0x4c, 0x4e, 0xc8, 0xf8,
    0x4, 0xae, 0xc3, 0x1e, 0x40,

    /* U+0045 "E" */
    0x7f, 0xff, 0x0, 0x15, 0xde, 0x80, 0x7, 0x44,
    0x4e, 0x1, 0xff, 0xc4, 0xbf, 0xfa, 0x80, 0xa,
    0xef, 0x78, 0x3, 0xa2, 0x25, 0x0, 0xff, 0xe2,
    0x74, 0x46, 0x0, 0x2b, 0xbe,

    /* U+0046 "F" */
    0x7f, 0xff, 0x0, 0x19, 0xde, 0x80, 0x5, 0x44,
    0x4e, 0x1, 0xff, 0xc4, 0xa8, 0x89, 0x40, 0xc,
    0xef, 0x78, 0x3, 0x3f, 0xea, 0x0, 0xff, 0xe8,
    0x0,

    /* U+0047 "G" */
    0x0, 0x8a, 0x37, 0xfb, 0x60, 0x40, 0x9, 0xae,
    0xcc, 0x71, 0x61, 0x2, 0xb1, 0xcb, 0x99, 0x67,
    0x0, 0x2c, 0x2c, 0xc0, 0x3e, 0x71, 0x50, 0xf,
    0xc2, 0x40, 0x13, 0x44, 0x46, 0x1, 0xed, 0x77,
    0x94, 0x4, 0x80, 0x2b, 0xfb, 0x0, 0x90, 0x4c,
    0x3, 0xf7, 0x7, 0x8, 0x7, 0xc8, 0xe5, 0xd5,
    0x11, 0x0, 0x68, 0xb4, 0x43, 0xb0, 0xb2, 0x0,

    /* U+0048 "H" */
    0x7f, 0x40, 0xc, 0x9e, 0xe0, 0x1f, 0xfd, 0xeb,
    0xff, 0xd6, 0x1, 0x95, 0xdf, 0x28, 0x6, 0xe8,
    0x8d, 0xc0, 0x1f, 0xfd, 0xe0,

    /* U+0049 "I" */
    0x6f, 0xfc, 0xd, 0x40, 0x58, 0x0, 0x50, 0x63,
    0x0, 0xff, 0xf0, 0x28, 0x31, 0x83, 0x50, 0x16,
    0x0,

    /* U+004A "J" */
    0x0, 0xa3, 0xcc, 0x3, 0xff, 0xea, 0x20, 0x11,
    0x81, 0x12, 0x6d, 0x10, 0x2, 0xca, 0xaa, 0x0,

    /* U+004B "K" */
    0x7f, 0x40, 0x9, 0xbe, 0x40, 0x3c, 0x92, 0x92,
    0x1, 0xc5, 0x45, 0x60, 0x1e, 0xf0, 0xf0, 0xf,
    0x51, 0x51, 0x0, 0x77, 0xa9, 0x20, 0x7, 0x90,
    0xc9, 0xc0, 0x3d, 0x58, 0x30, 0x40, 0x1c, 0x21,
    0x41, 0xc0, 0x1f, 0x23, 0x1b, 0x80, 0x7d, 0x25,
    0x4, 0x1, 0xf7, 0x7, 0x0,

    /* U+004C "L" */
    0x8f, 0x30, 0xf, 0xff, 0xf8, 0x6, 0x98, 0x8c,
    0x1, 0x2b, 0xbe, 0x10,

    /* U+004D "M" */
    0x7f, 0xf1, 0x0, 0x73, 0xff, 0x88, 0x2, 0x50,
    0xe, 0xa0, 0xe, 0x4a, 0x0, 0xc4, 0x44, 0x0,
    0xda, 0x44, 0x0, 0xa8, 0x4c, 0x3, 0x20, 0x50,
    0x4, 0xae, 0x1, 0xc6, 0x8a, 0x0, 0x32, 0xa0,
    0xf, 0x71, 0x18, 0x50, 0x98, 0x7, 0x94, 0x2c,
    0x1d, 0x80, 0x3f, 0x2b, 0x20, 0xd8, 0x7, 0xef,
    0x19, 0x23, 0x0, 0xfc, 0xa0, 0x4a, 0x1, 0xfe,
    0x50, 0xa0, 0xe,

    /* U+004E "N" */
    0x7f, 0xd0, 0xe, 0xbe, 0x0, 0x14, 0x0, 0x7e,
    0x27, 0x20, 0xf, 0xa4, 0x24, 0x3, 0xe4, 0x54,
    0x50, 0xf, 0xd, 0x85, 0x80, 0x7c, 0x30, 0x32,
    0x1, 0xf3, 0x93, 0x18, 0x80, 0x7a, 0x43, 0xc0,
    0x3e, 0x44, 0x1a, 0x0, 0x7d, 0x20, 0x20, 0x1f,
    0x13, 0x80, 0x0,

    /* U+004F "O" */
    0x0, 0x92, 0xfb, 0xf6, 0x4, 0x3, 0x45, 0xab,
    0xb9, 0x9f, 0xc8, 0x0, 0x8e, 0x7d, 0x31, 0x74,
    0x3c, 0x0, 0xe0, 0x80, 0xc, 0xa8, 0x66, 0x4,
    0x4, 0x0, 0xed, 0x4, 0x1, 0x20, 0xf, 0x10,
    0x78, 0x7, 0xff, 0x4, 0x48, 0x3, 0xc4, 0x1e,
    0x8, 0x8, 0x1, 0xda, 0x8, 0x1c, 0x10, 0x1,
    0x91, 0x6, 0x60, 0x47, 0x3e, 0x98, 0xbb, 0xf,
    0x0, 0x51, 0x4a, 0xee, 0x67, 0xf2, 0x0,

    /* U+0050 "P" */
    0x8f, 0xfd, 0x8a, 0x1, 0x34, 0x31, 0xd2, 0x80,
    0x29, 0xe7, 0x42, 0x0, 0x38, 0x8a, 0x0, 0xf1,
    0x10, 0x3, 0x15, 0x2, 0x80, 0x33, 0xf5, 0x55,
    0x0, 0x6, 0x89, 0xda, 0x0, 0xa9, 0xd8, 0x80,
    0x3f, 0xf9, 0xc0,

    /* U+0051 "Q" */
    0x0, 0x92, 0xfb, 0xf6, 0x4, 0x3, 0x45, 0xab,
    0xb9, 0x9f, 0xc8, 0x0, 0x8e, 0x7d, 0x31, 0x74,
    0x3c, 0x0, 0xe0, 0x80, 0xc, 0xa8, 0x66, 0x4,
    0x4, 0x0, 0xed, 0x4, 0x1, 0x20, 0xf, 0x10,
    0x78, 0x7, 0xff, 0x4, 0x48, 0x3, 0xc4, 0x1e,
    0x8, 0x8, 0x1, 0xda, 0x8, 0x1c, 0x10, 0x1,
    0x91, 0x6, 0x60, 0x47, 0x3e, 0x98, 0xbb, 0xf,
    0x0, 0x51, 0x4a, 0xee, 0x43, 0xf2, 0x0, 0xcb,
    0x7d, 0xc2, 0x35, 0x0, 0xfc, 0x3e, 0x36, 0x60,
    0x1f, 0x8b, 0x5d, 0x0,

    /* U+0052 "R" */
    0x8f, 0xfd, 0x8c, 0x1, 0x9a, 0x18, 0xa5, 0xc0,
    0x2a, 0x79, 0xf0, 0x90, 0xf, 0x9, 0x8, 0x7,
    0xc6, 0x20, 0x13, 0x11, 0xd0, 0xc0, 0x5, 0x5b,
    0x8b, 0x2c, 0x1, 0x45, 0x20, 0x28, 0x6, 0x45,
    0xa0, 0xf0, 0xf, 0xb, 0x9b, 0x0, 0x7a, 0x6,
    0x4, 0x3, 0xd6, 0x36,

    /* U+0053 "S" */
    0x0, 0x3e, 0xff, 0x5a, 0x80, 0x2a, 0x5, 0x91,
    0x70, 0x0, 0xa7, 0x93, 0x5d, 0x20, 0x1f, 0xf1,
    0x9a, 0x0, 0x3d, 0xc4, 0xfd, 0x2, 0x1, 0x16,
    0xc9, 0xbf, 0x98, 0x6, 0x6d, 0x91, 0xe0, 0xf,
    0x32, 0x10, 0x7, 0xcc, 0x0, 0x3f, 0xb9, 0x8d,
    0x27, 0x2, 0x66, 0xc3, 0x50, 0x0,

    /* U+0054 "T" */
    0xcf, 0xff, 0xb2, 0x9d, 0xc8, 0x8, 0xee, 0xa6,
    0x88, 0x68, 0x74, 0x41, 0x80, 0x3f, 0xff, 0xe0,
    0x1e,

    /* U+0055 "U" */
    0x9f, 0x20, 0xc, 0xbe, 0xc0, 0x1f, 0xff, 0xae,
    0x6, 0x0, 0xc4, 0x4, 0x81, 0xe0, 0x1a, 0x81,
    0xd, 0x53, 0x66, 0x5c, 0x52, 0x0, 0xa8, 0x6,
    0x61, 0x53, 0x0,

    /* U+0056 "V" */
    0xde, 0x0, 0xe1, 0xfa, 0x51, 0x40, 0xc, 0xc1,
    0xf4, 0x1a, 0x1, 0xac, 0x14, 0x88, 0xe0, 0x10,
    0x9a, 0x80, 0x28, 0x4c, 0x0, 0xe1, 0xe0, 0x5,
    0xb, 0x0, 0x50, 0x28, 0x0, 0x88, 0xc0, 0x26,
    0xa0, 0x1a, 0x84, 0xdc, 0x3c, 0x3, 0x28, 0x5e,
    0x82, 0x80, 0x62, 0x22, 0x2a, 0x80, 0x3d, 0x46,
    0x3e, 0x1, 0xe5, 0x0, 0x28, 0x4,

    /* U+0057 "W" */
    0xcf, 0x0, 0xd1, 0xee, 0x1, 0xbf, 0x10, 0x10,
    0x2, 0x40, 0xb0, 0x8, 0xc1, 0x30, 0xc, 0x2,
    0x32, 0x30, 0x9, 0x3, 0x10, 0x30, 0x0, 0xa1,
    0x60, 0xa0, 0xd, 0x4, 0x3, 0x40, 0x6, 0x3,
    0x6, 0x0, 0x10, 0xc0, 0x8, 0x6, 0x8, 0x80,
    0x44, 0x1, 0xa, 0x0, 0x30, 0x10, 0x4b, 0x43,
    0x48, 0x88, 0x18, 0x0, 0x40, 0xd7, 0x4, 0x4,
    0x4, 0xf0, 0x40, 0x8, 0xd3, 0xc4, 0x80, 0x87,
    0x10, 0xc0, 0x32, 0xa, 0x38, 0x4, 0xee, 0x24,
    0x0, 0xd8, 0x5, 0x80, 0x16, 0x10, 0x60, 0x6,
    0x40, 0x2, 0x0, 0x48, 0x0, 0x40, 0x0,

    /* U+0058 "X" */
    0x6f, 0x80, 0xd, 0x7e, 0x4c, 0x6e, 0x40, 0x5,
    0x47, 0x20, 0xe0, 0x90, 0x5, 0x94, 0x0, 0x9,
    0xd1, 0x10, 0x32, 0x1, 0xa0, 0x65, 0xd5, 0x0,
    0x3a, 0xc8, 0x2c, 0x3, 0xd8, 0x0, 0x40, 0xe,
    0x36, 0x61, 0x58, 0x7, 0x78, 0xc4, 0x6, 0x40,
    0x26, 0x38, 0x15, 0x46, 0x30, 0x18, 0x36, 0x0,
    0x48, 0x78, 0x58, 0xf8, 0x4, 0x4e, 0x6c,

    /* U+0059 "Y" */
    0xbf, 0x20, 0xd, 0x9e, 0x30, 0x10, 0x1, 0x21,
    0xb0, 0x9a, 0x29, 0x0, 0x20, 0x20, 0x1, 0x1,
    0x0, 0xa6, 0xe2, 0x0, 0x34, 0x52, 0x80, 0x90,
    0xd, 0x21, 0xe5, 0x2, 0x1, 0x89, 0x48, 0x5c,
    0x3, 0xd2, 0xc, 0x1, 0xff, 0xe0,

    /* U+005A "Z" */
    0x4f, 0xff, 0x9d, 0x9d, 0xf8, 0x40, 0xca, 0x23,
    0x58, 0xa2, 0x0, 0x3b, 0x82, 0x80, 0x39, 0xca,
    0x44, 0x3, 0x14, 0x1b, 0x0, 0x77, 0x7, 0x0,
    0x73, 0x1b, 0x90, 0x6, 0x18, 0x28, 0x0, 0xeb,
    0x1e, 0x0, 0xe4, 0x51, 0xb8, 0x8c, 0xa6, 0x2,
    0xef, 0xde,

    /* U+005B "[" */
    0xcf, 0xf7, 0x1, 0x55, 0x0, 0x55, 0x0, 0x3f,
    0xfb, 0x42, 0x0, 0x3e, 0xe7, 0xdd, 0xb4,

    /* U+005C "\\" */
    0xae, 0x0, 0xef, 0x14, 0x0, 0xca, 0x1c, 0x1,
    0xcc, 0xa0, 0x1d, 0xa0, 0xa0, 0x19, 0x7, 0x80,
    0x39, 0x90, 0x40, 0x35, 0x83, 0x80, 0x63, 0x2a,
    0x0, 0xea, 0x32, 0x0, 0xca, 0xa, 0x1, 0x88,
    0xe8, 0x0,

    /* U+005D "]" */
    0x9f, 0xf8, 0x2a, 0x8a, 0x0, 0x35, 0x20, 0xf,
    0xff, 0x20, 0x80, 0x53, 0xce, 0x0, 0xbb, 0xc0,

    /* U+005E "^" */
    0x0, 0x85, 0xc0, 0x3e, 0x98, 0x50, 0xf, 0x31,
    0xc0, 0x7, 0x30, 0x69, 0x28, 0x6, 0xb9, 0x17,
    0x80, 0x9, 0x49, 0x82, 0x49, 0x40, 0x12, 0xc2,
    0x2, 0xf0, 0x6, 0x6b, 0x0, 0xa4, 0x94,

    /* U+005F "_" */
    0xf, 0xff, 0x70, 0x6e, 0xfb, 0xc0,

    /* U+0060 "`" */
    0x28, 0x60, 0x1, 0xc, 0xa0, 0x2, 0x62, 0x84,

    /* U+0061 "a" */
    0x1, 0x9d, 0xfe, 0x90, 0x9, 0xd6, 0x51, 0xa4,
    0x7, 0xa1, 0xa8, 0x50, 0x3, 0xc4, 0x60, 0x55,
    0xbf, 0xe3, 0x0, 0x62, 0x46, 0x69, 0x1, 0x8b,
    0x29, 0x91, 0x81, 0x2, 0xa2, 0x2c, 0x40, 0x68,
    0x2e, 0x72, 0x0,

    /* U+0062 "b" */
    0xbf, 0x0, 0xff, 0xe7, 0xa6, 0x7e, 0xb0, 0x6,
    0xa4, 0x80, 0x95, 0x0, 0xae, 0x1f, 0x2, 0x40,
    0x24, 0x0, 0x9, 0x98, 0x2, 0x10, 0x9, 0xc0,
    0x40, 0x2, 0x1, 0x38, 0x8, 0x1, 0xc0, 0x4,
    0x66, 0x0, 0xa6, 0x51, 0xe1, 0x20, 0x4, 0xb4,
    0x70, 0x95, 0x0,

    /* U+0063 "c" */
    0x0, 0x26, 0x7f, 0x61, 0x2, 0x59, 0x3b, 0x1,
    0x4, 0x87, 0xc4, 0x30, 0x0, 0x48, 0x20, 0x18,
    0x80, 0x80, 0x38, 0xc0, 0x80, 0x38, 0x49, 0x4,
    0x3, 0xa0, 0x3e, 0x21, 0x84, 0xb, 0x44, 0xef,
    0x18,

    /* U+0064 "d" */
    0x0, 0xf0, 0xfc, 0x80, 0x7f, 0xf2, 0x1f, 0xbf,
    0x8, 0x2, 0x68, 0x37, 0x5d, 0x0, 0xa0, 0x32,
    0x26, 0x40, 0x1, 0x12, 0x8, 0x1, 0x40, 0x6,
    0x4, 0x1, 0x18, 0x0, 0xc0, 0x80, 0x3c, 0x22,
    0x40, 0x9, 0xc0, 0x29, 0xd, 0x79, 0xb0, 0x9,
    0xe0, 0xe1, 0x7c, 0x80,

    /* U+0065 "e" */
    0x0, 0x26, 0x7f, 0x48, 0x4, 0x96, 0x32, 0xcc,
    0x90, 0x4, 0x6, 0x34, 0x33, 0x4, 0xd, 0x4,
    0x1, 0xe0, 0xa4, 0x9, 0xff, 0x48, 0x11, 0x1,
    0x33, 0x39, 0xc0, 0x94, 0x8c, 0xf0, 0x84, 0x8e,
    0x43, 0x46, 0x0, 0x13, 0x19, 0xe5, 0x50, 0x0,

    /* U+0066 "f" */
    0x0, 0x2e, 0xff, 0x18, 0xd, 0x4, 0x49, 0x82,
    0x85, 0xbb, 0x81, 0xe8, 0x27, 0xe0, 0x11, 0x81,
    0xaa, 0x80, 0x78, 0x1e, 0xa4, 0x1, 0xff, 0xdf,

    /* U+0067 "g" */
    0x0, 0x3f, 0x7e, 0x1e, 0xc8, 0x2c, 0x1c, 0x2e,
    0x90, 0x2, 0x3, 0x1e, 0x64, 0x1, 0x12, 0x8,
    0x1, 0x40, 0x4, 0x4, 0x1, 0x10, 0x0, 0x80,
    0xc0, 0x21, 0x0, 0x89, 0x0, 0x24, 0x0, 0xac,
    0x71, 0xe2, 0xc0, 0x26, 0x82, 0x84, 0xa0, 0xc,
    0xfd, 0xf8, 0xc0, 0x20, 0x1e, 0x40, 0xe0, 0x8c,
    0x87, 0x99, 0xb, 0x6, 0x3b, 0x43, 0xa6, 0x0,

    /* U+0068 "h" */
    0xbf, 0x0, 0xff, 0xe6, 0x1e, 0x7f, 0x40, 0x5,
    0xab, 0x4, 0xec, 0x0, 0x89, 0x7d, 0xc, 0x0,
    0x38, 0x0, 0x44, 0xc0, 0x1, 0x0, 0xff, 0xec,
    0x80,

    /* U+0069 "i" */
    0x9d, 0x0, 0xd3, 0xa1, 0x7e, 0x1, 0xff, 0xcd,

    /* U+006A "j" */
    0x0, 0x4e, 0x80, 0x7e, 0x9d, 0x0, 0xaf, 0xc0,
    0x3f, 0xfc, 0xed, 0x8, 0x61, 0x4e, 0x7c, 0x0,

    /* U+006B "k" */
    0xaf, 0x0, 0xff, 0xe7, 0xe7, 0x98, 0x6, 0xa3,
    0xb3, 0x0, 0xa5, 0x65, 0x0, 0x26, 0x64, 0x30,
    0x6, 0x90, 0xe0, 0xe, 0x95, 0x65, 0x0, 0xcd,
    0x45, 0x62, 0x1, 0xdc, 0x3a, 0x1, 0xc6, 0xe6,
    0xe0,

    /* U+006C "l" */
    0xbf, 0x0, 0xff, 0xeb, 0x0,

    /* U+006D "m" */
    0xbb, 0x26, 0xfe, 0xa8, 0xd7, 0xf5, 0x8, 0x25,
    0x23, 0x9d, 0x60, 0xc2, 0xaa, 0x40, 0x11, 0x31,
    0x0, 0x1b, 0x7b, 0x15, 0x0, 0x38, 0x0, 0x81,
    0x0, 0x22, 0x30, 0x0, 0x80, 0x6f, 0x0, 0xff,
    0xf6, 0x80,

    /* U+006E "n" */
    0xbb, 0x1e, 0x7f, 0x40, 0x1, 0x35, 0x60, 0xdd,
    0x80, 0x11, 0x2f, 0x81, 0x80, 0x7, 0x0, 0x8,
    0x98, 0x0, 0x20, 0x1f, 0xfd, 0x90,

    /* U+006F "o" */
    0x0, 0x26, 0x7f, 0x51, 0x0, 0x12, 0xc6, 0x19,
    0x70, 0x42, 0x43, 0x1e, 0x2c, 0x60, 0x49, 0x4,
    0x0, 0x82, 0x86, 0x4, 0x1, 0x8c, 0xc4, 0x4,
    0x1, 0x8c, 0xc0, 0x68, 0x20, 0x4, 0x14, 0x8,
    0xc, 0x78, 0xb1, 0xb0, 0x4c, 0x18, 0x74, 0xc2,

    /* U+0070 "p" */
    0xbc, 0x3c, 0xfd, 0x60, 0x8, 0xf5, 0x5c, 0xe5,
    0x40, 0x28, 0x98, 0xc0, 0x90, 0x9, 0xc0, 0x4,
    0x66, 0x0, 0x84, 0x2, 0x70, 0x10, 0x0, 0x80,
    0x4e, 0x2, 0x0, 0x70, 0x1, 0x19, 0x80, 0x29,
    0x94, 0x60, 0x48, 0x5, 0x68, 0xe7, 0x2a, 0x1,
    0x26, 0xfe, 0xb0, 0x7, 0xff, 0x44,

    /* U+0071 "q" */
    0x0, 0x3f, 0x7e, 0x1e, 0xc8, 0x34, 0x1c, 0x2e,
    0x90, 0x2, 0x3, 0x1e, 0x64, 0x0, 0x11, 0x20,
    0x80, 0x14, 0x0, 0x60, 0x40, 0x11, 0x0, 0xc,
    0x8, 0x2, 0x10, 0x0, 0x89, 0x0, 0x27, 0x0,
    0xa4, 0x35, 0xe6, 0x0, 0x27, 0x83, 0x85, 0xa0,
    0xc, 0xfd, 0xf8, 0xa0, 0x1f, 0xfd, 0x10,

    /* U+0072 "r" */
    0xbb, 0xd, 0xfb, 0x83, 0x6b, 0x29, 0x81, 0x36,
    0xd2, 0x0, 0x20, 0x3, 0x88, 0x3, 0xff, 0x9e,

    /* U+0073 "s" */
    0x3, 0xbe, 0xfd, 0x70, 0x6, 0x34, 0x4a, 0x0,
    0x8, 0x15, 0x99, 0x2e, 0x4, 0x47, 0xa3, 0x0,
    0xd8, 0xeb, 0x98, 0x20, 0x0, 0xc7, 0xc1, 0xf8,
    0x7, 0x3a, 0x90, 0x1e, 0x43, 0x3a, 0x98, 0x13,
    0xb4, 0xc9, 0x74, 0x0,

    /* U+0074 "t" */
    0x0, 0x79, 0x80, 0x4a, 0x1, 0x9e, 0x83, 0x3e,
    0x91, 0x42, 0x2a, 0x4c, 0x81, 0x14, 0xc0, 0x3f,
    0xf8, 0xfe, 0x1, 0xc6, 0x1e, 0xcc, 0x4, 0x62,
    0x9f,

    /* U+0075 "u" */
    0xcf, 0x0, 0xdf, 0x60, 0x1f, 0xfd, 0xc6, 0x1,
    0x0, 0x28, 0x3, 0x2, 0x95, 0xac, 0x0, 0xce,
    0xb5, 0x76, 0x40,

    /* U+0076 "v" */
    0xdf, 0x0, 0xd1, 0xe9, 0x40, 0x80, 0x12, 0x8a,
    0x30, 0x70, 0x0, 0xc9, 0x80, 0x51, 0x40, 0x16,
    0x14, 0x0, 0xe0, 0x40, 0x63, 0x20, 0x2, 0x86,
    0x98, 0xd0, 0x6, 0x57, 0xb0, 0x70, 0xd, 0xc2,
    0xc8, 0x20, 0x19, 0x4, 0x5c, 0x1, 0x0,

    /* U+0077 "w" */
    0xbf, 0x0, 0xa7, 0xe0, 0x0, 0x3f, 0x3a, 0x8,
    0x0, 0x70, 0x40, 0x2, 0x6, 0x20, 0x60, 0x10,
    0xb1, 0x88, 0x60, 0x21, 0xa, 0x2, 0x85, 0x82,
    0x2, 0x18, 0x82, 0x18, 0x62, 0x11, 0x3c, 0x49,
    0x0, 0x1e, 0x8, 0x8c, 0x4, 0x48, 0x30, 0x0,
    0x81, 0xc0, 0xa1, 0xa3, 0xe0, 0x80, 0x1, 0x25,
    0x12, 0x4, 0x5, 0x40, 0xc, 0x80, 0xe0, 0x12,
    0x6, 0x0, 0x0,

    /* U+0078 "x" */
    0x4f, 0x90, 0xb, 0x78, 0x51, 0x59, 0x2, 0xa,
    0xc4, 0x2c, 0x64, 0xdd, 0x54, 0x0, 0x1a, 0x2c,
    0x1b, 0x0, 0xc8, 0x40, 0xc2, 0x1, 0x9c, 0x85,
    0xc8, 0x2, 0x28, 0x4f, 0xe, 0x0, 0xb8, 0x24,
    0x64, 0xdc, 0x1c, 0xe0, 0x81, 0x8e, 0x8,

    /* U+0079 "y" */
    0xcf, 0x0, 0xd1, 0xe9, 0x40, 0xa0, 0x12, 0x8a,
    0x30, 0x70, 0x0, 0xc9, 0x80, 0xa, 0x82, 0x16,
    0x14, 0x0, 0xe0, 0x70, 0x52, 0x20, 0x1, 0xb,
    0x4c, 0xa8, 0x3, 0x52, 0x58, 0x30, 0x6, 0x60,
    0x74, 0x10, 0xc, 0x28, 0x1c, 0x1, 0xf9, 0x40,
    0x38, 0xd1, 0x80, 0x32, 0xbe, 0x85, 0x80, 0x6f,
    0x82, 0xc2, 0x0, 0xc0,

    /* U+007A "z" */
    0x2f, 0xfe, 0xe0, 0x2a, 0xaa, 0x1, 0x40, 0xa,
    0xb6, 0x5, 0x0, 0x66, 0x4a, 0x10, 0x8, 0xa5,
    0x14, 0x3, 0x70, 0xd0, 0x6, 0x73, 0xb1, 0x0,
    0x8a, 0x8, 0x15, 0x60, 0x40, 0x2a, 0xac, 0x0,

    /* U+007B "{" */
    0x0, 0x9f, 0x64, 0x0, 0xd0, 0xd4, 0x0, 0xf0,
    0xb3, 0x0, 0x18, 0x7, 0xff, 0x0, 0x40, 0x2,
    0xaa, 0x40, 0x4, 0x52, 0x50, 0x2, 0x9d, 0x28,
    0x0, 0x70, 0x88, 0x0, 0xc2, 0x20, 0xf, 0xf1,
    0x2, 0x88, 0x2, 0x4a, 0xa0, 0x0, 0x3b, 0xab,

    /* U+007C "|" */
    0x4f, 0x10, 0xf, 0xff, 0x8,

    /* U+007D "}" */
    0x7e, 0x90, 0x9, 0x5d, 0xa0, 0x0, 0x52, 0x48,
    0x1, 0x84, 0x3, 0xff, 0x80, 0x20, 0x19, 0x9,
    0x84, 0x1, 0xd, 0x3a, 0x0, 0x76, 0x64, 0x0,
    0x2c, 0xa5, 0x0, 0x21, 0x0, 0xfe, 0x43, 0x60,
    0x3, 0xd8, 0xc8, 0x1, 0xb7, 0x8c, 0x0,

    /* U+007E "~" */
    0x0, 0xfe, 0x1b, 0xff, 0x52, 0xb, 0x29, 0x5,
    0xc3, 0x5f, 0x43, 0x9d, 0xa3, 0xe6, 0xe7, 0x10,

    /* U+00A0 " " */

    /* U+00A1 "¡" */
    0xae, 0x17, 0x12, 0xfc, 0x33, 0x8, 0x37, 0x87,
    0x80, 0x4, 0xc0, 0x2, 0x6, 0x0, 0x10, 0x17,
    0x0, 0xc6,

    /* U+00A2 "¢" */
    0x0, 0x9e, 0xc0, 0x22, 0xb8, 0x4f, 0x90, 0xf4,
    0x7a, 0x7f, 0x52, 0x78, 0x58, 0x6d, 0xb, 0x0,
    0xc2, 0x4, 0x1, 0xe3, 0x0, 0xdc, 0x8, 0x1,
    0x98, 0x21, 0x49, 0x18, 0x6c, 0x2b, 0x6f, 0x1,
    0x39, 0x8f, 0x28, 0x2, 0xe7, 0x30,

    /* U+00A3 "£" */
    0x0, 0x9b, 0x7f, 0x64, 0x40, 0xd, 0x23, 0xe,
    0xe1, 0x0, 0x50, 0xe3, 0xd7, 0x0, 0x44, 0x40,
    0xf, 0xfe, 0x5b, 0x78, 0x9f, 0xfb, 0x80, 0xf,
    0x80, 0x59, 0x8d, 0x0, 0x9, 0x88, 0x8c, 0xe0,
    0x8, 0x85, 0x40, 0x38, 0xf0, 0x1, 0x11, 0x95,
    0x4, 0x19, 0xdf, 0x78,

    /* U+00A4 "¤" */
    0x3, 0x0, 0xe3, 0x0, 0x76, 0x63, 0xf2, 0xf4,
    0x1, 0xc6, 0xd4, 0xa9, 0x60, 0x4, 0x2a, 0x59,
    0x5c, 0x0, 0x78, 0x80, 0x46, 0x60, 0x5, 0x9b,
    0xa, 0xb7, 0x80, 0x20, 0x67, 0xa8, 0x64, 0x1,
    0xb9, 0xfb, 0xfe, 0xb0,

    /* U+00A5 "¥" */
    0x9f, 0x30, 0x8, 0x7e, 0xa0, 0x24, 0x2, 0x90,
    0x81, 0x75, 0x20, 0x17, 0x52, 0x9, 0x8, 0x6,
    0x8, 0x0, 0xb, 0xa9, 0x4b, 0x10, 0x5, 0x3,
    0x83, 0x0, 0x14, 0x78, 0x88, 0x3a, 0x80, 0x13,
    0xb2, 0x11, 0xb6, 0x0, 0x12, 0x20, 0x9, 0x8,
    0x2, 0x3e, 0xc2, 0x7e, 0x80, 0x13, 0xb2, 0x11,
    0xb6, 0x0, 0x12, 0x20, 0x9, 0x8, 0x0,

    /* U+00A6 "¦" */
    0x4f, 0x10, 0xf, 0xfe, 0x1a, 0xd0, 0x89, 0x40,
    0x30, 0xa8, 0x2d, 0x8, 0x7, 0xff, 0xc,

    /* U+00A7 "§" */
    0x2, 0xbe, 0xfd, 0x80, 0x7, 0x35, 0x5d, 0x78,
    0x0, 0x44, 0x88, 0x77, 0x0, 0x24, 0xfa, 0x4,
    0x2, 0x21, 0x64, 0xe6, 0x0, 0x44, 0xc6, 0x34,
    0x80, 0xa, 0xc4, 0x30, 0x2, 0xe1, 0xea, 0xa4,
    0x0, 0xb, 0x6c, 0x1, 0xc0, 0x19, 0x29, 0xd8,
    0x6, 0x94, 0xd1, 0x4, 0x2, 0x17, 0x94, 0xde,
    0x0,

    /* U+00A8 "¨" */
    0x59, 0x4, 0xa0, 0xd5, 0x2, 0x40,

    /* U+00A9 "©" */
    0x0, 0x86, 0x37, 0xb6, 0x8c, 0x3, 0x93, 0xfd,
    0x9d, 0xbf, 0xd0, 0x1, 0x15, 0x63, 0xc7, 0x73,
    0x74, 0x8c, 0x0, 0x9b, 0x2b, 0x5d, 0xd6, 0x6,
    0xc0, 0x1, 0x54, 0x49, 0xc6, 0x64, 0x1, 0x45,
    0x22, 0x3, 0x1, 0x0, 0x76, 0x90, 0x4, 0xc0,
    0x20, 0x1d, 0xe0, 0x44, 0x2, 0x24, 0x0, 0x8,
    0x0, 0x44, 0x5, 0x60, 0xf4, 0xff, 0x50, 0xa,
    0x20, 0x22, 0x4, 0x4d, 0xfe, 0x80, 0xd9, 0x10,
    0x3b, 0xc7, 0x10, 0x15, 0xd5, 0x70, 0x9, 0x73,
    0xb3, 0xb9, 0xf3, 0x20, 0x0,

    /* U+00AA "ª" */
    0xb, 0xee, 0x38, 0x2, 0x7b, 0x60, 0x7, 0xb3,
    0xc0, 0x58, 0x32, 0x0, 0xa, 0x3b, 0xa1, 0x0,

    /* U+00AB "«" */
    0x0, 0xd, 0x18, 0x3b, 0x80, 0x2a, 0x41, 0x58,
    0x0, 0xa1, 0x28, 0x29, 0x5c, 0xd, 0xd9, 0x3c,
    0x28, 0x0, 0x68, 0xc5, 0x0, 0xe0, 0x15, 0x17,
    0xab, 0xc2, 0x0, 0x7, 0xcd, 0x21, 0x38, 0x2,
    0x2e, 0x40, 0xba, 0x0,

    /* U+00AC "¬" */
    0x1, 0x1f, 0x80, 0xfb, 0xbe, 0x53, 0xbb, 0xf0,
    0x4, 0x89, 0xe0, 0xf, 0xfe, 0x36, 0x20,

    /* U+00AD "­" */
    0x38, 0x89, 0x15, 0xde, 0xd0,

    /* U+00AE "®" */
    0x0, 0x86, 0x37, 0xb6, 0x8c, 0x3, 0x93, 0xfd,
    0x9d, 0xbf, 0xd0, 0x1, 0x15, 0x67, 0xf7, 0x31,
    0xb5, 0x18, 0x1, 0x36, 0x40, 0x98, 0xbc, 0x1b,
    0x0, 0x5, 0x50, 0x4, 0x54, 0x40, 0x28, 0xa4,
    0x40, 0xe, 0xb2, 0x0, 0x69, 0x0, 0x72, 0x7b,
    0xf0, 0x3, 0xc0, 0x88, 0x1, 0x26, 0x3, 0x80,
    0x8, 0x80, 0xac, 0x1, 0x1c, 0x48, 0xa, 0x20,
    0x22, 0x5, 0xb8, 0xe, 0x8b, 0xb2, 0x20, 0x77,
    0x84, 0xc0, 0xc, 0x85, 0x70, 0x9, 0x73, 0xb3,
    0xb9, 0xf3, 0x20, 0x0,

    /* U+00AF "¯" */
    0x0, 0xff, 0xbf, 0xff, 0x0, 0x33, 0x3f, 0x0,

    /* U+00B0 "°" */
    0x3, 0xce, 0xb1, 0x0, 0x6a, 0x68, 0xd0, 0x10,
    0xc1, 0xca, 0x1, 0x2, 0x85, 0x90, 0x2, 0xa9,
    0xed, 0xc0, 0x5, 0xfe, 0xe1, 0x80,

    /* U+00B1 "±" */
    0x0, 0x87, 0xcc, 0x3, 0xff, 0x82, 0x22, 0x30,
    0x71, 0x10, 0x1f, 0x73, 0x42, 0xfb, 0x8a, 0x77,
    0x6a, 0x9, 0xbb, 0x20, 0x22, 0x40, 0xa8, 0x81,
    0x0, 0xff, 0xe3, 0xa, 0xa9, 0x29, 0x95, 0x44,
    0x4a, 0xaf, 0x90,

    /* U+00B2 "²" */
    0x1a, 0xed, 0x50, 0x33, 0x6a, 0x58, 0x14, 0x9f,
    0x80, 0x62, 0x88, 0x0, 0xb, 0x25, 0x80, 0xb1,
    0xd0, 0xc2, 0xc5, 0xb3, 0x2,

    /* U+00B3 "³" */
    0x3b, 0xed, 0x50, 0x6, 0x61, 0x68, 0xd, 0xcb,
    0xc4, 0x1, 0x1f, 0x16, 0x0, 0x9d, 0x9a, 0x24,
    0x23, 0x30, 0x0, 0xf7, 0xae, 0x8,

    /* U+00B4 "´" */
    0x0, 0x3b, 0x84, 0x1a, 0x0, 0x4a, 0x25, 0xc0,

    /* U+00B5 "µ" */
    0xbf, 0x0, 0xdd, 0x80, 0x1f, 0xfd, 0xa1, 0x0,
    0x88, 0x0, 0x60, 0x1b, 0x95, 0xb4, 0x3, 0x3d,
    0x44, 0x14, 0x2, 0xbf, 0xe6, 0xac, 0x0, 0xff,
    0xe6, 0x0,

    /* U+00B6 "¶" */
    0x0, 0x47, 0x7f, 0xed, 0x8, 0x71, 0x0, 0x56,
    0x0, 0x18, 0x3, 0x8, 0x80, 0x44, 0x1, 0xff,
    0xc4, 0x10, 0xf, 0xe4, 0x0, 0xfd, 0x46, 0x1,
    0xf0, 0xe7, 0x69, 0x80, 0x78, 0x48, 0x3, 0xff,
    0xc3, 0x6c, 0x6a,

    /* U+00B7 "·" */
    0x24, 0xf, 0xb3, 0x71, 0x20,

    /* U+00B8 "¸" */
    0xa, 0x40, 0x0, 0xc9, 0x85, 0x9a, 0x5f, 0x9a,
    0xdf, 0x69, 0x0,

    /* U+00B9 "¹" */
    0x1, 0xbf, 0x2, 0xf7, 0x0, 0x15, 0x40, 0x4,
    0x82, 0x1, 0xff, 0xc5,

    /* U+00BA "º" */
    0x7, 0xee, 0x38, 0x1c, 0xe7, 0xca, 0x2a, 0x88,
    0x53, 0x0, 0x3c, 0xaa, 0x21, 0x4c, 0x38, 0xcf,
    0x94,

    /* U+00BB "»" */
    0x1a, 0x20, 0x78, 0x0, 0x85, 0xbc, 0x41, 0xd4,
    0x2, 0xe3, 0xa7, 0x5a, 0x30, 0x1, 0x42, 0x3d,
    0xf, 0x0, 0x56, 0x2c, 0xe3, 0x60, 0xa, 0x2d,
    0x58, 0x66, 0x1, 0x25, 0x1f, 0x24, 0x80, 0xb,
    0x94, 0x2a, 0xc0, 0x20,

    /* U+00BC "¼" */
    0x2, 0xde, 0x0, 0xcb, 0xe2, 0x0, 0x3c, 0x10,
    0xe, 0xb8, 0x10, 0x1, 0x5d, 0x0, 0x67, 0x7,
    0x0, 0x85, 0x44, 0x2, 0x18, 0xb0, 0xf, 0xf4,
    0x1a, 0x80, 0x80, 0x7c, 0x4d, 0xe1, 0x3c, 0x60,
    0x1e, 0x95, 0x34, 0x40, 0x7, 0x3f, 0x22, 0x20,
    0x66, 0x40, 0x1f, 0x4b, 0x96, 0xc3, 0x80, 0x79,
    0x8e, 0x10, 0xeb, 0x3, 0x8, 0x0, 0x31, 0x0,
    0x4d, 0xd5, 0x85, 0x10, 0x2, 0xd, 0x80, 0x4,
    0x47, 0x6, 0x0,

    /* U+00BD "½" */
    0x3, 0xec, 0x0, 0xd5, 0x60, 0x12, 0x61, 0x80,
    0x63, 0x59, 0x0, 0x9e, 0x94, 0x3, 0x7b, 0x10,
    0x4, 0x6a, 0x20, 0x12, 0x9c, 0x0, 0x7f, 0xa2,
    0x2, 0x1, 0xfc, 0xe6, 0xb5, 0xda, 0xa0, 0x1c,
    0x33, 0x7, 0xba, 0x4a, 0x0, 0xa7, 0x20, 0xd8,
    0x5c, 0xf0, 0x3, 0x89, 0xa4, 0x2, 0x18, 0x70,
    0xd, 0x8, 0x80, 0x0, 0xeb, 0xc0, 0x4, 0x6b,
    0x20, 0x16, 0xb5, 0x0, 0x6f, 0x62, 0x0, 0x41,
    0xaf, 0xf8, 0x80, 0x1f, 0x20, 0x14, 0xe6, 0x62,

    /* U+00BE "¾" */
    0x2a, 0xed, 0x50, 0xd, 0x56, 0x1, 0x6e, 0x2d,
    0x0, 0x46, 0xb0, 0x0, 0x27, 0x20, 0x20, 0xb,
    0xd4, 0xc0, 0x29, 0xf7, 0x90, 0x2, 0x9d, 0x80,
    0x69, 0xfa, 0xb2, 0xb, 0x81, 0x0, 0x88, 0x40,
    0x40, 0xe, 0xe, 0x5f, 0x60, 0xbd, 0xf6, 0xe7,
    0x16, 0x1c, 0x40, 0x7, 0xfe, 0xf8, 0xb3, 0x59,
    0xb6, 0x0, 0xc2, 0x6, 0xbe, 0x8a, 0xe0, 0x1f,
    0x7a, 0x9c, 0x1f, 0xa2, 0x28, 0x2, 0x53, 0xb0,
    0xdd, 0x8d, 0x2c, 0x2, 0x87, 0x10, 0x12, 0x23,
    0x80, 0x80,

    /* U+00BF "¿" */
    0x0, 0xaf, 0x84, 0x3, 0x28, 0x98, 0x6, 0xcb,
    0x20, 0xe, 0x70, 0xe, 0xae, 0x0, 0xc4, 0xce,
    0x1, 0x16, 0x5, 0x80, 0x7, 0xf, 0xc4, 0x0,
    0xc3, 0xc2, 0x1, 0x70, 0x18, 0x6, 0xf0, 0x92,
    0x37, 0x73, 0x2b, 0x6e, 0x47, 0x5, 0x6d, 0xe7,
    0x48,

    /* U+00C0 "À" */
    0x0, 0x9a, 0x4, 0x3, 0xf2, 0xbd, 0x80, 0x7e,
    0x3c, 0x46, 0x0, 0xfc, 0x7c, 0xc0, 0x1f, 0xb7,
    0xd0, 0x3, 0xe3, 0x20, 0xe0, 0xf, 0xa8, 0x19,
    0x40, 0x3e, 0x74, 0xd0, 0x60, 0xe, 0x41, 0xd4,
    0x1a, 0x0, 0xee, 0x7, 0x7, 0x31, 0x0, 0xca,
    0x82, 0x14, 0xc, 0x1, 0x28, 0x27, 0xfb, 0x2,
    0x80, 0x2e, 0x7, 0x7c, 0x64, 0x60, 0x28, 0x88,
    0x8e, 0xb, 0x6, 0xe, 0x0, 0xc8, 0x2c, 0x14,
    0xa, 0x1, 0xcc, 0x28,

    /* U+00C1 "Á" */
    0x0, 0xe2, 0x86, 0x0, 0xfd, 0xcc, 0x80, 0x1f,
    0x40, 0xe1, 0x0, 0x7d, 0x1a, 0x40, 0x1f, 0xb7,
    0xd0, 0x3, 0xe3, 0x20, 0xe0, 0xf, 0xa8, 0x19,
    0x40, 0x3e, 0x74, 0xd0, 0x60, 0xe, 0x41, 0xd4,
    0x1a, 0x0, 0xee, 0x7, 0x7, 0x31, 0x0, 0xca,
    0x82, 0x14, 0xc, 0x1, 0x28, 0x27, 0xfb, 0x2,
    0x80, 0x2e, 0x7, 0x7c, 0x64, 0x60, 0x28, 0x88,
    0x8e, 0xb, 0x6, 0xe, 0x0, 0xc8, 0x2c, 0x14,
    0xa, 0x1, 0xcc, 0x28,

    /* U+00C2 "Â" */
    0x0, 0xcd, 0x2, 0x1, 0xf3, 0x4a, 0xe8, 0x7,
    0x96, 0x2f, 0x1e, 0xc0, 0x39, 0x79, 0x6, 0xec,
    0x1, 0xf6, 0xfa, 0x0, 0x7c, 0x64, 0x1c, 0x1,
    0xf5, 0x3, 0x28, 0x7, 0xce, 0x9a, 0xc, 0x1,
    0xc8, 0x3a, 0x83, 0x40, 0x1d, 0xc0, 0xe0, 0xe6,
    0x20, 0x19, 0x50, 0x42, 0x81, 0x80, 0x25, 0x4,
    0xff, 0x60, 0x50, 0x5, 0xc0, 0xef, 0x8c, 0x8c,
    0x5, 0x11, 0x11, 0xc1, 0x60, 0xc1, 0xc0, 0x19,
    0x5, 0x82, 0x81, 0x40, 0x39, 0x85, 0x0,

    /* U+00C3 "Ã" */
    0x0, 0xff, 0xe0, 0x97, 0x71, 0xcb, 0x48, 0x3,
    0x5b, 0xc4, 0xeb, 0x10, 0x6, 0xb9, 0x6e, 0xdb,
    0x0, 0xe2, 0xd, 0xf6, 0x0, 0xf8, 0xc8, 0x38,
    0x3, 0xea, 0x6, 0x50, 0xf, 0x9d, 0x34, 0x18,
    0x3, 0x90, 0x75, 0x6, 0x80, 0x3b, 0x81, 0xc1,
    0xcc, 0x40, 0x32, 0xa0, 0x85, 0x3, 0x0, 0x4a,
    0x9, 0xfe, 0xc0, 0xa0, 0xb, 0x81, 0xdf, 0x19,
    0x18, 0xa, 0x22, 0x23, 0x82, 0xc1, 0x83, 0x80,
    0x32, 0xb, 0x5, 0x2, 0x80, 0x73, 0xa, 0x0,

    /* U+00C4 "Ä" */
    0x0, 0xf, 0x28, 0x6b, 0x80, 0x70, 0xa3, 0x2,
    0x10, 0x7, 0xa8, 0xc2, 0x54, 0x3, 0xed, 0xf4,
    0x0, 0xf8, 0xc8, 0x38, 0x3, 0xea, 0x6, 0x50,
    0xf, 0x9d, 0x34, 0x18, 0x3, 0x90, 0x75, 0x6,
    0x80, 0x3b, 0x81, 0xc1, 0xcc, 0x40, 0x32, 0xa0,
    0x85, 0x3, 0x0, 0x4a, 0x9, 0xfe, 0xc0, 0xa0,
    0xb, 0x81, 0xdf, 0x19, 0x18, 0xa, 0x22, 0x23,
    0x82, 0xc1, 0x83, 0x80, 0x32, 0xb, 0x5, 0x2,
    0x80, 0x73, 0xa, 0x0,

    /* U+00C5 "Å" */
    0x0, 0x8f, 0x79, 0xc0, 0x3e, 0xb5, 0xc8, 0x0,
    0xfa, 0x9f, 0x4c, 0x3, 0xe1, 0x0, 0x30, 0x7,
    0xd4, 0xc, 0xa0, 0x1f, 0x3a, 0x68, 0x30, 0x7,
    0x20, 0xea, 0xd, 0x0, 0x77, 0x3, 0x83, 0x98,
    0x80, 0x65, 0x41, 0xa, 0x6, 0x0, 0x94, 0x13,
    0xfd, 0x81, 0x40, 0x17, 0x3, 0xbe, 0x32, 0x30,
    0x14, 0x44, 0x47, 0x5, 0x83, 0x7, 0x0, 0x64,
    0x16, 0xa, 0x5, 0x0, 0xe6, 0x14,

    /* U+00C6 "Æ" */
    0x0, 0xf7, 0x7f, 0xfc, 0xe0, 0x1c, 0xa2, 0xc4,
    0xe, 0xf9, 0x0, 0x3a, 0x4a, 0x58, 0x22, 0x31,
    0x80, 0x63, 0x35, 0x0, 0x7f, 0xf0, 0x24, 0x18,
    0x3, 0xfe, 0x25, 0x61, 0x0, 0xbf, 0xf1, 0x80,
    0x56, 0x16, 0x1, 0x9d, 0xf1, 0x0, 0x4c, 0x1b,
    0xfe, 0x40, 0x88, 0xc2, 0x0, 0x70, 0x57, 0x78,
    0x40, 0x3f, 0x49, 0x54, 0x44, 0xa0, 0x1f, 0x28,
    0xd8, 0x7, 0xa2, 0x31, 0x84, 0x83, 0x0, 0x79,
    0xdf, 0x20,

    /* U+00C7 "Ç" */
    0x0, 0x8e, 0xbb, 0xfa, 0x8c, 0x0, 0xd8, 0xa8,
    0xca, 0xa6, 0x2, 0x92, 0xea, 0x9b, 0xf5, 0x8,
    0x8, 0x10, 0xf, 0x20, 0x28, 0x7, 0xc2, 0x40,
    0x1f, 0xfc, 0x61, 0x20, 0xf, 0xc8, 0x8, 0x1,
    0xf7, 0x4, 0x88, 0x7, 0x91, 0x8b, 0xea, 0x27,
    0x4c, 0x1, 0x34, 0x4a, 0xee, 0x62, 0x0, 0x97,
    0xe, 0x7a, 0xc4, 0x3, 0xae, 0x54, 0x3, 0xc2,
    0xc5, 0xa0, 0x1e, 0xbe, 0x19, 0x0, 0x0,

    /* U+00C8 "È" */
    0x2, 0x85, 0x0, 0xc4, 0x4a, 0x20, 0xd, 0x4d,
    0xe0, 0x1d, 0x3a, 0x0, 0x7f, 0xff, 0x0, 0x15,
    0xde, 0x80, 0x7, 0x44, 0x4e, 0x1, 0xff, 0xc4,
    0xbf, 0xfa, 0x80, 0xa, 0xef, 0x78, 0x3, 0xa2,
    0x25, 0x0, 0xff, 0xe2, 0x74, 0x46, 0x0, 0x2b,
    0xbe,

    /* U+00C9 "É" */
    0x0, 0xcd, 0x4, 0x1, 0x24, 0x89, 0x0, 0x6,
    0xa2, 0x40, 0x21, 0xe7, 0x0, 0x3f, 0xff, 0x80,
    0xa, 0xef, 0x40, 0x3, 0xa2, 0x27, 0x0, 0xff,
    0xe2, 0x5f, 0xfd, 0x40, 0x5, 0x77, 0xbc, 0x1,
    0xd1, 0x12, 0x80, 0x7f, 0xf1, 0x3a, 0x23, 0x0,
    0x15, 0xdf, 0x0,

    /* U+00CA "Ê" */
    0x0, 0xc, 0x30, 0x6, 0xd6, 0x97, 0x0, 0x5b,
    0xfd, 0xca, 0x85, 0xd8, 0x53, 0x95, 0xff, 0xfc,
    0x0, 0x57, 0x7a, 0x0, 0x1d, 0x11, 0x38, 0x7,
    0xff, 0x12, 0xff, 0xea, 0x0, 0x2b, 0xbd, 0xe0,
    0xe, 0x88, 0x94, 0x3, 0xff, 0x89, 0xd1, 0x18,
    0x0, 0xae, 0xf8,

    /* U+00CB "Ë" */
    0x6, 0xe0, 0x4e, 0x20, 0x24, 0x6, 0x53, 0x4,
    0xa0, 0x2b, 0x17, 0xff, 0xf0, 0x1, 0x5d, 0xe8,
    0x0, 0x74, 0x44, 0xe0, 0x1f, 0xfc, 0x4b, 0xff,
    0xa8, 0x0, 0xae, 0xf7, 0x80, 0x3a, 0x22, 0x50,
    0xf, 0xfe, 0x27, 0x44, 0x60, 0x2, 0xbb, 0xe0,

    /* U+00CC "Ì" */
    0x38, 0x50, 0x8, 0xcd, 0x44, 0x1, 0x5b, 0x78,
    0x6, 0x9d, 0x0, 0x37, 0xfe, 0x6, 0xa0, 0x2c,
    0x0, 0x28, 0x31, 0x80, 0x7f, 0xf8, 0x14, 0x18,
    0xc1, 0xa8, 0xb, 0x0,

    /* U+00CD "Í" */
    0x0, 0x9a, 0x8, 0x0, 0x92, 0x4, 0x3, 0x51,
    0x0, 0x0, 0xf3, 0x80, 0x1b, 0xff, 0x3, 0x50,
    0x16, 0x0, 0x14, 0x18, 0xc0, 0x3f, 0xfc, 0xa,
    0xc, 0x60, 0xd4, 0x5, 0x80,

    /* U+00CE "Î" */
    0x0, 0xc, 0x30, 0x6, 0xd5, 0x96, 0x0, 0x5b,
    0xe5, 0xc2, 0x85, 0xd8, 0x53, 0x94, 0x1b, 0xff,
    0x0, 0x1a, 0x80, 0xb0, 0x2, 0x50, 0x63, 0x0,
    0xff, 0xf4, 0x28, 0x31, 0x80, 0x1a, 0x80, 0xb0,
    0x0,

    /* U+00CF "Ï" */
    0x6e, 0x4, 0xe2, 0x22, 0x3, 0x29, 0xa5, 0x1,
    0x58, 0xb7, 0xfe, 0x6, 0xa0, 0x2c, 0x0, 0x28,
    0x31, 0x80, 0x7f, 0xf8, 0x14, 0x18, 0xc1, 0xa8,
    0xb, 0x0,

    /* U+00D0 "Ð" */
    0x6, 0xff, 0xdb, 0x2, 0x1, 0xcb, 0xe, 0xcf,
    0xe6, 0x1, 0xbd, 0xe2, 0xec, 0x3a, 0x1, 0xf9,
    0x1c, 0x54, 0x3, 0xf5, 0x86, 0x26, 0x87, 0xc3,
    0x80, 0x8, 0xb, 0x50, 0x15, 0xe0, 0x3, 0xa6,
    0x41, 0x5f, 0xe0, 0x2, 0x81, 0x0, 0x7e, 0xd0,
    0xc0, 0xf, 0x99, 0x84, 0xa0, 0x17, 0xc4, 0xec,
    0x8f, 0x80, 0x65, 0x76, 0x18, 0xf2, 0x0,

    /* U+00D1 "Ñ" */
    0x0, 0xff, 0xe0, 0x17, 0x71, 0xcb, 0x88, 0x2,
    0x87, 0x89, 0xd5, 0x20, 0xa, 0x25, 0xbb, 0x6c,
    0x0, 0xff, 0xe0, 0x8, 0x82, 0xf8, 0x0, 0x50,
    0x1, 0xf8, 0x9c, 0x80, 0x3e, 0x90, 0x90, 0xf,
    0x91, 0x51, 0x40, 0x3c, 0x36, 0x16, 0x1, 0xf0,
    0xc0, 0xc8, 0x7, 0xce, 0x4c, 0x62, 0x1, 0xe9,
    0xf, 0x0, 0xf9, 0x10, 0x68, 0x1, 0xf4, 0x80,
    0x80, 0x7c, 0x4e, 0x0,

    /* U+00D2 "Ò" */
    0x0, 0xcd, 0x2, 0x1, 0xfc, 0xad, 0x40, 0x1f,
    0xc7, 0x8a, 0xc0, 0x1f, 0xc5, 0xcc, 0x1, 0xf2,
    0x5f, 0x7e, 0xc0, 0x80, 0x68, 0xb5, 0x77, 0x33,
    0xf9, 0x0, 0x11, 0xcf, 0xa6, 0x2e, 0x87, 0x80,
    0x1c, 0x10, 0x1, 0x95, 0xc, 0xc0, 0x80, 0x80,
    0x1d, 0xa0, 0x80, 0x24, 0x1, 0xe2, 0xf, 0x0,
    0xff, 0xe0, 0x89, 0x0, 0x78, 0x83, 0xc1, 0x1,
    0x0, 0x3b, 0x41, 0x3, 0x82, 0x0, 0x32, 0x20,
    0xcc, 0x8, 0xe7, 0xd3, 0x17, 0x61, 0xe0, 0xa,
    0x29, 0x5d, 0xcc, 0xfe, 0x40,

    /* U+00D3 "Ó" */
    0x0, 0xf1, 0x43, 0x0, 0x7f, 0x4b, 0x28, 0x7,
    0xe7, 0x6c, 0x30, 0xf, 0xcf, 0xa4, 0x1, 0xf2,
    0x5f, 0x7e, 0xc0, 0x80, 0x68, 0xb5, 0x77, 0x33,
    0xf9, 0x0, 0x11, 0xcf, 0xa6, 0x2e, 0x87, 0x80,
    0x1c, 0x10, 0x1, 0x95, 0xc, 0xc0, 0x80, 0x80,
    0x1d, 0xa0, 0x80, 0x24, 0x1, 0xe2, 0xf, 0x0,
    0xff, 0xe0, 0x89, 0x0, 0x78, 0x83, 0xc1, 0x1,
    0x0, 0x3b, 0x41, 0x3, 0x82, 0x0, 0x32, 0x20,
    0xcc, 0x8, 0xe7, 0xd3, 0x17, 0x61, 0xe0, 0xa,
    0x29, 0x5d, 0xcc, 0xfe, 0x40,

    /* U+00D4 "Ô" */
    0x0, 0xe6, 0x82, 0x0, 0xfc, 0xb2, 0xbe, 0x1,
    0xf2, 0x5d, 0xb5, 0xf0, 0x3, 0xc9, 0xc8, 0x15,
    0x80, 0x1e, 0x4b, 0xef, 0xd8, 0x10, 0xd, 0x16,
    0xae, 0xe6, 0x7f, 0x20, 0x2, 0x39, 0xf4, 0xc5,
    0xd0, 0xf0, 0x3, 0x82, 0x0, 0x32, 0xa1, 0x98,
    0x10, 0x10, 0x3, 0xb4, 0x10, 0x4, 0x80, 0x3c,
    0x41, 0xe0, 0x1f, 0xfc, 0x11, 0x20, 0xf, 0x10,
    0x78, 0x20, 0x20, 0x7, 0x68, 0x20, 0x70, 0x40,
    0x6, 0x44, 0x19, 0x81, 0x1c, 0xfa, 0x62, 0xec,
    0x3c, 0x1, 0x45, 0x2b, 0xb9, 0x9f, 0xc8, 0x0,

    /* U+00D5 "Õ" */
    0x0, 0xff, 0xe1, 0x8e, 0xf4, 0x16, 0x98, 0x7,
    0x4b, 0xc3, 0x68, 0x98, 0x7, 0x55, 0x1b, 0xb7,
    0x0, 0x3c, 0xd7, 0xdf, 0xe8, 0x10, 0xd, 0x16,
    0xae, 0xe6, 0x7f, 0x20, 0x2, 0x39, 0xf4, 0xc5,
    0xd0, 0xf0, 0x3, 0x82, 0x0, 0x32, 0xa1, 0x98,
    0x10, 0x10, 0x3, 0xb4, 0x10, 0x4, 0x80, 0x3c,
    0x41, 0xe0, 0x1f, 0xfc, 0x11, 0x20, 0xf, 0x10,
    0x78, 0x20, 0x20, 0x7, 0x68, 0x20, 0x70, 0x40,
    0x6, 0x44, 0x19, 0x81, 0x1c, 0xfa, 0x62, 0xec,
    0x3c, 0x1, 0x45, 0x2b, 0xb9, 0x9f, 0xc8, 0x0,

    /* U+00D6 "Ö" */
    0x0, 0xdc, 0xc1, 0x90, 0x1, 0xf2, 0x10, 0x2f,
    0x0, 0x7d, 0x48, 0x12, 0xc0, 0x1e, 0x4b, 0xef,
    0xd8, 0x10, 0xd, 0x16, 0xae, 0xe6, 0x7f, 0x20,
    0x2, 0x39, 0xf4, 0xc5, 0xd0, 0xf0, 0x3, 0x82,
    0x0, 0x32, 0xa1, 0x98, 0x10, 0x10, 0x3, 0xb4,
    0x10, 0x4, 0x80, 0x3c, 0x41, 0xe0, 0x1f, 0xfc,
    0x11, 0x20, 0xf, 0x10, 0x78, 0x20, 0x20, 0x7,
    0x68, 0x20, 0x70, 0x40, 0x6, 0x44, 0x19, 0x81,
    0x1c, 0xfa, 0x62, 0xec, 0x3c, 0x1, 0x45, 0x2b,
    0xb9, 0x9f, 0xc8, 0x0,

    /* U+00D7 "×" */
    0x10, 0xe, 0x20, 0xac, 0x0, 0xab, 0xc2, 0x4b,
    0x2, 0x97, 0x80, 0xb0, 0xb9, 0x70, 0xc0, 0x4,
    0x82, 0x66, 0x0, 0xa5, 0x64, 0xac, 0x1, 0x2d,
    0x6d, 0xab, 0x41, 0x96, 0x80, 0x7b, 0xa0,

    /* U+00D8 "Ø" */
    0x0, 0xfe, 0x10, 0xe, 0x4b, 0xef, 0xd8, 0xd9,
    0x0, 0xa2, 0xd5, 0xd9, 0x8e, 0x7a, 0x0, 0x47,
    0x3e, 0x99, 0x80, 0x10, 0x0, 0xe0, 0x80, 0xb,
    0x91, 0x6, 0x60, 0x40, 0x40, 0x4, 0x1d, 0x68,
    0x20, 0x9, 0x0, 0xd, 0xe8, 0x48, 0x3c, 0x3,
    0xb9, 0x54, 0x1, 0xc2, 0x61, 0x7, 0x60, 0x2,
    0xf, 0x5, 0x17, 0x75, 0x88, 0x3, 0x41, 0x3,
    0xc2, 0x15, 0x40, 0x4, 0x41, 0x98, 0x10, 0xc1,
    0x26, 0x2e, 0xc3, 0xc0, 0x2, 0x37, 0x57, 0x73,
    0x3f, 0x90, 0x0, 0xb2, 0x2f, 0xbf, 0x60, 0x40,
    0x0,

    /* U+00D9 "Ù" */
    0x0, 0x14, 0x28, 0x7, 0xc4, 0x4a, 0x30, 0xf,
    0xa9, 0xf8, 0x40, 0x3e, 0x8d, 0x10, 0xa, 0x7c,
    0x80, 0x32, 0xfb, 0x0, 0x7f, 0xfe, 0xb8, 0x18,
    0x3, 0x10, 0x12, 0x7, 0x80, 0x6a, 0x4, 0x35,
    0x4d, 0x99, 0x71, 0x48, 0x2, 0xa0, 0x19, 0x85,
    0x4c, 0x0,

    /* U+00DA "Ú" */
    0x0, 0xe5, 0x82, 0x0, 0xf1, 0xd1, 0x10, 0x3,
    0xdc, 0xf4, 0x1, 0xf6, 0xc0, 0x6, 0x9f, 0x20,
    0xc, 0xbe, 0xc0, 0x1f, 0xff, 0xae, 0x6, 0x0,
    0xc4, 0x4, 0x81, 0xe0, 0x1a, 0x81, 0xd, 0x53,
    0x66, 0x5c, 0x52, 0x0, 0xa8, 0x6, 0x61, 0x53,
    0x0,

    /* U+00DB "Û" */
    0x0, 0x85, 0xdc, 0x1, 0xf5, 0x4c, 0x38, 0x7,
    0x53, 0xfe, 0x4b, 0x0, 0x6a, 0xc1, 0x3e, 0x60,
    0x4, 0xf9, 0x0, 0x65, 0xf6, 0x0, 0xff, 0xfd,
    0x70, 0x30, 0x6, 0x20, 0x24, 0xf, 0x0, 0xd4,
    0x8, 0x6a, 0x9b, 0x32, 0xe2, 0x90, 0x5, 0x40,
    0x33, 0xa, 0x98, 0x0,

    /* U+00DC "Ü" */
    0x0, 0x2f, 0x9, 0xf1, 0x80, 0x66, 0x41, 0x12,
    0x88, 0x6, 0x3a, 0x2, 0xb2, 0x0, 0x4f, 0x90,
    0x6, 0x5f, 0x60, 0xf, 0xff, 0xd7, 0x3, 0x0,
    0x62, 0x2, 0x40, 0xf0, 0xd, 0x40, 0x86, 0xa9,
    0xb3, 0x2e, 0x29, 0x0, 0x54, 0x3, 0x30, 0xa9,
    0x80,

    /* U+00DD "Ý" */
    0x0, 0xe6, 0x81, 0x0, 0xf2, 0xc8, 0x8, 0x7,
    0xd, 0xc4, 0x0, 0x3c, 0x3c, 0xe0, 0x1a, 0xfc,
    0x80, 0x36, 0x78, 0xc0, 0x40, 0x4, 0x86, 0xc2,
    0x68, 0xa4, 0x0, 0x80, 0x80, 0x4, 0x4, 0x2,
    0x9b, 0x88, 0x0, 0xd1, 0x4a, 0x2, 0x40, 0x34,
    0x87, 0x94, 0x8, 0x6, 0x25, 0x21, 0x70, 0xf,
    0x48, 0x30, 0x7, 0xff, 0x80,

    /* U+00DE "Þ" */
    0x7f, 0x40, 0xf, 0xc2, 0x42, 0x1, 0xea, 0xde,
    0xe4, 0x0, 0x68, 0xa8, 0x37, 0x80, 0x8, 0xd5,
    0xf0, 0x18, 0x3, 0xc2, 0x62, 0x1, 0xf1, 0x90,
    0x4, 0x24, 0x96, 0x14, 0x1, 0x56, 0xda, 0x3b,
    0x80, 0x28, 0xac, 0xf8, 0x0, 0xc6, 0xa6, 0x1,
    0xff, 0xc1,

    /* U+00DF "ß" */
    0x5, 0xcf, 0xf6, 0xb8, 0x1, 0x28, 0xa2, 0x3,
    0x10, 0xe, 0xc, 0x77, 0x60, 0x10, 0x8, 0x10,
    0x2, 0x3, 0xc0, 0x3a, 0x5e, 0x54, 0x3, 0xb,
    0x34, 0x1, 0xc2, 0x4c, 0xe0, 0x1e, 0xc4, 0x8b,
    0x0, 0xe1, 0xb8, 0x48, 0x0, 0xf3, 0x81, 0x80,
    0x53, 0xd, 0x20, 0x60, 0x17, 0x2c, 0xbb, 0x40,

    /* U+00E0 "à" */
    0x0, 0x27, 0xd8, 0x7, 0x26, 0x34, 0x0, 0x71,
    0xed, 0x80, 0x43, 0x3b, 0xfb, 0x20, 0x13, 0xac,
    0xa3, 0x48, 0xf, 0x43, 0x50, 0xa0, 0x7, 0x88,
    0xc0, 0xab, 0x7f, 0xc6, 0x0, 0xc4, 0x8c, 0xd2,
    0x3, 0x16, 0x53, 0x23, 0x2, 0x5, 0x44, 0x58,
    0x80, 0xd0, 0x5c, 0xe4, 0x0,

    /* U+00E1 "á" */
    0x0, 0xc5, 0xf8, 0x1, 0x87, 0xd7, 0x0, 0x3b,
    0xe8, 0x2, 0x19, 0xcd, 0xe9, 0x0, 0x9d, 0x65,
    0x1a, 0x40, 0x7a, 0x1a, 0x85, 0x0, 0x3c, 0x46,
    0x5, 0x5b, 0xfe, 0x30, 0x6, 0x24, 0x66, 0x90,
    0x18, 0xb2, 0x99, 0x18, 0x10, 0x2a, 0x22, 0xc4,
    0x6, 0x82, 0xe7, 0x20, 0x0,

    /* U+00E2 "â" */
    0x0, 0xaf, 0xf0, 0x3, 0x53, 0xe3, 0xe0, 0x80,
    0x27, 0xe, 0xf8, 0x0, 0x35, 0xbf, 0xd6, 0x20,
    0x7, 0x59, 0x46, 0x90, 0x1e, 0x86, 0xa1, 0x40,
    0xf, 0x11, 0x81, 0x56, 0xff, 0x8c, 0x1, 0x89,
    0x19, 0xa4, 0x6, 0x2c, 0xa6, 0x46, 0x4, 0xa,
    0x88, 0xb1, 0x1, 0xa0, 0xb9, 0xc8, 0x0,

    /* U+00E3 "ã" */
    0x0, 0x4f, 0xd1, 0x44, 0x0, 0xd2, 0x5b, 0x5e,
    0x80, 0xbd, 0xb3, 0x78, 0x80, 0x17, 0xbf, 0x90,
    0x1, 0x3a, 0xca, 0x34, 0x80, 0xf4, 0x35, 0xa,
    0x0, 0x78, 0x8c, 0xa, 0xb7, 0xfc, 0x60, 0xc,
    0x48, 0xcd, 0x20, 0x31, 0x65, 0x32, 0x30, 0x20,
    0x54, 0x45, 0x88, 0xd, 0x5, 0xce, 0x40, 0x0,

    /* U+00E4 "ä" */
    0x0, 0x4d, 0x83, 0xe8, 0x5, 0xc6, 0x4, 0x80,
    0x13, 0xc0, 0x2c, 0x80, 0x6, 0x77, 0xfa, 0x40,
    0x27, 0x59, 0x46, 0x90, 0x1e, 0x86, 0xa1, 0x40,
    0xf, 0x11, 0x81, 0x56, 0xff, 0x8c, 0x1, 0x89,
    0x19, 0xa4, 0x6, 0x2c, 0xa6, 0x46, 0x4, 0xa,
    0x88, 0xb1, 0x1, 0xa0, 0xb9, 0xc8, 0x0,

    /* U+00E5 "å" */
    0x0, 0xa3, 0xa8, 0x3, 0x12, 0xf3, 0x28, 0x7,
    0xfc, 0x4b, 0xcc, 0xa0, 0x1a, 0x3a, 0x80, 0x21,
    0x9d, 0xfe, 0x90, 0x9, 0xd6, 0x51, 0xa4, 0x7,
    0xa1, 0xa8, 0x50, 0x3, 0xc4, 0x60, 0x55, 0xbf,
    0xe3, 0x0, 0x62, 0x46, 0x69, 0x1, 0x8b, 0x29,
    0x91, 0x81, 0x2, 0xa2, 0x2c, 0x40, 0x68, 0x2e,
    0x72, 0x0,

    /* U+00E6 "æ" */
    0x2, 0xad, 0xfd, 0x62, 0xbf, 0xe8, 0x0, 0x85,
    0xd6, 0x46, 0x71, 0xa5, 0xdd, 0x20, 0x3, 0xd8,
    0x6d, 0x1, 0xf6, 0x94, 0x60, 0xf, 0x8, 0x9,
    0x0, 0x30, 0xc, 0xe, 0xfb, 0xfc, 0x3, 0xff,
    0x40, 0x38, 0xe2, 0xc6, 0x60, 0xb, 0x33, 0x90,
    0x81, 0x98, 0x62, 0x4, 0x26, 0x78, 0x8, 0x19,
    0xe3, 0x14, 0x72, 0x1e, 0x2c, 0x6, 0x8e, 0x1a,
    0x6b, 0x15, 0xe1, 0x70, 0x0,

    /* U+00E7 "ç" */
    0x0, 0x26, 0x7f, 0x61, 0x2, 0x59, 0x3b, 0x1,
    0x4, 0x87, 0xc4, 0x30, 0x0, 0x48, 0x20, 0x18,
    0x80, 0x80, 0x38, 0xc0, 0x80, 0x38, 0x49, 0x4,
    0x3, 0xa0, 0x3e, 0x21, 0x84, 0xb, 0x44, 0xef,
    0x18, 0x1, 0x78, 0x3a, 0xc4, 0x3, 0x2f, 0x88,
    0x6, 0x3e, 0x13, 0x0, 0xdd, 0x4e, 0x40,

    /* U+00E8 "è" */
    0x0, 0x1f, 0xe0, 0x7, 0x8f, 0x46, 0x40, 0x3c,
    0x5b, 0x40, 0x1c, 0x99, 0xfb, 0x20, 0x12, 0x58,
    0xcb, 0x32, 0x40, 0x10, 0x18, 0xd0, 0xcc, 0x10,
    0x34, 0x10, 0x7, 0x82, 0x90, 0x27, 0xfd, 0x20,
    0x44, 0x4, 0xcc, 0xe7, 0x2, 0x52, 0x33, 0xc2,
    0x12, 0x39, 0xd, 0x18, 0x0, 0x4c, 0x67, 0x95,
    0x40,

    /* U+00E9 "é" */
    0x0, 0xc5, 0xf8, 0x20, 0x1d, 0xeb, 0x82, 0x1,
    0x87, 0xe8, 0x3, 0x93, 0x75, 0xd2, 0x1, 0x25,
    0x8c, 0xb3, 0x24, 0x1, 0x1, 0x8d, 0xc, 0xc1,
    0x3, 0x41, 0x0, 0x78, 0x29, 0x2, 0x7f, 0xd2,
    0x4, 0x40, 0x4c, 0xce, 0x70, 0x25, 0x23, 0x3c,
    0x21, 0x23, 0x90, 0xd1, 0x80, 0x4, 0xc6, 0x79,
    0x54, 0x0,

    /* U+00EA "ê" */
    0x0, 0xab, 0xf4, 0x3, 0xa9, 0xb1, 0xf0, 0x40,
    0x29, 0xc3, 0xae, 0x0, 0xcf, 0x9f, 0xd6, 0x20,
    0x4, 0xb1, 0x96, 0x64, 0x80, 0x20, 0x31, 0xa1,
    0x98, 0x20, 0x68, 0x20, 0xf, 0x5, 0x20, 0x4f,
    0xfa, 0x40, 0x88, 0x9, 0x99, 0xce, 0x4, 0xa4,
    0x67, 0x84, 0x24, 0x72, 0x1a, 0x30, 0x0, 0x98,
    0xcf, 0x2a, 0x80,

    /* U+00EB "ë" */
    0x0, 0x4e, 0x3, 0xe8, 0x6, 0xf4, 0x3, 0x70,
    0xc, 0xd0, 0x9, 0x40, 0x19, 0x33, 0xfa, 0x40,
    0x24, 0xb1, 0x96, 0x64, 0x80, 0x20, 0x31, 0xa1,
    0x98, 0x20, 0x68, 0x20, 0xf, 0x5, 0x20, 0x4f,
    0xfa, 0x40, 0x88, 0x9, 0x99, 0xce, 0x4, 0xa4,
    0x67, 0x84, 0x24, 0x72, 0x1a, 0x30, 0x0, 0x98,
    0xcf, 0x2a, 0x80,

    /* U+00EC "ì" */
    0x9, 0xf4, 0x0, 0x4c, 0x51, 0x80, 0x1f, 0xc8,
    0x1, 0x7c, 0x20, 0x1f, 0xfd, 0xc0,

    /* U+00ED "í" */
    0x9, 0xf6, 0x63, 0xdb, 0x3f, 0x20, 0x57, 0x80,
    0x7f, 0xf5, 0x80,

    /* U+00EE "î" */
    0x3, 0xff, 0x38, 0x0, 0xf6, 0x2e, 0x9c, 0xb,
    0xdd, 0x35, 0x40, 0x45, 0x7e, 0x4, 0x1, 0xff,
    0xed,

    /* U+00EF "ï" */
    0x1e, 0x40, 0xd6, 0x5, 0x70, 0x72, 0x1b, 0x30,
    0xa4, 0x0, 0x5f, 0x80, 0x7f, 0xf9, 0x80,

    /* U+00F0 "ð" */
    0x0, 0xa1, 0x0, 0xd8, 0x3, 0x15, 0xe6, 0x38,
    0x3, 0x60, 0x19, 0xa0, 0x2, 0x28, 0xab, 0x38,
    0x0, 0x8b, 0x95, 0x1d, 0xc4, 0x0, 0x7e, 0xfe,
    0x20, 0x50, 0x78, 0x5a, 0xb7, 0xb, 0x8, 0x2b,
    0x55, 0x60, 0x8, 0x81, 0xc0, 0x21, 0x23, 0x0,
    0xf8, 0xcc, 0x22, 0x40, 0x8, 0x85, 0x2, 0xc7,
    0x1d, 0xd8, 0x30, 0xb, 0x61, 0x10, 0x5c, 0x10,

    /* U+00F1 "ñ" */
    0x4, 0xed, 0x53, 0xe0, 0x4, 0x4a, 0xd6, 0x30,
    0x3, 0xde, 0x3b, 0x60, 0x2e, 0xf, 0x3b, 0x20,
    0x0, 0x9a, 0xb0, 0x6e, 0xc0, 0x8, 0x97, 0xc0,
    0xc0, 0x3, 0x80, 0x4, 0x4c, 0x0, 0x10, 0xf,
    0xfe, 0xc8,

    /* U+00F2 "ò" */
    0x0, 0xe, 0xf0, 0x80, 0x70, 0xe2, 0xe8, 0x7,
    0x86, 0xfc, 0x40, 0x32, 0x67, 0xed, 0x90, 0x1,
    0x2c, 0x61, 0x97, 0x4, 0x24, 0x31, 0xe2, 0xc6,
    0x4, 0x90, 0x40, 0x8, 0x28, 0x60, 0x40, 0x18,
    0xcc, 0x40, 0x40, 0x18, 0xcc, 0x6, 0x82, 0x0,
    0x41, 0x40, 0x80, 0xc7, 0x8b, 0x1b, 0x4, 0xc1,
    0x87, 0x4c, 0x20,

    /* U+00F3 "ó" */
    0x0, 0xec, 0xe3, 0x0, 0xe9, 0x1c, 0x30, 0xe,
    0xad, 0x20, 0xc, 0x99, 0x8e, 0xa2, 0x0, 0x25,
    0x8c, 0x32, 0xe0, 0x84, 0x86, 0x3c, 0x58, 0xc0,
    0x92, 0x8, 0x1, 0x5, 0xc, 0x8, 0x3, 0x19,
    0x88, 0x8, 0x3, 0x19, 0x80, 0xd0, 0x40, 0x8,
    0x28, 0x10, 0x18, 0xf1, 0x63, 0x60, 0x98, 0x30,
    0xe9, 0x84,

    /* U+00F4 "ô" */
    0x0, 0x9b, 0xfc, 0x60, 0x19, 0xa2, 0xe3, 0x4c,
    0x2, 0x5f, 0x47, 0xf1, 0x0, 0x9f, 0x7f, 0xac,
    0x2, 0x4b, 0x18, 0x65, 0xc1, 0x9, 0xc, 0x78,
    0xb1, 0x81, 0x24, 0x10, 0x2, 0xa, 0x18, 0x10,
    0x6, 0x33, 0x10, 0x10, 0x6, 0x33, 0x1, 0xa0,
    0x80, 0x10, 0x50, 0x20, 0x31, 0xe2, 0xc6, 0xc1,
    0x30, 0x61, 0xd3, 0x8,

    /* U+00F5 "õ" */
    0x0, 0x2f, 0x62, 0x23, 0x40, 0x2b, 0x85, 0xbb,
    0x80, 0x2d, 0x69, 0xed, 0x60, 0x9, 0xf3, 0xfd,
    0x4, 0x0, 0x4b, 0x18, 0x65, 0xc1, 0x9, 0xc,
    0x78, 0xb1, 0x81, 0x24, 0x10, 0x2, 0xa, 0x18,
    0x10, 0x6, 0x33, 0x10, 0x10, 0x6, 0x33, 0x1,
    0xa0, 0x80, 0x10, 0x50, 0x20, 0x31, 0xe2, 0xc6,
    0xc1, 0x30, 0x61, 0xd3, 0x8,

    /* U+00F6 "ö" */
    0x0, 0x2f, 0x9, 0xf1, 0x80, 0x4c, 0x82, 0x25,
    0x10, 0x8, 0xe8, 0xa, 0xc8, 0x2, 0x4c, 0xfe,
    0xa2, 0x0, 0x25, 0x8c, 0x32, 0xe0, 0x84, 0x86,
    0x3c, 0x58, 0xc0, 0x92, 0x8, 0x1, 0x5, 0xc,
    0x8, 0x3, 0x19, 0x88, 0x8, 0x3, 0x19, 0x80,
    0xd0, 0x40, 0x8, 0x28, 0x10, 0x18, 0xf1, 0x63,
    0x60, 0x98, 0x30, 0xe9, 0x84,

    /* U+00F7 "÷" */
    0x0, 0x8f, 0x94, 0x3, 0xce, 0x20, 0x1f, 0x27,
    0xa8, 0x6, 0x11, 0xf8, 0xf, 0xbb, 0xe6, 0x3b,
    0xbf, 0x9c, 0x11, 0x1, 0x62, 0x88, 0x10, 0x9,
    0xc4, 0x40, 0x10,

    /* U+00F8 "ø" */
    0x0, 0xf8, 0x40, 0x24, 0xcf, 0xea, 0xf4, 0x5,
    0xb1, 0x76, 0x51, 0x50, 0x80, 0xc8, 0xe0, 0x4,
    0x89, 0x28, 0x94, 0xd0, 0xa9, 0x81, 0x87, 0x2a,
    0x8c, 0xe0, 0x38, 0x2b, 0x3, 0x30, 0x9a, 0xbd,
    0xa, 0xa, 0x4, 0x0, 0x9c, 0x58, 0xc0, 0x61,
    0x12, 0x1d, 0x70, 0x42, 0x3f, 0x3f, 0xd4, 0x40,

    /* U+00F9 "ù" */
    0x0, 0x5f, 0x98, 0x7, 0x5b, 0xe8, 0x80, 0x74,
    0x78, 0x80, 0x33, 0xc0, 0x2, 0x1f, 0x60, 0x1f,
    0xfd, 0xc6, 0x1, 0x0, 0x28, 0x3, 0x2, 0x95,
    0xac, 0x0, 0xce, 0xb5, 0x76, 0x40,

    /* U+00FA "ú" */
    0x0, 0xd7, 0xe8, 0x1, 0xa1, 0xb5, 0x0, 0x34,
    0xe9, 0x0, 0x33, 0xc0, 0x40, 0x1f, 0x60, 0x1f,
    0xfd, 0xc6, 0x1, 0x0, 0x28, 0x3, 0x2, 0x95,
    0xac, 0x0, 0xce, 0xb5, 0x76, 0x40,

    /* U+00FB "û" */
    0x0, 0x27, 0xf9, 0x0, 0x25, 0xaa, 0xca, 0x0,
    0x4e, 0x55, 0x72, 0x6, 0x70, 0x6, 0xeb, 0x0,
    0xff, 0xee, 0x30, 0x8, 0x1, 0x40, 0x18, 0x14,
    0xad, 0x60, 0x6, 0x75, 0xab, 0xb2, 0x0,

    /* U+00FC "ü" */
    0x3, 0xe2, 0x1e, 0x40, 0x0, 0xa9, 0x82, 0xb8,
    0x0, 0xac, 0x45, 0x66, 0x19, 0xe0, 0x1b, 0xec,
    0x3, 0xff, 0xb8, 0xc0, 0x20, 0x5, 0x0, 0x60,
    0x52, 0xb5, 0x80, 0x19, 0xd6, 0xae, 0xc8, 0x0,

    /* U+00FD "ý" */
    0x0, 0xd1, 0xee, 0x1, 0xca, 0xd4, 0xe0, 0x1c,
    0x9c, 0xa0, 0x16, 0x78, 0x8, 0x2, 0x3d, 0x28,
    0x14, 0x2, 0x51, 0x46, 0xe, 0x0, 0x19, 0x30,
    0x1, 0x50, 0x42, 0xc2, 0x80, 0x1c, 0xe, 0xa,
    0x44, 0x0, 0x21, 0x69, 0x95, 0x0, 0x6a, 0x4b,
    0x6, 0x0, 0xcc, 0xe, 0x82, 0x1, 0x85, 0x3,
    0x80, 0x3f, 0x28, 0x7, 0x1a, 0x30, 0x6, 0x57,
    0xd0, 0xb0, 0xd, 0xf0, 0x58, 0x40, 0x18,

    /* U+00FE "þ" */
    0xbf, 0x0, 0xff, 0xe7, 0x9e, 0x7e, 0xb0, 0x6,
    0xd5, 0x70, 0x95, 0x0, 0xa2, 0x63, 0x2, 0x40,
    0x27, 0x0, 0x9, 0x98, 0x2, 0x10, 0x9, 0xc0,
    0x40, 0x2, 0x1, 0x38, 0x8, 0x1, 0xc0, 0x2,
    0x66, 0x0, 0xa6, 0x51, 0x81, 0x20, 0x16, 0x23,
    0x84, 0xa8, 0x4, 0x7b, 0xfa, 0xc0, 0x1f, 0xfd,
    0x10,

    /* U+00FF "ÿ" */
    0x1, 0xe5, 0xd, 0x70, 0x8, 0x51, 0x81, 0x8,
    0x3, 0x51, 0x84, 0xa8, 0x3, 0x3c, 0x3, 0x47,
    0xa5, 0x2, 0x80, 0x4a, 0x28, 0xc1, 0xc0, 0x3,
    0x26, 0x0, 0x2a, 0x8, 0x58, 0x50, 0x3, 0x81,
    0xc1, 0x48, 0x80, 0x4, 0x2d, 0x32, 0xa0, 0xd,
    0x49, 0x60, 0xc0, 0x19, 0x81, 0xd0, 0x40, 0x30,
    0xa0, 0x70, 0x7, 0xe5, 0x0, 0xe3, 0x46, 0x0,
    0xca, 0xfa, 0x16, 0x1, 0xbe, 0xb, 0x8, 0x3,
    0x0,

    /* U+0100 "Ā" */
    0x0, 0xff, 0xe0, 0xa7, 0xfe, 0xa0, 0xe, 0x4c,
    0xcd, 0x0, 0x1e, 0x3e, 0xc7, 0x20, 0xf, 0x19,
    0x7, 0x0, 0x7d, 0x40, 0xca, 0x1, 0xf3, 0xa6,
    0x83, 0x0, 0x72, 0xe, 0xa0, 0xd0, 0x7, 0x70,
    0x38, 0x39, 0x88, 0x6, 0x54, 0x10, 0xa0, 0x60,
    0x9, 0x41, 0x3f, 0xd8, 0x14, 0x1, 0x70, 0x3b,
    0xe3, 0x23, 0x1, 0x44, 0x44, 0x70, 0x58, 0x30,
    0x70, 0x6, 0x41, 0x60, 0xa0, 0x50, 0xe, 0x61,
    0x40,

    /* U+0101 "ā" */
    0x0, 0xff, 0x77, 0xfe, 0x0, 0xb7, 0x33, 0x0,
    0x6, 0xbb, 0x36, 0x80, 0x27, 0x59, 0x46, 0x90,
    0x1e, 0x86, 0xa1, 0x40, 0xf, 0x11, 0x81, 0x56,
    0xff, 0x8c, 0x1, 0x89, 0x19, 0xa4, 0x6, 0x2c,
    0xa6, 0x46, 0x4, 0xa, 0x88, 0xb1, 0x1, 0xa0,
    0xb9, 0xc8, 0x0,

    /* U+0102 "Ă" */
    0x0, 0x26, 0x90, 0xbe, 0x0, 0x72, 0x36, 0xf4,
    0xf8, 0x7, 0xaf, 0x73, 0x8c, 0x3, 0xef, 0xc4,
    0x0, 0xf8, 0xc8, 0x38, 0x3, 0xea, 0x6, 0x50,
    0xf, 0x9d, 0x34, 0x18, 0x3, 0x90, 0x75, 0x6,
    0x80, 0x3b, 0x81, 0xc1, 0xcc, 0x40, 0x32, 0xa0,
    0x85, 0x3, 0x0, 0x4a, 0x9, 0xfe, 0xc0, 0xa0,
    0xb, 0x81, 0xdf, 0x19, 0x18, 0xa, 0x22, 0x23,
    0x82, 0xc1, 0x83, 0x80, 0x32, 0xb, 0x5, 0x2,
    0x80, 0x73, 0xa, 0x0,

    /* U+0103 "ă" */
    0x0, 0x72, 0x9, 0xf1, 0x0, 0x2e, 0xdd, 0x8c,
    0x40, 0x5, 0xec, 0xe8, 0x0, 0xc, 0xe6, 0x3e,
    0x40, 0x27, 0x59, 0x46, 0x90, 0x1e, 0x86, 0xa1,
    0x40, 0xf, 0x11, 0x81, 0x56, 0xff, 0x8c, 0x1,
    0x89, 0x19, 0xa4, 0x6, 0x2c, 0xa6, 0x46, 0x4,
    0xa, 0x88, 0xb1, 0x1, 0xa0, 0xb9, 0xc8, 0x0,

    /* U+0104 "Ą" */
    0x0, 0xdb, 0xe8, 0x1, 0xf1, 0x90, 0x70, 0x7,
    0xd4, 0xa, 0xa0, 0xf, 0x9c, 0xfc, 0x18, 0x3,
    0x90, 0x6d, 0x42, 0x80, 0x3b, 0x81, 0x41, 0xc,
    0x40, 0x32, 0x91, 0x3, 0x41, 0x80, 0x25, 0x0,
    0x44, 0x3c, 0x28, 0x2, 0xe0, 0x27, 0x73, 0x1,
    0x18, 0xa, 0x17, 0xfe, 0x90, 0xb0, 0x60, 0xb0,
    0xc, 0xc2, 0xc1, 0x40, 0xc0, 0x1c, 0xe2, 0x9b,
    0xe0, 0x1e, 0x16, 0x40, 0xf, 0x8d, 0xe4, 0x3,
    0xf3, 0x1, 0x88, 0x7, 0xc8, 0x78, 0xe0,

    /* U+0105 "ą" */
    0x1, 0x9d, 0xfe, 0x90, 0xc, 0xeb, 0x28, 0xd2,
    0x0, 0x1e, 0x86, 0xa1, 0x40, 0xf, 0x88, 0xc0,
    0x5, 0x5b, 0xfe, 0x30, 0xb, 0x12, 0x33, 0x48,
    0x0, 0x62, 0xca, 0x64, 0x60, 0x2, 0x5, 0x44,
    0x58, 0x80, 0x6, 0x82, 0xe7, 0x20, 0x40, 0xb,
    0xbf, 0xaf, 0x92, 0x1, 0xe6, 0x68, 0x3, 0xdc,
    0x4, 0x1, 0xea, 0xd, 0x30,

    /* U+0106 "Ć" */
    0x0, 0xf1, 0xc2, 0x0, 0x78, 0x75, 0x14, 0x3,
    0xd4, 0xb8, 0x20, 0x1e, 0xbb, 0x0, 0x78, 0xeb,
    0xbf, 0xa8, 0xc0, 0xd, 0x8a, 0x8c, 0xaa, 0x60,
    0x29, 0x2e, 0xa9, 0xbf, 0x50, 0x80, 0x81, 0x0,
    0xf2, 0x2, 0x80, 0x7c, 0x24, 0x1, 0xff, 0xc6,
    0x12, 0x0, 0xfc, 0x80, 0x80, 0x1f, 0x70, 0x48,
    0x80, 0x79, 0x18, 0xbe, 0xa2, 0x74, 0xc0, 0x13,
    0x44, 0x8e, 0xe6, 0x20,

    /* U+0107 "ć" */
    0x0, 0xc5, 0xf8, 0x1, 0x87, 0xdb, 0x0, 0x3b,
    0xe4, 0x3, 0x26, 0xeb, 0xb0, 0x81, 0x2c, 0x9d,
    0x80, 0x82, 0x43, 0xe2, 0x18, 0x0, 0x24, 0x10,
    0xc, 0x40, 0x40, 0x1c, 0x60, 0x40, 0x1c, 0x24,
    0x82, 0x1, 0xd0, 0x1f, 0x10, 0xc2, 0x5, 0xa2,
    0x77, 0x8c,

    /* U+0108 "Ĉ" */
    0x0, 0xe7, 0x70, 0x7, 0xd3, 0x35, 0x0, 0x73,
    0xa6, 0x61, 0xe0, 0x3, 0x3e, 0x91, 0x36, 0x0,
    0x31, 0xd7, 0x7f, 0x51, 0x80, 0x1b, 0x15, 0x19,
    0x54, 0xc0, 0x52, 0x5d, 0x53, 0x7e, 0xa1, 0x1,
    0x2, 0x1, 0xe4, 0x5, 0x0, 0xf8, 0x48, 0x3,
    0xff, 0x8c, 0x24, 0x1, 0xf9, 0x1, 0x0, 0x3e,
    0xe0, 0x91, 0x0, 0xf2, 0x31, 0x7d, 0x44, 0xe9,
    0x80, 0x26, 0x89, 0x1d, 0xcc, 0x40,

    /* U+0109 "ĉ" */
    0x0, 0xaf, 0xf0, 0x3, 0x53, 0xe3, 0xe0, 0x80,
    0x27, 0xe, 0xf8, 0x2, 0x7c, 0xfe, 0xe1, 0x82,
    0x59, 0x3b, 0x1, 0x4, 0x87, 0xc4, 0x30, 0x0,
    0x48, 0x20, 0x18, 0x80, 0x80, 0x38, 0xc0, 0x80,
    0x38, 0x49, 0x4, 0x3, 0xa0, 0x3e, 0x21, 0x84,
    0xb, 0x44, 0xef, 0x18,

    /* U+010A "Ċ" */
    0x0, 0xff, 0xe1, 0xde, 0x0, 0x7f, 0xf1, 0xaf,
    0x0, 0x3c, 0x75, 0xdf, 0xd4, 0x60, 0x6, 0xc5,
    0x46, 0x55, 0x30, 0x14, 0x97, 0x54, 0xdf, 0xa8,
    0x40, 0x40, 0x80, 0x79, 0x1, 0x40, 0x3e, 0x12,
    0x0, 0xff, 0xe3, 0x9, 0x0, 0x7e, 0x40, 0x40,
    0xf, 0xb8, 0x24, 0x40, 0x3c, 0x8c, 0x5f, 0x51,
    0x3a, 0x60, 0x9, 0xa2, 0x47, 0x73, 0x10,

    /* U+010B "ċ" */
    0x0, 0x8f, 0x94, 0x3, 0xff, 0x82, 0x7c, 0xa0,
    0x19, 0x33, 0xfb, 0x8, 0x12, 0xc9, 0xd8, 0x8,
    0x24, 0x3e, 0x21, 0x80, 0x2, 0x41, 0x0, 0xc4,
    0x4, 0x1, 0xc6, 0x4, 0x1, 0xc2, 0x48, 0x20,
    0x1d, 0x1, 0xf1, 0xc, 0x20, 0x5a, 0x27, 0x78,
    0xc0,

    /* U+010C "Č" */
    0x0, 0x95, 0x40, 0x4, 0x70, 0xc, 0xf7, 0x2f,
    0x66, 0x1, 0x8b, 0x5a, 0x29, 0x0, 0x38, 0xff,
    0xca, 0x1, 0xc7, 0x5d, 0xfd, 0x46, 0x0, 0x6c,
    0x54, 0x65, 0x53, 0x1, 0x49, 0x75, 0x4d, 0xfa,
    0x84, 0x4, 0x8, 0x7, 0x90, 0x14, 0x3, 0xe1,
    0x20, 0xf, 0xfe, 0x30, 0x90, 0x7, 0xe4, 0x4,
    0x0, 0xfb, 0x82, 0x44, 0x3, 0xc8, 0xc5, 0xf5,
    0x13, 0xa6, 0x0, 0x9a, 0x24, 0x77, 0x31, 0x0,

    /* U+010D "č" */
    0x1, 0xd9, 0x7, 0xe3, 0x1, 0xc4, 0xe8, 0xd3,
    0x0, 0xe, 0x6f, 0x18, 0x4, 0x9b, 0x9f, 0x84,
    0x9, 0x64, 0xec, 0x4, 0x12, 0x1f, 0x10, 0xc0,
    0x1, 0x20, 0x80, 0x62, 0x2, 0x0, 0xe3, 0x2,
    0x0, 0xe1, 0x24, 0x10, 0xe, 0x80, 0xf8, 0x86,
    0x10, 0x2d, 0x13, 0xbc, 0x60,

    /* U+010E "Ď" */
    0x0, 0x39, 0x80, 0x19, 0x40, 0x31, 0x63, 0x54,
    0x20, 0x6, 0x58, 0x95, 0xc1, 0x0, 0xe7, 0xff,
    0x10, 0x5, 0x1f, 0xfb, 0x60, 0x40, 0x33, 0x43,
    0xb3, 0xf9, 0x80, 0x54, 0xf1, 0x76, 0x1d, 0x0,
    0xf9, 0x1c, 0x54, 0x3, 0xeb, 0xc, 0x0, 0xf8,
    0x80, 0x80, 0x3f, 0xf8, 0xaa, 0x4, 0x1, 0xf6,
    0x86, 0x0, 0x79, 0x98, 0x4a, 0x0, 0x98, 0x9d,
    0x91, 0xf0, 0x9, 0x5d, 0x86, 0x3c, 0x80,

    /* U+010F "ď" */
    0x0, 0xf0, 0xfc, 0xa7, 0xa0, 0x7, 0xf6, 0x12,
    0x0, 0x7f, 0x7f, 0x0, 0x4f, 0xdf, 0x84, 0x0,
    0x73, 0x0, 0x34, 0x1b, 0xae, 0x80, 0x7a, 0x3,
    0x22, 0x64, 0x1, 0xc2, 0x24, 0x10, 0x2, 0x80,
    0x71, 0x81, 0x0, 0x46, 0x1, 0xc6, 0x4, 0x1,
    0xfc, 0x22, 0x40, 0x9, 0xc0, 0x3d, 0x21, 0xaf,
    0x36, 0x1, 0xe7, 0x83, 0x85, 0xf2, 0x0, 0xc0,

    /* U+0110 "Đ" */
    0x6, 0xff, 0xdb, 0x2, 0x1, 0xcb, 0xe, 0xcf,
    0xe6, 0x1, 0xbd, 0xe2, 0xec, 0x3a, 0x1, 0xf9,
    0x1c, 0x54, 0x3, 0xf5, 0x86, 0x26, 0x87, 0xc3,
    0x80, 0x8, 0xb, 0x50, 0x15, 0xe0, 0x3, 0xa6,
    0x41, 0x5f, 0xe0, 0x2, 0x81, 0x0, 0x7e, 0xd0,
    0xc0, 0xf, 0x99, 0x84, 0xa0, 0x17, 0xc4, 0xec,
    0x8f, 0x80, 0x65, 0x76, 0x18, 0xf2, 0x0,

    /* U+0111 "đ" */
    0x0, 0xf0, 0xfc, 0x80, 0x63, 0xff, 0x70, 0x36,
    0x80, 0x47, 0x98, 0xb0, 0x4f, 0x0, 0x3f, 0x67,
    0xb8, 0x11, 0x1, 0xe0, 0xdd, 0x74, 0x3, 0x48,
    0x64, 0x4c, 0x80, 0x21, 0x11, 0x88, 0x1, 0x40,
    0x23, 0x6, 0x0, 0x8c, 0x2, 0x30, 0x60, 0xf,
    0x84, 0x46, 0x20, 0x7, 0x0, 0xd2, 0x18, 0xf1,
    0x0, 0xc, 0xf0, 0x70, 0x98, 0x20, 0x0,

    /* U+0112 "Ē" */
    0x0, 0xfd, 0x3f, 0xf9, 0x2, 0xf3, 0x32, 0xbe,
    0xe6, 0x6e, 0x0, 0x2b, 0xbd, 0x0, 0xe, 0x88,
    0x9c, 0x3, 0xff, 0x89, 0x7f, 0xf5, 0x0, 0x15,
    0xde, 0xf0, 0x7, 0x44, 0x4a, 0x1, 0xff, 0xc4,
    0xe8, 0x8c, 0x0, 0x57, 0x7c,

    /* U+0113 "ē" */
    0x0, 0xff, 0xb7, 0xff, 0x8, 0x5, 0xd9, 0x98,
    0x40, 0x27, 0xfc, 0xda, 0x0, 0x92, 0xc6, 0x59,
    0x92, 0x0, 0x80, 0xc6, 0x86, 0x60, 0x81, 0xa0,
    0x80, 0x3c, 0x14, 0x81, 0x3f, 0xe9, 0x2, 0x20,
    0x26, 0x67, 0x38, 0x12, 0x91, 0x9e, 0x10, 0x91,
    0xc8, 0x68, 0xc0, 0x2, 0x63, 0x3c, 0xaa, 0x0,

    /* U+0114 "Ĕ" */
    0xa, 0x81, 0x2b, 0x60, 0x86, 0xed, 0x76, 0x2,
    0xec, 0xdc, 0x7, 0xff, 0x66, 0xff, 0x80, 0xa,
    0xef, 0x40, 0x3, 0xa2, 0x27, 0x0, 0xff, 0xe2,
    0x5f, 0xfd, 0x40, 0x5, 0x77, 0xbc, 0x1, 0xd1,
    0x12, 0x80, 0x7f, 0xf1, 0x3a, 0x23, 0x0, 0x15,
    0xdf, 0x0,

    /* U+0115 "ĕ" */
    0x0, 0x6a, 0x89, 0xf1, 0x80, 0x51, 0x5d, 0x8e,
    0x60, 0x12, 0xf6, 0x74, 0x80, 0x64, 0xdc, 0xf9,
    0x0, 0x92, 0xc6, 0x59, 0x92, 0x0, 0x80, 0xc6,
    0x86, 0x60, 0x81, 0xa0, 0x80, 0x3c, 0x14, 0x81,
    0x3f, 0xe9, 0x2, 0x20, 0x26, 0x67, 0x38, 0x12,
    0x91, 0x9e, 0x10, 0x91, 0xc8, 0x68, 0xc0, 0x2,
    0x63, 0x3c, 0xaa, 0x0,

    /* U+0116 "Ė" */
    0x0, 0xff, 0x6d, 0x0, 0x78, 0xc0, 0x3b, 0x64,
    0x0, 0xff, 0xfe, 0x0, 0x2b, 0xbd, 0x0, 0xe,
    0x88, 0x9c, 0x3, 0xff, 0x89, 0x7f, 0xf5, 0x0,
    0x15, 0xde, 0xf0, 0x7, 0x44, 0x4a, 0x1, 0xff,
    0xc4, 0xe8, 0x8c, 0x0, 0x57, 0x7c,

    /* U+0117 "ė" */
    0x0, 0x8f, 0x98, 0x3, 0xff, 0x86, 0x7c, 0xc0,
    0x1c, 0x99, 0xfd, 0x20, 0x12, 0x58, 0xcb, 0x32,
    0x40, 0x10, 0x18, 0xd0, 0xcc, 0x10, 0x34, 0x10,
    0x7, 0x82, 0x90, 0x27, 0xfd, 0x20, 0x44, 0x4,
    0xcc, 0xe7, 0x2, 0x52, 0x33, 0xc2, 0x12, 0x39,
    0xd, 0x18, 0x0, 0x4c, 0x67, 0x95, 0x40,

    /* U+0118 "Ę" */
    0x7f, 0xff, 0x0, 0x15, 0xde, 0x80, 0x7, 0x44,
    0x4e, 0x1, 0xff, 0xc4, 0xe8, 0x89, 0x40, 0xa,
    0xef, 0x78, 0x2, 0xff, 0xea, 0x0, 0xff, 0xe2,
    0x74, 0x46, 0x0, 0x2b, 0xbf, 0x7f, 0xda, 0x5a,
    0x1, 0xa5, 0x48, 0x3, 0x30, 0x90, 0x6, 0xb6,
    0xf0,

    /* U+0119 "ę" */
    0x0, 0x26, 0x7f, 0x48, 0x4, 0x96, 0x32, 0xcc,
    0x90, 0x4, 0x6, 0x34, 0x33, 0x4, 0xd, 0x4,
    0x1, 0xe0, 0xa4, 0x9, 0xff, 0x48, 0x11, 0x1,
    0x33, 0x39, 0xc0, 0x94, 0x8c, 0xf0, 0x84, 0x8e,
    0x43, 0x46, 0x0, 0x13, 0x19, 0xe5, 0xc0, 0x31,
    0xdf, 0xd8, 0xe8, 0x7, 0xa6, 0x42, 0x1, 0xe3,
    0xf2, 0x0, 0xf4, 0xbf, 0x0,

    /* U+011A "Ě" */
    0x7, 0x30, 0x2, 0xa8, 0xf, 0x1e, 0xad, 0xc1,
    0x26, 0x17, 0x48, 0x0, 0xdf, 0xe3, 0x7, 0xff,
    0xf0, 0x1, 0x5d, 0xe8, 0x0, 0x74, 0x44, 0xe0,
    0x1f, 0xfc, 0x4b, 0xff, 0xa8, 0x0, 0xae, 0xf7,
    0x80, 0x3a, 0x22, 0x50, 0xf, 0xfe, 0x27, 0x44,
    0x60, 0x2, 0xbb, 0xe0,

    /* U+011B "ě" */
    0x0, 0x65, 0x3, 0x72, 0x0, 0x58, 0xdd, 0x3a,
    0x80, 0x1b, 0x76, 0x30, 0xc, 0x9b, 0x98, 0x90,
    0x9, 0x2c, 0x65, 0x99, 0x20, 0x8, 0xc, 0x68,
    0x66, 0x8, 0x1a, 0x8, 0x3, 0xc1, 0x48, 0x13,
    0xfe, 0x90, 0x22, 0x2, 0x66, 0x73, 0x81, 0x29,
    0x19, 0xe1, 0x9, 0x1c, 0x86, 0x8c, 0x0, 0x26,
    0x33, 0xca, 0xa0, 0x0,

    /* U+011C "Ĝ" */
    0x0, 0xe4, 0x83, 0x0, 0xf8, 0xed, 0x74, 0x80,
    0x38, 0xb6, 0x75, 0xbc, 0x40, 0x31, 0x73, 0x4,
    0x68, 0x80, 0x62, 0x8d, 0xfe, 0xd8, 0x10, 0x2,
    0x6b, 0xb3, 0x1c, 0x58, 0x40, 0xac, 0x72, 0xe6,
    0x59, 0xc0, 0xb, 0xb, 0x30, 0xf, 0x9c, 0x54,
    0x3, 0xf0, 0x90, 0x4, 0xd1, 0x11, 0x80, 0x7b,
    0x5d, 0xe5, 0x1, 0x20, 0xa, 0xfe, 0xc0, 0x24,
    0x13, 0x0, 0xfd, 0xc1, 0xc2, 0x1, 0xf2, 0x39,
    0x75, 0x44, 0x40, 0x1a, 0x2d, 0x10, 0xec, 0x2c,
    0x80,

    /* U+011D "ĝ" */
    0x0, 0x9f, 0xf8, 0x80, 0x33, 0xcd, 0xb6, 0x10,
    0x4, 0x9c, 0x91, 0x80, 0x19, 0x3b, 0xf0, 0x7e,
    0x41, 0x60, 0xe1, 0x74, 0x80, 0x10, 0x18, 0xf3,
    0x20, 0x8, 0x90, 0x40, 0xa, 0x0, 0x20, 0x20,
    0x8, 0x80, 0x4, 0x6, 0x1, 0x8, 0x4, 0x48,
    0x1, 0x20, 0x5, 0x63, 0x8f, 0x16, 0x1, 0x34,
    0x14, 0x25, 0x0, 0x67, 0xef, 0xc6, 0x1, 0x0,
    0xf2, 0x7, 0x4, 0x64, 0x3c, 0xc8, 0x58, 0x31,
    0xda, 0x1d, 0x30, 0x0,

    /* U+011E "Ğ" */
    0x0, 0x85, 0xc0, 0x27, 0x0, 0xe1, 0x94, 0x16,
    0x90, 0xf, 0x5d, 0xba, 0x68, 0x3, 0xcb, 0xd9,
    0xe8, 0x1, 0xc5, 0x19, 0x8e, 0xd8, 0x10, 0x2,
    0x6b, 0xb3, 0x1c, 0x58, 0x40, 0xac, 0x72, 0xe6,
    0x59, 0xc0, 0xb, 0xb, 0x30, 0xf, 0x9c, 0x54,
    0x3, 0xf0, 0x90, 0x4, 0xd1, 0x11, 0x80, 0x7b,
    0x5d, 0xe5, 0x1, 0x20, 0xa, 0xfe, 0xc0, 0x24,
    0x13, 0x0, 0xfd, 0xc1, 0xc2, 0x1, 0xf2, 0x39,
    0x75, 0x44, 0x40, 0x1a, 0x2d, 0x10, 0xec, 0x2c,
    0x80,

    /* U+011F "ğ" */
    0x0, 0x5b, 0x89, 0x63, 0x0, 0x51, 0x3d, 0xae,
    0xc0, 0x11, 0xf6, 0x6d, 0x80, 0x67, 0xec, 0xe3,
    0xd9, 0x5, 0x83, 0x85, 0xd2, 0x0, 0x40, 0x63,
    0xcc, 0x80, 0x22, 0x41, 0x0, 0x28, 0x0, 0x80,
    0x80, 0x22, 0x0, 0x10, 0x18, 0x4, 0x20, 0x11,
    0x20, 0x4, 0x80, 0x15, 0x8e, 0x3c, 0x58, 0x4,
    0xd0, 0x50, 0x94, 0x1, 0x9f, 0xbf, 0x18, 0x4,
    0x3, 0xc8, 0x1c, 0x11, 0x90, 0xf3, 0x21, 0x60,
    0xc7, 0x68, 0x74, 0xc0,

    /* U+0120 "Ġ" */
    0x0, 0xff, 0xe2, 0x2f, 0x20, 0x7, 0xff, 0x1d,
    0x79, 0x0, 0x3c, 0x51, 0xbf, 0xdb, 0x2, 0x0,
    0x4d, 0x76, 0x63, 0x8b, 0x8, 0x15, 0x8e, 0x5c,
    0xcb, 0x38, 0x1, 0x61, 0x66, 0x1, 0xf3, 0x8a,
    0x80, 0x7e, 0x12, 0x0, 0x9a, 0x22, 0x30, 0xf,
    0x6b, 0xbc, 0xa0, 0x24, 0x1, 0x5f, 0xd8, 0x4,
    0x82, 0x60, 0x1f, 0xb8, 0x38, 0x40, 0x3e, 0x47,
    0x2e, 0xa8, 0x88, 0x3, 0x45, 0xa2, 0x1d, 0x85,
    0x90,

    /* U+0121 "ġ" */
    0x0, 0xdb, 0x20, 0x1f, 0xfc, 0x4d, 0x90, 0xe,
    0x7e, 0xfc, 0x3d, 0x90, 0x58, 0x38, 0x5d, 0x20,
    0x4, 0x6, 0x3c, 0xc8, 0x2, 0x24, 0x10, 0x2,
    0x80, 0x8, 0x8, 0x2, 0x20, 0x1, 0x1, 0x80,
    0x42, 0x1, 0x12, 0x0, 0x48, 0x1, 0x58, 0xe3,
    0xc5, 0x80, 0x4d, 0x5, 0x9, 0x40, 0x19, 0xfb,
    0xf1, 0x80, 0x40, 0x3c, 0x81, 0xc1, 0x19, 0xf,
    0x32, 0x16, 0xc, 0x76, 0x87, 0x4c, 0x0,

    /* U+0122 "Ģ" */
    0x0, 0x8a, 0x37, 0xfb, 0x60, 0x40, 0x9, 0xae,
    0xcc, 0x40, 0x71, 0x2, 0xb1, 0xcb, 0x9a, 0xde,
    0x0, 0x58, 0x59, 0x80, 0x61, 0x0, 0x38, 0xa8,
    0x7, 0xe1, 0x20, 0xf, 0xfe, 0x15, 0xff, 0xcc,
    0x2, 0x40, 0x16, 0xba, 0x80, 0x48, 0x26, 0x0,
    0x68, 0xe0, 0xb, 0x83, 0x84, 0x3, 0xe4, 0x72,
    0xea, 0x88, 0x80, 0x34, 0x5a, 0x21, 0xd8, 0x59,
    0x0, 0x24, 0xbe, 0xfe, 0xd9, 0x20, 0xe, 0x1a,
    0x40, 0xf, 0xc8, 0xaa, 0x0, 0xfd, 0xee, 0x20,
    0x10,

    /* U+0123 "ģ" */
    0x0, 0xc9, 0xc0, 0x1f, 0x4b, 0x80, 0x78, 0x5f,
    0x40, 0x39, 0xfd, 0x60, 0xf6, 0x41, 0x60, 0xe1,
    0x74, 0x80, 0x10, 0x18, 0xf3, 0x20, 0x8, 0x90,
    0x40, 0xa, 0x0, 0x20, 0x20, 0x8, 0x80, 0x4,
    0x6, 0x1, 0x8, 0x4, 0x48, 0x1, 0x20, 0x5,
    0x63, 0x8f, 0x16, 0x1, 0x34, 0x14, 0x25, 0x0,
    0x67, 0xef, 0xc6, 0x1, 0x0, 0xf2, 0x7, 0x4,
    0x64, 0x3c, 0xc8, 0x58, 0x31, 0xda, 0x1d, 0x30,
    0x0,

    /* U+0124 "Ĥ" */
    0x0, 0xce, 0xe0, 0xf, 0xaa, 0x62, 0x40, 0x3a,
    0x1b, 0x35, 0x1c, 0x3, 0x46, 0x11, 0x35, 0xc0,
    0xf, 0xe8, 0x1, 0x93, 0xdc, 0x3, 0xff, 0xbd,
    0x7f, 0xfa, 0xc0, 0x32, 0xbb, 0xe5, 0x0, 0xdd,
    0x11, 0xb8, 0x3, 0xff, 0xbc,

    /* U+0125 "ĥ" */
    0x2, 0xef, 0x60, 0xe, 0x1f, 0x58, 0x94, 0x0,
    0xcb, 0x76, 0x7c, 0x30, 0xc, 0x8c, 0x0, 0x37,
    0x0, 0xf5, 0xf8, 0x7, 0xff, 0x48, 0xf3, 0xfa,
    0x0, 0x3b, 0x56, 0x9, 0xd8, 0x3, 0x44, 0xbe,
    0x86, 0x0, 0x67, 0x0, 0x8, 0x98, 0x3, 0x8,
    0x7, 0xff, 0x84,

    /* U+0126 "Ħ" */
    0x7, 0xf4, 0x0, 0xc9, 0xee, 0x0, 0xf0, 0xf,
    0x8, 0x5, 0xee, 0x17, 0xff, 0xa8, 0x23, 0xf1,
    0x82, 0x73, 0x34, 0x3, 0x61, 0xf0, 0x11, 0x9f,
    0x7, 0x18, 0x5, 0x7f, 0xfa, 0xc0, 0x3c, 0xae,
    0xf9, 0x40, 0x3d, 0xd1, 0x1b, 0x80, 0x3f, 0xfc,
    0xe0,

    /* U+0127 "ħ" */
    0xa, 0xf0, 0xf, 0x72, 0x87, 0xfc, 0x40, 0xc,
    0x40, 0xcc, 0x88, 0x0, 0x42, 0x0, 0xfc, 0xd7,
    0x0, 0xda, 0xb0, 0x10, 0xc0, 0x14, 0xc9, 0xf0,
    0x30, 0x2, 0x50, 0x0, 0x89, 0x80, 0x22, 0x0,
    0xff, 0xee, 0x80,

    /* U+0128 "Ĩ" */
    0x0, 0xfd, 0x3f, 0x66, 0xf4, 0x4f, 0x43, 0x91,
    0x27, 0x8b, 0x5b, 0xc6, 0x29, 0xfe, 0xde, 0x0,
    0x35, 0x1, 0x60, 0x4, 0xa0, 0xc6, 0x1, 0xff,
    0xe8, 0x50, 0x63, 0x0, 0x35, 0x1, 0x60, 0x0,

    /* U+0129 "ĩ" */
    0x2d, 0xd3, 0x17, 0xc, 0x25, 0x46, 0xa0, 0xcc,
    0x9f, 0xb6, 0x80, 0xc2, 0xfc, 0x80, 0x3f, 0xfd,
    0xc0,

    /* U+012A "Ī" */
    0x0, 0xf5, 0x7f, 0xe4, 0x8c, 0xcc, 0xa9, 0x99,
    0x85, 0xa8, 0xb, 0x0, 0xa, 0xc, 0x60, 0x1f,
    0xfe, 0x5, 0x6, 0x30, 0x6a, 0x2, 0xc0,

    /* U+012B "ī" */
    0x0, 0xf2, 0x7f, 0xe9, 0x5c, 0xcd, 0x62, 0x71,
    0x86, 0x40, 0x1f, 0xfe, 0x40,

    /* U+012C "Ĭ" */
    0xa8, 0x12, 0xc6, 0x96, 0xed, 0x76, 0x3e, 0xcd,
    0xb0, 0x6f, 0xcd, 0xf0, 0x6a, 0x2, 0xc0, 0x2,
    0x83, 0x18, 0x7, 0xff, 0x81, 0x41, 0x8c, 0x1a,
    0x80, 0xb0, 0x0,

    /* U+012D "ĭ" */
    0x5c, 0x21, 0x7b, 0x57, 0xde, 0x98, 0xb, 0xdc,
    0xe3, 0x0, 0x4e, 0x0, 0x7f, 0xf9, 0x80,

    /* U+012E "Į" */
    0x6f, 0xfc, 0xd, 0x40, 0x58, 0x0, 0x50, 0x63,
    0x0, 0xff, 0xf0, 0x28, 0x31, 0x83, 0x50, 0x16,
    0x3, 0x7f, 0x16, 0x0, 0x50, 0x86, 0x1, 0x29,
    0x10, 0x2, 0x95, 0xd0,

    /* U+012F "į" */
    0x9, 0xd0, 0xf, 0x4e, 0x80, 0x2f, 0xc0, 0x3f,
    0xfa, 0xc3, 0x0, 0xa8, 0xe0, 0x40, 0x40, 0xa7,
    0xa8,

    /* U+0130 "İ" */
    0x0, 0xfd, 0xd2, 0x1, 0x8c, 0x3, 0xb6, 0x40,
    0xd, 0xff, 0x81, 0xa8, 0xb, 0x0, 0xa, 0xc,
    0x60, 0x1f, 0xfe, 0x5, 0x6, 0x30, 0x6a, 0x2,
    0xc0,

    /* U+0131 "ı" */
    0xbf, 0x0, 0xff, 0xe6, 0x80,

    /* U+0132 "Ĳ" */
    0x6f, 0xfc, 0x0, 0xde, 0x6a, 0x2, 0xc0, 0xe,
    0x50, 0x63, 0x0, 0xff, 0xfc, 0x28, 0x31, 0x80,
    0x66, 0xa0, 0x2c, 0x0, 0x8d, 0xbf, 0xf0, 0x0,
    0x98, 0x3, 0x2c, 0x68, 0x68, 0x6, 0x27, 0x38,
    0x60,

    /* U+0133 "ĳ" */
    0x9d, 0x0, 0x27, 0x20, 0x7, 0xd3, 0xa0, 0x4,
    0xe4, 0xbf, 0x0, 0x2f, 0xa8, 0x7, 0xff, 0xb2,
    0xfc, 0x3, 0xf8, 0xc0, 0x32, 0x3d, 0x82, 0x0,
    0xe, 0xe, 0x44,

    /* U+0134 "Ĵ" */
    0x0, 0x96, 0x8, 0x3, 0x2d, 0x2f, 0x88, 0x1,
    0x2e, 0xb5, 0xf4, 0x0, 0x9c, 0xa1, 0x58, 0x1,
    0xa3, 0xcc, 0x3, 0xff, 0xfe, 0x1, 0xff, 0xc0,
    0x10, 0xe, 0x30, 0x20, 0x1, 0x4d, 0xa2, 0x0,
    0x21, 0x65, 0x55, 0x0, 0x40,

    /* U+0135 "ĵ" */
    0x3, 0xff, 0x38, 0x0, 0xf6, 0x2e, 0x9c, 0xb,
    0xdd, 0x35, 0x40, 0x45, 0x7e, 0x4, 0x1, 0xff,
    0xfb, 0x68, 0x43, 0x0, 0xa9, 0xcf, 0x80, 0x20,

    /* U+0136 "Ķ" */
    0x7f, 0x40, 0x9, 0xbe, 0x40, 0x3c, 0x92, 0x92,
    0x1, 0xc5, 0x45, 0x60, 0x1e, 0xf0, 0xf0, 0xf,
    0x51, 0x51, 0x0, 0x77, 0xa9, 0x20, 0x7, 0x90,
    0xc9, 0xc0, 0x3d, 0x58, 0x30, 0x40, 0x1c, 0x21,
    0x41, 0xc0, 0x1f, 0x23, 0x1b, 0x80, 0x7d, 0x25,
    0x4, 0x1, 0xf7, 0x7, 0x3, 0xfa, 0x0, 0x47,
    0xf8, 0x1, 0x8a, 0x90, 0x3, 0xe7, 0x55, 0x0,
    0x7d, 0xee, 0x20, 0x18,

    /* U+0137 "ķ" */
    0xaf, 0x0, 0xff, 0xe7, 0xe7, 0x98, 0x6, 0xa3,
    0xb3, 0x0, 0xa5, 0x65, 0x0, 0x26, 0x64, 0x30,
    0x6, 0x90, 0xe0, 0xe, 0x95, 0x65, 0x0, 0xcd,
    0x45, 0x62, 0x1, 0xdc, 0x3a, 0x1, 0xc6, 0xe6,
    0xf5, 0xe0, 0x14, 0x7b, 0x80, 0x54, 0xa0, 0x1c,
    0x6a, 0xc0, 0x1d, 0x6a, 0x60, 0x10,

    /* U+0138 "ĸ" */
    0xaf, 0x10, 0x5, 0xf9, 0x80, 0x68, 0x49, 0x30,
    0x9, 0x5d, 0xcc, 0x1, 0x2d, 0x24, 0x0, 0x6a,
    0x1, 0x0, 0xe4, 0x65, 0x50, 0x6, 0xb9, 0x2b,
    0x10, 0xe, 0xe1, 0xd0, 0xe, 0x38, 0x37,

    /* U+0139 "Ĺ" */
    0x1, 0x86, 0x0, 0xea, 0x75, 0x0, 0xcc, 0xb8,
    0x60, 0x19, 0xb8, 0xc0, 0x3a, 0x3c, 0xc0, 0x3f,
    0xff, 0xe0, 0x1a, 0x62, 0x30, 0x4, 0xae, 0xf8,
    0x40,

    /* U+013A "ĺ" */
    0x8, 0xf7, 0x37, 0x87, 0x6b, 0x70, 0x54, 0x0,
    0x5f, 0x80, 0x7f, 0xf8, 0x80,

    /* U+013B "Ļ" */
    0x8f, 0x30, 0xf, 0xff, 0xf8, 0x6, 0x98, 0x8c,
    0x1, 0x2b, 0xbe, 0x18, 0xff, 0xf0, 0x80, 0x4f,
    0x0, 0x1e, 0x90, 0xf, 0x10, 0x48, 0x4,

    /* U+013C "ļ" */
    0xbf, 0x0, 0xff, 0xeb, 0x5f, 0x82, 0x51, 0x6b,
    0x92, 0x48, 0x0,

    /* U+013D "Ľ" */
    0x8f, 0x30, 0x3, 0xf8, 0x80, 0x76, 0xa8, 0x80,
    0x71, 0x40, 0x7, 0xa0, 0x80, 0x3f, 0xfc, 0xf3,
    0x11, 0x80, 0x25, 0x77, 0xc2,

    /* U+013E "ľ" */
    0xbf, 0xd, 0xb0, 0x0, 0x97, 0x80, 0xd, 0xd0,
    0x0, 0x50, 0x1, 0xff, 0xdd,

    /* U+013F "Ŀ" */
    0x8f, 0x30, 0xf, 0xfe, 0xeb, 0xf1, 0x0, 0x7f,
    0xf0, 0x5f, 0x88, 0x3, 0xff, 0x8f, 0x31, 0x18,
    0x2, 0x57, 0x7c, 0x20,

    /* U+0140 "ŀ" */
    0xbf, 0x0, 0xff, 0xe6, 0xa7, 0x28, 0x7, 0xc9,
    0xca, 0x1, 0xff, 0xc8,

    /* U+0141 "Ł" */
    0x7, 0xf4, 0x0, 0xff, 0xec, 0x4a, 0x80, 0x7a,
    0xd8, 0xc0, 0x22, 0xb0, 0x4e, 0x60, 0xa, 0xc,
    0x3c, 0x40, 0x35, 0xb8, 0x7, 0xc3, 0xe0, 0x1f,
    0xee, 0x88, 0xc2, 0x1, 0x2b, 0xbe, 0x30,

    /* U+0142 "ł" */
    0x0, 0x67, 0x80, 0x7f, 0xf3, 0xc, 0x3, 0xb1,
    0x1, 0x48, 0x29, 0x2, 0x4, 0x14, 0x1, 0xa6,
    0x1, 0xff, 0xc9,

    /* U+0143 "Ń" */
    0x0, 0xe2, 0x85, 0x0, 0xfb, 0x99, 0xc0, 0x3d,
    0x1, 0xe4, 0x1, 0xe8, 0xc1, 0x0, 0x9f, 0xf4,
    0x3, 0xaf, 0x80, 0x5, 0x0, 0x1f, 0x89, 0xc8,
    0x3, 0xe9, 0x9, 0x0, 0xf9, 0x15, 0x14, 0x3,
    0xc3, 0x61, 0x60, 0x1f, 0xc, 0xc, 0x80, 0x7c,
    0xe4, 0xc6, 0x20, 0x1e, 0x90, 0xf0, 0xf, 0x91,
    0x6, 0x80, 0x1f, 0x48, 0x8, 0x7, 0xc4, 0xe0,
    0x0,

    /* U+0144 "ń" */
    0x0, 0xd7, 0xe8, 0x1, 0xa1, 0x71, 0x0, 0x35,
    0xf1, 0x80, 0x2e, 0xc7, 0xfe, 0xe8, 0x0, 0x26,
    0xac, 0x1b, 0xb0, 0x2, 0x25, 0xf0, 0x30, 0x0,
    0xe0, 0x1, 0x13, 0x0, 0x4, 0x3, 0xff, 0xb2,

    /* U+0145 "Ņ" */
    0x7f, 0xd0, 0xe, 0xbe, 0x0, 0x14, 0x0, 0x7e,
    0x27, 0x20, 0xf, 0xa4, 0x24, 0x3, 0xe4, 0x54,
    0x50, 0xf, 0xd, 0x85, 0x80, 0x7c, 0x30, 0x32,
    0x1, 0xf3, 0x93, 0x18, 0x80, 0x7a, 0x43, 0xc0,
    0x3e, 0x44, 0x1a, 0x0, 0x7d, 0x20, 0x20, 0x1f,
    0x13, 0x80, 0x1f, 0xc4, 0x3, 0x47, 0xf0, 0x6,
    0x3a, 0x20, 0xf, 0xad, 0x8, 0x3, 0xe5, 0xb0,
    0xc,

    /* U+0146 "ņ" */
    0xbb, 0x1e, 0x7f, 0x40, 0x1, 0x35, 0x60, 0xdd,
    0x80, 0x11, 0x2f, 0x81, 0x80, 0x7, 0x0, 0x8,
    0x98, 0x0, 0x20, 0x1f, 0xfd, 0x9b, 0xf0, 0xd,
    0xd8, 0x1, 0x2c, 0x80, 0x7b, 0x88, 0x3, 0xc9,
    0x20, 0x10,

    /* U+0147 "Ň" */
    0x0, 0x23, 0x0, 0xd, 0xc0, 0x32, 0xdd, 0x9b,
    0x4, 0x3, 0xf, 0xac, 0xbb, 0x0, 0x71, 0x77,
    0xc0, 0x4, 0xff, 0xa0, 0x1d, 0x7c, 0x0, 0x28,
    0x0, 0xfc, 0x4e, 0x40, 0x1f, 0x48, 0x48, 0x7,
    0xc8, 0xa8, 0xa0, 0x1e, 0x1b, 0xb, 0x0, 0xf8,
    0x60, 0x64, 0x3, 0xe7, 0x26, 0x31, 0x0, 0xf4,
    0x87, 0x80, 0x7c, 0x88, 0x34, 0x0, 0xfa, 0x40,
    0x40, 0x3e, 0x27, 0x0, 0x0,

    /* U+0148 "ň" */
    0x7, 0xd3, 0x2c, 0x90, 0x3, 0xd6, 0x6a, 0xc8,
    0x4, 0xf9, 0x89, 0x0, 0x5d, 0x8f, 0xf3, 0xa0,
    0x0, 0x9a, 0xb0, 0x6e, 0xc0, 0x8, 0x97, 0xc0,
    0xc0, 0x3, 0x80, 0x4, 0x4c, 0x0, 0x10, 0xf,
    0xfe, 0xc8,

    /* U+0149 "ŉ" */
    0x4f, 0x70, 0xf, 0xc6, 0x8, 0x1, 0xfb, 0x48,
    0xc0, 0x3f, 0x3d, 0x2f, 0xa5, 0xff, 0x59, 0x7,
    0xb8, 0x2, 0xf3, 0x16, 0x9c, 0x4, 0x1, 0x23,
    0x9a, 0xa8, 0xc0, 0x3b, 0x0, 0x22, 0x2, 0x0,
    0xc2, 0x1, 0xff, 0xe6,

    /* U+014A "Ŋ" */
    0x7f, 0xd0, 0xe, 0xbe, 0x0, 0x14, 0x0, 0x7e,
    0x27, 0x30, 0xf, 0xb8, 0x38, 0x3, 0xe2, 0x72,
    0x70, 0xf, 0xa0, 0xa0, 0x80, 0x3e, 0xe0, 0xe0,
    0xf, 0x8d, 0x8d, 0x84, 0x3, 0xd2, 0x32, 0x20,
    0x1f, 0x50, 0x20, 0x7, 0xc8, 0xa0, 0x1f, 0xd6,
    0x20, 0xfe, 0x20, 0x18, 0x48, 0x80, 0x1c, 0xb1,
    0x67, 0x60, 0x1d, 0xae, 0xae, 0xe0,

    /* U+014B "ŋ" */
    0xbc, 0x4c, 0xfe, 0x80, 0x1, 0xd5, 0xd2, 0xbb,
    0x0, 0x2d, 0xd6, 0xc3, 0x40, 0x8, 0x1, 0xb,
    0x80, 0x4, 0x3, 0xff, 0xb3, 0x7e, 0x1, 0xff,
    0xc6, 0x69, 0x14, 0x0, 0xd4, 0xc9, 0x20,

    /* U+014C "Ō" */
    0x0, 0xff, 0xe1, 0x9f, 0xfe, 0xb0, 0xf, 0x1e,
    0x66, 0x90, 0xf, 0x24, 0x6e, 0x75, 0x8, 0x6,
    0x8b, 0x57, 0x73, 0x3f, 0x90, 0x1, 0x1c, 0xfa,
    0x62, 0xe8, 0x78, 0x1, 0xc1, 0x0, 0x19, 0x50,
    0xcc, 0x8, 0x8, 0x1, 0xda, 0x8, 0x2, 0x40,
    0x1e, 0x20, 0xf0, 0xf, 0xfe, 0x8, 0x90, 0x7,
    0x88, 0x3c, 0x10, 0x10, 0x3, 0xb4, 0x10, 0x38,
    0x20, 0x3, 0x22, 0xc, 0xc0, 0x8e, 0x7d, 0x31,
    0x76, 0x1e, 0x0, 0xa2, 0x95, 0xdc, 0xcf, 0xe4,
    0x0,

    /* U+014D "ō" */
    0x0, 0xff, 0xa7, 0xff, 0x28, 0x5, 0x79, 0x99,
    0x0, 0x26, 0xfc, 0xd9, 0x30, 0x2, 0x58, 0xc3,
    0x2e, 0x8, 0x48, 0x63, 0xc5, 0x8c, 0x9, 0x20,
    0x80, 0x10, 0x50, 0xc0, 0x80, 0x31, 0x98, 0x80,
    0x80, 0x31, 0x98, 0xd, 0x4, 0x0, 0x82, 0x81,
    0x1, 0x8f, 0x16, 0x36, 0x9, 0x83, 0xe, 0x98,
    0x40,

    /* U+014E "Ŏ" */
    0x0, 0x89, 0x40, 0x27, 0x0, 0xfa, 0xcc, 0x63,
    0x0, 0x3c, 0x4d, 0x9c, 0xd2, 0x1, 0xf4, 0x76,
    0x71, 0x0, 0x79, 0x2f, 0xf3, 0x60, 0x40, 0x34,
    0x5a, 0xbb, 0x99, 0xfc, 0x80, 0x8, 0xe7, 0xd3,
    0x17, 0x43, 0xc0, 0xe, 0x8, 0x0, 0xca, 0x86,
    0x60, 0x40, 0x40, 0xe, 0xd0, 0x40, 0x12, 0x0,
    0xf1, 0x7, 0x80, 0x7f, 0xf0, 0x44, 0x80, 0x3c,
    0x41, 0xe0, 0x80, 0x80, 0x1d, 0xa0, 0x81, 0xc1,
    0x0, 0x19, 0x10, 0x66, 0x4, 0x73, 0xe9, 0x8b,
    0xb0, 0xf0, 0x5, 0x14, 0xae, 0xe6, 0x7f, 0x20,

    /* U+014F "ŏ" */
    0x0, 0x4c, 0x9, 0x5b, 0x80, 0x56, 0xdd, 0xae,
    0xe0, 0x8, 0xbb, 0x37, 0x0, 0x32, 0x66, 0x54,
    0x40, 0x4, 0xb1, 0x86, 0x5c, 0x10, 0x90, 0xc7,
    0x8b, 0x18, 0x12, 0x41, 0x0, 0x20, 0xa1, 0x81,
    0x0, 0x63, 0x31, 0x1, 0x0, 0x63, 0x30, 0x1a,
    0x8, 0x1, 0x5, 0x2, 0x3, 0x1e, 0x2c, 0x6c,
    0x13, 0x6, 0x1d, 0x30, 0x80,

    /* U+0150 "Ő" */
    0x0, 0xcb, 0x44, 0xd2, 0x20, 0x1c, 0x36, 0x61,
    0x22, 0x20, 0xe, 0x84, 0x99, 0x34, 0x0, 0x7a,
    0x68, 0x2e, 0x40, 0x3e, 0x4b, 0xef, 0xd8, 0x10,
    0xd, 0x16, 0xae, 0xe6, 0x7f, 0x20, 0x2, 0x39,
    0xf4, 0xc5, 0xd0, 0xf0, 0x3, 0x82, 0x0, 0x32,
    0xa1, 0x98, 0x10, 0x10, 0x3, 0xb4, 0x10, 0x4,
    0x80, 0x3c, 0x41, 0xe0, 0x1f, 0xfc, 0x11, 0x20,
    0xf, 0x10, 0x78, 0x20, 0x20, 0x7, 0x68, 0x20,
    0x70, 0x40, 0x6, 0x44, 0x19, 0x81, 0x1c, 0xfa,
    0x62, 0xec, 0x3c, 0x1, 0x45, 0x2b, 0xb9, 0x9f,
    0xc8, 0x0,

    /* U+0151 "ő" */
    0x0, 0xf, 0xd9, 0x7d, 0x0, 0x50, 0x55, 0x27,
    0x40, 0x1, 0xc, 0x33, 0x60, 0x4, 0x3b, 0xb3,
    0x51, 0x0, 0x12, 0xc6, 0x19, 0x70, 0x42, 0x43,
    0x1e, 0x2c, 0x60, 0x49, 0x4, 0x0, 0x82, 0x86,
    0x4, 0x1, 0x8c, 0xc4, 0x4, 0x1, 0x8c, 0xc0,
    0x68, 0x20, 0x4, 0x14, 0x8, 0xc, 0x78, 0xb1,
    0xb0, 0x4c, 0x18, 0x74, 0xc2,

    /* U+0152 "Œ" */
    0x0, 0x97, 0x3b, 0xff, 0xf0, 0x80, 0x26, 0x8c,
    0x90, 0xc0, 0x91, 0x30, 0x1, 0x18, 0xb7, 0x2f,
    0x81, 0x2e, 0xf0, 0x87, 0x4, 0x90, 0x7, 0xfc,
    0x82, 0x80, 0x1f, 0xfc, 0x1, 0x30, 0xf, 0x37,
    0xfd, 0xa0, 0x10, 0x80, 0x78, 0xdd, 0xeb, 0x0,
    0x9, 0x0, 0x79, 0x62, 0x26, 0x0, 0x20, 0x98,
    0x7, 0xff, 0x3, 0x83, 0xc0, 0x3f, 0xf8, 0x8,
    0xc7, 0xd3, 0x10, 0x5, 0x88, 0xc0, 0x14, 0xd1,
    0x3b, 0x94, 0xd, 0xdf, 0x8,

    /* U+0153 "œ" */
    0x0, 0x2e, 0x7f, 0x48, 0x15, 0xff, 0x48, 0x80,
    0x16, 0x82, 0x64, 0xd9, 0x86, 0x96, 0x65, 0x0,
    0x20, 0x71, 0x9e, 0x8c, 0x7d, 0xa1, 0xd0, 0xc4,
    0x90, 0x2, 0x50, 0x12, 0x0, 0x60, 0x29, 0x81,
    0x80, 0x70, 0xff, 0xd6, 0x2, 0x60, 0x60, 0x1c,
    0x59, 0x9c, 0xc2, 0x48, 0x1, 0x30, 0x10, 0x99,
    0xe1, 0x9, 0x1d, 0x78, 0x92, 0x26, 0x43, 0x46,
    0x8, 0x25, 0x8c, 0x32, 0xe6, 0x11, 0xa5, 0x94,
    0x40,

    /* U+0154 "Ŕ" */
    0x0, 0xc7, 0x8, 0x1, 0xc3, 0xaa, 0xa0, 0xe,
    0xb5, 0xc1, 0x0, 0xea, 0xb1, 0x0, 0xa3, 0xff,
    0x63, 0x0, 0x66, 0x86, 0x29, 0x70, 0xa, 0x9e,
    0x7c, 0x24, 0x3, 0xc2, 0x42, 0x1, 0xf1, 0x88,
    0x4, 0xc4, 0x74, 0x30, 0x1, 0x56, 0xe2, 0xcb,
    0x0, 0x51, 0x48, 0xa, 0x1, 0x91, 0x68, 0x3c,
    0x3, 0xc2, 0xe6, 0xc0, 0x1e, 0x81, 0x81, 0x0,
    0xf5, 0x8d, 0x80,

    /* U+0155 "ŕ" */
    0x0, 0xb7, 0x8c, 0x1, 0x41, 0x86, 0x0, 0x9d,
    0x20, 0xbb, 0x15, 0xfb, 0x83, 0x6b, 0x29, 0x81,
    0x36, 0xd2, 0x0, 0x20, 0x3, 0x88, 0x3, 0xff,
    0x9e,

    /* U+0156 "Ŗ" */
    0x8f, 0xfd, 0x8c, 0x1, 0x9a, 0x18, 0xa5, 0xc0,
    0x2a, 0x79, 0xf0, 0x90, 0xf, 0x9, 0x8, 0x7,
    0xc6, 0x20, 0x13, 0x11, 0xd0, 0xc0, 0x5, 0x5b,
    0x8b, 0x2c, 0x1, 0x45, 0x20, 0x28, 0x6, 0x45,
    0xa0, 0xf0, 0xf, 0xb, 0x9b, 0x0, 0x7a, 0x6,
    0x4, 0x3, 0xd6, 0x37, 0x1e, 0x60, 0x12, 0xfd,
    0x0, 0x45, 0x46, 0x1, 0xe4, 0x52, 0x0, 0xf6,
    0xc0, 0x80, 0x40,

    /* U+0157 "ŗ" */
    0xbb, 0xd, 0xfb, 0x83, 0x6b, 0x29, 0x81, 0x36,
    0xd2, 0x0, 0x20, 0x3, 0x88, 0x3, 0xff, 0x9f,
    0x7e, 0x1, 0x92, 0x84, 0x2, 0xd7, 0x10, 0x9,
    0xe4, 0x3, 0x0,

    /* U+0158 "Ř" */
    0x5, 0x50, 0x1, 0x1c, 0x2, 0x7b, 0xa7, 0xb3,
    0x0, 0x8b, 0x56, 0x25, 0x0, 0x31, 0xff, 0x98,
    0x2, 0x8f, 0xfd, 0x8c, 0x1, 0x9a, 0x18, 0xa5,
    0xc0, 0x2a, 0x79, 0xf0, 0x90, 0xf, 0x9, 0x8,
    0x7, 0xc6, 0x20, 0x13, 0x11, 0xd0, 0xc0, 0x5,
    0x5b, 0x8b, 0x2c, 0x1, 0x45, 0x20, 0x28, 0x6,
    0x45, 0xa0, 0xf0, 0xf, 0xb, 0x9b, 0x0, 0x7a,
    0x6, 0x4, 0x3, 0xd6, 0x36,

    /* U+0159 "ř" */
    0x9c, 0x23, 0xd7, 0x95, 0xdc, 0xa7, 0x9, 0xcd,
    0x70, 0xbb, 0x14, 0xfb, 0x83, 0x6b, 0x29, 0x81,
    0x36, 0xd2, 0x0, 0x20, 0x3, 0x88, 0x3, 0xff,
    0x9e,

    /* U+015A "Ś" */
    0x0, 0xe7, 0x70, 0x7, 0xa6, 0xc, 0x3, 0x91,
    0xed, 0x0, 0x39, 0x39, 0x0, 0x39, 0xf7, 0xfa,
    0xd4, 0x1, 0x50, 0x2c, 0x8b, 0x80, 0x5, 0x3c,
    0x9a, 0xe9, 0x0, 0xff, 0x8c, 0xd0, 0x1, 0xee,
    0x27, 0xe8, 0x10, 0x8, 0xb6, 0x4d, 0xfc, 0xc0,
    0x33, 0x6c, 0x8f, 0x0, 0x79, 0x90, 0x80, 0x3e,
    0x60, 0x1, 0xfd, 0xcc, 0x69, 0x38, 0x13, 0x36,
    0x1a, 0x80,

    /* U+015B "ś" */
    0x0, 0xdb, 0xc6, 0x1, 0xa8, 0x30, 0xc0, 0x34,
    0xe9, 0x0, 0x47, 0x7b, 0xfa, 0xe0, 0xc, 0x68,
    0x94, 0x0, 0x10, 0x2b, 0x32, 0x5c, 0x8, 0x8f,
    0x46, 0x1, 0xb1, 0xd7, 0x30, 0x40, 0x1, 0x8f,
    0x83, 0xf0, 0xe, 0x75, 0x20, 0x3c, 0x86, 0x75,
    0x30, 0x27, 0x69, 0x92, 0xe8, 0x0,

    /* U+015C "Ŝ" */
    0x0, 0x92, 0x10, 0x3, 0x8a, 0xd6, 0xc8, 0x2,
    0x1c, 0x8d, 0x8c, 0x20, 0x0, 0xf3, 0x83, 0xf1,
    0x0, 0x4f, 0xbf, 0xd6, 0xa0, 0xa, 0x81, 0x64,
    0x5c, 0x0, 0x29, 0xe4, 0xd7, 0x48, 0x7, 0xfc,
    0x66, 0x80, 0xf, 0x71, 0x3f, 0x40, 0x80, 0x45,
    0xb2, 0x6f, 0xe6, 0x1, 0x9b, 0x64, 0x78, 0x3,
    0xcc, 0x84, 0x1, 0xf3, 0x0, 0xf, 0xee, 0x63,
    0x49, 0xc0, 0x99, 0xb0, 0xd4, 0x0,

    /* U+015D "ŝ" */
    0x0, 0x37, 0xf8, 0x80, 0x26, 0x8b, 0x7c, 0x30,
    0x2, 0xfa, 0x47, 0x88, 0x5, 0x5d, 0xf8, 0xa0,
    0xc, 0x68, 0x94, 0x0, 0x10, 0x2b, 0x32, 0x5c,
    0x8, 0x8f, 0x46, 0x1, 0xb1, 0xd7, 0x30, 0x40,
    0x1, 0x8f, 0x83, 0xf0, 0xe, 0x75, 0x20, 0x3c,
    0x86, 0x75, 0x30, 0x27, 0x69, 0x92, 0xe8, 0x0,

    /* U+015E "Ş" */
    0x0, 0x3e, 0xff, 0x5a, 0x80, 0x2a, 0x5, 0x91,
    0x70, 0x0, 0xa7, 0x93, 0x5d, 0x20, 0x1f, 0xf1,
    0x9a, 0x0, 0x3d, 0xc4, 0xfd, 0x2, 0x1, 0x16,
    0xc9, 0xbf, 0x98, 0x6, 0x6d, 0x91, 0xe0, 0xf,
    0x32, 0x10, 0x7, 0xcc, 0x0, 0x3f, 0xb9, 0x8d,
    0x27, 0x2, 0x55, 0x33, 0x8d, 0x40, 0xd, 0x73,
    0xb6, 0x28, 0x7, 0x6a, 0x40, 0x7, 0x91, 0xcc,
    0x3, 0x9f, 0x9e, 0x0, 0x20,

    /* U+015F "ş" */
    0x3, 0xbe, 0xfd, 0x70, 0x6, 0x34, 0x4a, 0x0,
    0x8, 0x15, 0x99, 0x2e, 0x4, 0x47, 0xa3, 0x0,
    0xd8, 0xeb, 0x98, 0x20, 0x0, 0xc7, 0xc1, 0xf8,
    0x7, 0x3a, 0x90, 0x1e, 0x43, 0x3a, 0x98, 0x13,
    0xb4, 0xc2, 0xe8, 0xd, 0xf1, 0x55, 0x4, 0x3,
    0x2d, 0x20, 0x6, 0x19, 0x13, 0x0, 0xd5, 0xca,
    0xc0, 0x0,

    /* U+0160 "Š" */
    0x1, 0x71, 0x0, 0x39, 0x80, 0x7, 0xbd, 0x77,
    0xc, 0x2, 0x95, 0xa0, 0xb0, 0xe, 0xbf, 0xd0,
    0xe, 0x7d, 0xfe, 0xb5, 0x0, 0x54, 0xb, 0x22,
    0xe0, 0x1, 0x4f, 0x26, 0xba, 0x40, 0x3f, 0xe3,
    0x34, 0x0, 0x7b, 0x89, 0xfa, 0x4, 0x2, 0x2d,
    0x93, 0x7f, 0x30, 0xc, 0xdb, 0x23, 0xc0, 0x1e,
    0x64, 0x20, 0xf, 0x98, 0x0, 0x7f, 0x73, 0x1a,
    0x4e, 0x4, 0xcd, 0x86, 0xa0, 0x0,

    /* U+0161 "š" */
    0x9, 0xc2, 0x3d, 0x70, 0x4, 0xae, 0xe5, 0x38,
    0x5, 0x39, 0xae, 0x1, 0x1d, 0xee, 0xce, 0x0,
    0xc6, 0x89, 0x40, 0x1, 0x2, 0xb3, 0x25, 0xc0,
    0x88, 0xf4, 0x60, 0x1b, 0x1d, 0x73, 0x4, 0x0,
    0x18, 0xf8, 0x3f, 0x0, 0xe7, 0x52, 0x3, 0xc8,
    0x67, 0x53, 0x2, 0x76, 0x99, 0x2e, 0x80,

    /* U+0162 "Ţ" */
    0xcf, 0xff, 0xb2, 0x9d, 0xc8, 0x8, 0xee, 0xa6,
    0x88, 0x68, 0x74, 0x41, 0x80, 0x3f, 0xff, 0xe0,
    0x1f, 0xc8, 0x2a, 0x1, 0xe1, 0x2c, 0x0, 0xf1,
    0x49, 0x88, 0x6, 0x2e, 0xb8, 0x10, 0x0,

    /* U+0163 "ţ" */
    0x0, 0x79, 0x80, 0x4a, 0x1, 0x9e, 0x83, 0x3e,
    0x91, 0x42, 0x2a, 0x4c, 0x81, 0x14, 0xc0, 0x3f,
    0xf8, 0xfe, 0x1, 0xc6, 0x1e, 0xcc, 0x4, 0x63,
    0x9f, 0x0, 0x48, 0xe4, 0x80, 0x5, 0xb0, 0xc0,
    0x2a, 0x6, 0x0, 0x66, 0xaa, 0x80,

    /* U+0164 "Ť" */
    0x2, 0x71, 0x1, 0x72, 0x0, 0x17, 0x7a, 0xe6,
    0x90, 0x5, 0x2b, 0x43, 0x40, 0x1d, 0x7f, 0x80,
    0x16, 0x7f, 0xfd, 0x94, 0xee, 0x40, 0x47, 0x75,
    0x34, 0x43, 0x43, 0xa2, 0xc, 0x1, 0xff, 0xff,
    0x0, 0xf0,

    /* U+0165 "ť" */
    0x0, 0xf5, 0xe8, 0x1, 0x44, 0x0, 0xb6, 0x7,
    0x44, 0x2, 0xec, 0xcd, 0xc, 0xfb, 0x90, 0x54,
    0x8, 0xa9, 0x0, 0x19, 0x2, 0x29, 0x80, 0x7f,
    0xf3, 0xfc, 0x3, 0xe3, 0xf, 0x66, 0x0, 0x48,
    0xc5, 0x3e, 0x0,

    /* U+0166 "Ŧ" */
    0xcf, 0xff, 0xb2, 0x9d, 0xc8, 0x8, 0xee, 0xa6,
    0x88, 0x68, 0x74, 0x41, 0x80, 0x3f, 0xf8, 0xe2,
    0x42, 0x4, 0x41, 0x0, 0x5e, 0xc0, 0x46, 0xc0,
    0x2, 0x69, 0x81, 0xea, 0xc0, 0x6, 0xbe, 0x1a,
    0xa4, 0x1, 0xff, 0xd0,

    /* U+0167 "ŧ" */
    0x0, 0x79, 0x80, 0x4a, 0x1, 0x9e, 0x83, 0x3e,
    0x91, 0x42, 0x2a, 0x4c, 0x81, 0x14, 0xe5, 0xc3,
    0x3d, 0xe1, 0x82, 0xb1, 0x84, 0x40, 0xc6, 0x21,
    0xe0, 0xe0, 0x11, 0x84, 0x33, 0x1, 0x1c, 0xa7,
    0xc0,

    /* U+0168 "Ũ" */
    0x0, 0xff, 0xe0, 0x47, 0xe1, 0xb5, 0x80, 0x42,
    0xd4, 0xd9, 0x3e, 0x1, 0xe, 0x2d, 0x77, 0x10,
    0x1, 0x3e, 0x1, 0x8, 0x97, 0xd8, 0x3, 0xff,
    0xf5, 0xc0, 0xc0, 0x18, 0x80, 0x90, 0x3c, 0x3,
    0x50, 0x21, 0xaa, 0x6c, 0xcb, 0x8a, 0x40, 0x15,
    0x0, 0xcc, 0x2a, 0x60,

    /* U+0169 "ũ" */
    0x4, 0xed, 0x53, 0xe0, 0x4, 0x4a, 0xd6, 0x30,
    0x3, 0xde, 0x3b, 0x60, 0x33, 0x0, 0x1, 0x2f,
    0xb0, 0xf, 0xfe, 0xe3, 0x0, 0x80, 0x14, 0x1,
    0x81, 0x4a, 0xd6, 0x0, 0x67, 0x5a, 0xbb, 0x20,
    0x0,

    /* U+016A "Ū" */
    0x0, 0xff, 0xe0, 0x4f, 0xfe, 0x50, 0xd, 0x79,
    0x99, 0x0, 0x13, 0xe0, 0x67, 0x93, 0xd8, 0x3,
    0xff, 0xf5, 0xc0, 0xc0, 0x18, 0x80, 0x90, 0x3c,
    0x3, 0x50, 0x21, 0xaa, 0x6c, 0xcb, 0x8a, 0x40,
    0x15, 0x0, 0xcc, 0x2a, 0x60,

    /* U+016B "ū" */
    0x0, 0xfe, 0x7f, 0xfc, 0xe0, 0x6, 0xcc, 0xcc,
    0x19, 0xc6, 0x7b, 0xac, 0x3, 0xff, 0xb8, 0xc0,
    0x20, 0x5, 0x0, 0x60, 0x52, 0xb5, 0x80, 0x19,
    0xd6, 0xae, 0xc8, 0x0,

    /* U+016C "Ŭ" */
    0x0, 0x29, 0x0, 0xd, 0x0, 0x36, 0xc0, 0x97,
    0x88, 0x6, 0x97, 0xed, 0x75, 0x0, 0xc3, 0xbb,
    0x58, 0x5, 0x3e, 0x40, 0x44, 0x5, 0xf6, 0x0,
    0xff, 0xfd, 0x70, 0x30, 0x6, 0x20, 0x24, 0xf,
    0x0, 0xd4, 0x8, 0x6a, 0x9b, 0x32, 0xe2, 0x90,
    0x5, 0x40, 0x33, 0xa, 0x98, 0x0,

    /* U+016D "ŭ" */
    0x7, 0xa1, 0x29, 0x90, 0x1, 0x9f, 0xb5, 0x20,
    0x0, 0x3b, 0xb8, 0x43, 0x3c, 0x8, 0x81, 0xf6,
    0x1, 0xff, 0xdc, 0x60, 0x10, 0x2, 0x80, 0x30,
    0x29, 0x5a, 0xc0, 0xc, 0xeb, 0x57, 0x64, 0x0,

    /* U+016E "Ů" */
    0x0, 0x97, 0x70, 0x80, 0x3d, 0x7f, 0x76, 0x0,
    0xff, 0xe2, 0x5f, 0xdd, 0x80, 0x3c, 0xbb, 0x84,
    0x1, 0x4f, 0x90, 0x6, 0x5f, 0x60, 0xf, 0xff,
    0xd7, 0x3, 0x0, 0x62, 0x2, 0x40, 0xf0, 0xd,
    0x40, 0x86, 0xa9, 0xb3, 0x2e, 0x29, 0x0, 0x54,
    0x3, 0x30, 0xa9, 0x80,

    /* U+016F "ů" */
    0x0, 0x1e, 0xe8, 0xc0, 0x34, 0x45, 0xe0, 0x1c,
    0x20, 0x1e, 0x89, 0x8f, 0x0, 0xc7, 0xba, 0x30,
    0x6, 0x78, 0x6, 0xfb, 0x0, 0xff, 0xee, 0x30,
    0x8, 0x1, 0x40, 0x18, 0x14, 0xad, 0x60, 0x6,
    0x75, 0xab, 0xb2, 0x0,

    /* U+0170 "Ű" */
    0x0, 0xa6, 0x2, 0x5c, 0x3, 0x33, 0x31, 0xd9,
    0x0, 0x21, 0x8a, 0x59, 0xb3, 0x0, 0x87, 0x94,
    0x79, 0x0, 0x29, 0xf2, 0x0, 0xcb, 0xec, 0x1,
    0xff, 0xfa, 0xe0, 0x60, 0xc, 0x40, 0x48, 0x1e,
    0x1, 0xa8, 0x10, 0xd5, 0x36, 0x65, 0xc5, 0x20,
    0xa, 0x80, 0x66, 0x15, 0x30, 0x0,

    /* U+0171 "ű" */
    0x0, 0x76, 0x8f, 0xe0, 0x1, 0xc3, 0x20, 0xb4,
    0x1, 0xd8, 0x0, 0xc1, 0xc, 0x62, 0x19, 0x1f,
    0xb0, 0xf, 0xfe, 0xe3, 0x0, 0x80, 0x14, 0x1,
    0x81, 0x4a, 0xd6, 0x0, 0x67, 0x5a, 0xbb, 0x20,
    0x0,

    /* U+0172 "Ų" */
    0x9f, 0x20, 0xc, 0xbe, 0xc0, 0x1f, 0xff, 0xae,
    0x6, 0x0, 0xc4, 0x6, 0x81, 0xe0, 0x1a, 0x81,
    0xcd, 0x53, 0x66, 0x5c, 0x4a, 0x41, 0x50, 0xc,
    0xc1, 0x3a, 0x0, 0x9f, 0x7e, 0xc3, 0x80, 0x3e,
    0xe5, 0x20, 0xf, 0x84, 0x44, 0x1, 0xf7, 0xae,
    0x80, 0x0,

    /* U+0173 "ų" */
    0xcf, 0x0, 0xdf, 0x60, 0x1f, 0xfd, 0xc6, 0x1,
    0x0, 0x28, 0x3, 0x2, 0x95, 0xac, 0x0, 0xce,
    0xb5, 0x76, 0x27, 0x8, 0xef, 0xd6, 0xd, 0x0,
    0xef, 0xb1, 0x0, 0xe3, 0xe2, 0x0, 0xe8, 0x7e,

    /* U+0174 "Ŵ" */
    0x0, 0xf2, 0x42, 0x0, 0x7f, 0xc5, 0x6b, 0x64,
    0x1, 0xfc, 0x59, 0x1a, 0xf8, 0x40, 0x1f, 0x8b,
    0x9c, 0x23, 0x88, 0x3, 0x67, 0x80, 0x68, 0xf7,
    0x0, 0xdf, 0x88, 0x8, 0x1, 0x20, 0x58, 0x4,
    0x60, 0x98, 0x6, 0x1, 0x19, 0x18, 0x4, 0x81,
    0x88, 0x18, 0x0, 0x50, 0xb0, 0x50, 0x6, 0x82,
    0x1, 0xa0, 0x3, 0x1, 0x83, 0x0, 0x8, 0x60,
    0x4, 0x3, 0x4, 0x40, 0x22, 0x0, 0x85, 0x0,
    0x18, 0x8, 0x25, 0xa1, 0xa4, 0x44, 0xc, 0x0,
    0x20, 0x6b, 0x82, 0x2, 0x2, 0x78, 0x20, 0x4,
    0x69, 0xe2, 0x40, 0x43, 0x88, 0x60, 0x19, 0x5,
    0x1c, 0x2, 0x77, 0x12, 0x0, 0x6c, 0x2, 0xc0,
    0xb, 0x8, 0x30, 0x3, 0x20, 0x1, 0x0, 0x24,
    0x0, 0x20, 0x0,

    /* U+0175 "ŵ" */
    0x0, 0xec, 0xfb, 0x0, 0xfc, 0x38, 0xda, 0x16,
    0x1, 0xf0, 0xed, 0x15, 0xd0, 0x6, 0xbf, 0x0,
    0xc, 0xfc, 0x8, 0xf, 0xce, 0x82, 0x0, 0x1c,
    0x10, 0x0, 0x81, 0x88, 0x18, 0x4, 0x2c, 0x62,
    0x18, 0x8, 0x42, 0x80, 0xa1, 0x60, 0x80, 0x86,
    0x20, 0x86, 0x18, 0x84, 0x4f, 0x12, 0x40, 0x7,
    0x82, 0x23, 0x1, 0x12, 0xc, 0x0, 0x20, 0x70,
    0x28, 0x68, 0xf8, 0x20, 0x0, 0x49, 0x44, 0x81,
    0x1, 0x50, 0x3, 0x20, 0x38, 0x4, 0x81, 0x80,
    0x0,

    /* U+0176 "Ŷ" */
    0x0, 0x8e, 0x14, 0x3, 0xc3, 0xab, 0x48, 0x1,
    0xd8, 0xfb, 0x34, 0x60, 0x1b, 0x64, 0x1b, 0x8c,
    0x1, 0x7e, 0x40, 0x1b, 0x3c, 0x60, 0x20, 0x2,
    0x43, 0x61, 0x34, 0x52, 0x0, 0x40, 0x40, 0x2,
    0x2, 0x1, 0x4d, 0xc4, 0x0, 0x68, 0xa5, 0x1,
    0x20, 0x1a, 0x43, 0xca, 0x4, 0x3, 0x12, 0x90,
    0xb8, 0x7, 0xa4, 0x18, 0x3, 0xff, 0xc0,

    /* U+0177 "ŷ" */
    0x0, 0x17, 0x7c, 0x0, 0x63, 0xc9, 0xc5, 0x80,
    0x8, 0xbd, 0xcf, 0x68, 0x1, 0x9c, 0x20, 0x15,
    0x7a, 0x50, 0x28, 0x4, 0xa2, 0x8c, 0x1c, 0x0,
    0x32, 0x60, 0x2, 0xa0, 0x85, 0x85, 0x0, 0x38,
    0x1c, 0x14, 0x88, 0x0, 0x42, 0xd3, 0x2a, 0x0,
    0xd4, 0x96, 0xc, 0x1, 0x98, 0x1d, 0x4, 0x3,
    0xa, 0x7, 0x0, 0x7e, 0x50, 0xe, 0x34, 0x60,
    0xc, 0xaf, 0xa1, 0x60, 0x1b, 0xe0, 0xb0, 0x80,
    0x30,

    /* U+0178 "Ÿ" */
    0x0, 0x4e, 0x3, 0xe8, 0x7, 0x7a, 0x81, 0xb8,
    0x7, 0x34, 0x82, 0x50, 0x5, 0x7e, 0x40, 0x1b,
    0x3c, 0x60, 0x20, 0x2, 0x43, 0x61, 0x34, 0x52,
    0x0, 0x40, 0x40, 0x2, 0x2, 0x1, 0x4d, 0xc4,
    0x0, 0x68, 0xa5, 0x1, 0x20, 0x1a, 0x43, 0xca,
    0x4, 0x3, 0x12, 0x90, 0xb8, 0x7, 0xa4, 0x18,
    0x3, 0xff, 0xc0,

    /* U+0179 "Ź" */
    0x0, 0xe7, 0x70, 0x7, 0x9e, 0x4, 0x3, 0x8e,
    0x69, 0x80, 0x38, 0xf9, 0x40, 0x24, 0xff, 0xf9,
    0xd9, 0xdf, 0x84, 0xc, 0xa2, 0x35, 0x8a, 0x20,
    0x3, 0xb8, 0x28, 0x3, 0x9c, 0xa4, 0x40, 0x31,
    0x41, 0xb0, 0x7, 0x70, 0x70, 0x7, 0x31, 0xb9,
    0x0, 0x61, 0x82, 0x80, 0xe, 0xb1, 0xe0, 0xe,
    0x45, 0x1b, 0x88, 0xca, 0x60, 0x2e, 0xfd, 0xe0,

    /* U+017A "ź" */
    0x0, 0xdb, 0xc4, 0x1, 0xad, 0xbc, 0x80, 0x35,
    0x58, 0x80, 0xb, 0xfd, 0xdf, 0xee, 0x2, 0xaa,
    0xa0, 0x14, 0x0, 0xab, 0x60, 0x50, 0x6, 0x64,
    0xa1, 0x0, 0x8a, 0x51, 0x40, 0x37, 0xd, 0x0,
    0x67, 0x3b, 0x10, 0x8, 0xa0, 0x81, 0x56, 0x4,
    0x2, 0xaa, 0xc0,

    /* U+017B "Ż" */
    0x0, 0xff, 0xe0, 0x17, 0x30, 0x7, 0xff, 0xc,
    0xb9, 0x80, 0x24, 0xff, 0xf9, 0xd9, 0xdf, 0x84,
    0xc, 0xa2, 0x35, 0x8a, 0x20, 0x3, 0xb8, 0x28,
    0x3, 0x9c, 0xa4, 0x40, 0x31, 0x41, 0xb0, 0x7,
    0x70, 0x70, 0x7, 0x31, 0xb9, 0x0, 0x61, 0x82,
    0x80, 0xe, 0xb1, 0xe0, 0xe, 0x45, 0x1b, 0x88,
    0xca, 0x60, 0x2e, 0xfd, 0xe0,

    /* U+017C "ż" */
    0x0, 0xb6, 0x40, 0x3f, 0xf8, 0x5b, 0x20, 0x11,
    0x7f, 0xf7, 0x1, 0x55, 0x50, 0xa, 0x0, 0x55,
    0xb0, 0x28, 0x3, 0x32, 0x50, 0x80, 0x45, 0x28,
    0xa0, 0x1b, 0x86, 0x80, 0x33, 0x9d, 0x88, 0x4,
    0x50, 0x40, 0xab, 0x2, 0x1, 0x55, 0x60,

    /* U+017D "Ž" */
    0x1, 0x72, 0x0, 0x31, 0x80, 0x4, 0x35, 0x72,
    0x8c, 0x2, 0x76, 0xa2, 0xd0, 0xe, 0x9f, 0xe1,
    0x0, 0x27, 0xff, 0xce, 0xce, 0xfc, 0x20, 0x65,
    0x11, 0xac, 0x51, 0x0, 0x1d, 0xc1, 0x40, 0x1c,
    0xe5, 0x22, 0x1, 0x8a, 0xd, 0x80, 0x3b, 0x83,
    0x80, 0x39, 0x8d, 0xc8, 0x3, 0xc, 0x14, 0x0,
    0x75, 0x8f, 0x0, 0x72, 0x28, 0xdc, 0x46, 0x53,
    0x1, 0x77, 0xef,

    /* U+017E "ž" */
    0xa, 0xc2, 0x4e, 0x60, 0x5, 0x2e, 0xdd, 0x98,
    0x2, 0x9d, 0xe5, 0x0, 0x17, 0xfb, 0x7b, 0xf8,
    0xa, 0xaa, 0x80, 0x50, 0x2, 0xad, 0x81, 0x40,
    0x19, 0x92, 0x84, 0x2, 0x29, 0x45, 0x0, 0xdc,
    0x34, 0x1, 0x9c, 0xec, 0x40, 0x22, 0x82, 0x5,
    0x58, 0x10, 0xa, 0xab, 0x0,

    /* U+017F "ſ" */
    0x8, 0xef, 0xb6, 0x75, 0x8d, 0xf0, 0xa7, 0x63,
    0x1, 0x0, 0xff, 0xef, 0x0,

    /* U+0180 "ƀ" */
    0xa, 0xf0, 0xf, 0xb9, 0x43, 0xfe, 0x20, 0xb,
    0x10, 0x33, 0x22, 0x0, 0x88, 0x40, 0x1f, 0x9a,
    0xc0, 0x1d, 0xaa, 0xe1, 0x2c, 0x1, 0xa2, 0x63,
    0x2, 0xc0, 0x32, 0x0, 0x4, 0xc8, 0x3, 0x18,
    0x4, 0xc0, 0x20, 0x11, 0x80, 0x4c, 0x2, 0x1,
    0x28, 0x0, 0x4c, 0x80, 0x34, 0x4c, 0x60, 0x58,
    0x4, 0x96, 0x8e, 0x12, 0xc0,

    /* U+0181 "Ɓ" */
    0x3c, 0xff, 0xee, 0xc6, 0x0, 0x41, 0xb0, 0x13,
    0xbc, 0x52, 0xc0, 0xcb, 0x20, 0xd1, 0x9, 0xd0,
    0xd0, 0xcb, 0x0, 0xf1, 0x0, 0x80, 0x88, 0x0,
    0xe4, 0x43, 0xa0, 0xe0, 0xe, 0x3d, 0xd6, 0x25,
    0x20, 0x7, 0x1d, 0x52, 0x4e, 0x9c, 0x3, 0x9d,
    0x54, 0xd8, 0x30, 0x1, 0xfe, 0x20, 0x10, 0xf,
    0xc2, 0x60, 0x20, 0x19, 0xa2, 0x13, 0xe0, 0xe0,
    0x1c, 0x4e, 0xe6, 0x29, 0x80,

    /* U+0182 "Ƃ" */
    0x7f, 0xff, 0x38, 0x4, 0xae, 0xf9, 0x0, 0x2e,
    0x88, 0xc6, 0x1, 0xff, 0xc9, 0xbf, 0xf6, 0x38,
    0x6, 0x57, 0x61, 0x89, 0x0, 0xba, 0x27, 0x49,
    0x80, 0x3e, 0x70, 0x20, 0xf, 0x38, 0x10, 0x3,
    0xa2, 0x74, 0x98, 0x2, 0x57, 0x60, 0x89, 0x0,

    /* U+0183 "ƃ" */
    0xaf, 0xff, 0x20, 0x5, 0x11, 0xca, 0x1, 0x3b,
    0xf0, 0x80, 0x47, 0x9f, 0xac, 0x1, 0xb5, 0x5c,
    0x25, 0x80, 0x28, 0x98, 0xc0, 0xb0, 0x9, 0x0,
    0x2, 0x64, 0x1, 0x18, 0x4, 0xc0, 0x20, 0x3,
    0x0, 0x98, 0x4, 0x0, 0xa0, 0x1, 0x32, 0x0,
    0xa2, 0x63, 0x2, 0xc0, 0x9, 0x68, 0xe1, 0x2c,
    0x0,

    /* U+0184 "Ƅ" */
    0x9f, 0x20, 0xf, 0xff, 0x6, 0xff, 0xb6, 0x44,
    0x2, 0x67, 0x61, 0x6c, 0x0, 0xae, 0x27, 0x1c,
    0x94, 0x3, 0xd8, 0x5, 0xe0, 0x80, 0x16, 0x1,
    0x38, 0xcd, 0x45, 0xb9, 0x28, 0xe2, 0xa3, 0xaa,
    0xb0, 0x0,

    /* U+0185 "ƅ" */
    0xbf, 0x0, 0xff, 0xe7, 0xa6, 0xfe, 0xb0, 0x6,
    0xa5, 0x80, 0x95, 0x0, 0xae, 0x1f, 0x2, 0x40,
    0x24, 0x0, 0x9, 0x98, 0x2, 0x10, 0x9, 0xc0,
    0x2, 0x2, 0x1, 0x38, 0x3, 0x41, 0x80, 0x2,
    0x66, 0x6, 0x18, 0x98, 0xc0, 0x80, 0x1f, 0x57,
    0x70, 0xda, 0x0,

    /* U+0186 "Ɔ" */
    0x2a, 0xdf, 0xec, 0x60, 0xc, 0xac, 0xc7, 0x29,
    0xb0, 0x1, 0x7d, 0xcc, 0xb9, 0x10, 0xc0, 0x1f,
    0x48, 0x58, 0x7, 0xc4, 0x64, 0x20, 0x1f, 0x30,
    0x18, 0x7, 0xff, 0x15, 0x80, 0xc0, 0x3c, 0x46,
    0x61, 0x0, 0xf7, 0x4, 0x80, 0x36, 0xa2, 0x78,
    0xd9, 0x40, 0xe, 0x8e, 0xe2, 0xa9, 0x0, 0x0,

    /* U+0187 "Ƈ" */
    0x0, 0xff, 0x8, 0x7, 0xf2, 0xff, 0x10, 0x7,
    0xe9, 0x2a, 0x30, 0x8, 0xeb, 0xbf, 0x4d, 0x54,
    0x20, 0x6, 0xc5, 0x46, 0x60, 0x58, 0x4, 0x52,
    0x3b, 0x53, 0x7c, 0x60, 0x15, 0x85, 0x90, 0x4,
    0x20, 0x19, 0xc1, 0x40, 0x3f, 0x84, 0x80, 0x3f,
    0xf9, 0x42, 0x40, 0x1f, 0xe4, 0x4, 0x0, 0xfe,
    0xe0, 0x91, 0x0, 0xfc, 0x8c, 0x5f, 0x51, 0x5a,
    0x40, 0x1a, 0x68, 0x91, 0xd1, 0x8c, 0x0,

    /* U+0188 "ƈ" */
    0x0, 0xf3, 0xfe, 0x0, 0x7a, 0xe, 0xc0, 0x38,
    0x42, 0x5c, 0x0, 0x99, 0xfc, 0x2, 0x0, 0x5b,
    0x27, 0x63, 0x40, 0x4, 0x7, 0xc4, 0xe0, 0x0,
    0x49, 0x4, 0x3, 0x8c, 0x8, 0x3, 0xc6, 0x4,
    0x1, 0xe1, 0x24, 0x10, 0xf, 0x58, 0x7c, 0x43,
    0x8, 0x0, 0xd4, 0x4e, 0xf1, 0x80,

    /* U+0189 "Ɖ" */
    0x6, 0xff, 0xdb, 0x2, 0x1, 0xcb, 0xe, 0xcf,
    0xe6, 0x1, 0xbd, 0xe2, 0xec, 0x3a, 0x1, 0xf9,
    0x1c, 0x54, 0x3, 0xf5, 0x86, 0x26, 0x87, 0xc3,
    0x80, 0x8, 0xb, 0x50, 0x15, 0xe0, 0x3, 0xa6,
    0x41, 0x5f, 0xe0, 0x2, 0x81, 0x0, 0x7e, 0xd0,
    0xc0, 0xf, 0x99, 0x84, 0xa0, 0x17, 0xc4, 0xec,
    0x8f, 0x80, 0x65, 0x76, 0x18, 0xf2, 0x0,

    /* U+018A "Ɗ" */
    0x3c, 0xff, 0xee, 0xb5, 0x0, 0xa0, 0xd8, 0x9,
    0xde, 0x5a, 0x90, 0x3, 0x2c, 0x83, 0x44, 0x27,
    0x91, 0x98, 0x1f, 0x0, 0x1f, 0x50, 0x58, 0x11,
    0x0, 0x3e, 0x14, 0x21, 0x0, 0xff, 0x10, 0x10,
    0x7, 0xff, 0x2d, 0x40, 0x80, 0x3f, 0x88, 0xc8,
    0x40, 0x3f, 0xf, 0x4, 0x0, 0x73, 0x44, 0x2b,
    0x8d, 0xd4, 0x3, 0x89, 0xdc, 0x8b, 0x70, 0x0,

    /* U+018B "Ƌ" */
    0x7, 0xff, 0xf3, 0x82, 0x3b, 0xe5, 0x0, 0x8e,
    0x23, 0x70, 0x7, 0xff, 0x29, 0x73, 0xbe, 0xc0,
    0x28, 0xa2, 0x77, 0x28, 0x4, 0xe5, 0xd3, 0x1c,
    0x0, 0x30, 0x40, 0xf, 0x10, 0x20, 0x7, 0x85,
    0x4b, 0x66, 0x38, 0x2, 0xa7, 0x6, 0x75, 0x0,
    0x0,

    /* U+018C "ƌ" */
    0x4, 0xff, 0xf4, 0x83, 0x44, 0x70, 0x4, 0x4e,
    0xf9, 0x80, 0x33, 0xf7, 0xe1, 0x0, 0x4d, 0x7,
    0xb, 0xa0, 0x14, 0x6, 0x3c, 0xc8, 0x0, 0x22,
    0x41, 0x0, 0x28, 0x0, 0xc0, 0x80, 0x23, 0x0,
    0x18, 0x10, 0x4, 0x60, 0x1, 0x12, 0x8, 0x1,
    0x0, 0x29, 0xc, 0x79, 0x80, 0x9, 0xe0, 0xe1,
    0x70, 0x80,

    /* U+018D "ƍ" */
    0x3, 0xbf, 0xf6, 0x20, 0x0, 0xb1, 0x5e, 0xa,
    0xd0, 0x20, 0x36, 0x1f, 0xc2, 0x41, 0xc8, 0xc0,
    0x2, 0x84, 0x0, 0x10, 0xf, 0x98, 0xc4, 0x2,
    0x53, 0x8, 0xd, 0x10, 0xa1, 0x80, 0x3a, 0x3f,
    0xe7, 0xb4, 0x0, 0x2e, 0xa8, 0xb2, 0x0, 0x62,
    0xb8, 0x48, 0x0, 0x88, 0x0, 0xe0, 0x60, 0x5,
    0xd8, 0x6a, 0xc, 0x0, 0x23, 0x32, 0x51, 0xdc,
    0x0,

    /* U+018E "Ǝ" */
    0xf, 0xff, 0x30, 0x3b, 0xe5, 0x0, 0xa2, 0x37,
    0x80, 0x7f, 0xf1, 0xf3, 0xfe, 0xa0, 0xa, 0x9d,
    0xe5, 0x0, 0x9a, 0x22, 0xf0, 0xf, 0xfe, 0x3c,
    0x46, 0xe0, 0x9, 0xdf, 0x20, 0x0,

    /* U+018F "Ə" */
    0x7, 0xce, 0xfe, 0xb4, 0x0, 0x92, 0x1, 0xde,
    0x5b, 0x80, 0x2, 0xf6, 0x4c, 0x4f, 0x23, 0xa8,
    0x8, 0x80, 0x3a, 0x42, 0x40, 0x3f, 0x11, 0x98,
    0x62, 0x3f, 0x8, 0x1b, 0x3b, 0xfc, 0x40, 0x3,
    0x1f, 0xff, 0x20, 0x1b, 0x88, 0x80, 0x39, 0x48,
    0x78, 0x20, 0x3, 0x50, 0xd8, 0x22, 0xb6, 0x44,
    0xea, 0xa9, 0x80, 0x15, 0x20, 0xec, 0x33, 0x40,
    0x0,

    /* U+0190 "Ɛ" */
    0x0, 0x26, 0x77, 0xec, 0x8, 0x1, 0x2c, 0x9a,
    0x11, 0xf4, 0x1, 0xc1, 0xb0, 0xf3, 0xda, 0x0,
    0x30, 0x10, 0x8, 0x44, 0x0, 0xb1, 0xf5, 0x32,
    0x10, 0x8, 0xb1, 0xab, 0x36, 0x0, 0x25, 0xd6,
    0x7a, 0xa8, 0x2, 0xa2, 0xd8, 0x55, 0x18, 0x0,
    0x81, 0xc0, 0x3e, 0x20, 0x40, 0xe, 0x10, 0x3,
    0x8f, 0x43, 0xc5, 0xf0, 0x2, 0x24, 0x9e, 0x19,
    0xe0, 0x0,

    /* U+0191 "Ƒ" */
    0x0, 0xd9, 0xff, 0xca, 0x1, 0xe7, 0x7e, 0x0,
    0xf4, 0x46, 0x20, 0xf, 0xfe, 0x87, 0xfe, 0x10,
    0xf, 0x3b, 0xe1, 0x0, 0xf4, 0x46, 0x0, 0xff,
    0xf0, 0x8b, 0x0, 0x7f, 0x14, 0xa8, 0x9, 0x0,
    0x71, 0x4, 0xc8, 0x9c, 0x3, 0x86, 0x49, 0x96,
    0xc0, 0x38,

    /* U+0192 "ƒ" */
    0x0, 0xc3, 0x7f, 0xe8, 0x0, 0xd6, 0x8f, 0x18,
    0x1, 0x9c, 0xa1, 0xd0, 0x0, 0x58, 0x44, 0xff,
    0x0, 0x47, 0x22, 0x55, 0x60, 0x10, 0xa8, 0x1,
    0x50, 0x3, 0xff, 0xd8, 0x40, 0x1f, 0xe, 0xb0,
    0x0, 0x40, 0x21, 0x15, 0x40, 0xa0, 0x6, 0xa1,
    0x74, 0x90, 0x8,

    /* U+0193 "Ɠ" */
    0x0, 0xff, 0x8, 0x7, 0xfa, 0x7b, 0x80, 0x1f,
    0xcc, 0xb6, 0x1, 0x14, 0x6f, 0xf6, 0x87, 0x28,
    0x1, 0x35, 0xd9, 0x88, 0x22, 0x40, 0x1, 0x58,
    0xe5, 0xcd, 0x67, 0x0, 0x56, 0x16, 0x60, 0x1f,
    0x9c, 0x14, 0x3, 0xf8, 0x48, 0x2, 0x59, 0x98,
    0xc0, 0x3e, 0xf6, 0x69, 0x0, 0x2, 0x60, 0x15,
    0x7d, 0x80, 0x64, 0x14, 0x0, 0xfe, 0xe0, 0x91,
    0x0, 0xfc, 0x8e, 0x5d, 0x51, 0x30, 0x1, 0xd1,
    0x68, 0x87, 0x70, 0xb2, 0x0,

    /* U+0194 "Ɣ" */
    0xdf, 0x0, 0xe7, 0xf4, 0xb0, 0x50, 0xd, 0x42,
    0x8e, 0x1c, 0x1, 0x19, 0x30, 0xa, 0xa0, 0x80,
    0x28, 0x28, 0x1, 0xc0, 0xe0, 0x7, 0x32, 0x0,
    0x20, 0xd0, 0x28, 0xd0, 0x6, 0x63, 0x2e, 0x6,
    0x0, 0xd4, 0xa, 0x8c, 0x1, 0xc4, 0x72, 0x14,
    0x1, 0xea, 0x12, 0x30, 0xf, 0x18, 0x8, 0x7,
    0xdc, 0x26, 0x40, 0x1c, 0x29, 0x3, 0x40, 0x1c,
    0x40, 0xa4, 0x40, 0xe, 0x20, 0xa2, 0x20, 0x7,
    0xb, 0xb1, 0x48, 0x4,

    /* U+0195 "ƕ" */
    0xaf, 0x0, 0xff, 0xed, 0x9e, 0x7e, 0xa8, 0x6,
    0xcf, 0x0, 0x6a, 0x41, 0xd1, 0x0, 0x7d, 0x10,
    0x78, 0x4, 0x0, 0xf9, 0x0, 0xa, 0x2, 0x1,
    0xf1, 0x0, 0x7f, 0xf2, 0x44, 0x40, 0x1c, 0x21,
    0xa0, 0x1, 0x22, 0x0, 0x71, 0x11, 0x69, 0xf4,
    0x2c, 0x3, 0xde, 0xa9, 0x3, 0xe,

    /* U+0196 "Ɩ" */
    0x9f, 0x30, 0xf, 0xfe, 0xf0, 0x83, 0x80, 0x34,
    0x26, 0x1d, 0x58, 0xdf, 0xc0,

    /* U+0197 "Ɨ" */
    0x6f, 0xfc, 0x2f, 0x0, 0x34, 0x22, 0x70, 0x55,
    0x0, 0x7f, 0xf0, 0x4e, 0x1, 0xa0, 0x51, 0xc0,
    0x9c, 0xdf, 0xc1, 0x3c, 0x80, 0x3f, 0xf8, 0x28,
    0xc, 0x40, 0xd6, 0x5, 0xa2,

    /* U+0198 "Ƙ" */
    0x7f, 0x40, 0x9, 0x7b, 0x40, 0x3c, 0x94, 0x54,
    0x1, 0xc5, 0x67, 0x8e, 0x1, 0xdc, 0x3a, 0x1,
    0xea, 0x3a, 0x10, 0xe, 0xe5, 0x24, 0x0, 0xf2,
    0x99, 0x30, 0x7, 0xa3, 0xa, 0x48, 0x3, 0x8c,
    0x38, 0x38, 0x3, 0xe3, 0x73, 0x70, 0xf, 0xa0,
    0xa0, 0x80, 0x3e, 0xe0, 0xe0,

    /* U+0199 "ƙ" */
    0x1c, 0xf8, 0x0, 0xd2, 0x6b, 0xa0, 0x18, 0x82,
    0x94, 0x3, 0xfb, 0x3c, 0xc0, 0x35, 0x9d, 0x98,
    0x5, 0x29, 0x48, 0x1, 0x3b, 0x42, 0x80, 0x68,
    0xe, 0x0, 0xe9, 0x56, 0x50, 0xc, 0xd4, 0x36,
    0x20, 0x1d, 0x43, 0xa0, 0x1c, 0x8e, 0x6e,

    /* U+019A "ƚ" */
    0xa, 0xf1, 0x0, 0xff, 0xe3, 0x98, 0x62, 0x86,
    0xa7, 0xa0, 0x5a, 0x98, 0x82, 0x88, 0x7, 0xff,
    0x20,

    /* U+019B "ƛ" */
    0x3, 0xfe, 0x80, 0xf, 0x14, 0x2b, 0xd6, 0x98,
    0x4, 0x22, 0x50, 0x58, 0x30, 0xc, 0x9a, 0xe0,
    0xc0, 0x1c, 0x46, 0x41, 0x40, 0x1e, 0x25, 0x16,
    0x0, 0xf5, 0x84, 0x2, 0x80, 0x61, 0x65, 0x61,
    0xe0, 0xc, 0xc1, 0x20, 0xe8, 0x20, 0x14, 0x99,
    0x82, 0x81, 0x80, 0xa, 0x32, 0x0, 0x32, 0x96,
    0x8, 0x15, 0x0, 0xa4, 0x20,

    /* U+019C "Ɯ" */
    0x9f, 0x20, 0xa, 0xbc, 0x40, 0x2c, 0xf0, 0xf,
    0xff, 0xf8, 0x7, 0xff, 0xc, 0x40, 0x3f, 0xf8,
    0x2e, 0x1, 0xc4, 0x1c, 0x8, 0x0, 0x23, 0x5,
    0x0, 0x20, 0x82, 0x4, 0xcd, 0x88, 0x15, 0x32,
    0xb2, 0x3, 0xa2, 0x64, 0x9b, 0x93, 0x64, 0xaa,
    0x0,

    /* U+019D "Ɲ" */
    0x0, 0x3f, 0xe8, 0x7, 0x5f, 0x0, 0x62, 0x80,
    0xf, 0xf1, 0x39, 0x0, 0x7f, 0x48, 0x48, 0x7,
    0xf2, 0x2a, 0x28, 0x7, 0xe1, 0xb0, 0xb0, 0xf,
    0xe1, 0x81, 0x90, 0xf, 0xe7, 0x26, 0x31, 0x0,
    0xfd, 0x21, 0xe0, 0x1f, 0xc8, 0x83, 0x40, 0xf,
    0xe9, 0x1, 0x0, 0xfe, 0x27, 0x0, 0xff, 0xa3,
    0xf8, 0x1, 0xe0, 0x20, 0x1f, 0x14, 0x30, 0x80,
    0x7f, 0x39, 0xd0, 0x7, 0xe0,

    /* U+019E "ƞ" */
    0xbc, 0x5d, 0xfd, 0x60, 0x1, 0xdd, 0x50, 0x65,
    0x0, 0x16, 0xeb, 0xc1, 0x80, 0x4, 0x0, 0x10,
    0x10, 0x0, 0x40, 0x3f, 0xfb, 0x37, 0xe0, 0x1f,
    0xfd, 0x20,

    /* U+019F "Ɵ" */
    0x0, 0x92, 0xfb, 0xf6, 0x4, 0x3, 0x45, 0xab,
    0xb9, 0x9f, 0xc8, 0x0, 0x8e, 0x9d, 0x31, 0x78,
    0x3c, 0x0, 0xe0, 0xa0, 0xc, 0x6c, 0x66, 0x4,
    0x23, 0x22, 0xef, 0x4, 0x1, 0x2d, 0xdf, 0x48,
    0x78, 0x0, 0xaa, 0xbd, 0x0, 0x10, 0x92, 0xaf,
    0x84, 0x3c, 0x10, 0xc, 0x3, 0xb4, 0x10, 0x38,
    0x3c, 0x3, 0x22, 0xc, 0xc0, 0x8e, 0x7d, 0x31,
    0x56, 0x3c, 0x1, 0x45, 0x2b, 0xbe, 0xf2, 0x0,

    /* U+01A0 "Ơ" */
    0x0, 0x92, 0xfb, 0xf6, 0x44, 0x37, 0xc0, 0x28,
    0xb5, 0x77, 0x33, 0x3e, 0x9, 0xc0, 0x8, 0xe7,
    0xd3, 0x17, 0x61, 0x78, 0x80, 0x3, 0x82, 0x0,
    0x32, 0x20, 0x10, 0x2, 0x40, 0x40, 0xe, 0xd0,
    0x50, 0x8, 0x48, 0x3, 0xc4, 0x1c, 0x1, 0xff,
    0xc5, 0x12, 0x0, 0xf1, 0x7, 0x0, 0x48, 0x8,
    0x1, 0xda, 0x8, 0x1, 0x70, 0x40, 0x6, 0x44,
    0x19, 0x0, 0x48, 0xe7, 0xd3, 0x17, 0x61, 0xe0,
    0xe, 0x8a, 0x57, 0x73, 0x3f, 0x90, 0x4,

    /* U+01A1 "ơ" */
    0x0, 0xfc, 0x30, 0x80, 0x1f, 0x91, 0xcc, 0x0,
    0x99, 0xfe, 0xb2, 0xc0, 0x60, 0x4b, 0x17, 0x72,
    0x6b, 0x48, 0x84, 0x86, 0x44, 0x2c, 0x19, 0x80,
    0x24, 0x82, 0x0, 0x41, 0x40, 0x1, 0x81, 0x0,
    0x63, 0x30, 0x0, 0x80, 0x80, 0x31, 0x98, 0x2,
    0x34, 0x10, 0x2, 0xa, 0x0, 0x50, 0x18, 0xf1,
    0x43, 0x60, 0x12, 0x60, 0xc3, 0xae, 0x10, 0x0,

    /* U+01A2 "Ƣ" */
    0x0, 0x97, 0x3b, 0xf1, 0x81, 0x33, 0xfa, 0x40,
    0x34, 0xd1, 0x3b, 0xc, 0xe5, 0xb3, 0xd, 0xa4,
    0x0, 0x8c, 0x7d, 0x32, 0xd5, 0x37, 0xa9, 0xd1,
    0x70, 0x7, 0x4, 0x0, 0x68, 0x4, 0x0, 0x94,
    0x40, 0x8, 0x8, 0x1, 0x88, 0x86, 0x1, 0xf0,
    0x90, 0x7, 0x98, 0x4, 0x3, 0xff, 0x96, 0x24,
    0x1, 0xe6, 0x1, 0x0, 0xf2, 0x2, 0x0, 0x62,
    0x21, 0x80, 0x7d, 0xc1, 0x0, 0x1a, 0x2, 0x80,
    0x3e, 0x46, 0x3d, 0x98, 0xd5, 0x46, 0x0, 0xfd,
    0x34, 0x2e, 0xe1, 0x9b, 0x0, 0xf8,

    /* U+01A3 "ƣ" */
    0x0, 0x2e, 0xff, 0x40, 0xd7, 0xf4, 0x0, 0x16,
    0x86, 0x11, 0xf8, 0x60, 0xdd, 0x42, 0x7, 0x1e,
    0x98, 0x21, 0xf8, 0x30, 0x49, 0x0, 0x2d, 0x4,
    0x3, 0x3, 0x30, 0x18, 0x4, 0xe1, 0xe0, 0x18,
    0xc0, 0xc0, 0x27, 0xf, 0x0, 0xc2, 0x4a, 0x1,
    0x68, 0x20, 0x7, 0x48, 0x6b, 0xd3, 0x21, 0x80,
    0x72, 0x58, 0xc2, 0x35, 0x80, 0x7c, 0x99, 0xfd,
    0x20, 0x1f, 0xfe, 0x10,

    /* U+01A4 "Ƥ" */
    0x2c, 0xff, 0xee, 0x91, 0x9, 0x36, 0x2, 0x77,
    0x13, 0x60, 0x32, 0xc8, 0x34, 0x43, 0x14, 0x97,
    0xe4, 0x3, 0xde, 0x4, 0x43, 0x0, 0xf1, 0x1,
    0x0, 0x78, 0x56, 0x41, 0x0, 0x32, 0x7f, 0x50,
    0x58, 0x80, 0x62, 0x78, 0xae, 0x40, 0xe, 0x68,
    0x75, 0x0, 0xff, 0xec, 0x0,

    /* U+01A5 "ƥ" */
    0x1c, 0xf8, 0x0, 0xe9, 0x35, 0xd0, 0xe, 0x20,
    0xa5, 0x0, 0xf8, 0xf3, 0xf5, 0x80, 0x36, 0xab,
    0x84, 0xb0, 0x5, 0x13, 0x18, 0x16, 0x1, 0x20,
    0x0, 0x4c, 0x80, 0x22, 0x0, 0x98, 0x4, 0x0,
    0x40, 0x13, 0x0, 0x80, 0x14, 0x0, 0x46, 0x40,
    0x14, 0x4c, 0x78, 0x58, 0x5, 0x6a, 0xe1, 0x2c,
    0x1, 0x26, 0x7e, 0xb0, 0x7, 0xff, 0x44,

    /* U+01A6 "Ʀ" */
    0x7f, 0x40, 0xf, 0xfe, 0x2d, 0xff, 0xb1, 0x80,
    0x32, 0xbb, 0x14, 0xc0, 0x5, 0xd1, 0x3e, 0xc,
    0x1, 0xe1, 0x31, 0x0, 0xf0, 0x99, 0x0, 0x5d,
    0x13, 0xe1, 0xc0, 0x12, 0xbb, 0xe, 0x98, 0x5,
    0x7f, 0x0, 0x80, 0x1e, 0x72, 0x91, 0x0, 0xf7,
    0x5, 0x3, 0xfa, 0x0, 0xd, 0x51, 0x40, 0x3d,
    0x6e, 0x60,

    /* U+01A7 "Ƨ" */
    0x4, 0xbe, 0xfd, 0x70, 0x8, 0x95, 0x18, 0x22,
    0x0, 0x6, 0xea, 0x9d, 0x26, 0x0, 0xfc, 0x20,
    0x1e, 0x82, 0x40, 0x8, 0x67, 0xdc, 0xe8, 0x0,
    0x9c, 0xc5, 0x58, 0x20, 0xb, 0xa, 0xd5, 0x0,
    0x8c, 0x1d, 0x40, 0x38, 0x40, 0x80, 0x30, 0x81,
    0x22, 0xe4, 0x4e, 0x70, 0x2, 0xe0, 0x5d, 0xc0,
    0xe0,

    /* U+01A8 "ƨ" */
    0x7, 0xdf, 0xea, 0x20, 0xf7, 0x99, 0x2f, 0x4,
    0x53, 0x39, 0x98, 0x2, 0x4b, 0x35, 0x4, 0xdb,
    0x58, 0xa1, 0xb3, 0xae, 0x70, 0x50, 0x95, 0x0,
    0x94, 0x29, 0xda, 0x30, 0x70, 0x66, 0x4c, 0x80,

    /* U+01A9 "Ʃ" */
    0x4f, 0xff, 0x9d, 0x80, 0xe, 0xfc, 0x85, 0x20,
    0x51, 0x18, 0xc1, 0x98, 0xae, 0x1, 0xe9, 0x38,
    0x40, 0xf, 0x68, 0xd0, 0x7, 0x90, 0x58, 0x3,
    0x8a, 0x92, 0x0, 0x3b, 0xc6, 0x80, 0x3a, 0x8b,
    0x44, 0x3, 0x2a, 0x8a, 0xe2, 0x32, 0x90, 0x13,
    0xbf, 0x78,

    /* U+01AA "ƪ" */
    0x8, 0xfe, 0x70, 0x8, 0x5d, 0xc9, 0x2, 0x0,
    0x14, 0x75, 0x2, 0x0, 0xaf, 0x5c, 0x1c, 0x3,
    0x17, 0x80, 0x7f, 0xfe, 0xc4, 0x3, 0xe5, 0x8,
    0x66, 0x0, 0x46, 0xe5, 0x38,

    /* U+01AB "ƫ" */
    0x0, 0x79, 0x80, 0x4a, 0x1, 0x9e, 0x83, 0x3e,
    0x91, 0x42, 0x2a, 0x4c, 0x81, 0x14, 0xc0, 0x3f,
    0xf8, 0xfe, 0xe, 0x1, 0x10, 0x43, 0xb0, 0x2b,
    0x14, 0x68, 0x2, 0x78, 0xc0, 0x3f, 0x89, 0xcc,
    0x80, 0xd, 0x5, 0x60,

    /* U+01AC "Ƭ" */
    0x2c, 0xff, 0xf8, 0xe4, 0xd9, 0xc0, 0x5d, 0xe2,
    0x65, 0x98, 0x2, 0x88, 0x87, 0xe0, 0x3, 0xf1,
    0x10, 0x3, 0xff, 0xfe, 0x1, 0x0,

    /* U+01AD "ƭ" */
    0x0, 0x57, 0x7a, 0x3, 0x2a, 0x9d, 0xc1, 0xc1,
    0x10, 0x37, 0x70, 0x67, 0xd2, 0x28, 0x45, 0x49,
    0x90, 0x22, 0x98, 0x7, 0xff, 0x1f, 0xc1, 0xc0,
    0x23, 0x9, 0x76, 0x4, 0x73, 0x8f,

    /* U+01AE "Ʈ" */
    0xcf, 0xff, 0xb2, 0x9d, 0xc8, 0x8, 0xee, 0xa6,
    0x88, 0x68, 0x74, 0x41, 0x80, 0x3f, 0xff, 0xe0,
    0x1f, 0xfc, 0x63, 0x3, 0x0, 0xf3, 0x85, 0xc0,
    0x7, 0x13, 0x9b, 0x8, 0x0,

    /* U+01AF "Ư" */
    0x9f, 0x20, 0xc, 0xbe, 0xd1, 0xe8, 0x1, 0xfd,
    0xac, 0x68, 0x1, 0xfc, 0xd3, 0x80, 0x1f, 0xeb,
    0x70, 0xf, 0xff, 0x57, 0x3, 0x0, 0x62, 0x2,
    0x0, 0x90, 0x3c, 0x3, 0x50, 0x28, 0x4, 0x6a,
    0x9b, 0x32, 0xd2, 0x81, 0x0, 0xd5, 0x0, 0xcc,
    0x1a, 0x70, 0xc,

    /* U+01B0 "ư" */
    0x0, 0xfc, 0x7f, 0x39, 0xe0, 0x1b, 0xee, 0xc1,
    0xa0, 0x1f, 0x23, 0xc2, 0x0, 0x7c, 0x7e, 0xe0,
    0x1f, 0x9c, 0x3, 0xff, 0x9a, 0xc0, 0x20, 0x5,
    0x0, 0xec, 0xa, 0x56, 0xb0, 0xe, 0x67, 0x5a,
    0xbb, 0x20, 0x6,

    /* U+01B1 "Ʊ" */
    0x7f, 0xfc, 0x81, 0x9f, 0xf9, 0x1d, 0xc2, 0xc,
    0xa, 0x8, 0xee, 0x38, 0x11, 0x61, 0x4, 0xaa,
    0xaa, 0x0, 0xd9, 0xcc, 0x2, 0xb0, 0x90, 0x4,
    0x84, 0x80, 0x61, 0x74, 0x20, 0x41, 0x10, 0x7,
    0x60, 0x20, 0x9, 0x0, 0x78, 0x43, 0x80, 0x4,
    0x1, 0xe2, 0xf, 0x3, 0x12, 0x0, 0xec, 0x3,
    0xa, 0x9, 0x0, 0xc8, 0xa2, 0x80, 0xca, 0x9d,
    0x32, 0xbb, 0x6, 0x80, 0x55, 0x42, 0x76, 0x6b,
    0x4c, 0x0,

    /* U+01B2 "Ʋ" */
    0xaf, 0x10, 0x2, 0xff, 0xa4, 0x3, 0xcd, 0x26,
    0xc8, 0x1, 0xc6, 0xd2, 0x4, 0x1, 0xf1, 0x81,
    0x80, 0x7c, 0x20, 0xc0, 0x1f, 0x68, 0x18, 0x7,
    0xc8, 0x80, 0xf, 0x90, 0x74, 0xc, 0xc, 0x2,
    0x80, 0x70, 0xe0, 0x60, 0x4, 0x1c, 0x88, 0x28,
    0x54, 0x63, 0xb3, 0x0, 0x5, 0x46, 0xe3, 0x32,
    0x0, 0x80,

    /* U+01B3 "Ƴ" */
    0xbf, 0x20, 0xd, 0x9e, 0xd0, 0x10, 0x1, 0x41,
    0xba, 0x1a, 0x29, 0x0, 0x18, 0xe0, 0x82, 0x2,
    0xc1, 0x86, 0x0, 0x23, 0x46, 0x2b, 0x24, 0x0,
    0xd2, 0x1e, 0x56, 0x1, 0xc4, 0xa4, 0x2c, 0x1,
    0xe9, 0x6, 0x0, 0xff, 0xf0, 0x0,

    /* U+01B4 "ƴ" */
    0xcf, 0x10, 0x8, 0xfb, 0x81, 0x40, 0xe0, 0x17,
    0x8b, 0x3, 0x5, 0x0, 0x8, 0xda, 0x0, 0xc,
    0x64, 0xa, 0x14, 0x1, 0x50, 0x28, 0x59, 0x18,
    0x4, 0x65, 0x64, 0x6a, 0x1, 0xd4, 0x74, 0x14,
    0x1, 0xcc, 0xe, 0x64, 0x1, 0xc2, 0x81, 0x60,
    0x1f, 0x10, 0x30, 0x7, 0x85, 0x90, 0x40, 0x32,
    0xbe, 0x4, 0x0, 0x77, 0xc0, 0x59, 0x80, 0x70,

    /* U+01B5 "Ƶ" */
    0x4f, 0xff, 0x9d, 0x9d, 0xf8, 0x40, 0xca, 0x23,
    0x60, 0xaa, 0x0, 0x75, 0xd, 0x80, 0x4, 0x69,
    0x18, 0x0, 0xb7, 0xb8, 0xc1, 0x38, 0x0, 0xfa,
    0x1, 0xbb, 0x48, 0x0, 0xf4, 0x21, 0x12, 0x0,
    0x13, 0x9b, 0x0, 0x74, 0x87, 0x80, 0x72, 0x20,
    0x6e, 0x23, 0x29, 0x80, 0xbb, 0xf7, 0x80,

    /* U+01B6 "ƶ" */
    0x2f, 0xfe, 0xe0, 0x2a, 0xaa, 0x1, 0x40, 0xa,
    0xb6, 0x84, 0x80, 0x4, 0x4a, 0xa6, 0x20, 0x2e,
    0xe5, 0x3, 0x60, 0x15, 0x98, 0x55, 0xf8, 0x0,
    0x8e, 0x55, 0xc, 0xa, 0x48, 0xd5, 0x60, 0x40,
    0x2a, 0xac, 0x0,

    /* U+01B7 "Ʒ" */
    0x2f, 0xff, 0x84, 0xdd, 0xf2, 0x1, 0x88, 0xa2,
    0x2b, 0x43, 0xc0, 0xc, 0x98, 0x78, 0x1, 0x92,
    0xd3, 0x0, 0x3b, 0x81, 0x3a, 0x88, 0x2, 0x8b,
    0xa7, 0x5c, 0x10, 0x1, 0x22, 0xcc, 0xb, 0x0,
    0x78, 0xc3, 0xc4, 0x3, 0xb4, 0x35, 0xba, 0x5e,
    0x2d, 0x8d, 0x51, 0xf, 0xe, 0xd1, 0x80,

    /* U+01B8 "Ƹ" */
    0xb, 0xff, 0xf4, 0x6, 0x0, 0xbb, 0xec, 0x7,
    0x61, 0xe8, 0x89, 0x0, 0x12, 0xb2, 0xa0, 0x1e,
    0xa3, 0xa4, 0x0, 0xd1, 0xc6, 0x1e, 0x1, 0x4b,
    0x94, 0xdc, 0x80, 0x5, 0x8b, 0x19, 0x8, 0x0,
    0x60, 0xe0, 0x1e, 0x20, 0x70, 0xf, 0x9c, 0xba,
    0x1e, 0x2f, 0x42, 0x28, 0x9a, 0x19, 0xec,

    /* U+01B9 "ƹ" */
    0xf, 0xff, 0x68, 0x1, 0x1, 0xa2, 0x30, 0x2,
    0xc9, 0xd9, 0xdc, 0xa0, 0x16, 0x6, 0x0, 0x78,
    0x70, 0xec, 0x3, 0x96, 0x45, 0x18, 0x2, 0x8a,
    0x56, 0x84, 0x0, 0x13, 0x9f, 0x4b, 0x90, 0x1,
    0xc2, 0x80, 0x3c, 0x60, 0x60, 0x1e, 0x40, 0xe0,
    0xf, 0x12, 0xa6, 0x44, 0x2b, 0x80, 0x15, 0x2,
    0xef, 0x80,

    /* U+01BA "ƺ" */
    0x6f, 0xff, 0x12, 0x4c, 0xc8, 0x6, 0x44, 0x66,
    0x1a, 0x23, 0x0, 0x26, 0xa5, 0xb0, 0xd, 0x20,
    0xba, 0x80, 0x16, 0x5c, 0x9d, 0x90, 0x0, 0xd1,
    0xa8, 0x14, 0x3, 0x9c, 0x3, 0x84, 0xfc, 0x10,
    0x2b, 0xfb, 0xe, 0x4d, 0x54, 0xf7, 0x9e, 0xc0,
    0x10, 0x92, 0x4b, 0x2, 0xc2, 0x4c, 0x94, 0x80,

    /* U+01BB "ƻ" */
    0x1, 0xae, 0xfc, 0x40, 0xb, 0xd1, 0xdc, 0x56,
    0x40, 0xc, 0xe9, 0x8b, 0x5, 0x0, 0x10, 0x7,
    0x8, 0x4, 0x23, 0x70, 0x20, 0x3, 0xbb, 0x20,
    0x6a, 0x6, 0xdc, 0x81, 0xdd, 0x94, 0xd, 0x2c,
    0x75, 0x10, 0x20, 0xa, 0x2a, 0x10, 0xc, 0xeb,
    0x8, 0x1, 0x8e, 0x4, 0x4c, 0xd8, 0x98, 0x6,
    0x67, 0x90,

    /* U+01BC "Ƽ" */
    0x7f, 0xff, 0x85, 0x1c, 0x5, 0xdf, 0x9, 0xc0,
    0x14, 0x46, 0x0, 0xff, 0xe1, 0x8, 0x7, 0xc7,
    0xdf, 0x42, 0x1, 0x5d, 0x51, 0x97, 0xc0, 0x24,
    0x55, 0x4b, 0x8b, 0x0, 0x7b, 0x40, 0x40, 0x3d,
    0xe0, 0x4f, 0xb2, 0xf1, 0x8a, 0x6a, 0x8e, 0xe8,
    0x71, 0x8c, 0x0,

    /* U+01BD "ƽ" */
    0x5f, 0xff, 0x3, 0xc0, 0x2c, 0xcc, 0x4, 0xc1,
    0xac, 0xd0, 0x6, 0x8f, 0xd5, 0x0, 0xd, 0xda,
    0x4e, 0x88, 0x0, 0x88, 0x6a, 0x4, 0x0, 0xe1,
    0x3, 0x7c, 0x86, 0x8a, 0x15, 0x40, 0x69, 0x65,
    0xf0,

    /* U+01BE "ƾ" */
    0x0, 0x36, 0x80, 0x76, 0x80, 0x62, 0xd4, 0x2f,
    0xf1, 0x9a, 0x4, 0xaa, 0x84, 0x2a, 0x60, 0xaa,
    0x10, 0x3, 0x12, 0x0, 0x68, 0x1b, 0xb0, 0x80,
    0xf, 0x9d, 0x2c, 0x3, 0x41, 0x3b, 0x5b, 0xac,
    0x12, 0xa9, 0xe6, 0x95, 0xe0,

    /* U+01BF "ƿ" */
    0xac, 0x3d, 0xfd, 0x50, 0x1, 0xea, 0x39, 0xd1,
    0x80, 0x22, 0x63, 0x42, 0x40, 0xe, 0x0, 0x30,
    0x60, 0x0, 0x80, 0x67, 0x0, 0xe5, 0x3, 0x0,
    0xc9, 0x63, 0x20, 0x7, 0xbb, 0x6, 0x88, 0x2,
    0x19, 0xfc, 0xc0, 0x2f, 0xd8, 0x10, 0xf, 0xfe,
    0x70,

    /* U+01C0 "ǀ" */
    0x1f, 0x40, 0xf, 0xfe, 0xa8,

    /* U+01C1 "ǁ" */
    0x1f, 0x40, 0x6f, 0x0, 0xff, 0xfb, 0x0,

    /* U+01C2 "ǂ" */
    0x0, 0xa7, 0x40, 0x3f, 0xfa, 0x1f, 0xe6, 0x2f,
    0xf2, 0x5, 0xd9, 0xa, 0xec, 0xa1, 0x76, 0x42,
    0xbb, 0x28, 0x5d, 0x94, 0xae, 0xca, 0x8, 0x83,
    0x4, 0x40, 0x80, 0x7f, 0xf3, 0x0,

    /* U+01C3 "ǃ" */
    0xcf, 0x27, 0x3, 0x0, 0x84, 0x4, 0xc0, 0x2,
    0x20, 0x1, 0x87, 0x80, 0x1b, 0x80, 0xdc, 0x3e,
    0xcd, 0xc4, 0x80,

    /* U+01C4 "Ǆ" */
    0x0, 0xff, 0xe0, 0x23, 0x0, 0xd, 0xc0, 0x3f,
    0xf8, 0x4b, 0x76, 0x6c, 0x10, 0xf, 0xfe, 0x10,
    0xfa, 0xcb, 0xb0, 0x7, 0xff, 0xc, 0xbb, 0xe0,
    0x2, 0x8f, 0xfd, 0xb0, 0x20, 0x15, 0xff, 0xfc,
    0x1, 0x34, 0x3b, 0x3f, 0x98, 0x3, 0xa2, 0x33,
    0x1, 0x0, 0x54, 0xf1, 0x76, 0x1d, 0x0, 0x2b,
    0xbe, 0x30, 0x90, 0xf, 0x91, 0xc5, 0x40, 0x39,
    0x15, 0x90, 0x3, 0xf5, 0x86, 0x0, 0x75, 0xc,
    0x0, 0x7f, 0x10, 0x10, 0x6, 0x91, 0xb1, 0x0,
    0xff, 0xe1, 0x9b, 0x22, 0x80, 0x7f, 0x94, 0x8,
    0x2, 0xe0, 0xa0, 0xf, 0xfb, 0x43, 0x0, 0xe,
    0x50, 0x20, 0x1f, 0xe6, 0x61, 0x28, 0x14, 0x1b,
    0x80, 0x7d, 0x31, 0x3b, 0x23, 0xe0, 0x9, 0x6,
    0x88, 0xe1, 0x0, 0x2b, 0xb0, 0xc7, 0x90, 0x1,
    0x41, 0x5d, 0xf8, 0x80,

    /* U+01C5 "ǅ" */
    0x8f, 0xfd, 0xb0, 0x20, 0x1a, 0xb1, 0xee, 0xc2,
    0x0, 0x68, 0x76, 0x7f, 0x30, 0xa, 0x96, 0xc6,
    0xc4, 0x1, 0x4f, 0x17, 0x61, 0xd0, 0xd, 0x39,
    0x40, 0x1f, 0x91, 0xc5, 0x41, 0xff, 0xfa, 0x40,
    0x3e, 0xb0, 0xc0, 0x5a, 0xa9, 0x43, 0xc0, 0x3e,
    0x20, 0x20, 0x25, 0x52, 0x2a, 0x30, 0x7, 0xff,
    0xa, 0x86, 0x80, 0x3f, 0x28, 0x10, 0x4, 0xc9,
    0x62, 0x1, 0xfb, 0x43, 0x0, 0x5, 0x2a, 0xa0,
    0xf, 0xcc, 0xc2, 0x50, 0x7, 0xd, 0x0, 0x74,
    0xc4, 0xec, 0x8f, 0x80, 0x1c, 0xd6, 0x22, 0x60,
    0x2, 0xbb, 0xc, 0x79, 0x0, 0x30, 0x11, 0xde,
    0xd0,

    /* U+01C6 "ǆ" */
    0x0, 0xf0, 0xfc, 0x80, 0x2a, 0xc5, 0x79, 0x0,
    0x3f, 0xea, 0xe, 0xaa, 0x20, 0x7, 0xff, 0x2,
    0xf3, 0x50, 0x2, 0x7e, 0xfc, 0x20, 0x8, 0xff,
    0xd9, 0xbf, 0xa0, 0xd0, 0x6e, 0xba, 0x1, 0x14,
    0x44, 0xc0, 0xc1, 0x1, 0x91, 0x32, 0x0, 0x85,
    0xde, 0x51, 0xa1, 0x12, 0x8, 0x1, 0x40, 0x3d,
    0x7, 0x62, 0x60, 0x40, 0x11, 0x80, 0x71, 0xba,
    0xa8, 0xc, 0x8, 0x3, 0xfb, 0x86, 0x80, 0x2,
    0x24, 0x0, 0x9c, 0x3, 0x51, 0x68, 0x6, 0x90,
    0xd7, 0x9b, 0x0, 0x91, 0x49, 0x59, 0xa0, 0x78,
    0x38, 0x5f, 0x20, 0x6, 0x1, 0x4c, 0xe0,

    /* U+01C7 "Ǉ" */
    0x8f, 0x30, 0xf, 0x7e, 0x0, 0x7f, 0xff, 0xc0,
    0x3f, 0xf9, 0xd3, 0x11, 0x80, 0x3c, 0xae, 0xf8,
    0x40, 0xf, 0x1f, 0xfe, 0x12, 0x2, 0x0, 0xf3,
    0x4f, 0x86, 0x80, 0x7b, 0xd8, 0x25, 0x0,

    /* U+01C8 "ǈ" */
    0x8f, 0x30, 0xe, 0x1e, 0x80, 0xf, 0xfe, 0x38,
    0xf4, 0x0, 0x7e, 0x1f, 0x90, 0xf, 0xff, 0xc4,
    0xc4, 0x60, 0xf, 0x2b, 0xbe, 0x10, 0xa, 0x3f,
    0xfc, 0x20, 0x1f, 0xf1, 0x80, 0x80, 0x78, 0x9e,
    0x43, 0x40, 0x3c, 0x30, 0xac, 0xa0,

    /* U+01C9 "ǉ" */
    0xbf, 0x0, 0x27, 0x20, 0x7, 0xfc, 0x9c, 0x80,
    0x19, 0x7d, 0x40, 0x3f, 0xfd, 0x97, 0xe0, 0x1f,
    0xc6, 0x1, 0x91, 0xec, 0x10, 0x0, 0x70, 0x72,
    0x20,

    /* U+01CA "Ǌ" */
    0x7f, 0xd0, 0xe, 0xbe, 0x0, 0x17, 0xc8, 0x0,
    0xa0, 0x3, 0xff, 0x82, 0x4e, 0x40, 0x1f, 0xfc,
    0x9, 0x9, 0x0, 0xff, 0xe0, 0x22, 0xa2, 0x80,
    0x7f, 0xc3, 0x61, 0x60, 0x1f, 0xfc, 0x1, 0x81,
    0x90, 0xf, 0xfe, 0x3, 0x93, 0x18, 0x80, 0x7f,
    0xd2, 0x1e, 0x1, 0xff, 0xc0, 0x44, 0x1a, 0x0,
    0x7f, 0xf0, 0x24, 0x4, 0x3, 0xff, 0x80, 0x4e,
    0x1, 0xf3, 0xf8, 0x80, 0x68, 0xfe, 0x0, 0x30,
    0x70, 0x7, 0xf9, 0xe6, 0x81, 0x40, 0x3f, 0xd8,
    0xc5, 0x64,

    /* U+01CB "ǋ" */
    0x7f, 0xd0, 0xe, 0xbe, 0x0, 0x1f, 0x28, 0x0,
    0xa0, 0x3, 0xff, 0x82, 0x2e, 0x40, 0x1f, 0x1f,
    0x28, 0x2, 0x2, 0x40, 0x3e, 0x4f, 0x60, 0x3,
    0x1a, 0x28, 0x7, 0xfc, 0x3c, 0x16, 0x1, 0xff,
    0xc0, 0x27, 0x19, 0x0, 0xff, 0xe0, 0x40, 0xb1,
    0x88, 0x7, 0xfd, 0x61, 0xe0, 0x1f, 0xfc, 0x5,
    0x43, 0x40, 0xf, 0xfe, 0x4, 0x80, 0x80, 0x7f,
    0xf0, 0x9, 0xc0, 0x3e, 0x7f, 0x10, 0xd, 0x1f,
    0xc0, 0x1f, 0xfc, 0x51, 0x0, 0xff, 0xe0, 0x1b,
    0xc0, 0x20, 0x7, 0xf9, 0x60, 0xe0, 0x80,

    /* U+01CC "ǌ" */
    0x0, 0xff, 0x47, 0x8, 0x7, 0xff, 0x2e, 0x38,
    0x6e, 0xc7, 0x9f, 0xd0, 0x1, 0x4f, 0x88, 0x26,
    0xac, 0x1b, 0xb0, 0x7, 0xd1, 0x2f, 0x81, 0x80,
    0x1f, 0x38, 0x0, 0x44, 0xc0, 0x1f, 0x8, 0x7,
    0xff, 0xca, 0xfc, 0x3, 0x76, 0x0, 0x7f, 0xf0,
    0xcc, 0x4, 0x3, 0xf3, 0x3a, 0x90, 0x7, 0xf6,
    0xc1, 0x70, 0x0,

    /* U+01CD "Ǎ" */
    0x0, 0x23, 0x0, 0x9, 0xc0, 0x39, 0x6e, 0xcb,
    0xa2, 0x1, 0xc3, 0x8b, 0x4e, 0xc0, 0x1e, 0x1e,
    0xf8, 0x0, 0xfd, 0xbe, 0x80, 0x1f, 0x19, 0x7,
    0x0, 0x7d, 0x40, 0xca, 0x1, 0xf3, 0xa6, 0x83,
    0x0, 0x72, 0xe, 0xa0, 0xd0, 0x7, 0x70, 0x38,
    0x39, 0x88, 0x6, 0x54, 0x10, 0xa0, 0x60, 0x9,
    0x41, 0x3f, 0xd8, 0x14, 0x1, 0x70, 0x3b, 0xe3,
    0x23, 0x1, 0x44, 0x44, 0x70, 0x58, 0x30, 0x70,
    0x6, 0x41, 0x60, 0xa0, 0x50, 0xe, 0x61, 0x40,

    /* U+01CE "ǎ" */
    0x1, 0xd9, 0x6, 0xe3, 0x1, 0xc4, 0xe9, 0xd3,
    0x0, 0xe, 0x6f, 0x18, 0x0, 0x67, 0x31, 0xf2,
    0x1, 0x3a, 0xca, 0x34, 0x80, 0xf4, 0x35, 0xa,
    0x0, 0x78, 0x8c, 0xa, 0xb7, 0xfc, 0x60, 0xc,
    0x48, 0xcd, 0x20, 0x31, 0x65, 0x32, 0x30, 0x20,
    0x54, 0x45, 0x88, 0xd, 0x5, 0xce, 0x40, 0x0,

    /* U+01CF "Ǐ" */
    0x7, 0x30, 0x3, 0x28, 0x16, 0x35, 0x42, 0x2,
    0xc4, 0xae, 0x8, 0x1, 0xff, 0xc4, 0x0, 0x6f,
    0xfc, 0x0, 0x6a, 0x2, 0xc0, 0x9, 0x41, 0x8c,
    0x3, 0xff, 0xd0, 0xa0, 0xc6, 0x0, 0x6a, 0x2,
    0xc0,

    /* U+01D0 "ǐ" */
    0x5e, 0x51, 0xbb, 0x2, 0xd5, 0x38, 0x6c, 0x0,
    0x9d, 0xb4, 0x1, 0xab, 0x40, 0x3f, 0xfd, 0xe0,

    /* U+01D1 "Ǒ" */
    0x0, 0x8d, 0x80, 0x4, 0xe2, 0x1, 0xc7, 0x58,
    0xba, 0x2, 0x1, 0xed, 0x2a, 0x67, 0x0, 0xf8,
    0x7b, 0xe4, 0x3, 0xe4, 0xbe, 0xfd, 0x81, 0x0,
    0xd1, 0x6a, 0xee, 0x67, 0xf2, 0x0, 0x23, 0x9f,
    0x4c, 0x5d, 0xf, 0x0, 0x38, 0x20, 0x3, 0x2a,
    0x19, 0x81, 0x1, 0x0, 0x3b, 0x41, 0x0, 0x48,
    0x3, 0xc4, 0x1e, 0x1, 0xff, 0xc1, 0x12, 0x0,
    0xf1, 0x7, 0x82, 0x2, 0x0, 0x76, 0x82, 0x7,
    0x4, 0x0, 0x64, 0x41, 0x98, 0x11, 0xcf, 0xa6,
    0x2e, 0xc3, 0xc0, 0x14, 0x52, 0xbb, 0x99, 0xfc,
    0x80,

    /* U+01D2 "ǒ" */
    0x0, 0x4e, 0x11, 0xeb, 0x80, 0x52, 0xbb, 0x94,
    0xe0, 0x1a, 0x73, 0xe, 0x1, 0x93, 0x31, 0xb4,
    0x40, 0x4, 0xb1, 0x86, 0x5c, 0x10, 0x90, 0xc7,
    0x8b, 0x18, 0x12, 0x41, 0x0, 0x20, 0xa1, 0x81,
    0x0, 0x63, 0x31, 0x1, 0x0, 0x63, 0x30, 0x1a,
    0x8, 0x1, 0x5, 0x2, 0x3, 0x1e, 0x2c, 0x6c,
    0x13, 0x6, 0x1d, 0x30, 0x80,

    /* U+01D3 "Ǔ" */
    0x0, 0x3a, 0x0, 0x15, 0x40, 0x18, 0xed, 0xea,
    0xdc, 0x3, 0x24, 0xc2, 0xe9, 0x0, 0x73, 0x7f,
    0x8c, 0x2, 0x9f, 0x20, 0xc, 0xbe, 0xc0, 0x1f,
    0xff, 0xae, 0x6, 0x0, 0xc4, 0x4, 0x81, 0xe0,
    0x1a, 0x81, 0xd, 0x53, 0x66, 0x5c, 0x52, 0x0,
    0xa8, 0x6, 0x61, 0x53, 0x0,

    /* U+01D4 "ǔ" */
    0x7, 0xd4, 0x2c, 0x90, 0x3, 0xdd, 0xb5, 0x24,
    0x2, 0x6e, 0xe4, 0x0, 0x33, 0xc0, 0x44, 0x1f,
    0x60, 0x1f, 0xfd, 0xc6, 0x1, 0x0, 0x28, 0x3,
    0x2, 0x95, 0xac, 0x0, 0xce, 0xb5, 0x76, 0x40,

    /* U+01D5 "Ǖ" */
    0x0, 0xff, 0xe0, 0x47, 0xfe, 0x60, 0xd, 0x59,
    0x99, 0xc0, 0x3a, 0x4c, 0x64, 0x40, 0x33, 0x20,
    0x89, 0x4, 0x3, 0x27, 0x9, 0xf0, 0x80, 0x27,
    0xc8, 0x3, 0x2f, 0xb0, 0x7, 0xff, 0xeb, 0x81,
    0x80, 0x31, 0x1, 0x20, 0x78, 0x6, 0xa0, 0x43,
    0x54, 0xd9, 0x97, 0x14, 0x80, 0x2a, 0x1, 0x98,
    0x54, 0xc0,

    /* U+01D6 "ǖ" */
    0x0, 0xfe, 0x7f, 0xfc, 0xe0, 0x6, 0xcc, 0xcc,
    0x0, 0x3d, 0x11, 0x69, 0x0, 0xd, 0xc, 0xc8,
    0x40, 0x1, 0xa1, 0x15, 0x8, 0x67, 0x80, 0x6f,
    0xb0, 0xf, 0xfe, 0xe3, 0x0, 0x80, 0x14, 0x1,
    0x81, 0x4a, 0xd6, 0x0, 0x67, 0x5a, 0xbb, 0x20,
    0x0,

    /* U+01D7 "Ǘ" */
    0x0, 0xe5, 0x83, 0x0, 0xf1, 0x51, 0x98, 0x3,
    0xdc, 0xb6, 0x1, 0xc5, 0x59, 0x14, 0x1, 0xcc,
    0x82, 0x24, 0x10, 0xc, 0x9c, 0x27, 0xc2, 0x0,
    0x9f, 0x20, 0xc, 0xbe, 0xc0, 0x1f, 0xff, 0xae,
    0x6, 0x0, 0xc4, 0x4, 0x81, 0xe0, 0x1a, 0x81,
    0xd, 0x53, 0x66, 0x5c, 0x52, 0x0, 0xa8, 0x6,
    0x61, 0x53, 0x0,

    /* U+01D8 "ǘ" */
    0x0, 0xc9, 0x6, 0x1, 0x86, 0x90, 0xc0, 0x35,
    0x96, 0x80, 0x45, 0xd1, 0xde, 0x60, 0x3, 0x43,
    0x32, 0x10, 0x0, 0x68, 0x45, 0x42, 0x19, 0xe0,
    0x1b, 0xec, 0x3, 0xff, 0xb8, 0xc0, 0x20, 0x5,
    0x0, 0x60, 0x52, 0xb5, 0x80, 0x19, 0xd6, 0xae,
    0xc8, 0x0,

    /* U+01D9 "Ǚ" */
    0x0, 0x32, 0x0, 0x15, 0x0, 0x32, 0xdc, 0x54,
    0x28, 0x6, 0x3b, 0x75, 0xf1, 0x0, 0xc5, 0xdf,
    0xb0, 0x1, 0xcc, 0x82, 0x24, 0x10, 0xc, 0x9c,
    0x27, 0xc2, 0x0, 0x9f, 0x20, 0xc, 0xbe, 0xc0,
    0x1f, 0xff, 0xae, 0x6, 0x0, 0xc4, 0x4, 0x81,
    0xe0, 0x1a, 0x81, 0xd, 0x53, 0x66, 0x5c, 0x52,
    0x0, 0xa8, 0x6, 0x61, 0x53, 0x0,

    /* U+01DA "ǚ" */
    0x5, 0x50, 0x1, 0x14, 0x0, 0xf7, 0x32, 0xa7,
    0x0, 0x16, 0xb3, 0x34, 0x80, 0x5, 0xbb, 0x8c,
    0x0, 0x68, 0x66, 0x42, 0x0, 0xd, 0x8, 0xa8,
    0x43, 0x3c, 0x3, 0x7d, 0x80, 0x7f, 0xf7, 0x18,
    0x4, 0x0, 0xa0, 0xc, 0xa, 0x56, 0xb0, 0x3,
    0x3a, 0xd5, 0xd9, 0x0,

    /* U+01DB "Ǜ" */
    0x0, 0x24, 0x18, 0x7, 0xca, 0xae, 0x0, 0xf8,
    0x70, 0x64, 0x3, 0xc5, 0x79, 0x74, 0x1, 0xcc,
    0x82, 0x24, 0x10, 0xc, 0x9c, 0x27, 0xc2, 0x0,
    0x9f, 0x20, 0xc, 0xbe, 0xc0, 0x1f, 0xff, 0xae,
    0x6, 0x0, 0xc4, 0x4, 0x81, 0xe0, 0x1a, 0x81,
    0xd, 0x53, 0x66, 0x5c, 0x52, 0x0, 0xa8, 0x6,
    0x61, 0x53, 0x0,

    /* U+01DC "ǜ" */
    0x3, 0x84, 0x0, 0xe3, 0x4a, 0x10, 0xe, 0xc5,
    0xa0, 0xc, 0x5d, 0x32, 0xe3, 0x0, 0x1a, 0x19,
    0x90, 0x80, 0x3, 0x42, 0x2a, 0x10, 0xcf, 0x0,
    0xdf, 0x60, 0x1f, 0xfd, 0xc6, 0x1, 0x0, 0x28,
    0x3, 0x2, 0x95, 0xac, 0x0, 0xce, 0xb5, 0x76,
    0x40,

    /* U+01DD "ǝ" */
    0x6, 0xdf, 0xf6, 0x28, 0x5, 0x89, 0x10, 0x1a,
    0x60, 0x5, 0x4b, 0xbb, 0x4a, 0x40, 0x3e, 0x50,
    0x33, 0x7f, 0xf3, 0x83, 0x8, 0x2e, 0x64, 0xa0,
    0xc4, 0xc, 0x67, 0x30, 0x18, 0x41, 0xcb, 0x59,
    0xc0, 0x1, 0xe1, 0xe5, 0xa5, 0xc0,

    /* U+01DE "Ǟ" */
    0x0, 0xff, 0xe0, 0xa7, 0xfe, 0xb0, 0xe, 0x4c,
    0xcd, 0x20, 0x1e, 0x90, 0x3a, 0x10, 0xf, 0x23,
    0x2, 0x28, 0x7, 0xb9, 0x43, 0x58, 0x3, 0xed,
    0xf4, 0x0, 0xf8, 0xc8, 0x38, 0x3, 0xea, 0x6,
    0x50, 0xf, 0x9d, 0x34, 0x18, 0x3, 0x90, 0x75,
    0x6, 0x80, 0x3b, 0x81, 0xc1, 0xcc, 0x40, 0x32,
    0xa0, 0x85, 0x3, 0x0, 0x4a, 0x9, 0xfe, 0xc0,
    0xa0, 0xb, 0x81, 0xdf, 0x19, 0x18, 0xa, 0x22,
    0x23, 0x82, 0xc1, 0x83, 0x80, 0x32, 0xb, 0x5,
    0x2, 0x80, 0x73, 0xa, 0x0,

    /* U+01DF "ǟ" */
    0x0, 0xff, 0x77, 0xfe, 0x0, 0xb7, 0x33, 0x0,
    0x55, 0x27, 0x70, 0x1, 0x7e, 0x86, 0xe0, 0x4,
    0xce, 0xa, 0xe0, 0x1, 0x9d, 0xfe, 0x90, 0x9,
    0xd6, 0x51, 0xa4, 0x7, 0xa1, 0xa8, 0x50, 0x3,
    0xc4, 0x60, 0x55, 0xbf, 0xe3, 0x0, 0x62, 0x46,
    0x69, 0x1, 0x8b, 0x29, 0x91, 0x81, 0x2, 0xa2,
    0x2c, 0x40, 0x68, 0x2e, 0x72, 0x0,

    /* U+01E0 "Ǡ" */
    0x0, 0xff, 0xe0, 0xa7, 0xfe, 0xa0, 0xe, 0x4e,
    0x82, 0xea, 0x0, 0xf0, 0x80, 0x4, 0x3, 0xf3,
    0xe8, 0x7, 0xf6, 0xfa, 0x0, 0x7c, 0x64, 0x1c,
    0x1, 0xf5, 0x3, 0x28, 0x7, 0xce, 0x9a, 0xc,
    0x1, 0xc8, 0x3a, 0x83, 0x40, 0x1d, 0xc0, 0xe0,
    0xe6, 0x20, 0x19, 0x50, 0x42, 0x81, 0x80, 0x25,
    0x4, 0xff, 0x60, 0x50, 0x5, 0xc0, 0xef, 0x8c,
    0x8c, 0x5, 0x11, 0x11, 0xc1, 0x60, 0xc1, 0xc0,
    0x19, 0x5, 0x82, 0x81, 0x40, 0x39, 0x85, 0x0,

    /* U+01E1 "ǡ" */
    0x0, 0xff, 0x77, 0xfe, 0x0, 0xb7, 0x33, 0x0,
    0x46, 0x3a, 0xe6, 0x1, 0x8c, 0x9c, 0x3, 0x87,
    0xc, 0x2, 0x19, 0xdf, 0xe9, 0x0, 0x9d, 0x65,
    0x1a, 0x40, 0x7a, 0x1a, 0x85, 0x0, 0x3c, 0x46,
    0x5, 0x5b, 0xfe, 0x30, 0x6, 0x24, 0x66, 0x90,
    0x18, 0xb2, 0x99, 0x18, 0x10, 0x2a, 0x22, 0xc4,
    0x6, 0x82, 0xe7, 0x20, 0x0,

    /* U+01E2 "Ǣ" */
    0x0, 0xff, 0xe4, 0xc7, 0xfe, 0x60, 0xf, 0xe9,
    0xcc, 0xce, 0x1, 0xfd, 0xf9, 0x9b, 0xbf, 0xce,
    0x1, 0xca, 0x2c, 0x40, 0xef, 0x90, 0x3, 0xa4,
    0xa5, 0x82, 0x23, 0x18, 0x6, 0x33, 0x50, 0x7,
    0xff, 0x2, 0x41, 0x80, 0x3f, 0xe2, 0x56, 0x10,
    0xb, 0xff, 0x18, 0x5, 0x61, 0x60, 0x19, 0xdf,
    0x10, 0x4, 0xc1, 0xbf, 0xe4, 0x8, 0x8c, 0x20,
    0x7, 0x5, 0x77, 0x84, 0x3, 0xf4, 0x95, 0x44,
    0x4a, 0x1, 0xf2, 0x8d, 0x80, 0x7a, 0x23, 0x18,
    0x48, 0x30, 0x7, 0x9d, 0xf2, 0x0,

    /* U+01E3 "ǣ" */
    0x0, 0xff, 0xe3, 0x2f, 0xfe, 0x90, 0xf, 0xc9,
    0x99, 0xac, 0x3, 0x8a, 0xb7, 0xb8, 0xa3, 0x1b,
    0xd0, 0x1, 0xb, 0xac, 0x8c, 0xe3, 0x4b, 0xba,
    0x40, 0x7, 0xb0, 0xda, 0x3, 0xed, 0x28, 0xc0,
    0x1e, 0x10, 0x12, 0x0, 0x60, 0x18, 0x1d, 0xf7,
    0xf8, 0x7, 0xfe, 0x80, 0x71, 0xc5, 0x8c, 0xc0,
    0x16, 0x67, 0x21, 0x3, 0x30, 0xc4, 0x8, 0x4c,
    0xf0, 0x10, 0x33, 0xc6, 0x28, 0xe4, 0x3c, 0x58,
    0xd, 0x1c, 0x34, 0xd6, 0x2b, 0xc2, 0xe0, 0x0,

    /* U+01E4 "Ǥ" */
    0x0, 0x8a, 0x37, 0xfb, 0x60, 0x40, 0x24, 0xd7,
    0x67, 0x41, 0x61, 0x0, 0x15, 0x8e, 0xdc, 0x56,
    0x78, 0x5, 0x61, 0x44, 0x1, 0x84, 0x2, 0x71,
    0x40, 0xf, 0xe1, 0x20, 0x9, 0x62, 0x23, 0x0,
    0xfb, 0x9d, 0xe5, 0x0, 0x9, 0x0, 0x57, 0xf4,
    0x2, 0x0, 0x51, 0x40, 0x4, 0x7d, 0x4, 0x38,
    0x78, 0x40, 0x85, 0x64, 0x3, 0xb0, 0x23, 0x9f,
    0xca, 0xa6, 0x7, 0x8, 0x2, 0x29, 0x5e, 0x20,
    0xcc, 0x40,

    /* U+01E5 "ǥ" */
    0x0, 0x37, 0x7e, 0x1e, 0xc8, 0x1, 0x64, 0xdd,
    0xb4, 0x80, 0x28, 0xc, 0x8a, 0x90, 0xc, 0x48,
    0x20, 0x5, 0x0, 0x88, 0x8, 0x2, 0x20, 0x8,
    0x80, 0xc0, 0x21, 0x0, 0xc4, 0x80, 0x12, 0x0,
    0x6b, 0x1c, 0x68, 0xb0, 0xc, 0xd0, 0x52, 0x94,
    0x1, 0xcf, 0xc2, 0x76, 0xc, 0xe0, 0x20, 0xc,
    0xc3, 0x4, 0x30, 0x4e, 0x3a, 0x5b, 0x13, 0x88,
    0x60, 0x4c, 0x99, 0x70, 0x0,

    /* U+01E6 "Ǧ" */
    0x0, 0x89, 0xc0, 0x2, 0xe4, 0x1, 0x8b, 0x35,
    0x7f, 0x88, 0x3, 0xac, 0x29, 0x64, 0x3, 0xed,
    0xfb, 0x0, 0xf1, 0x46, 0xff, 0x6c, 0x8, 0x1,
    0x35, 0xd9, 0x8e, 0x2c, 0x20, 0x56, 0x39, 0x73,
    0x2c, 0xe0, 0x5, 0x85, 0x98, 0x7, 0xce, 0x2a,
    0x1, 0xf8, 0x48, 0x2, 0x68, 0x88, 0xc0, 0x3d,
    0xae, 0xf2, 0x80, 0x90, 0x5, 0x7f, 0x60, 0x12,
    0x9, 0x80, 0x7e, 0xe0, 0xe1, 0x0, 0xf9, 0x1c,
    0xba, 0xa2, 0x20, 0xd, 0x16, 0x88, 0x76, 0x16,
    0x40,

    /* U+01E7 "ǧ" */
    0x0, 0x55, 0x8a, 0x73, 0x0, 0x54, 0x3f, 0x76,
    0x60, 0xd, 0x5b, 0xa5, 0x0, 0xcf, 0xd9, 0xc7,
    0xb2, 0xb, 0x7, 0xb, 0xa4, 0x0, 0x80, 0xc7,
    0x99, 0x0, 0x44, 0x82, 0x0, 0x50, 0x1, 0x1,
    0x0, 0x44, 0x0, 0x20, 0x30, 0x8, 0x40, 0x22,
    0x40, 0x9, 0x0, 0x2b, 0x1c, 0x78, 0xb0, 0x9,
    0xa0, 0xa1, 0x28, 0x3, 0x3f, 0x7e, 0x30, 0x8,
    0x7, 0x90, 0x38, 0x23, 0x21, 0xe6, 0x42, 0xc1,
    0x8e, 0xd0, 0xe9, 0x80,

    /* U+01E8 "Ǩ" */
    0x2, 0x71, 0x0, 0x39, 0x80, 0x45, 0xde, 0xbb,
    0xa3, 0x0, 0xd2, 0xb4, 0x34, 0x1, 0xeb, 0xfc,
    0x0, 0xcf, 0xe8, 0x1, 0x37, 0xc8, 0x7, 0x92,
    0x52, 0x40, 0x38, 0xa8, 0xac, 0x3, 0xde, 0x1e,
    0x1, 0xea, 0x2a, 0x20, 0xe, 0xf5, 0x24, 0x0,
    0xf2, 0x19, 0x38, 0x7, 0xab, 0x6, 0x8, 0x3,
    0x84, 0x28, 0x38, 0x3, 0xe4, 0x63, 0x70, 0xf,
    0xa4, 0xa0, 0x80, 0x3e, 0xe0, 0xe0,

    /* U+01E9 "ǩ" */
    0x6e, 0x30, 0xac, 0x0, 0xcd, 0x39, 0xaf, 0xa0,
    0x1c, 0xf0, 0xbe, 0x20, 0x1e, 0x78, 0x20, 0xf,
    0xab, 0xc0, 0x3f, 0xfa, 0xb9, 0xe6, 0x1, 0xea,
    0x3b, 0x30, 0xe, 0x95, 0x94, 0x0, 0xe6, 0x64,
    0x30, 0x7, 0xa4, 0x38, 0x3, 0xe9, 0x56, 0x50,
    0xf, 0x35, 0x15, 0x88, 0x7, 0xdc, 0x3a, 0x1,
    0xf1, 0xb9, 0xb8,

    /* U+01EA "Ǫ" */
    0x0, 0x92, 0xfb, 0xf6, 0x4, 0x3, 0x45, 0xab,
    0xb9, 0x9f, 0xc8, 0x0, 0x8e, 0x7d, 0x31, 0x74,
    0x3c, 0x0, 0xe0, 0x80, 0xc, 0xa8, 0x66, 0x4,
    0x4, 0x0, 0xed, 0x4, 0x1, 0x20, 0xf, 0x10,
    0x78, 0x7, 0xff, 0x4, 0x48, 0x3, 0xc4, 0x1e,
    0x8, 0x8, 0x1, 0xda, 0x8, 0x1c, 0x10, 0x1,
    0x91, 0x6, 0x60, 0x47, 0x3e, 0x98, 0xbb, 0xf,
    0x0, 0x51, 0x4a, 0xee, 0x57, 0xf2, 0x0, 0xcb,
    0x76, 0x3e, 0x81, 0x0, 0xfa, 0xe4, 0x3, 0xfc,
    0x24, 0x40, 0xf, 0xe7, 0x89, 0x0, 0xc0,

    /* U+01EB "ǫ" */
    0x0, 0x26, 0x7f, 0x51, 0x0, 0x12, 0xc6, 0x19,
    0x70, 0x42, 0x43, 0x1e, 0x2c, 0x60, 0x49, 0x4,
    0x0, 0x82, 0x86, 0x4, 0x1, 0x8c, 0xc4, 0x4,
    0x1, 0x8c, 0xc0, 0x68, 0x20, 0x4, 0x14, 0x8,
    0xc, 0x78, 0xb1, 0xb0, 0x4c, 0x18, 0x74, 0xc2,
    0x0, 0x1e, 0x24, 0x59, 0x0, 0x64, 0x43, 0x80,
    0x78, 0x40, 0xc4, 0x3, 0x90, 0xf1, 0x0, 0x0,

    /* U+01EC "Ǭ" */
    0x0, 0xff, 0xe1, 0x97, 0xfe, 0xb0, 0xf, 0x16,
    0x66, 0x90, 0xf, 0x24, 0x6e, 0x75, 0x8, 0x6,
    0x8b, 0x57, 0x73, 0x3f, 0x90, 0x1, 0x1c, 0xfa,
    0x62, 0xe8, 0x78, 0x1, 0xc1, 0x0, 0x19, 0x50,
    0xcc, 0x8, 0x8, 0x1, 0xda, 0x8, 0x2, 0x40,
    0x1e, 0x20, 0xf0, 0xf, 0xfe, 0x8, 0x90, 0x7,
    0x88, 0x3c, 0x10, 0x10, 0x3, 0xb4, 0x10, 0x38,
    0x20, 0x3, 0x22, 0xc, 0xc0, 0x8e, 0x7d, 0x31,
    0x76, 0x1e, 0x0, 0xa2, 0x95, 0xdc, 0x8f, 0xe4,
    0x1, 0x96, 0xf4, 0x7a, 0x4, 0x3, 0xe8, 0x61,
    0x0, 0xfe, 0x62, 0x20, 0x7, 0xf5, 0xaf, 0x80,
    0x60,

    /* U+01ED "ǭ" */
    0x0, 0xff, 0xa7, 0xff, 0x28, 0x5, 0x79, 0x99,
    0x0, 0x26, 0xfc, 0xd9, 0x30, 0x2, 0x58, 0xc3,
    0x2e, 0x8, 0x48, 0x63, 0xc5, 0x8c, 0x9, 0x20,
    0x80, 0x10, 0x50, 0xc0, 0x80, 0x31, 0x98, 0x80,
    0x80, 0x31, 0x98, 0xd, 0x4, 0x0, 0x82, 0x81,
    0x1, 0x8f, 0x16, 0x36, 0x9, 0x83, 0xe, 0x98,
    0x40, 0x3, 0xc4, 0x8b, 0x20, 0xc, 0x88, 0x70,
    0xf, 0x8, 0x18, 0x80, 0x72, 0x1e, 0x20, 0x0,

    /* U+01EE "Ǯ" */
    0x2, 0x70, 0x0, 0xb9, 0x0, 0xb, 0x74, 0xbf,
    0xc4, 0x1, 0x50, 0xd2, 0xc8, 0x7, 0x67, 0xd8,
    0x4, 0x5f, 0xff, 0x9, 0xbb, 0xe4, 0x3, 0x11,
    0x44, 0x56, 0x87, 0x80, 0x19, 0x30, 0xf0, 0x3,
    0x25, 0xa6, 0x0, 0x77, 0x2, 0x75, 0x10, 0x5,
    0x17, 0x4e, 0xb8, 0x20, 0x2, 0x45, 0x98, 0x16,
    0x0, 0xf1, 0x87, 0x88, 0x7, 0x68, 0x6b, 0x74,
    0xbc, 0x5b, 0x1a, 0xa2, 0x1e, 0x1d, 0xa3, 0x0,

    /* U+01EF "ǯ" */
    0x8, 0xd3, 0x36, 0xc0, 0x2, 0x2b, 0x31, 0x50,
    0x1, 0x3f, 0x71, 0xc0, 0xf, 0xfe, 0xee, 0x7f,
    0x99, 0x26, 0x70, 0x82, 0x1b, 0x35, 0xe3, 0x84,
    0x1, 0x43, 0x51, 0x80, 0x4c, 0xf2, 0xa0, 0x1a,
    0x42, 0x9c, 0x3, 0x43, 0xba, 0x34, 0x40, 0xf,
    0x17, 0x25, 0x20, 0x1c, 0xc0, 0x80, 0x1f, 0x38,
    0x7, 0x30, 0x65, 0xda, 0x1e, 0xa4, 0x9f, 0x9d,
    0xa1, 0x1b, 0x0,

    /* U+01F0 "ǰ" */
    0x5e, 0x51, 0xbb, 0x2, 0xd5, 0x38, 0x6c, 0x0,
    0x9d, 0xb4, 0x1, 0xab, 0x40, 0x3f, 0xff, 0xad,
    0x8, 0x60, 0x15, 0x39, 0xf0, 0x4,

    /* U+01F1 "Ǳ" */
    0x8f, 0xfd, 0xb0, 0x20, 0x15, 0xff, 0xfc, 0x1,
    0x34, 0x3b, 0x3f, 0x98, 0x3, 0xa2, 0x33, 0x1,
    0x0, 0x54, 0xf1, 0x76, 0x1d, 0x0, 0x2b, 0xbe,
    0x30, 0x90, 0xf, 0x91, 0xc5, 0x40, 0x39, 0x15,
    0x90, 0x3, 0xf5, 0x86, 0x0, 0x75, 0xc, 0x0,
    0x7f, 0x10, 0x10, 0x6, 0x91, 0xb1, 0x0, 0xff,
    0xe1, 0x9b, 0x22, 0x80, 0x7f, 0x94, 0x8, 0x2,
    0xe0, 0xa0, 0xf, 0xfb, 0x43, 0x0, 0xe, 0x50,
    0x20, 0x1f, 0xe6, 0x61, 0x28, 0x14, 0x1b, 0x80,
    0x7d, 0x31, 0x3b, 0x23, 0xe0, 0x9, 0x6, 0x88,
    0xe1, 0x0, 0x2b, 0xb0, 0xc7, 0x90, 0x1, 0x41,
    0x5d, 0xf8, 0x80,

    /* U+01F2 "ǲ" */
    0x8f, 0xfd, 0xb0, 0x20, 0x1f, 0xfc, 0x6, 0x87,
    0x67, 0xf3, 0x0, 0xff, 0xa9, 0xe2, 0xec, 0x3a,
    0x1, 0xff, 0xc3, 0x47, 0x15, 0x7, 0xff, 0xe9,
    0x0, 0xfa, 0xc3, 0x1, 0x6a, 0xa5, 0xf, 0x0,
    0xf8, 0x80, 0x80, 0x95, 0x48, 0xa8, 0xc0, 0x1f,
    0xfc, 0x2a, 0x1a, 0x0, 0xfc, 0xa0, 0x40, 0x13,
    0x25, 0x88, 0x7, 0xed, 0xc, 0x0, 0x14, 0xaa,
    0x80, 0x3f, 0x33, 0x9, 0x40, 0x1c, 0x34, 0x1,
    0xd3, 0x13, 0xb2, 0x3e, 0x0, 0x73, 0x58, 0x89,
    0x80, 0xa, 0xec, 0x31, 0xe4, 0x0, 0xc0, 0x47,
    0x7b, 0x40,

    /* U+01F3 "ǳ" */
    0x0, 0xf0, 0xfc, 0x80, 0x7f, 0xf8, 0x1f, 0xbf,
    0x8, 0x2, 0x3f, 0xfe, 0xd0, 0x68, 0x37, 0x5d,
    0x0, 0x8a, 0x22, 0x60, 0x60, 0x80, 0xc8, 0x99,
    0x0, 0x42, 0xef, 0x28, 0xd0, 0x89, 0x4, 0x0,
    0xa0, 0x1e, 0x83, 0xb1, 0x30, 0x20, 0x8, 0xc0,
    0x38, 0xdd, 0x54, 0x6, 0x4, 0x1, 0xfd, 0xc3,
    0x40, 0x1, 0x12, 0x0, 0x4e, 0x1, 0xa8, 0xb4,
    0x3, 0x48, 0x6b, 0xcd, 0x80, 0x48, 0xa4, 0xac,
    0xd0, 0x3c, 0x1c, 0x2f, 0x90, 0x3, 0x0, 0xa6,
    0x70,

    /* U+01F4 "Ǵ" */
    0x0, 0xf0, 0xc3, 0x0, 0x7e, 0xb7, 0x50, 0xf,
    0x99, 0x30, 0xc0, 0x3e, 0x6e, 0x30, 0xf, 0x14,
    0x6f, 0xf6, 0xc0, 0x80, 0x13, 0x5d, 0x98, 0xe2,
    0xc2, 0x5, 0x63, 0x97, 0x32, 0xce, 0x0, 0x58,
    0x59, 0x80, 0x7c, 0xe2, 0xa0, 0x1f, 0x84, 0x80,
    0x26, 0x88, 0x8c, 0x3, 0xda, 0xef, 0x28, 0x9,
    0x0, 0x57, 0xf6, 0x1, 0x20, 0x98, 0x7, 0xee,
    0xe, 0x10, 0xf, 0x91, 0xcb, 0xaa, 0x22, 0x0,
    0xd1, 0x68, 0x87, 0x61, 0x64,

    /* U+01F5 "ǵ" */
    0x0, 0xed, 0xe2, 0x0, 0xeb, 0x1f, 0x20, 0xe,
    0x8c, 0x10, 0xc, 0xfd, 0x98, 0x3d, 0x90, 0x58,
    0x38, 0x5d, 0x20, 0x4, 0x6, 0x3c, 0xc8, 0x2,
    0x24, 0x10, 0x2, 0x80, 0x8, 0x8, 0x2, 0x20,
    0x1, 0x1, 0x80, 0x42, 0x1, 0x12, 0x0, 0x48,
    0x1, 0x58, 0xe3, 0xc5, 0x80, 0x4d, 0x5, 0x9,
    0x40, 0x19, 0xfb, 0xf1, 0x80, 0x40, 0x3c, 0x81,
    0xc1, 0x19, 0xf, 0x32, 0x16, 0xc, 0x76, 0x87,
    0x4c, 0x0,

    /* U+01F6 "Ƕ" */
    0x7f, 0x40, 0x9, 0x3d, 0x80, 0x3f, 0xfc, 0x13,
    0xe2, 0x1, 0xff, 0xc4, 0xbf, 0xfa, 0xc0, 0x3f,
    0x95, 0xde, 0x50, 0xf, 0xee, 0x88, 0xb8, 0x3,
    0xff, 0x9e, 0xe1, 0xc0, 0x2, 0x1, 0x0, 0xf1,
    0x8b, 0xcd, 0x22, 0x80, 0x7e, 0xd3, 0x64, 0x5b,
    0x0,

    /* U+01F7 "Ƿ" */
    0x7f, 0x7, 0xef, 0xc3, 0x0, 0xaa, 0x5d, 0x8f,
    0x8, 0x0, 0x9d, 0x32, 0xa0, 0xa0, 0x4, 0x80,
    0x4a, 0x6, 0x0, 0x20, 0xe, 0x70, 0x0, 0x80,
    0x44, 0xc, 0x1, 0xe5, 0xf, 0x0, 0xe1, 0x91,
    0x50, 0xe, 0xd1, 0xb0, 0xc, 0x7a, 0x70, 0xa0,
    0x14, 0x61, 0xdb, 0x80, 0x63, 0x7f, 0x40, 0xe,
    0xb8, 0x10, 0xf, 0xfe, 0x98,

    /* U+01F8 "Ǹ" */
    0x0, 0x9d, 0xc2, 0x1, 0xf1, 0xc4, 0x0, 0x3e,
    0x4c, 0x75, 0x0, 0xf8, 0xf9, 0x40, 0x27, 0xfd,
    0x0, 0xeb, 0xe0, 0x1, 0x40, 0x7, 0xe2, 0x72,
    0x0, 0xfa, 0x42, 0x40, 0x3e, 0x45, 0x45, 0x0,
    0xf0, 0xd8, 0x58, 0x7, 0xc3, 0x3, 0x20, 0x1f,
    0x39, 0x31, 0x88, 0x7, 0xa4, 0x3c, 0x3, 0xe4,
    0x41, 0xa0, 0x7, 0xd2, 0x2, 0x1, 0xf1, 0x38,
    0x0,

    /* U+01F9 "ǹ" */
    0x0, 0x67, 0x98, 0x7, 0x63, 0x70, 0x80, 0x74,
    0xf8, 0x5, 0x76, 0x3c, 0xdf, 0x80, 0x2, 0x6a,
    0xc1, 0xbb, 0x0, 0x22, 0x5f, 0x3, 0x0, 0xe,
    0x0, 0x11, 0x30, 0x0, 0x40, 0x3f, 0xfb, 0x20,

    /* U+01FA "Ǻ" */
    0x0, 0xe3, 0x84, 0x0, 0xf8, 0x74, 0xd4, 0x3,
    0xe5, 0x8b, 0x10, 0xf, 0x14, 0x41, 0x80, 0x3e,
    0xa4, 0xf9, 0x0, 0xfb, 0x52, 0x48, 0x3, 0xe4,
    0x37, 0x40, 0xf, 0xa4, 0x19, 0x80, 0x1f, 0x32,
    0xd8, 0x30, 0x7, 0x28, 0xf1, 0x1d, 0x80, 0x74,
    0x92, 0x4, 0x91, 0x80, 0x44, 0x63, 0x10, 0xc0,
    0x90, 0xa, 0xc0, 0xdd, 0xcc, 0xa, 0x20, 0x7,
    0x3f, 0xfd, 0x40, 0xc0, 0xc3, 0x40, 0x19, 0x46,
    0x82, 0x81, 0x80, 0x39, 0x89, 0x0,

    /* U+01FB "ǻ" */
    0x0, 0xc2, 0xee, 0x0, 0xc3, 0x9a, 0xa0, 0x19,
    0x8c, 0x48, 0x2, 0x19, 0xe1, 0x60, 0xf, 0xf8,
    0x67, 0x85, 0x80, 0x33, 0xf5, 0x80, 0x43, 0x3b,
    0xfd, 0x20, 0x13, 0xac, 0xa3, 0x48, 0xf, 0x43,
    0x50, 0xa0, 0x7, 0x88, 0xc0, 0xab, 0x7f, 0xc6,
    0x0, 0xc4, 0x8c, 0xd2, 0x3, 0x16, 0x53, 0x23,
    0x2, 0x5, 0x44, 0x58, 0x80, 0xd0, 0x5c, 0xe4,
    0x0,

    /* U+01FC "Ǽ" */
    0x0, 0xfe, 0x58, 0x20, 0xf, 0xf8, 0xe8, 0x88,
    0x1, 0xff, 0x73, 0x50, 0x7, 0xff, 0x3, 0x64,
    0x3, 0xfe, 0xef, 0xff, 0x9c, 0x3, 0x94, 0x58,
    0x81, 0xdf, 0x20, 0x7, 0x49, 0x4b, 0x4, 0x46,
    0x30, 0xc, 0x66, 0xa0, 0xf, 0xfe, 0x4, 0x83,
    0x0, 0x7f, 0xc4, 0xac, 0x20, 0x17, 0xfe, 0x30,
    0xa, 0xc2, 0xc0, 0x33, 0xbe, 0x20, 0x9, 0x83,
    0x7f, 0xc8, 0x11, 0x18, 0x40, 0xe, 0xa, 0xef,
    0x8, 0x7, 0xe9, 0x2a, 0x88, 0x94, 0x3, 0xe5,
    0x1b, 0x0, 0xf4, 0x46, 0x30, 0x90, 0x60, 0xf,
    0x3b, 0xe4,

    /* U+01FD "ǽ" */
    0x0, 0xfa, 0xfd, 0x0, 0x3f, 0xce, 0xb8, 0x80,
    0x1f, 0xe4, 0xf3, 0x0, 0xf1, 0x56, 0xfe, 0xa9,
    0xdf, 0xf4, 0x0, 0x42, 0xeb, 0x23, 0x38, 0xd2,
    0xee, 0x90, 0x1, 0xec, 0x36, 0x80, 0xfb, 0x4a,
    0x30, 0x7, 0x84, 0x4, 0x80, 0x18, 0x6, 0x7,
    0x7d, 0xfe, 0x1, 0xff, 0xa0, 0x1c, 0x71, 0x63,
    0x30, 0x5, 0x99, 0xc8, 0x40, 0xcc, 0x31, 0x2,
    0x13, 0x3c, 0x4, 0xc, 0xf1, 0x8a, 0x39, 0xf,
    0x16, 0x3, 0x47, 0xd, 0x35, 0x8a, 0xf0, 0xb8,
    0x0,

    /* U+01FE "Ǿ" */
    0x0, 0xf0, 0xc3, 0x0, 0x7f, 0x53, 0x28, 0x7,
    0xe6, 0x5c, 0x30, 0xf, 0xcd, 0xc4, 0x2, 0x1,
    0xc9, 0x7d, 0xfb, 0x1b, 0x40, 0x14, 0x5a, 0xbb,
    0x31, 0xcf, 0x80, 0x8, 0xe7, 0xd3, 0x30, 0x2,
    0x0, 0x1c, 0x10, 0x1, 0x72, 0x20, 0xcc, 0x8,
    0x8, 0x0, 0x83, 0xad, 0x4, 0x1, 0x20, 0x1,
    0xbd, 0x9, 0x7, 0x80, 0x77, 0x2a, 0x80, 0x38,
    0x4c, 0x20, 0xec, 0x0, 0x41, 0xe0, 0xa2, 0xee,
    0xb1, 0x0, 0x68, 0x20, 0x78, 0x42, 0xa8, 0x0,
    0x88, 0x33, 0x2, 0x18, 0x24, 0xc5, 0xd8, 0x78,
    0x0, 0x46, 0xea, 0xee, 0x67, 0xf2, 0x0, 0x16,
    0x45, 0xf7, 0xec, 0x8, 0x0,

    /* U+01FF "ǿ" */
    0x0, 0xc3, 0xdc, 0x20, 0xe, 0xa2, 0xf2, 0x0,
    0xe8, 0xc1, 0x10, 0x4, 0x99, 0x8e, 0xaf, 0x40,
    0x5b, 0x17, 0x65, 0x15, 0x8, 0xc, 0x8e, 0x0,
    0x48, 0x92, 0x89, 0x4d, 0xa, 0x98, 0x18, 0x72,
    0xa8, 0xce, 0x3, 0x82, 0xb0, 0x33, 0x9, 0xab,
    0xd0, 0xa0, 0xa0, 0x40, 0x9, 0xc5, 0x8c, 0x6,
    0x11, 0x21, 0xd7, 0x4, 0x23, 0xf3, 0xfd, 0x44,
    0x0,

    /* U+0200 "Ȁ" */
    0x4, 0xa3, 0x5a, 0x20, 0xe, 0x46, 0xf4, 0x79,
    0x0, 0xf6, 0x8b, 0xfb, 0x20, 0x7, 0xe, 0xb1,
    0x6a, 0x0, 0x7d, 0xbe, 0x80, 0x1f, 0x19, 0x7,
    0x0, 0x7d, 0x40, 0xca, 0x1, 0xf3, 0xa6, 0x83,
    0x0, 0x72, 0xe, 0xa0, 0xd0, 0x7, 0x70, 0x38,
    0x39, 0x88, 0x6, 0x54, 0x10, 0xa0, 0x60, 0x9,
    0x41, 0x3f, 0xd8, 0x14, 0x1, 0x70, 0x3b, 0xe3,
    0x23, 0x1, 0x44, 0x44, 0x70, 0x58, 0x30, 0x70,
    0x6, 0x41, 0x60, 0xa0, 0x50, 0xe, 0x61, 0x40,

    /* U+0201 "ȁ" */
    0xd, 0xc1, 0xeb, 0x0, 0xbc, 0xd2, 0x91, 0x0,
    0x2, 0xcd, 0x4b, 0x30, 0x0, 0xd2, 0xfd, 0x70,
    0x4, 0xeb, 0x28, 0xd2, 0x3, 0xd0, 0xd4, 0x28,
    0x1, 0xe2, 0x30, 0x2a, 0xdf, 0xf1, 0x80, 0x31,
    0x23, 0x34, 0x80, 0xc5, 0x94, 0xc8, 0xc0, 0x81,
    0x51, 0x16, 0x20, 0x34, 0x17, 0x39, 0x0,

    /* U+0202 "Ȃ" */
    0x0, 0xff, 0xe1, 0x3f, 0xfb, 0x8, 0x3, 0x92,
    0xa9, 0x6b, 0x20, 0x1c, 0x98, 0xa9, 0x34, 0x1,
    0xe1, 0xdf, 0x41, 0x0, 0xf1, 0x90, 0x70, 0x7,
    0xd4, 0xc, 0xa0, 0x1f, 0x3a, 0x68, 0x30, 0x7,
    0x20, 0xea, 0xd, 0x0, 0x77, 0x3, 0x83, 0x98,
    0x80, 0x65, 0x41, 0xa, 0x6, 0x0, 0x94, 0x13,
    0xfd, 0x81, 0x40, 0x17, 0x3, 0xbe, 0x32, 0x30,
    0x14, 0x44, 0x47, 0x5, 0x83, 0x7, 0x0, 0x64,
    0x16, 0xa, 0x5, 0x0, 0xe6, 0x14,

    /* U+0203 "ȃ" */
    0x0, 0x1e, 0x7e, 0xa8, 0x5, 0xcb, 0x55, 0x8,
    0x3, 0xe5, 0x5f, 0x44, 0x6, 0xf7, 0xfa, 0xc0,
    0x27, 0x59, 0x46, 0x90, 0x1e, 0x86, 0xa1, 0x40,
    0xf, 0x11, 0x81, 0x56, 0xff, 0x8c, 0x1, 0x89,
    0x19, 0xa4, 0x6, 0x2c, 0xa6, 0x46, 0x4, 0xa,
    0x88, 0xb1, 0x1, 0xa0, 0xb9, 0xc8, 0x0,

    /* U+0204 "Ȅ" */
    0x79, 0x8, 0x80, 0x1, 0x19, 0x98, 0xea, 0x7,
    0x70, 0xb3, 0x0, 0x4, 0xe1, 0x6d, 0x7, 0xff,
    0xf0, 0x1, 0x5d, 0xe8, 0x0, 0x74, 0x44, 0xe0,
    0x1f, 0xfc, 0x4b, 0xff, 0xa8, 0x0, 0xae, 0xf7,
    0x80, 0x3a, 0x22, 0x50, 0xf, 0xfe, 0x27, 0x44,
    0x60, 0x2, 0xbb, 0xe0,

    /* U+0205 "ȅ" */
    0xd, 0xd0, 0xf6, 0x0, 0x6f, 0x37, 0xd3, 0x40,
    0x8, 0xb3, 0x8f, 0xc, 0x3, 0x32, 0x7e, 0xf0,
    0x4, 0x96, 0x32, 0xcc, 0x90, 0x4, 0x6, 0x34,
    0x33, 0x4, 0xd, 0x4, 0x1, 0xe0, 0xa4, 0x9,
    0xff, 0x48, 0x11, 0x1, 0x33, 0x39, 0xc0, 0x94,
    0x8c, 0xf0, 0x84, 0x8e, 0x43, 0x46, 0x0, 0x13,
    0x19, 0xe5, 0x50, 0x0,

    /* U+0206 "Ȇ" */
    0x0, 0xfc, 0x37, 0xfe, 0x90, 0x5, 0x8d, 0xd9,
    0x54, 0x17, 0x48, 0x8c, 0x57, 0xef, 0xfe, 0x0,
    0x2b, 0xbd, 0x0, 0xe, 0x88, 0x9c, 0x3, 0xff,
    0x89, 0x7f, 0xf5, 0x0, 0x15, 0xde, 0xf0, 0x7,
    0x44, 0x4a, 0x1, 0xff, 0xc4, 0xe8, 0x8c, 0x0,
    0x57, 0x7c,

    /* U+0207 "ȇ" */
    0x0, 0x16, 0x7e, 0xa8, 0x6, 0xf5, 0xab, 0xa1,
    0x0, 0xba, 0x55, 0xb4, 0x40, 0x27, 0xcf, 0xeb,
    0x0, 0x92, 0xc6, 0x59, 0x92, 0x0, 0x80, 0xc6,
    0x86, 0x60, 0x81, 0xa0, 0x80, 0x3c, 0x14, 0x81,
    0x3f, 0xe9, 0x2, 0x20, 0x26, 0x67, 0x38, 0x12,
    0x91, 0x9e, 0x10, 0x91, 0xc8, 0x68, 0xc0, 0x2,
    0x63, 0x3c, 0xaa, 0x0,

    /* U+0208 "Ȉ" */
    0x89, 0x9, 0x80, 0x5, 0xb3, 0x31, 0xd0, 0xe,
    0xa1, 0x26, 0x40, 0x5, 0xe1, 0x6d, 0x0, 0x37,
    0xfe, 0x0, 0x35, 0x1, 0x60, 0x4, 0xa0, 0xc6,
    0x1, 0xff, 0xe8, 0x50, 0x63, 0x0, 0x35, 0x1,
    0x60, 0x0,

    /* U+0209 "ȉ" */
    0x5f, 0x67, 0xf4, 0x5, 0x78, 0x75, 0x90, 0x4,
    0x4a, 0x52, 0x98, 0x1, 0xff, 0xd0, 0x60, 0x1f,
    0xfe, 0xc0,

    /* U+020A "Ȋ" */
    0x0, 0xf0, 0xe7, 0xfa, 0x42, 0xda, 0xec, 0x8b,
    0x74, 0x88, 0xd5, 0x7f, 0xfc, 0xd, 0x40, 0x58,
    0x0, 0x50, 0x63, 0x0, 0xff, 0xf0, 0x28, 0x31,
    0x83, 0x50, 0x16, 0x0,

    /* U+020B "ȋ" */
    0x7, 0xef, 0xb1, 0x5a, 0x8a, 0x1b, 0x4c, 0x65,
    0xab, 0x11, 0x5f, 0x80, 0x80, 0x7f, 0xf9, 0x0,

    /* U+020C "Ȍ" */
    0x0, 0x1d, 0x22, 0x28, 0xc0, 0x3c, 0x6d, 0x28,
    0xf0, 0x1, 0xf6, 0x8b, 0x63, 0x28, 0x7, 0x87,
    0x18, 0x75, 0x40, 0x3c, 0x97, 0xdf, 0xb0, 0x20,
    0x1a, 0x2d, 0x5d, 0xcc, 0xfe, 0x40, 0x4, 0x73,
    0xe9, 0x8b, 0xa1, 0xe0, 0x7, 0x4, 0x0, 0x65,
    0x43, 0x30, 0x20, 0x20, 0x7, 0x68, 0x20, 0x9,
    0x0, 0x78, 0x83, 0xc0, 0x3f, 0xf8, 0x22, 0x40,
    0x1e, 0x20, 0xf0, 0x40, 0x40, 0xe, 0xd0, 0x40,
    0xe0, 0x80, 0xc, 0x88, 0x33, 0x2, 0x39, 0xf4,
    0xc5, 0xd8, 0x78, 0x2, 0x8a, 0x57, 0x73, 0x3f,
    0x90, 0x0,

    /* U+020D "ȍ" */
    0x9, 0xf2, 0xbf, 0x10, 0xa, 0x4e, 0x28, 0xa4,
    0x3, 0x69, 0x86, 0x8, 0x6, 0x55, 0x77, 0x99,
    0x0, 0x12, 0xc6, 0x19, 0x70, 0x42, 0x43, 0x1e,
    0x2c, 0x60, 0x49, 0x4, 0x0, 0x82, 0x86, 0x4,
    0x1, 0x8c, 0xc4, 0x4, 0x1, 0x8c, 0xc0, 0x68,
    0x20, 0x4, 0x14, 0x8, 0xc, 0x78, 0xb1, 0xb0,
    0x4c, 0x18, 0x74, 0xc2,

    /* U+020E "Ȏ" */
    0x0, 0xff, 0xe2, 0x37, 0x7e, 0x90, 0x7, 0x8e,
    0x21, 0x6b, 0xc0, 0x1e, 0x2f, 0x64, 0x8e, 0x0,
    0xf2, 0xd7, 0x7e, 0xd0, 0x80, 0x68, 0xb5, 0x77,
    0x33, 0xf9, 0x0, 0x11, 0xcf, 0xa6, 0x2e, 0x87,
    0x80, 0x1c, 0x10, 0x1, 0x95, 0xc, 0xc0, 0x80,
    0x80, 0x1d, 0xa0, 0x80, 0x24, 0x1, 0xe2, 0xf,
    0x0, 0xff, 0xe0, 0x89, 0x0, 0x78, 0x83, 0xc1,
    0x1, 0x0, 0x3b, 0x41, 0x3, 0x82, 0x0, 0x32,
    0x20, 0xcc, 0x8, 0xe7, 0xd3, 0x17, 0x61, 0xe0,
    0xa, 0x29, 0x5d, 0xcc, 0xfe, 0x40,

    /* U+020F "ȏ" */
    0x0, 0xab, 0xfa, 0x40, 0x34, 0x8c, 0xc2, 0x28,
    0x5, 0x76, 0x66, 0x62, 0x0, 0x4d, 0x9f, 0xd6,
    0x60, 0x4, 0xb1, 0x86, 0x5c, 0x10, 0x90, 0xc7,
    0x8b, 0x18, 0x12, 0x41, 0x0, 0x20, 0xa1, 0x81,
    0x0, 0x63, 0x31, 0x1, 0x0, 0x63, 0x30, 0x1a,
    0x8, 0x1, 0x5, 0x2, 0x3, 0x1e, 0x2c, 0x6c,
    0x13, 0x6, 0x1d, 0x30, 0x80,

    /* U+0210 "Ȑ" */
    0x5a, 0x17, 0x90, 0xc, 0x88, 0x85, 0x68, 0x0,
    0x87, 0x1c, 0x71, 0x88, 0x2, 0x2e, 0x33, 0x71,
    0x0, 0x23, 0xff, 0x63, 0x0, 0x66, 0x86, 0x29,
    0x70, 0xa, 0x9e, 0x7c, 0x24, 0x3, 0xc2, 0x42,
    0x1, 0xf1, 0x88, 0x4, 0xc4, 0x74, 0x30, 0x1,
    0x56, 0xe2, 0xcb, 0x0, 0x51, 0x48, 0xa, 0x1,
    0x91, 0x68, 0x3c, 0x3, 0xc2, 0xe6, 0xc0, 0x1e,
    0x81, 0x81, 0x0, 0xf5, 0x8d, 0x80,

    /* U+0211 "ȑ" */
    0xaf, 0x1c, 0xe0, 0x5, 0x1d, 0xe9, 0xc0, 0x3,
    0x4c, 0x30, 0x40, 0x14, 0x41, 0x4c, 0xe0, 0x6,
    0xd6, 0x53, 0x0, 0x13, 0x6d, 0x20, 0x5, 0x0,
    0x1e, 0x20, 0xf, 0xfe, 0x98,

    /* U+0212 "Ȓ" */
    0x0, 0xff, 0xa7, 0xfd, 0x62, 0x1, 0x32, 0xd5,
    0x8c, 0x80, 0x4d, 0x8a, 0x95, 0x20, 0x8, 0xff,
    0xd8, 0xe0, 0x19, 0xa1, 0x8a, 0x5c, 0x2, 0xa7,
    0x9f, 0x9, 0x0, 0xf0, 0x90, 0x80, 0x7c, 0x62,
    0x1, 0x31, 0x1d, 0xc, 0x0, 0x55, 0xb8, 0xb2,
    0xc0, 0x14, 0x52, 0x2, 0x80, 0x64, 0x5a, 0xf,
    0x0, 0xf0, 0xb9, 0xb0, 0x7, 0xa0, 0x60, 0x40,
    0x3d, 0x63, 0x60,

    /* U+0213 "ȓ" */
    0xa, 0xfe, 0x90, 0x91, 0x98, 0x45, 0xbb, 0x33,
    0x31, 0x26, 0xc6, 0xf9, 0x81, 0xb5, 0x94, 0xc0,
    0x9b, 0x69, 0x0, 0x10, 0x1, 0xc4, 0x1, 0xff,
    0xcf,

    /* U+0214 "Ȕ" */
    0x7, 0x90, 0x89, 0x0, 0xe5, 0x67, 0xc6, 0x60,
    0x6, 0x2b, 0x95, 0xa8, 0x0, 0xe4, 0xe1, 0x5e,
    0x0, 0xa7, 0xc8, 0x3, 0x2f, 0xb0, 0x7, 0xff,
    0xeb, 0x81, 0x80, 0x31, 0x1, 0x20, 0x78, 0x6,
    0xa0, 0x43, 0x54, 0xd9, 0x97, 0x14, 0x80, 0x2a,
    0x1, 0x98, 0x54, 0xc0,

    /* U+0215 "ȕ" */
    0x7f, 0x39, 0xf2, 0x0, 0x3a, 0x7c, 0x9c, 0x0,
    0x56, 0x85, 0x86, 0x21, 0x9f, 0x4, 0x13, 0xd6,
    0x1, 0xff, 0xdc, 0x60, 0x10, 0x2, 0x80, 0x30,
    0x29, 0x5a, 0xc0, 0xc, 0xeb, 0x57, 0x64, 0x0,

    /* U+0216 "Ȗ" */
    0x0, 0xff, 0xe0, 0xd, 0xff, 0xa8, 0x3, 0xa0,
    0x2e, 0xcc, 0xc0, 0xd, 0x16, 0x88, 0xc6, 0x0,
    0x4f, 0x98, 0x6, 0x5f, 0x60, 0xf, 0xff, 0xd7,
    0x3, 0x0, 0x62, 0x2, 0x40, 0xf0, 0xd, 0x40,
    0x86, 0xa9, 0xb3, 0x2e, 0x29, 0x0, 0x54, 0x3,
    0x30, 0xa9, 0x80,

    /* U+0217 "ȗ" */
    0x0, 0x4f, 0x7d, 0x0, 0x4e, 0xb1, 0x43, 0x0,
    0x6, 0xc6, 0x5b, 0x90, 0xce, 0x0, 0xdd, 0x60,
    0x1f, 0xfd, 0xc6, 0x1, 0x0, 0x28, 0x3, 0x2,
    0x95, 0xac, 0x0, 0xce, 0xb5, 0x76, 0x40,

    /* U+0218 "Ș" */
    0x0, 0x3e, 0xff, 0x5a, 0x80, 0x2a, 0x5, 0x91,
    0x70, 0x0, 0xa7, 0x93, 0x5d, 0x20, 0x1f, 0xf1,
    0x9a, 0x0, 0x3d, 0xc4, 0xfd, 0x2, 0x1, 0x16,
    0xc9, 0xbf, 0x98, 0x6, 0x6d, 0x91, 0xe0, 0xf,
    0x32, 0x10, 0x7, 0xcc, 0x0, 0x3f, 0xb9, 0x8d,
    0x27, 0x2, 0x66, 0xc3, 0x50, 0x3, 0x3b, 0xfd,
    0x8a, 0x1, 0xc9, 0x44, 0x1, 0xed, 0x72, 0x0,
    0xf2, 0x40, 0x6,

    /* U+0219 "ș" */
    0x3, 0xbe, 0xfd, 0x70, 0x6, 0x34, 0x4a, 0x0,
    0x8, 0x15, 0x99, 0x2e, 0x4, 0x47, 0xa3, 0x0,
    0xd8, 0xeb, 0x98, 0x20, 0x0, 0xc7, 0xc1, 0xf8,
    0x7, 0x3a, 0x90, 0x1e, 0x43, 0x3a, 0x98, 0x13,
    0xb4, 0xc9, 0x74, 0x6, 0xfb, 0xfa, 0x84, 0x3,
    0x3c, 0x80, 0x7a, 0x80, 0x3c, 0x47, 0x0, 0x10,

    /* U+021A "Ț" */
    0xcf, 0xff, 0xb2, 0x9d, 0xc8, 0x8, 0xee, 0xa6,
    0x88, 0x68, 0x74, 0x41, 0x80, 0x3f, 0xff, 0xe0,
    0x1f, 0xcd, 0xea, 0x1, 0xf5, 0x28, 0x7, 0x8d,
    0x58, 0x3, 0xd6, 0xa6, 0x1, 0x0,

    /* U+021B "ț" */
    0x0, 0x38, 0x80, 0x49, 0x4, 0x0, 0x6a, 0xc,
    0xfa, 0x54, 0x8, 0xa9, 0x32, 0x4, 0x53, 0x0,
    0xff, 0xe3, 0xf8, 0x7, 0x18, 0x7b, 0x30, 0x11,
    0x8a, 0x7c, 0x1, 0x3d, 0xf2, 0x1, 0x4b, 0x0,
    0x44, 0xc4, 0x1, 0x2a, 0x20, 0x0,

    /* U+021C "Ȝ" */
    0x4, 0xae, 0xfe, 0xa2, 0x2, 0xb4, 0x78, 0x45,
    0xc0, 0x2c, 0xe9, 0x7a, 0x71, 0x40, 0x30, 0xd,
    0xe0, 0x1f, 0x24, 0x92, 0x0, 0xa, 0x36, 0xc3,
    0xc0, 0x25, 0x67, 0x51, 0xb0, 0x9, 0xfa, 0xa8,
    0xec, 0xa0, 0x1e, 0xa0, 0xc0, 0xf, 0x8, 0x8,
    0x7, 0xa4, 0x30, 0x3, 0xd, 0xaa, 0x20, 0x0,
    0x95, 0xc8, 0xd6, 0x9, 0xf6, 0xaa, 0xc9, 0x0,
    0x3b, 0x57, 0xd1, 0x80, 0x40,

    /* U+021D "ȝ" */
    0x19, 0xdf, 0xe9, 0x0, 0x91, 0x10, 0xed, 0x40,
    0x3b, 0x2f, 0x26, 0x80, 0x1e, 0x13, 0x0, 0xc9,
    0x85, 0x20, 0x17, 0x59, 0x8b, 0x0, 0x51, 0xba,
    0xc, 0x0, 0x98, 0x88, 0xc2, 0x60, 0x1f, 0x8,
    0x6, 0x26, 0x22, 0x0, 0x6, 0x34, 0x38, 0x17,
    0x79, 0xd7, 0xc, 0x9, 0xe7, 0xa8, 0x80, 0x0,

    /* U+021E "Ȟ" */
    0x0, 0x32, 0x0, 0x11, 0x80, 0x32, 0xdc, 0x42,
    0xd4, 0x3, 0x1d, 0xbb, 0xac, 0xc0, 0x39, 0x3f,
    0xc8, 0x1, 0x3f, 0xa0, 0x6, 0x4f, 0x70, 0xf,
    0xfe, 0xf5, 0xff, 0xeb, 0x0, 0xca, 0xef, 0x94,
    0x3, 0x74, 0x46, 0xe0, 0xf, 0xfe, 0xf0,

    /* U+021F "ȟ" */
    0x5e, 0x30, 0xac, 0x0, 0xcb, 0x39, 0xaf, 0xa0,
    0x1c, 0xf2, 0xbe, 0x20, 0x1e, 0x68, 0x20, 0xf,
    0xaf, 0xc0, 0x3f, 0xfa, 0x47, 0x9f, 0xd0, 0x1,
    0xda, 0xb0, 0x4e, 0xc0, 0x1a, 0x25, 0xf4, 0x30,
    0x3, 0x38, 0x0, 0x44, 0xc0, 0x18, 0x40, 0x3f,
    0xfc, 0x20,

    /* U+0220 "Ƞ" */
    0x7f, 0x6, 0xcf, 0xe9, 0x10, 0xa, 0xe1, 0x98,
    0x4d, 0x80, 0x12, 0xe5, 0x4e, 0x21, 0x20, 0x1,
    0x88, 0x2, 0xe0, 0x30, 0x6, 0x80, 0x66, 0xf,
    0x0, 0x8, 0x7, 0xff, 0xdd, 0xfd, 0x0, 0x3f,
    0xfb, 0x20,

    /* U+0221 "ȡ" */
    0x0, 0xf0, 0xfc, 0x80, 0x7f, 0xf5, 0xdf, 0xbf,
    0x8, 0x3, 0xf3, 0x41, 0xba, 0xe8, 0x7, 0xe8,
    0xc, 0x89, 0x90, 0x7, 0xc2, 0x24, 0x10, 0x2,
    0x80, 0x7c, 0x60, 0x40, 0x11, 0x80, 0x7c, 0x60,
    0x40, 0x11, 0x80, 0x7c, 0x22, 0x40, 0x9, 0x0,
    0xd7, 0x7f, 0x90, 0x24, 0x35, 0xe6, 0x46, 0xb4,
    0x2a, 0x3c, 0xf, 0x7, 0x9, 0x18, 0x2, 0x6a,
    0x90, 0x0, 0x7e, 0xfd, 0x71, 0xb, 0xff, 0x59,
    0x0, 0x7c, 0x40, 0xc0, 0x1f, 0xf1, 0xe9, 0x80,
    0x60,

    /* U+0222 "Ȣ" */
    0x8, 0xf3, 0x0, 0x87, 0xec, 0x3, 0x38, 0x7,
    0x8, 0x3, 0x80, 0xc0, 0x25, 0x2, 0x0, 0x38,
    0x4a, 0x1, 0xc8, 0x58, 0x0, 0x70, 0x6f, 0xf0,
    0xa8, 0xc0, 0x5, 0xa0, 0xac, 0xa1, 0x66, 0x0,
    0xe1, 0xca, 0x9a, 0xd1, 0xd0, 0x1, 0x91, 0x80,
    0x44, 0xa2, 0x40, 0x1f, 0xe1, 0x3, 0x23, 0x0,
    0x89, 0x40, 0xc3, 0xc3, 0x2a, 0x6b, 0x42, 0x40,
    0x7, 0xaa, 0x8c, 0x88, 0xb6, 0x0,

    /* U+0223 "ȣ" */
    0xb, 0xf0, 0x9, 0x7d, 0x80, 0x3f, 0xc2, 0x2,
    0x0, 0x20, 0x30, 0xf0, 0xb2, 0x3a, 0x4, 0x5,
    0x65, 0xdc, 0x2b, 0x10, 0x66, 0x25, 0x49, 0x50,
    0x84, 0x95, 0xab, 0x78, 0xd9, 0x2, 0x0, 0x44,
    0x2e, 0x1, 0xfc, 0x42, 0x80, 0x11, 0x8b, 0x84,
    0x16, 0x3c, 0x60, 0x40, 0x35, 0x4, 0x3a, 0x61,
    0x0,

    /* U+0224 "Ȥ" */
    0x4f, 0xff, 0x9d, 0x9d, 0xf8, 0x40, 0xca, 0x23,
    0x58, 0xa2, 0x0, 0x3b, 0x82, 0x80, 0x39, 0xca,
    0x44, 0x3, 0x14, 0x1b, 0x0, 0x77, 0x7, 0x0,
    0x73, 0x1b, 0x90, 0x6, 0x18, 0x28, 0x0, 0xeb,
    0x1e, 0x0, 0xe4, 0x51, 0xb8, 0x8c, 0xa6, 0x2,
    0xef, 0xde, 0xff, 0xfe, 0x0, 0xf8, 0x4c, 0xc,
    0x3, 0xa3, 0x2, 0x80, 0x3a, 0xed, 0xc6,

    /* U+0225 "ȥ" */
    0x2f, 0xfe, 0xe0, 0x2a, 0xa9, 0xc1, 0x40, 0xa,
    0xb2, 0x5, 0x0, 0x67, 0x39, 0x10, 0x8, 0xa1,
    0x18, 0x3, 0x70, 0xd0, 0x6, 0x73, 0xb1, 0x0,
    0x8a, 0x8, 0x15, 0x60, 0x40, 0x2a, 0xac, 0xd,
    0xff, 0xa0, 0x3, 0xc5, 0xa0, 0x1e, 0xd5, 0x60,
    0xe, 0xcc, 0x48, 0x0,

    /* U+0226 "Ȧ" */
    0x0, 0xff, 0xe1, 0xc7, 0x8, 0x7, 0xff, 0x1e,
    0x38, 0x40, 0x3f, 0x6f, 0xa0, 0x7, 0xc6, 0x41,
    0xc0, 0x1f, 0x50, 0x32, 0x80, 0x7c, 0xe9, 0xa0,
    0xc0, 0x1c, 0x83, 0xa8, 0x34, 0x1, 0xdc, 0xe,
    0xe, 0x62, 0x1, 0x95, 0x4, 0x28, 0x18, 0x2,
    0x50, 0x4f, 0xf6, 0x5, 0x0, 0x5c, 0xe, 0xf8,
    0xc8, 0xc0, 0x51, 0x11, 0x1c, 0x16, 0xc, 0x1c,
    0x1, 0x90, 0x58, 0x28, 0x14, 0x3, 0x98, 0x50,

    /* U+0227 "ȧ" */
    0x0, 0x8f, 0x94, 0x3, 0xff, 0x82, 0x7c, 0xa0,
    0x10, 0xce, 0xff, 0x48, 0x4, 0xeb, 0x28, 0xd2,
    0x3, 0xd0, 0xd4, 0x28, 0x1, 0xe2, 0x30, 0x2a,
    0xdf, 0xf1, 0x80, 0x31, 0x23, 0x34, 0x80, 0xc5,
    0x94, 0xc8, 0xc0, 0x81, 0x51, 0x16, 0x20, 0x34,
    0x17, 0x39, 0x0,

    /* U+0228 "Ȩ" */
    0x7f, 0xff, 0x0, 0x15, 0xde, 0x80, 0x7, 0x44,
    0x4e, 0x1, 0xff, 0xc4, 0xbf, 0xfa, 0x80, 0xa,
    0xef, 0x78, 0x3, 0xa2, 0x25, 0x0, 0xff, 0xe2,
    0x74, 0x46, 0x0, 0x2b, 0xbf, 0x7f, 0x9a, 0x3f,
    0xc0, 0x10, 0xca, 0x80, 0x69, 0x2f, 0x0, 0xa7,
    0x82, 0x0,

    /* U+0229 "ȩ" */
    0x0, 0x26, 0x7f, 0x48, 0x4, 0x96, 0x32, 0xcc,
    0x90, 0x4, 0x6, 0x34, 0x33, 0x4, 0xd, 0x4,
    0x1, 0xe0, 0xa4, 0x9, 0xff, 0x48, 0x11, 0x1,
    0x33, 0x39, 0xc0, 0x94, 0x8c, 0xf0, 0x84, 0x8e,
    0x43, 0x46, 0x0, 0x13, 0x19, 0xe5, 0x54, 0x1,
    0x1d, 0x9d, 0x6c, 0x80, 0x75, 0xd2, 0x80, 0x70,
    0xb1, 0x10, 0x3, 0xab, 0x99, 0x80, 0x0,

    /* U+022A "Ȫ" */
    0x0, 0xff, 0xe1, 0x97, 0xfe, 0xb0, 0xf, 0x16,
    0x66, 0x90, 0xf, 0xa8, 0xe, 0x98, 0x3, 0xe4,
    0x50, 0x42, 0x0, 0xfb, 0x58, 0x35, 0x80, 0x3c,
    0x97, 0xdf, 0xb0, 0x20, 0x1a, 0x2d, 0x5d, 0xcc,
    0xfe, 0x40, 0x4, 0x73, 0xe9, 0x8b, 0xa1, 0xe0,
    0x7, 0x4, 0x0, 0x65, 0x43, 0x30, 0x20, 0x20,
    0x7, 0x68, 0x20, 0x9, 0x0, 0x78, 0x83, 0xc0,
    0x3f, 0xf8, 0x22, 0x40, 0x1e, 0x20, 0xf0, 0x40,
    0x40, 0xe, 0xd0, 0x40, 0xe0, 0x80, 0xc, 0x88,
    0x33, 0x2, 0x39, 0xf4, 0xc5, 0xd8, 0x78, 0x2,
    0x8a, 0x57, 0x73, 0x3f, 0x90, 0x0,

    /* U+022B "ȫ" */
    0x0, 0xff, 0xa7, 0xff, 0x28, 0x5, 0x79, 0x99,
    0x0, 0x26, 0xd2, 0x7d, 0x0, 0xcc, 0x82, 0xc8,
    0x20, 0x11, 0x50, 0x15, 0x0, 0x64, 0xcf, 0xea,
    0x20, 0x2, 0x58, 0xc3, 0x2e, 0x8, 0x48, 0x63,
    0xc5, 0x8c, 0x9, 0x20, 0x80, 0x10, 0x50, 0xc0,
    0x80, 0x31, 0x98, 0x80, 0x80, 0x31, 0x98, 0xd,
    0x4, 0x0, 0x82, 0x81, 0x1, 0x8f, 0x16, 0x36,
    0x9, 0x83, 0xe, 0x98, 0x40,

    /* U+022C "Ȭ" */
    0x0, 0xff, 0xe1, 0x97, 0xfe, 0xb0, 0xf, 0x16,
    0x66, 0x90, 0xf, 0xa3, 0x94, 0xbc, 0x3, 0xca,
    0x13, 0x5d, 0x40, 0x1e, 0x5a, 0x4c, 0xe7, 0x0,
    0xf2, 0x57, 0x7e, 0x40, 0x80, 0x68, 0xb5, 0x77,
    0x33, 0xf9, 0x0, 0x11, 0xcf, 0xa6, 0x2e, 0x87,
    0x80, 0x1c, 0x10, 0x1, 0x95, 0xc, 0xc0, 0x80,
    0x80, 0x1d, 0xa0, 0x80, 0x24, 0x1, 0xe2, 0xf,
    0x0, 0xff, 0xe0, 0x89, 0x0, 0x78, 0x83, 0xc1,
    0x1, 0x0, 0x3b, 0x41, 0x3, 0x82, 0x0, 0x32,
    0x20, 0xcc, 0x8, 0xe7, 0xd3, 0x17, 0x61, 0xe0,
    0xa, 0x29, 0x5d, 0xcc, 0xfe, 0x40,

    /* U+022D "ȭ" */
    0x0, 0xff, 0xa7, 0xff, 0x28, 0x5, 0x79, 0x99,
    0x0, 0x21, 0xdf, 0x15, 0x90, 0xa, 0x2e, 0xb6,
    0x68, 0x2, 0xa5, 0x6f, 0xf1, 0x0, 0x4b, 0x9f,
    0xd4, 0x40, 0x4, 0xb1, 0x86, 0x5c, 0x10, 0x90,
    0xc7, 0x8b, 0x18, 0x12, 0x41, 0x0, 0x20, 0xa1,
    0x81, 0x0, 0x63, 0x31, 0x1, 0x0, 0x63, 0x30,
    0x1a, 0x8, 0x1, 0x5, 0x2, 0x3, 0x1e, 0x2c,
    0x6c, 0x13, 0x6, 0x1d, 0x30, 0x80,

    /* U+022E "Ȯ" */
    0x0, 0xff, 0xe2, 0xbf, 0x8, 0x7, 0xff, 0x25,
    0xf8, 0x40, 0x3e, 0x4b, 0xef, 0xd8, 0x10, 0xd,
    0x16, 0xae, 0xe6, 0x7f, 0x20, 0x2, 0x39, 0xf4,
    0xc5, 0xd0, 0xf0, 0x3, 0x82, 0x0, 0x32, 0xa1,
    0x98, 0x10, 0x10, 0x3, 0xb4, 0x10, 0x4, 0x80,
    0x3c, 0x41, 0xe0, 0x1f, 0xfc, 0x11, 0x20, 0xf,
    0x10, 0x78, 0x20, 0x20, 0x7, 0x68, 0x20, 0x70,
    0x40, 0x6, 0x44, 0x19, 0x81, 0x1c, 0xfa, 0x62,
    0xec, 0x3c, 0x1, 0x45, 0x2b, 0xb9, 0x9f, 0xc8,
    0x0,

    /* U+022F "ȯ" */
    0x0, 0xdb, 0x40, 0x1f, 0xfc, 0x4d, 0xa0, 0xe,
    0x4c, 0xfe, 0xa2, 0x0, 0x25, 0x8c, 0x32, 0xe0,
    0x84, 0x86, 0x3c, 0x58, 0xc0, 0x92, 0x8, 0x1,
    0x5, 0xc, 0x8, 0x3, 0x19, 0x88, 0x8, 0x3,
    0x19, 0x80, 0xd0, 0x40, 0x8, 0x28, 0x10, 0x18,
    0xf1, 0x63, 0x60, 0x98, 0x30, 0xe9, 0x84,

    /* U+0230 "Ȱ" */
    0x0, 0xff, 0xe1, 0x97, 0xfe, 0xb0, 0xf, 0x16,
    0x66, 0x90, 0xf, 0x8d, 0xbc, 0xc8, 0x3, 0xf1,
    0x90, 0x80, 0x7f, 0x37, 0x8, 0x7, 0xc9, 0x7d,
    0xfb, 0x2, 0x1, 0xa2, 0xd5, 0xdc, 0xcf, 0xe4,
    0x0, 0x47, 0x3e, 0x98, 0xba, 0x1e, 0x0, 0x70,
    0x40, 0x6, 0x54, 0x33, 0x2, 0x2, 0x0, 0x76,
    0x82, 0x0, 0x90, 0x7, 0x88, 0x3c, 0x3, 0xff,
    0x82, 0x24, 0x1, 0xe2, 0xf, 0x4, 0x4, 0x0,
    0xed, 0x4, 0xe, 0x8, 0x0, 0xc8, 0x83, 0x30,
    0x23, 0x9f, 0x4c, 0x5d, 0x87, 0x80, 0x28, 0xa5,
    0x77, 0x33, 0xf9, 0x0,

    /* U+0231 "ȱ" */
    0x0, 0xff, 0xa7, 0xff, 0x28, 0x5, 0x79, 0x99,
    0x0, 0x22, 0x3f, 0xa3, 0x10, 0xe, 0x7e, 0x0,
    0xfa, 0xdc, 0x3, 0x93, 0x3f, 0xa8, 0x80, 0x9,
    0x63, 0xc, 0xb8, 0x21, 0x21, 0x8f, 0x16, 0x30,
    0x24, 0x82, 0x0, 0x41, 0x43, 0x2, 0x0, 0xc6,
    0x62, 0x2, 0x0, 0xc6, 0x60, 0x34, 0x10, 0x2,
    0xa, 0x4, 0x6, 0x3c, 0x58, 0xd8, 0x26, 0xc,
    0x3a, 0x61, 0x0,

    /* U+0232 "Ȳ" */
    0x0, 0xff, 0xe0, 0x67, 0xfe, 0x20, 0xd, 0xd9,
    0x98, 0x80, 0x17, 0xe0, 0x67, 0xb3, 0xc6, 0x2,
    0x0, 0x24, 0x36, 0x13, 0x45, 0x20, 0x4, 0x4,
    0x0, 0x20, 0x20, 0x14, 0xdc, 0x40, 0x6, 0x8a,
    0x50, 0x12, 0x1, 0xa4, 0x3c, 0xa0, 0x40, 0x31,
    0x29, 0xb, 0x80, 0x7a, 0x41, 0x80, 0x3f, 0xfc,
    0x0,

    /* U+0233 "ȳ" */
    0x0, 0xff, 0x1f, 0xfe, 0xa0, 0x8, 0xf3, 0x34,
    0x0, 0x33, 0xcc, 0xf5, 0x7a, 0x50, 0x28, 0x4,
    0xa2, 0x8c, 0x1c, 0x0, 0x32, 0x60, 0x2, 0xa0,
    0x85, 0x85, 0x0, 0x38, 0x1c, 0x14, 0x88, 0x0,
    0x42, 0xd3, 0x2a, 0x0, 0xd4, 0x96, 0xc, 0x1,
    0x98, 0x1d, 0x4, 0x3, 0xa, 0x7, 0x0, 0x7e,
    0x50, 0xe, 0x34, 0x60, 0xc, 0xaf, 0xa1, 0x60,
    0x1b, 0xe0, 0xb0, 0x80, 0x30,

    /* U+0234 "ȴ" */
    0xa, 0xf0, 0xf, 0xff, 0x67, 0x7c, 0x0, 0x68,
    0x83, 0x90, 0xa8, 0x8, 0x5, 0x28, 0xf3, 0x28,
    0x28, 0x98, 0xee, 0x38, 0x0,

    /* U+0235 "ȵ" */
    0xac, 0x4c, 0xfe, 0x80, 0xe, 0x3a, 0xba, 0x57,
    0x60, 0xe, 0x87, 0x5a, 0xc, 0x0, 0xe4, 0x0,
    0x8, 0x8, 0x7, 0x10, 0x7, 0xff, 0xd, 0x3f,
    0x90, 0x3, 0xc2, 0x2b, 0x5a, 0x0, 0xe6, 0x11,
    0x30, 0x98, 0x7, 0x5a, 0x9e, 0xbc, 0xd7, 0x80,
    0x53, 0x79, 0xfa, 0x80,

    /* U+0236 "ȶ" */
    0x0, 0x79, 0x80, 0x65, 0x0, 0xe7, 0xa0, 0xcf,
    0xa0, 0x45, 0x8, 0xa9, 0x3, 0x20, 0x45, 0x30,
    0xf, 0xfe, 0x36, 0xfd, 0x0, 0x66, 0xa5, 0x50,
    0xb0, 0x9, 0x80, 0x1c, 0xe1, 0xe5, 0x54, 0xde,
    0xfd, 0xf4, 0x0,

    /* U+0237 "ȷ" */
    0x0, 0x5f, 0x80, 0x7f, 0xf9, 0xda, 0x10, 0xc2,
    0x9c, 0xf8, 0x0,

    /* U+0238 "ȸ" */
    0x0, 0xf0, 0xfc, 0x80, 0x7f, 0xf6, 0x9f, 0xbf,
    0x14, 0x1, 0x1d, 0xf6, 0x40, 0x7, 0x83, 0x85,
    0xa0, 0x64, 0x96, 0x4c, 0x0, 0x48, 0x63, 0xcc,
    0x80, 0x71, 0xe5, 0xc5, 0x84, 0x48, 0x20, 0x5,
    0x5, 0x0, 0xac, 0x3c, 0xc0, 0x80, 0x23, 0x1,
    0x0, 0x88, 0xc, 0xc0, 0x40, 0x11, 0x0, 0x80,
    0x44, 0x6, 0x22, 0x41, 0x0, 0x58, 0x20, 0x80,
    0x2c, 0x3c, 0x20, 0x32, 0x29, 0xd8, 0x72, 0x25,
    0xc9, 0x81, 0xa4, 0x1d, 0x22, 0x70, 0x5d, 0xcb,
    0x80,

    /* U+0239 "ȹ" */
    0x0, 0x2e, 0xff, 0x40, 0x15, 0xff, 0x50, 0x80,
    0x16, 0x81, 0xd1, 0xe7, 0x19, 0xdc, 0xb8, 0x0,
    0x80, 0xc8, 0xa7, 0x61, 0xc8, 0x97, 0x26, 0x12,
    0x41, 0x0, 0x58, 0x20, 0x80, 0x2c, 0x3c, 0xc0,
    0x80, 0x21, 0x1, 0x0, 0x88, 0xc, 0xc0, 0x40,
    0x10, 0x80, 0x80, 0x44, 0x6, 0x22, 0x41, 0x0,
    0x20, 0x28, 0x5, 0x61, 0xe1, 0x21, 0x8f, 0x32,
    0x0, 0x6c, 0x4b, 0x8b, 0x3, 0xc1, 0xc2, 0xd0,
    0x3d, 0x33, 0x13, 0x0, 0x27, 0xef, 0xc5, 0x0,
    0x3f, 0x7d, 0x90, 0x7, 0xff, 0x88,

    /* U+023A "Ⱥ" */
    0x0, 0xdb, 0xf1, 0xe2, 0x1, 0xc6, 0x40, 0xea,
    0x20, 0x1d, 0x40, 0xc1, 0x20, 0x1e, 0x74, 0xf0,
    0x50, 0xe, 0x41, 0xdd, 0x5, 0x0, 0x77, 0x3,
    0xa1, 0x98, 0x80, 0x32, 0xa2, 0x6, 0x1, 0x40,
    0x25, 0x4, 0xa1, 0xb0, 0xa0, 0xb, 0x81, 0x81,
    0x9c, 0xc8, 0xc0, 0x51, 0x1e, 0x53, 0x10, 0xa,
    0x6, 0xe, 0xd5, 0x0, 0x20, 0xb8, 0x50, 0x3a,
    0x50, 0x4, 0xc2, 0x9b, 0xe8, 0x64, 0x1, 0x47,
    0xa0,

    /* U+023B "Ȼ" */
    0x0, 0x8e, 0xbb, 0xfe, 0x40, 0x3, 0x62, 0xa3,
    0x80, 0x4, 0xa, 0x4b, 0xaa, 0xc3, 0x94, 0x20,
    0x20, 0x42, 0x94, 0x40, 0x8, 0xa, 0x0, 0x7e,
    0x0, 0x84, 0x80, 0x8, 0x8, 0x1, 0x84, 0x1,
    0xae, 0x1, 0x84, 0x80, 0xf, 0xa0, 0x19, 0x4,
    0xd0, 0x10, 0x3, 0x70, 0x77, 0xb8, 0x7, 0x23,
    0x12, 0x2c, 0x4e, 0x98, 0x2, 0x5c, 0x9, 0xdc,
    0xc4, 0x1, 0x13, 0x77, 0xf5, 0x88,

    /* U+023C "ȼ" */
    0x0, 0xf4, 0xd0, 0x7, 0x9f, 0x80, 0x39, 0x4d,
    0x0, 0x9, 0x9f, 0x46, 0x40, 0x96, 0x4a, 0xa,
    0x41, 0x21, 0xfa, 0x76, 0x0, 0x24, 0x1a, 0xa0,
    0x0, 0x80, 0x8a, 0x70, 0x1, 0x81, 0x52, 0x8,
    0x0, 0x49, 0x1b, 0x80, 0x34, 0x0, 0xe4, 0x61,
    0x2, 0xa8, 0x59, 0xdc, 0x60, 0x4, 0xaf, 0xf5,
    0x88, 0x28, 0x20, 0x7, 0x73, 0x0, 0x70,

    /* U+023D "Ƚ" */
    0x8, 0xf3, 0x0, 0xff, 0xea, 0x8, 0x81, 0x84,
    0x40, 0x16, 0xb0, 0x57, 0x50, 0x5, 0xea, 0x11,
    0x70, 0x1, 0x19, 0x2, 0x20, 0xc0, 0x3f, 0xf9,
    0x93, 0x11, 0x80, 0x32, 0xbb, 0xe1,

    /* U+023E "Ⱦ" */
    0xcf, 0xff, 0xb2, 0x9d, 0xc8, 0x8, 0x49, 0x4d,
    0x10, 0xd0, 0xc2, 0xa6, 0x0, 0xe9, 0x51, 0x0,
    0xf0, 0xc8, 0x7, 0xc8, 0x60, 0x1f, 0x68, 0x7,
    0xe3, 0x0, 0xf5, 0x80, 0x7c, 0x84, 0x1, 0xf4,
    0x10, 0x7, 0x90, 0xac, 0x3, 0xdf, 0x2d, 0xea,
    0x1, 0x0,

    /* U+023F "ȿ" */
    0x3, 0xbe, 0xfc, 0x70, 0x6, 0x34, 0x4b, 0x0,
    0x8, 0x15, 0x99, 0x4e, 0x4, 0x47, 0xa3, 0x0,
    0xd8, 0xcb, 0x96, 0x40, 0x1, 0x9e, 0x84, 0xf0,
    0xc, 0x2e, 0xa4, 0x7, 0x6e, 0xae, 0xa6, 0x4,
    0xd1, 0x52, 0xbc, 0x3, 0xaa, 0x1f, 0x44, 0x1,
    0x48, 0x30, 0x7, 0x19, 0xa2, 0x20, 0xd, 0xc6,
    0xec, 0x0,

    /* U+0240 "ɀ" */
    0x2f, 0xfe, 0xe0, 0x2a, 0xa9, 0xc1, 0x40, 0xa,
    0xb2, 0xd, 0x0, 0x67, 0x3b, 0x10, 0x8, 0xa1,
    0x54, 0x1, 0xb8, 0x6c, 0x3, 0x41, 0xd8, 0x80,
    0x46, 0xe6, 0xa0, 0x19, 0x40, 0xf4, 0x3, 0x37,
    0xc1, 0x38, 0x7, 0x39, 0x50, 0x7, 0xa8, 0xad,
    0xd0, 0x2, 0x76, 0x58, 0x20,

    /* U+0241 "Ɂ" */
    0x4b, 0xff, 0x62, 0x87, 0xaa, 0x98, 0xa9, 0x2b,
    0xaa, 0x74, 0x38, 0x40, 0x23, 0x6, 0x0, 0xca,
    0xa, 0x1, 0x1d, 0x85, 0x80, 0x27, 0x6, 0xc8,
    0x0, 0xc5, 0xc8, 0x1, 0x98, 0x40, 0x3f, 0xf9,
    0x60,

    /* U+0242 "ɂ" */
    0x3b, 0xef, 0xc4, 0xa, 0x66, 0x39, 0x59, 0xce,
    0xc4, 0x28, 0x2c, 0x3, 0x30, 0x8, 0x6, 0x50,
    0xf0, 0x9, 0x20, 0x58, 0x1, 0x56, 0x38, 0x1,
    0x29, 0xf1, 0x0, 0x67, 0x0, 0x80,

    /* U+0243 "Ƀ" */
    0x8, 0xff, 0xdb, 0x24, 0x1, 0x9a, 0x1d, 0x99,
    0x80, 0x1a, 0x9e, 0x2d, 0x4, 0xc0, 0x3e, 0x20,
    0x10, 0x9, 0x88, 0x8a, 0xc8, 0x40, 0x15, 0x6e,
    0xa9, 0x6c, 0x3, 0x45, 0x51, 0xd7, 0x44, 0x2,
    0x34, 0x58, 0x92, 0x6c, 0x70, 0xbe, 0x70, 0x50,
    0xef, 0x50, 0x8b, 0x60, 0xb0, 0xe3, 0x20, 0xe3,
    0x6a, 0x71, 0x60, 0x9, 0xa2, 0x8, 0xb8, 0x20,

    /* U+0244 "Ʉ" */
    0x9, 0xf2, 0x0, 0xcb, 0xec, 0x1, 0xff, 0xd9,
    0x75, 0xb, 0x88, 0xde, 0x1a, 0xb2, 0x60, 0xce,
    0xf9, 0x41, 0x3b, 0x8c, 0x1b, 0xff, 0xa8, 0x26,
    0xc0, 0x3f, 0xf8, 0x3c, 0xc, 0x1, 0x88, 0x8,
    0x0, 0x81, 0xe0, 0x10, 0xd0, 0x20, 0x0, 0xd5,
    0x36, 0x65, 0xe5, 0x20, 0x1a, 0xa0, 0x19, 0xca,
    0xd8, 0x0,

    /* U+0245 "Ʌ" */
    0x0, 0x87, 0xfc, 0x20, 0x1f, 0x38, 0x1, 0xc0,
    0x3e, 0xa3, 0x35, 0x0, 0x78, 0x4d, 0x2c, 0xc4,
    0x3, 0x9c, 0x2d, 0x41, 0x80, 0x3a, 0x84, 0xc8,
    0x96, 0x1, 0x84, 0xdc, 0x0, 0xa6, 0x40, 0x13,
    0x5, 0x0, 0x2c, 0x14, 0x2, 0xb1, 0x30, 0x1,
    0x8d, 0x0, 0x8, 0xdc, 0x3, 0x39, 0x10, 0x14,
    0x34, 0x3, 0x68, 0x50, 0x50, 0x20, 0x6, 0x40,
    0x50,

    /* U+0246 "Ɇ" */
    0x7f, 0xff, 0x0, 0x15, 0xd4, 0x60, 0x1, 0xd0,
    0x48, 0xe0, 0x19, 0x30, 0x3, 0x8d, 0x40, 0x2b,
    0xf0, 0xca, 0x0, 0x29, 0x93, 0xf8, 0x3, 0x9e,
    0xa1, 0x40, 0x24, 0x40, 0x6, 0x30, 0x30, 0xd,
    0x43, 0x11, 0x0, 0x8, 0x5d, 0xf7, 0x86, 0x7f,
    0xc0, 0xc, 0x30, 0x8,

    /* U+0247 "ɇ" */
    0x0, 0xf8, 0x80, 0x24, 0xcf, 0xe9, 0xd2, 0x4,
    0xb1, 0x96, 0x61, 0x90, 0x40, 0x63, 0x78, 0x19,
    0x1, 0xa0, 0x94, 0x18, 0x31, 0x2, 0x7e, 0x81,
    0x81, 0x10, 0xd, 0x46, 0xf3, 0xe, 0x6, 0x65,
    0xd4, 0x33, 0x8, 0x48, 0xa, 0x34, 0x60, 0x2,
    0x51, 0x66, 0x4a, 0x80, 0xe, 0xab, 0xef, 0xd8,
    0x0,

    /* U+0248 "Ɉ" */
    0x0, 0xa3, 0xcc, 0x3, 0xff, 0xa7, 0xce, 0x19,
    0x0, 0x9, 0x30, 0x5c, 0x0, 0x3a, 0x4, 0xa0,
    0x7, 0xff, 0x4c, 0xc0, 0x80, 0xa6, 0xd1, 0x2,
    0x0, 0x65, 0x55, 0x0, 0x0,

    /* U+0249 "ɉ" */
    0x0, 0x4e, 0x88, 0x6, 0x30, 0xd, 0x3c, 0x20,
    0x15, 0x78, 0x7, 0xff, 0x10, 0x40, 0x40, 0x1c,
    0x81, 0xc6, 0x1a, 0x61, 0x66, 0x6, 0xc0, 0x80,
    0x1f, 0xfc, 0x91, 0x0, 0x9e, 0x10, 0xc0, 0x14,
    0xe7, 0xe0, 0x0,

    /* U+024A "Ɋ" */
    0x0, 0x9f, 0x7f, 0xa4, 0x6f, 0x40, 0x35, 0x40,
    0x33, 0xa6, 0x28, 0x6, 0x45, 0x3d, 0x99, 0x6b,
    0x88, 0x6, 0xe0, 0x80, 0xd, 0x60, 0x1c, 0x80,
    0x80, 0x18, 0x40, 0x38, 0x48, 0x3, 0xc2, 0x1,
    0xff, 0xc5, 0x12, 0x0, 0xf0, 0x80, 0x65, 0x3,
    0x0, 0xc4, 0x1, 0xde, 0x1e, 0x1, 0xa0, 0x3,
    0x91, 0x4f, 0x62, 0x75, 0xc4, 0x3, 0xaa, 0x1,
    0xde, 0xc0, 0xf, 0x9f, 0x7f, 0xa8, 0x40, 0x3f,
    0xf9, 0xca, 0x52, 0xa0, 0x1f, 0xd2, 0x6c, 0x40,

    /* U+024B "ɋ" */
    0x0, 0x3f, 0x7e, 0x1e, 0xc8, 0x4, 0xd0, 0x6e,
    0xba, 0x40, 0x1a, 0x3, 0x22, 0x64, 0x1, 0x84,
    0x48, 0x20, 0x5, 0x0, 0xc6, 0x4, 0x1, 0x18,
    0x6, 0x30, 0x20, 0x8, 0xc0, 0x30, 0x89, 0x0,
    0x24, 0x0, 0xe9, 0xd, 0x79, 0x80, 0xe, 0x78,
    0x38, 0x5a, 0x0, 0xf3, 0xf7, 0xe2, 0x80, 0x7f,
    0xf0, 0xc, 0x3, 0xf0, 0x89, 0x1c, 0x40, 0x3e,
    0xb0, 0x93,

    /* U+024C "Ɍ" */
    0x8, 0xff, 0xd8, 0xc0, 0x1c, 0xd0, 0xc5, 0x2e,
    0x1, 0xa9, 0xe7, 0xc2, 0x40, 0x3e, 0x12, 0x10,
    0xf, 0xc6, 0x20, 0x22, 0x6, 0x23, 0xb1, 0x80,
    0xc6, 0xa, 0xdc, 0x49, 0x60, 0x95, 0x8, 0xa4,
    0x5, 0x0, 0x21, 0x2, 0x2d, 0x7, 0x80, 0x7c,
    0x2e, 0x6c, 0x1, 0xf4, 0xc, 0x8, 0x7, 0xd6,
    0x36,

    /* U+024D "ɍ" */
    0x0, 0xfd, 0x76, 0x1b, 0xf7, 0x0, 0x2e, 0x4,
    0x20, 0x0, 0x5e, 0xdc, 0xc0, 0x29, 0x0, 0xb9,
    0x3, 0x3c, 0x1, 0xa6, 0x17, 0x80, 0x3, 0x70,
    0x43, 0x0, 0xff, 0xe2, 0x0,

    /* U+024E "Ɏ" */
    0xbf, 0x20, 0xd, 0x9e, 0x3e, 0x10, 0x23, 0x29,
    0xb0, 0xd0, 0x2f, 0x75, 0x40, 0xc7, 0x54, 0x2,
    0xb6, 0x7, 0xb2, 0x45, 0x51, 0x3a, 0xc, 0x20,
    0x80, 0x20, 0x34, 0xa0, 0x3, 0x89, 0x84, 0x4c,
    0x1, 0xea, 0x6, 0x0, 0xff, 0xf0, 0x0,

    /* U+024F "ɏ" */
    0xcf, 0x0, 0xd1, 0xe9, 0x40, 0xa0, 0x12, 0x8a,
    0x38, 0x70, 0x88, 0xc9, 0xc3, 0x1, 0x3b, 0x98,
    0xc, 0x9d, 0x20, 0xd6, 0x25, 0x6a, 0x6c, 0x24,
    0xe3, 0x48, 0x20, 0x6, 0x4b, 0x6, 0x0, 0xd4,
    0xe, 0x82, 0x1, 0x89, 0x3, 0x80, 0x3f, 0x28,
    0x7, 0x1a, 0x30, 0x6, 0x57, 0xd0, 0xb0, 0xd,
    0xf0, 0x58, 0x40, 0x18,

    /* U+0370 "Ͱ" */
    0x8f, 0x30, 0xf, 0xfe, 0x8e, 0x7f, 0xa4, 0x0,
    0xae, 0xec, 0x0, 0x4c, 0x41, 0x40, 0x3f, 0xf9,
    0x80,

    /* U+0371 "ͱ" */
    0xbf, 0x0, 0xff, 0xe1, 0x88, 0xc0, 0xe, 0xe6,
    0x0, 0x2e, 0xdc, 0x0, 0x44, 0x18, 0x7, 0xf8,

    /* U+0372 "Ͳ" */
    0xf, 0xff, 0xe1, 0x0, 0x23, 0xa8, 0x23, 0xa8,
    0x6, 0xd8, 0xf0, 0xd8, 0xf0, 0xf, 0xfe, 0x6b,
    0xa8, 0x7, 0x3b, 0x84, 0x20, 0xc0, 0x38, 0xa0,
    0x3, 0xff, 0xd8,

    /* U+0373 "ͳ" */
    0xaf, 0xff, 0x94, 0xa, 0x50, 0x22, 0x0, 0x10,
    0xb1, 0x82, 0xa8, 0x0, 0x6e, 0x1, 0x8c, 0x45,
    0x36, 0x1, 0x87, 0x90, 0x3, 0xff, 0xe6,

    /* U+0374 "ʹ" */
    0xb, 0xf3, 0x4, 0x53, 0x30, 0x40, 0x1f, 0x10,
    0x0,

    /* U+0375 "͵" */
    0x0, 0x8, 0x0, 0x79, 0x2, 0x1, 0x9, 0x8c,
    0x0,

    /* U+0376 "Ͷ" */
    0x7f, 0x20, 0xc, 0x9f, 0xe0, 0xf, 0xd2, 0x1,
    0xfd, 0x4, 0x20, 0x1f, 0x13, 0x93, 0x0, 0x7d,
    0xc1, 0xc0, 0x1f, 0x31, 0xb1, 0x80, 0x71, 0x8c,
    0x8c, 0x0, 0x7d, 0x61, 0x62, 0x1, 0xe7, 0x54,
    0x50, 0xf, 0xa0, 0x24, 0x3, 0xf0, 0xc1, 0x0,
    0x7e, 0x27, 0x0, 0xf8,

    /* U+0377 "ͷ" */
    0xaf, 0x0, 0x87, 0xfc, 0xa0, 0x1d, 0x40, 0x1f,
    0x2a, 0x20, 0x3, 0xd6, 0x5e, 0x1, 0x8, 0x48,
    0xf0, 0x7, 0x1b, 0x30, 0xc0, 0x31, 0xf0, 0xc0,
    0x7, 0x11, 0x2c, 0x40, 0x3c, 0x8a, 0x1, 0xc0,

    /* U+037A "ͺ" */
    0x33, 0x4, 0x78, 0x19, 0xae, 0x36, 0x80,

    /* U+037B "ͻ" */
    0x4c, 0xef, 0xc4, 0x6, 0x76, 0x61, 0xd9, 0x95,
    0xc4, 0xe0, 0x40, 0x6, 0x31, 0x50, 0xe, 0x21,
    0x0, 0xe2, 0x20, 0x6, 0x41, 0x45, 0xb8, 0x9b,
    0xb, 0x67, 0x79, 0x74, 0x80,

    /* U+037C "ͼ" */
    0x0, 0x26, 0x7f, 0x61, 0x2, 0x59, 0x3b, 0x39,
    0x4, 0x87, 0xc4, 0x2c, 0x0, 0x48, 0x35, 0xa0,
    0x2, 0x2, 0x0, 0xe3, 0x2, 0xa, 0xd0, 0x0,
    0x92, 0x8, 0x7, 0x40, 0x7c, 0x43, 0x8, 0x16,
    0x89, 0xde, 0x30,

    /* U+037D "ͽ" */
    0x4c, 0xef, 0xc4, 0x5, 0x66, 0x8e, 0xcc, 0x6a,
    0x27, 0x2, 0x0, 0x7a, 0xc, 0x54, 0x3, 0x88,
    0x40, 0x7a, 0x0, 0x88, 0x1, 0x90, 0x51, 0x6e,
    0x26, 0xc2, 0xd9, 0xde, 0x5d, 0x20,

    /* U+037E ";" */
    0xb, 0xe1, 0x6, 0x12, 0xf, 0xb3, 0x2, 0x40,
    0xf, 0xfe, 0x16, 0x78, 0x0, 0xd0, 0x8, 0x38,
    0x10, 0x54, 0x1b, 0x80, 0x0,

    /* U+037F "Ϳ" */
    0x0, 0xa3, 0xcc, 0x3, 0xff, 0xea, 0x20, 0x11,
    0x81, 0x12, 0x6d, 0x10, 0x2, 0xca, 0xaa, 0x0,

    /* U+0384 "΄" */
    0x8, 0xc2, 0x7, 0x62, 0x40, 0xb0,

    /* U+0385 "΅" */
    0x0, 0xe, 0x50, 0x2, 0x35, 0x4f, 0xf6, 0x35,
    0x30, 0xd5, 0x5a,

    /* U+0386 "Ά" */
    0x3f, 0xb0, 0x4, 0xfc, 0x80, 0x6b, 0x9, 0x0,
    0x38, 0x38, 0x6, 0x28, 0x20, 0x41, 0x71, 0x40,
    0xa, 0x9c, 0x1, 0xc1, 0x1, 0xc0, 0x1f, 0x2a,
    0x81, 0x54, 0x1, 0xe6, 0xf, 0xf, 0x6, 0x0,
    0xea, 0x5, 0x5, 0xd, 0x0, 0xc2, 0x61, 0xff,
    0x2, 0x8, 0x4, 0xc0, 0xae, 0xf2, 0x83, 0x0,
    0x54, 0x35, 0x11, 0x50, 0x50, 0x0, 0xc9, 0xc0,
    0x39, 0x48, 0xc2, 0xc3, 0x40, 0x3b, 0x82, 0xc0,

    /* U+0387 "·" */
    0xae, 0x17, 0x12, 0xfb, 0x30,

    /* U+0388 "Έ" */
    0x3f, 0xa0, 0x9f, 0xfe, 0xdb, 0xb, 0x0, 0x99,
    0xde, 0xb1, 0x91, 0x0, 0xae, 0x22, 0x69, 0x60,
    0xf, 0xfe, 0x76, 0xff, 0xd2, 0x1, 0xe6, 0x77,
    0xb4, 0x3, 0xd7, 0x11, 0x20, 0x7, 0xff, 0x42,
    0xe2, 0x27, 0x0, 0xf3, 0x3b, 0xd4,

    /* U+0389 "Ή" */
    0x3f, 0xa0, 0x9f, 0x20, 0xc, 0xde, 0xb6, 0x16,
    0x1, 0xff, 0xc, 0x88, 0x7, 0xfd, 0x2c, 0x1,
    0xff, 0xd4, 0xdf, 0xfd, 0x20, 0x1f, 0x99, 0xdf,
    0x20, 0x7, 0xeb, 0x88, 0xda, 0x1, 0xff, 0xee,

    /* U+038A "Ί" */
    0x3f, 0xa2, 0xff, 0xc9, 0x61, 0x65, 0x82, 0x16,
    0x83, 0x22, 0x6, 0x61, 0x40, 0x96, 0x0, 0xff,
    0xfa, 0xa1, 0x8a, 0x0, 0x62, 0xb1, 0xb, 0x40,

    /* U+038C "Ό" */
    0x3f, 0xc0, 0x1, 0xdf, 0x7e, 0xc9, 0x0, 0x10,
    0x3c, 0x1b, 0x11, 0xe, 0xcc, 0xc3, 0xc, 0x73,
    0x29, 0x2e, 0xa8, 0xbc, 0x1e, 0xb, 0x80, 0xa0,
    0xb1, 0x0, 0x8d, 0x89, 0x40, 0x24, 0x6, 0x0,
    0xed, 0xc, 0x0, 0x88, 0x3, 0xe6, 0x3, 0x0,
    0xff, 0xe2, 0x90, 0x7, 0xcc, 0x6, 0x1, 0x20,
    0x30, 0x7, 0x68, 0x60, 0x5, 0x41, 0x62, 0x1,
    0x1b, 0x12, 0x80, 0x45, 0x25, 0xf3, 0x15, 0x83,
    0xc0, 0x1c, 0xd6, 0xae, 0xf3, 0x61, 0x80,

    /* U+038E "Ύ" */
    0x3f, 0xa1, 0xfd, 0x0, 0xc3, 0xf8, 0x16, 0x16,
    0x2e, 0x4a, 0x1, 0x40, 0x40, 0xc, 0x88, 0x48,
    0x40, 0x0, 0x99, 0x10, 0x12, 0xc0, 0x1, 0x72,
    0x50, 0xb0, 0x80, 0xf, 0xa0, 0x60, 0x99, 0xc,
    0x3, 0xf4, 0x97, 0x84, 0x80, 0x7f, 0x38, 0x92,
    0x90, 0x7, 0xf9, 0x83, 0x80, 0x3f, 0xf8, 0x2e,
    0x1, 0xff, 0xe2,

    /* U+038F "Ώ" */
    0x3f, 0xc0, 0x2, 0xe7, 0x7e, 0xb8, 0x4, 0x81,
    0xe1, 0x54, 0x27, 0x60, 0x8c, 0x0, 0x63, 0x9b,
    0x2a, 0xba, 0x65, 0xae, 0x72, 0x17, 0x1, 0x61,
    0x60, 0x1a, 0x9, 0x84, 0x0, 0x24, 0x82, 0x1,
    0xca, 0xa, 0x0, 0x20, 0x10, 0xf, 0x78, 0x8,
    0x0, 0x40, 0x3f, 0x78, 0x8, 0x0, 0x85, 0xc0,
    0x3c, 0x60, 0xa0, 0x14, 0x92, 0x0, 0x62, 0x46,
    0x10, 0x9, 0xce, 0x84, 0x2, 0xe2, 0x80, 0x8,
    0xa1, 0x47, 0xc0, 0x18, 0x6f, 0x28, 0x0, 0x77,
    0x30, 0x8, 0x80, 0x81, 0x5c, 0xc0,

    /* U+0390 "ΐ" */
    0x2e, 0x4b, 0xf9, 0xe0, 0x34, 0x74, 0x6d, 0x40,
    0x1a, 0x13, 0x84, 0xa0, 0xa, 0x4c, 0x40, 0x3f,
    0xfc, 0x22, 0x1, 0xf6, 0x85, 0x39, 0x0, 0x4e,
    0xaa, 0x81, 0x0,

    /* U+0391 "Α" */
    0x0, 0xdb, 0xe8, 0x1, 0xf1, 0x90, 0x70, 0x7,
    0xd4, 0xc, 0xa0, 0x1f, 0x3a, 0x68, 0x30, 0x7,
    0x20, 0xea, 0xd, 0x0, 0x77, 0x3, 0x83, 0x98,
    0x80, 0x65, 0x41, 0xa, 0x6, 0x0, 0x94, 0x13,
    0xfd, 0x81, 0x40, 0x17, 0x3, 0xbe, 0x32, 0x30,
    0x14, 0x44, 0x47, 0x5, 0x83, 0x7, 0x0, 0x64,
    0x16, 0xa, 0x5, 0x0, 0xe6, 0x14,

    /* U+0392 "Β" */
    0x8f, 0xfd, 0xb2, 0x40, 0x13, 0x43, 0xb3, 0x30,
    0x2, 0xa7, 0x8b, 0x41, 0x30, 0xf, 0x10, 0x8,
    0x1, 0x84, 0x95, 0x90, 0x80, 0x15, 0xdb, 0x4b,
    0x60, 0x14, 0x5d, 0x3a, 0xe8, 0x80, 0x11, 0xb,
    0x12, 0x4c, 0x1, 0xe5, 0xe, 0x0, 0xf5, 0x87,
    0x0, 0x29, 0xdd, 0x4e, 0x2c, 0x0, 0x68, 0x82,
    0x2e, 0x8,

    /* U+0393 "Γ" */
    0x7f, 0xfe, 0xa0, 0x3, 0x3b, 0xde, 0x0, 0xa8,
    0x89, 0x40, 0x3f, 0xfe, 0x60,

    /* U+0394 "Δ" */
    0x0, 0xdd, 0xe8, 0x1, 0xf2, 0x8, 0x70, 0x7,
    0xdc, 0x2c, 0xa0, 0x1f, 0x2b, 0xd0, 0x30, 0x7,
    0x30, 0x69, 0x8d, 0x0, 0x75, 0xa, 0x3, 0x19,
    0x0, 0x44, 0x6c, 0x0, 0xa0, 0xa0, 0xa, 0x82,
    0xc0, 0x4, 0x45, 0x0, 0x98, 0x8c, 0x2, 0xa2,
    0x40, 0x41, 0xa0, 0xc, 0xa1, 0xa1, 0xc1, 0xb3,
    0x3a, 0xc1, 0x81, 0xc1, 0x59, 0xb8, 0x0, 0x60,

    /* U+0395 "Ε" */
    0x7f, 0xff, 0x0, 0x15, 0xde, 0x80, 0x7, 0x44,
    0x4e, 0x1, 0xff, 0xc4, 0xbf, 0xfa, 0x80, 0xa,
    0xef, 0x78, 0x3, 0xa2, 0x25, 0x0, 0xff, 0xe2,
    0x74, 0x46, 0x0, 0x2b, 0xbe,

    /* U+0396 "Ζ" */
    0x4f, 0xff, 0x9d, 0x9d, 0xf8, 0x40, 0xca, 0x23,
    0x58, 0xa2, 0x0, 0x3b, 0x82, 0x80, 0x39, 0xca,
    0x44, 0x3, 0x14, 0x1b, 0x0, 0x77, 0x7, 0x0,
    0x73, 0x1b, 0x90, 0x6, 0x18, 0x28, 0x0, 0xeb,
    0x1e, 0x0, 0xe4, 0x51, 0xb8, 0x8c, 0xa6, 0x2,
    0xef, 0xde,

    /* U+0397 "Η" */
    0x7f, 0x40, 0xc, 0x9e, 0xe0, 0x1f, 0xfd, 0xeb,
    0xff, 0xd6, 0x1, 0x95, 0xdf, 0x28, 0x6, 0xe8,
    0x8d, 0xc0, 0x1f, 0xfd, 0xe0,

    /* U+0398 "Θ" */
    0x0, 0x92, 0xfb, 0xf6, 0x4, 0x3, 0x45, 0xab,
    0xb9, 0x9f, 0xc8, 0x0, 0x8e, 0x7d, 0x31, 0x74,
    0x3c, 0x0, 0xe0, 0x80, 0xc, 0xa8, 0x66, 0x4,
    0x4, 0x22, 0xc3, 0xa0, 0x80, 0x24, 0x1b, 0xba,
    0x48, 0x3c, 0x3, 0x55, 0x70, 0x6, 0x12, 0x5,
    0x5c, 0x44, 0xf, 0x4, 0x4, 0x0, 0xed, 0x4,
    0xe, 0x8, 0x0, 0xc8, 0x83, 0x30, 0x23, 0x9f,
    0x4c, 0x5d, 0x87, 0x80, 0x28, 0xa5, 0x77, 0x33,
    0xf9, 0x0,

    /* U+0399 "Ι" */
    0x6f, 0xfc, 0xd, 0x40, 0x58, 0x0, 0x50, 0x63,
    0x0, 0xff, 0xf0, 0x28, 0x31, 0x83, 0x50, 0x16,
    0x0,

    /* U+039A "Κ" */
    0x7f, 0x40, 0x9, 0xbe, 0x40, 0x3c, 0x92, 0x92,
    0x1, 0xc5, 0x45, 0x60, 0x1e, 0xf0, 0xf0, 0xf,
    0x51, 0x51, 0x0, 0x77, 0xa9, 0x20, 0x7, 0x90,
    0xc9, 0xc0, 0x3d, 0x58, 0x30, 0x40, 0x1c, 0x21,
    0x41, 0xc0, 0x1f, 0x23, 0x1b, 0x80, 0x7d, 0x25,
    0x4, 0x1, 0xf7, 0x7, 0x0,

    /* U+039B "Λ" */
    0x0, 0x87, 0xfc, 0x20, 0x1f, 0x38, 0x1, 0xc0,
    0x3e, 0xa3, 0x35, 0x0, 0x78, 0x4d, 0x2c, 0xc4,
    0x3, 0x9c, 0x2d, 0x41, 0x80, 0x3a, 0x84, 0xc8,
    0x96, 0x1, 0x84, 0xdc, 0x0, 0xa6, 0x40, 0x13,
    0x5, 0x0, 0x2c, 0x14, 0x2, 0xb1, 0x30, 0x1,
    0x8d, 0x0, 0x8, 0xdc, 0x3, 0x39, 0x10, 0x14,
    0x34, 0x3, 0x68, 0x50, 0x50, 0x20, 0x6, 0x40,
    0x50,

    /* U+039C "Μ" */
    0x7f, 0xf1, 0x0, 0x73, 0xff, 0x88, 0x2, 0x50,
    0xe, 0xa0, 0xe, 0x4a, 0x0, 0xc4, 0x44, 0x0,
    0xda, 0x44, 0x0, 0xa8, 0x4c, 0x3, 0x20, 0x50,
    0x4, 0xae, 0x1, 0xc6, 0x8a, 0x0, 0x32, 0xa0,
    0xf, 0x71, 0x18, 0x50, 0x98, 0x7, 0x94, 0x2c,
    0x1d, 0x80, 0x3f, 0x2b, 0x20, 0xd8, 0x7, 0xef,
    0x19, 0x23, 0x0, 0xfc, 0xa0, 0x4a, 0x1, 0xfe,
    0x50, 0xa0, 0xe,

    /* U+039D "Ν" */
    0x7f, 0xd0, 0xe, 0xbe, 0x0, 0x14, 0x0, 0x7e,
    0x27, 0x20, 0xf, 0xa4, 0x24, 0x3, 0xe4, 0x54,
    0x50, 0xf, 0xd, 0x85, 0x80, 0x7c, 0x30, 0x32,
    0x1, 0xf3, 0x93, 0x18, 0x80, 0x7a, 0x43, 0xc0,
    0x3e, 0x44, 0x1a, 0x0, 0x7d, 0x20, 0x20, 0x1f,
    0x13, 0x80, 0x0,

    /* U+039E "Ξ" */
    0xb, 0xff, 0xf5, 0x80, 0x35, 0xdf, 0xda, 0x0,
    0x68, 0x8f, 0x30, 0x7, 0xff, 0x28, 0x7f, 0xfc,
    0x20, 0x1, 0x77, 0xf0, 0x80, 0x51, 0x1e, 0x0,
    0xff, 0xe5, 0xc4, 0x7e, 0x0, 0x3b, 0xfe, 0x0,

    /* U+039F "Ο" */
    0x0, 0x92, 0xfb, 0xf6, 0x4, 0x3, 0x45, 0xab,
    0xb9, 0x9f, 0xc8, 0x0, 0x8e, 0x7d, 0x31, 0x74,
    0x3c, 0x0, 0xe0, 0x80, 0xc, 0xa8, 0x66, 0x4,
    0x4, 0x0, 0xed, 0x4, 0x1, 0x20, 0xf, 0x10,
    0x78, 0x7, 0xff, 0x4, 0x48, 0x3, 0xc4, 0x1e,
    0x8, 0x8, 0x1, 0xda, 0x8, 0x1c, 0x10, 0x1,
    0x91, 0x6, 0x60, 0x47, 0x3e, 0x98, 0xbb, 0xf,
    0x0, 0x51, 0x4a, 0xee, 0x67, 0xf2, 0x0,

    /* U+03A0 "Π" */
    0x7f, 0xff, 0xc8, 0x0, 0x57, 0x7c, 0x80, 0x1b,
    0xa2, 0x36, 0x0, 0x7f, 0xff, 0xc0, 0x3f, 0xf8,
    0xa0,

    /* U+03A1 "Ρ" */
    0x8f, 0xfd, 0x8a, 0x1, 0x34, 0x31, 0xd2, 0x80,
    0x29, 0xe7, 0x42, 0x0, 0x38, 0x8a, 0x0, 0xf1,
    0x10, 0x3, 0x15, 0x2, 0x80, 0x33, 0xf5, 0x55,
    0x0, 0x6, 0x89, 0xda, 0x0, 0xa9, 0xd8, 0x80,
    0x3f, 0xf9, 0xc0,

    /* U+03A3 "Σ" */
    0x4f, 0xff, 0x9d, 0x80, 0xe, 0xfc, 0x85, 0x20,
    0x51, 0x18, 0xc1, 0x98, 0xae, 0x1, 0xe9, 0x38,
    0x40, 0xf, 0x68, 0xd0, 0x7, 0x90, 0x58, 0x3,
    0x8a, 0x92, 0x0, 0x3b, 0xc6, 0x80, 0x3a, 0x8b,
    0x44, 0x3, 0x2a, 0x8a, 0xe2, 0x32, 0x90, 0x13,
    0xbf, 0x78,

    /* U+03A4 "Τ" */
    0xcf, 0xff, 0xb2, 0x9d, 0xc8, 0x8, 0xee, 0xa6,
    0x88, 0x68, 0x74, 0x41, 0x80, 0x3f, 0xff, 0xe0,
    0x1e,

    /* U+03A5 "Υ" */
    0xbf, 0x20, 0xd, 0x9e, 0x30, 0x10, 0x1, 0x21,
    0xb0, 0x9a, 0x29, 0x0, 0x20, 0x20, 0x1, 0x1,
    0x0, 0xa6, 0xe2, 0x0, 0x34, 0x52, 0x80, 0x90,
    0xd, 0x21, 0xe5, 0x2, 0x1, 0x89, 0x48, 0x5c,
    0x3, 0xd2, 0xc, 0x1, 0xff, 0xe0,

    /* U+03A6 "Φ" */
    0x0, 0xf7, 0xe0, 0x7, 0xf8, 0x40, 0x2, 0x1,
    0xe4, 0xbf, 0xe0, 0x3e, 0xe5, 0x10, 0x1, 0x6d,
    0x5e, 0x80, 0xa9, 0xd7, 0x48, 0x2c, 0x7e, 0x14,
    0x5, 0x67, 0x2, 0x48, 0x5c, 0x40, 0x3c, 0x64,
    0xa0, 0x1f, 0xf0, 0x81, 0x2, 0x0, 0x7c, 0x46,
    0xa1, 0x5, 0x8a, 0x40, 0x2, 0x6c, 0x8, 0x7,
    0x92, 0xad, 0x3, 0xd9, 0x3b, 0x30, 0x3, 0x76,
    0xd8, 0x16, 0x76, 0xa0, 0x7, 0x12, 0x0, 0x98,
    0x80, 0x40,

    /* U+03A7 "Χ" */
    0x6f, 0x80, 0xd, 0x7e, 0x4c, 0x6e, 0x40, 0x5,
    0x47, 0x20, 0xe0, 0x90, 0x5, 0x94, 0x0, 0x9,
    0xd1, 0x10, 0x32, 0x1, 0xa0, 0x65, 0xd5, 0x0,
    0x3a, 0xc8, 0x2c, 0x3, 0xd8, 0x0, 0x40, 0xe,
    0x36, 0x61, 0x58, 0x7, 0x78, 0xc4, 0x6, 0x40,
    0x26, 0x38, 0x15, 0x46, 0x30, 0x18, 0x36, 0x0,
    0x48, 0x78, 0x58, 0xf8, 0x4, 0x4e, 0x6c,

    /* U+03A8 "Ψ" */
    0x9f, 0x20, 0x1f, 0x80, 0x5, 0xf8, 0x7, 0xff,
    0x54, 0x40, 0x3f, 0x38, 0x78, 0x8, 0x7, 0x84,
    0x90, 0x2c, 0x3, 0x88, 0x8e, 0x66, 0x77, 0x28,
    0xa, 0x78, 0x40, 0x6a, 0x45, 0x83, 0x59, 0xd9,
    0x0, 0xde, 0xd0, 0x2e, 0x72, 0x0, 0x62, 0x40,
    0x23, 0x0, 0xff, 0xe1, 0x0,

    /* U+03A9 "Ω" */
    0x0, 0x9f, 0x7f, 0xad, 0x40, 0x30, 0xec, 0xb,
    0x3a, 0xd4, 0x80, 0x56, 0x51, 0x93, 0x2e, 0x46,
    0x50, 0x15, 0x37, 0x0, 0xd4, 0x12, 0x8, 0x16,
    0x1, 0xc2, 0x66, 0x2, 0x1, 0x0, 0xf3, 0x80,
    0x88, 0x3, 0xf3, 0x80, 0xa0, 0x78, 0x7, 0x88,
    0x80, 0x48, 0xe2, 0x1, 0x94, 0x60, 0x1, 0x23,
    0x40, 0x11, 0x5a, 0x28, 0x25, 0x22, 0x28, 0x7,
    0x4, 0xe0, 0x75, 0xd0, 0x1c, 0x8, 0x41, 0xdc,
    0x40,

    /* U+03AA "Ϊ" */
    0x6e, 0x4, 0xe2, 0x22, 0x3, 0x29, 0xa5, 0x1,
    0x58, 0xb7, 0xfe, 0x6, 0xa0, 0x2c, 0x0, 0x28,
    0x31, 0x80, 0x7f, 0xf8, 0x14, 0x18, 0xc1, 0xa8,
    0xb, 0x0,

    /* U+03AB "Ϋ" */
    0x0, 0x4e, 0x3, 0xe8, 0x7, 0x7a, 0x81, 0xb8,
    0x7, 0x34, 0x82, 0x50, 0x5, 0x7e, 0x40, 0x1b,
    0x3c, 0x60, 0x20, 0x2, 0x43, 0x61, 0x34, 0x52,
    0x0, 0x40, 0x40, 0x2, 0x2, 0x1, 0x4d, 0xc4,
    0x0, 0x68, 0xa5, 0x1, 0x20, 0x1a, 0x43, 0xca,
    0x4, 0x3, 0x12, 0x90, 0xb8, 0x7, 0xa4, 0x18,
    0x3, 0xff, 0xc0,

    /* U+03AC "ά" */
    0x0, 0xc3, 0xfa, 0x1, 0xf2, 0x7, 0x0, 0x7c,
    0x4e, 0x60, 0x1c, 0xfd, 0x8, 0x5b, 0x20, 0x6,
    0x83, 0x85, 0xc2, 0x0, 0xac, 0x35, 0xe6, 0x40,
    0x10, 0x92, 0x0, 0x4a, 0x1, 0x18, 0x10, 0x4,
    0x60, 0x11, 0x81, 0x0, 0x46, 0x1, 0x8, 0x90,
    0x2, 0x40, 0xd, 0x21, 0xaf, 0x10, 0x7, 0x50,
    0x78, 0x38, 0x4d, 0x91, 0xf0,

    /* U+03AD "έ" */
    0x0, 0xd1, 0xea, 0x1, 0xca, 0x8a, 0x1, 0x84,
    0x52, 0x1, 0xd, 0x79, 0xfc, 0x80, 0x35, 0x5a,
    0x51, 0x40, 0x6, 0x90, 0xd3, 0x80, 0x4, 0x53,
    0x0, 0xea, 0x3c, 0xf9, 0x0, 0xe, 0x5, 0x65,
    0x80, 0x14, 0xa9, 0x4c, 0x80, 0xa, 0x13, 0xd,
    0x16, 0x3, 0x8a, 0xd2, 0xc4, 0x0,

    /* U+03AE "ή" */
    0x0, 0xaf, 0xcc, 0x3, 0x91, 0x8c, 0x3, 0x1a,
    0x48, 0x5, 0x78, 0xcc, 0xfd, 0x60, 0x1, 0xdd,
    0x50, 0x65, 0x0, 0x16, 0xeb, 0xc1, 0x80, 0x4,
    0x0, 0x10, 0x10, 0x0, 0x40, 0x3f, 0xfb, 0x37,
    0xe0, 0x1f, 0xfd, 0x20,

    /* U+03AF "ί" */
    0x9, 0xf5, 0x0, 0x22, 0x14, 0x4, 0x54, 0x0,
    0xa3, 0x10, 0xf, 0xfe, 0x78, 0x80, 0x6d, 0xa,
    0x72, 0x75, 0x54, 0x8,

    /* U+03B0 "ΰ" */
    0xb, 0xa5, 0xf9, 0xe5, 0xc, 0xdc, 0x8, 0x46,
    0x7, 0x70, 0x48, 0xd1, 0xe7, 0x84, 0xb3, 0xfa,
    0x0, 0x71, 0x81, 0x80, 0x73, 0x7, 0x0, 0x71,
    0x81, 0x80, 0x70, 0x80, 0x1c, 0x3, 0x10, 0x19,
    0x1, 0x0, 0x28, 0x33, 0x43, 0xde, 0x5c, 0xd5,
    0x20, 0x21, 0xdb, 0x40,

    /* U+03B1 "α" */
    0x0, 0x3f, 0x7e, 0x16, 0xc8, 0x1, 0xa0, 0xe1,
    0x70, 0x80, 0x2b, 0xd, 0x79, 0x90, 0x4, 0x24,
    0x80, 0x12, 0x80, 0x46, 0x4, 0x1, 0x18, 0x4,
    0x60, 0x40, 0x11, 0x80, 0x42, 0x24, 0x0, 0x90,
    0x3, 0x48, 0x6b, 0xc4, 0x1, 0xd4, 0x1e, 0xe,
    0x13, 0x64, 0x7c,

    /* U+03B2 "β" */
    0x3, 0xbf, 0xf6, 0x18, 0x0, 0xb1, 0x62, 0x5,
    0x84, 0x14, 0x1a, 0xee, 0xb0, 0x40, 0x20, 0x30,
    0x0, 0x80, 0x42, 0x0, 0x12, 0x82, 0x60, 0xd,
    0xda, 0x1e, 0x1, 0xd7, 0x41, 0xa8, 0x1, 0x91,
    0x70, 0xa4, 0x3, 0xe6, 0x20, 0xf, 0x94, 0x40,
    0x2c, 0x77, 0x68, 0xc8, 0x4, 0xd3, 0x1, 0x2e,
    0x1, 0x57, 0x7e, 0xb0, 0x7, 0xff, 0x44,

    /* U+03B3 "γ" */
    0xde, 0x0, 0xd7, 0xf4, 0x26, 0x1, 0x38, 0xa8,
    0x58, 0x4, 0x24, 0x43, 0x50, 0x8, 0x98, 0x2c,
    0x88, 0x8, 0x1e, 0xa, 0xa, 0x1c, 0xa, 0x4,
    0x76, 0x6a, 0xe0, 0x15, 0x9f, 0x14, 0x0, 0x4c,
    0x5, 0xc0, 0x18, 0x44, 0x66, 0x0, 0xff, 0xe4,
    0xcd, 0x0, 0x40,

    /* U+03B4 "δ" */
    0x0, 0xd, 0x77, 0xeb, 0x80, 0x5a, 0xb3, 0x27,
    0x81, 0x0, 0x1a, 0x3b, 0x57, 0x8, 0x1, 0x51,
    0xc0, 0x2, 0x1, 0x51, 0x46, 0xa0, 0x4, 0x5a,
    0x70, 0xf6, 0xe0, 0xf, 0x3f, 0x7a, 0x68, 0x43,
    0x26, 0x10, 0x4, 0x6, 0x38, 0x78, 0x4, 0x20,
    0x4c, 0x16, 0x1, 0x28, 0x69, 0x29, 0xe3, 0xcd,
    0xb, 0x5, 0x40, 0xc3, 0xaf, 0x88,

    /* U+03B5 "ε" */
    0x1, 0xae, 0xfd, 0x90, 0x6, 0xab, 0x4a, 0x28,
    0x0, 0xd2, 0x1a, 0x70, 0x0, 0x8a, 0x60, 0x1d,
    0x47, 0x9f, 0x20, 0x1, 0xc0, 0xac, 0xb0, 0x2,
    0x95, 0x29, 0x90, 0x1, 0x42, 0x61, 0xa2, 0xc0,
    0x71, 0x5a, 0x58, 0x80,

    /* U+03B6 "ζ" */
    0xb, 0xff, 0xe7, 0x8, 0xaa, 0x59, 0x2, 0x81,
    0xaa, 0x88, 0x94, 0x40, 0x11, 0xca, 0xa8, 0x3,
    0x71, 0x50, 0x6, 0xa2, 0xe0, 0xc, 0x8a, 0xe6,
    0x1, 0xa0, 0x60, 0x3, 0x9, 0xa0, 0x7, 0x18,
    0x7, 0xc4, 0x2a, 0xa0, 0xe, 0xa0, 0xaf, 0xa4,
    0x0, 0x27, 0x4a, 0x2d, 0x98, 0x0, 0x5a, 0xe4,
    0x18, 0x3, 0x84, 0x1c, 0x3, 0xb5, 0x8,

    /* U+03B7 "η" */
    0xbc, 0x5d, 0xfd, 0x60, 0x1, 0xdd, 0x50, 0x65,
    0x0, 0x16, 0xeb, 0xc1, 0x80, 0x4, 0x0, 0x10,
    0x10, 0x0, 0x40, 0x3f, 0xfb, 0x37, 0xe0, 0x1f,
    0xfd, 0x20,

    /* U+03B8 "θ" */
    0x0, 0x1e, 0x7f, 0x48, 0x4, 0x58, 0x30, 0xcc,
    0xb0, 0x4, 0x6, 0x3c, 0x41, 0xc, 0x11, 0x2,
    0x0, 0x50, 0xb1, 0x1f, 0x18, 0x11, 0x82, 0xf7,
    0x60, 0x10, 0x2, 0xdd, 0xe0, 0x1, 0x80, 0x11,
    0x30, 0x8, 0xcc, 0x1, 0x10, 0x10, 0x39, 0x88,
    0x2, 0x82, 0xc2, 0xc3, 0x1a, 0x1d, 0xc, 0xb,
    0x6, 0x59, 0x94, 0x0,

    /* U+03B9 "ι" */
    0xbf, 0x0, 0xff, 0xe8, 0x8, 0x6, 0xd0, 0xa7,
    0x27, 0x55, 0x40, 0x80,

    /* U+03BA "κ" */
    0xaf, 0x10, 0x5, 0xf9, 0x80, 0x68, 0x49, 0x30,
    0x9, 0x5d, 0xcc, 0x1, 0x2d, 0x24, 0x0, 0x6a,
    0x1, 0x0, 0xe4, 0x65, 0x50, 0x6, 0xb9, 0x2b,
    0x10, 0xe, 0xe1, 0xd0, 0xe, 0x38, 0x37,

    /* U+03BB "λ" */
    0xdf, 0xc3, 0x0, 0xeb, 0x82, 0xd1, 0x0, 0xcc,
    0xfa, 0x32, 0x1, 0xe3, 0x26, 0x0, 0xf0, 0x90,
    0xa8, 0x7, 0x30, 0x97, 0x0, 0x75, 0x22, 0xa0,
    0x80, 0x46, 0x5f, 0x60, 0xc0, 0x15, 0x2, 0x19,
    0x50, 0x4, 0xc8, 0x21, 0x44, 0x80, 0xa1, 0xa0,
    0x5, 0x8, 0x3e, 0x7, 0x0, 0x13, 0x1a, 0x0,

    /* U+03BC "μ" */
    0xbf, 0x0, 0xdf, 0x60, 0x1f, 0xfd, 0xe1, 0x0,
    0xe3, 0x0, 0x38, 0x7, 0x73, 0xcc, 0x85, 0x58,
    0x0, 0xf0, 0x95, 0x63, 0x40, 0xa, 0xfd, 0x55,
    0x7e, 0x0, 0x7f, 0xf3, 0xc0,

    /* U+03BD "ν" */
    0xde, 0x0, 0xd7, 0xf4, 0x26, 0x1, 0x38, 0xa8,
    0x58, 0x4, 0x26, 0x46, 0xa0, 0x11, 0x38, 0x59,
    0x10, 0x10, 0x30, 0x14, 0x14, 0x38, 0x18, 0x8,
    0xec, 0xd5, 0xc0, 0x2b, 0x3e, 0x18, 0x0, 0x98,
    0xb, 0x40, 0x0,

    /* U+03BE "ξ" */
    0xa, 0xff, 0xe7, 0x9, 0x61, 0x69, 0xa5, 0x6,
    0x65, 0x4b, 0x29, 0x6, 0x2, 0x80, 0x76, 0x5,
    0x90, 0x88, 0x0, 0xb4, 0xbb, 0xdc, 0x30, 0x3b,
    0x3a, 0xbb, 0x18, 0x71, 0xe2, 0xa2, 0x0, 0x49,
    0x0, 0x3e, 0x20, 0xe, 0x13, 0x48, 0x20, 0xd,
    0xc6, 0xfb, 0xa7, 0x0, 0x16, 0x61, 0x8e, 0x10,
    0x2, 0x39, 0xa0, 0x20, 0xe, 0x20, 0x50, 0xe,
    0xf4, 0x30,

    /* U+03BF "ο" */
    0x0, 0x26, 0x7f, 0x51, 0x0, 0x12, 0xc6, 0x19,
    0x70, 0x42, 0x43, 0x1e, 0x2c, 0x60, 0x49, 0x4,
    0x0, 0x82, 0x86, 0x4, 0x1, 0x8c, 0xc4, 0x4,
    0x1, 0x8c, 0xc0, 0x68, 0x20, 0x4, 0x14, 0x8,
    0xc, 0x78, 0xb1, 0xb0, 0x4c, 0x18, 0x74, 0xc2,

    /* U+03C0 "π" */
    0xbf, 0xff, 0xe8, 0x85, 0x1, 0x55, 0x40, 0x55,
    0x43, 0x50, 0x15, 0x58, 0x44, 0xa4, 0x1, 0xff,
    0xe7, 0x33, 0x39, 0x0, 0x7d, 0x23, 0x22,

    /* U+03C1 "ρ" */
    0x3, 0xcf, 0xea, 0x20, 0x2c, 0x18, 0x75, 0xc1,
    0xb0, 0xf7, 0x9a, 0x16, 0x42, 0x20, 0x1, 0x43,
    0xc, 0x40, 0x30, 0xb8, 0x7, 0x85, 0xc0, 0x39,
    0x43, 0x0, 0xed, 0xe2, 0x85, 0x80, 0xc6, 0x5d,
    0x70, 0x41, 0xeb, 0xbe, 0x88, 0x0, 0xe0, 0x1f,
    0xfc, 0xa0,

    /* U+03C2 "ς" */
    0x0, 0x26, 0x7f, 0xb0, 0x81, 0x2c, 0x9d, 0xc0,
    0x41, 0x21, 0xf1, 0xc, 0x1, 0x24, 0x10, 0xc,
    0x60, 0x40, 0x1c, 0x60, 0x40, 0x1c, 0x22, 0x51,
    0x0, 0xe9, 0x1c, 0x51, 0x0, 0x9e, 0xa, 0xba,
    0x80, 0x27, 0xfa, 0x35, 0x50, 0x6, 0x59, 0x1,
    0x0, 0xed, 0x5, 0x0, 0xee, 0xa1,

    /* U+03C3 "σ" */
    0x0, 0x1d, 0xf7, 0xfe, 0x70, 0x4c, 0x59, 0xa1,
    0x2a, 0x50, 0x91, 0xf7, 0x5b, 0x21, 0x21, 0x24,
    0x10, 0x2, 0x6, 0x81, 0x81, 0x80, 0x42, 0x4,
    0x6, 0x6, 0x1, 0x8, 0x8, 0x9, 0x20, 0x4,
    0xe1, 0x80, 0x8, 0x1d, 0x78, 0x92, 0x60, 0x2,
    0xd0, 0xc3, 0x33, 0x0, 0x0,

    /* U+03C4 "τ" */
    0xbf, 0xff, 0x44, 0x29, 0x81, 0xea, 0xa3, 0x5e,
    0xc, 0x55, 0x10, 0x7, 0xff, 0x38, 0x40, 0x40,
    0x39, 0x42, 0x1e, 0x0, 0x23, 0x80, 0x85, 0x0,

    /* U+03C5 "υ" */
    0xcf, 0x0, 0x9f, 0xd0, 0x3, 0x8c, 0xc, 0x3,
    0x98, 0x38, 0x3, 0x8c, 0xc, 0x3, 0x84, 0x0,
    0xe0, 0x18, 0x80, 0xc8, 0x8, 0x1, 0x41, 0x9a,
    0x1e, 0xf2, 0xe6, 0xa9, 0x1, 0xe, 0xda, 0x0,

    /* U+03C6 "φ" */
    0x0, 0xec, 0xd0, 0xf, 0xfe, 0x99, 0xdf, 0x99,
    0x7d, 0x10, 0x4, 0x98, 0xb0, 0x43, 0x9, 0xa6,
    0x0, 0x80, 0xc7, 0x13, 0x7c, 0xf, 0x1, 0x34,
    0x20, 0xc, 0x48, 0x62, 0x60, 0x40, 0x1e, 0x20,
    0x32, 0x2, 0x0, 0xf1, 0x81, 0x81, 0xa1, 0x0,
    0x61, 0x52, 0x10, 0xe0, 0xc6, 0x10, 0x6f, 0xe,
    0x0, 0x16, 0xa4, 0x91, 0x25, 0x70, 0xc0, 0x22,
    0xaf, 0x32, 0xfb, 0x30, 0xf, 0xfe, 0xd0,

    /* U+03C7 "χ" */
    0x9f, 0x80, 0xc, 0xfe, 0x9a, 0x8e, 0x80, 0x14,
    0xa2, 0x56, 0x30, 0x0, 0x71, 0x80, 0xa, 0x4d,
    0x6, 0x14, 0xc0, 0x26, 0xf, 0x90, 0xb0, 0xc,
    0x2e, 0x8e, 0xe1, 0x0, 0xe9, 0x0, 0x40, 0x7,
    0x9c, 0x0, 0x40, 0x1c, 0x32, 0x81, 0x60, 0x1d,
    0x61, 0x4a, 0xc2, 0x1, 0x1a, 0xc0, 0xc8, 0x40,
    0x5, 0xc4, 0xe0, 0x68, 0xd0, 0x8e, 0x52, 0x1,
    0x51, 0xbe, 0x0,

    /* U+03C8 "ψ" */
    0x0, 0xd5, 0xe0, 0x1f, 0xfc, 0xfc, 0xe0, 0xf,
    0x6e, 0x80, 0x3f, 0x9c, 0x80, 0x3f, 0xb4, 0xc,
    0x3, 0xf0, 0x80, 0x7f, 0xf0, 0x1d, 0xc2, 0x1,
    0xee, 0x6, 0x30, 0x40, 0xc, 0x2c, 0x25, 0x21,
    0x72, 0xe1, 0x1e, 0x36, 0x3, 0xa8, 0xe4, 0xe,
    0x56, 0xa0, 0x2, 0xbe, 0x50, 0xfc, 0x40, 0xf,
    0xfe, 0xb8,

    /* U+03C9 "ω" */
    0x0, 0x6d, 0x80, 0x75, 0x70, 0x80, 0x1c, 0xa0,
    0x3, 0xac, 0x64, 0x1, 0x62, 0x60, 0x1c, 0x26,
    0xa0, 0x3, 0x50, 0x1, 0xfa, 0x80, 0x14, 0x80,
    0x21, 0x0, 0xf8, 0x40, 0x40, 0x2, 0x1, 0xf0,
    0x80, 0x82, 0x20, 0x0, 0xa1, 0xa0, 0x4, 0x20,
    0x7, 0x6, 0x3c, 0x2b, 0xba, 0xca, 0xc0, 0xb,
    0x25, 0x9, 0x4f, 0xa, 0xec, 0x0,

    /* U+03CA "ϊ" */
    0xe, 0x50, 0xd7, 0x0, 0x23, 0x2, 0x10, 0x2,
    0x8c, 0x25, 0x40, 0x2b, 0xf0, 0xf, 0xfe, 0xe0,
    0x80, 0x7b, 0x42, 0x9c, 0x80, 0xe, 0xaa, 0x81,

    /* U+03CB "ϋ" */
    0x9, 0xc0, 0x7d, 0x0, 0xbd, 0x0, 0xdc, 0x2,
    0x68, 0x4, 0xa0, 0x6, 0x78, 0x4, 0xfe, 0x80,
    0x1c, 0x60, 0x60, 0x1c, 0xc1, 0xc0, 0x1c, 0x60,
    0x60, 0x1c, 0x20, 0x7, 0x0, 0xc4, 0x6, 0x40,
    0x40, 0xa, 0xc, 0xd0, 0xf7, 0x97, 0x35, 0x48,
    0x8, 0x76, 0xd0,

    /* U+03CC "ό" */
    0x0, 0xee, 0xe0, 0x80, 0x71, 0x8c, 0x8, 0x7,
    0x32, 0xb0, 0x6, 0x4c, 0xa4, 0xa2, 0x0, 0x25,
    0x8c, 0x32, 0xe0, 0x84, 0x86, 0x3c, 0x58, 0xc0,
    0x92, 0x8, 0x1, 0x5, 0xc, 0x8, 0x3, 0x19,
    0x88, 0x8, 0x3, 0x19, 0x80, 0xd0, 0x40, 0x8,
    0x28, 0x10, 0x18, 0xf1, 0x63, 0x60, 0x98, 0x30,
    0xe9, 0x84,

    /* U+03CD "ύ" */
    0x0, 0x8b, 0xec, 0x3, 0x94, 0x24, 0x3, 0xbe,
    0x8, 0x1, 0x9e, 0x10, 0xee, 0xf4, 0x0, 0xe3,
    0x3, 0x0, 0xe6, 0xe, 0x0, 0xe3, 0x3, 0x0,
    0xe1, 0x0, 0x38, 0x6, 0x20, 0x32, 0x2, 0x0,
    0x50, 0x66, 0x87, 0xbc, 0xb9, 0xaa, 0x40, 0x43,
    0xb6, 0x80,

    /* U+03CE "ώ" */
    0x0, 0xf1, 0xfd, 0x0, 0x7f, 0xac, 0x2c, 0x3,
    0xfc, 0x32, 0x20, 0x1e, 0xdb, 0x0, 0x4b, 0x5,
    0x70, 0x80, 0x1c, 0xa0, 0x3, 0xac, 0x64, 0x1,
    0x62, 0x60, 0x1c, 0x26, 0xa0, 0x3, 0x50, 0x1,
    0xfa, 0x80, 0x14, 0x80, 0x21, 0x0, 0xf8, 0x40,
    0x40, 0x2, 0x1, 0xf0, 0x80, 0x82, 0x20, 0x0,
    0xa1, 0xa0, 0x4, 0x20, 0x7, 0x6, 0x3c, 0x2b,
    0xba, 0xca, 0xc0, 0xb, 0x25, 0x9, 0x4f, 0xa,
    0xec, 0x0,

    /* U+03CF "Ϗ" */
    0x8f, 0x30, 0x9, 0xbe, 0x0, 0x3c, 0x92, 0x90,
    0x1, 0xc5, 0x45, 0x60, 0x1e, 0xf0, 0xf0, 0xf,
    0x59, 0x51, 0x0, 0x77, 0xa1, 0xa0, 0x7, 0x8c,
    0xe6, 0x0, 0xf5, 0x60, 0xc9, 0x0, 0x73, 0x5,
    0x4, 0x80, 0x7c, 0x8c, 0x8c, 0x1, 0xf4, 0x8c,
    0x90, 0x7, 0xd4, 0x1c, 0x11, 0xe6, 0x1, 0x28,
    0x10, 0x8, 0x7, 0x58, 0x38, 0x37, 0x54, 0xcb,
    0x54, 0xa4, 0x15, 0xdc, 0xcc, 0x7, 0xd0, 0x0,

    /* U+03D0 "ϐ" */
    0x0, 0x1d, 0xff, 0xac, 0x80, 0x9, 0x83, 0x52,
    0xb0, 0x0, 0x93, 0x5a, 0x90, 0xe0, 0x42, 0xff,
    0x66, 0xf2, 0x6, 0x3, 0x66, 0x36, 0xc4, 0x4,
    0x2e, 0xe8, 0x4c, 0x3, 0xd, 0x74, 0x77, 0x12,
    0x98, 0x10, 0x5, 0x80, 0x5c, 0x4, 0x1, 0x8,
    0xa, 0x5, 0x0, 0x5e, 0x8, 0x68, 0xd2, 0xf6,
    0xaa, 0x20, 0xb6, 0x78, 0x68, 0xa0,

    /* U+03D1 "ϑ" */
    0x0, 0x15, 0xff, 0x59, 0x0, 0x77, 0xac, 0x32,
    0xe9, 0x0, 0x62, 0x57, 0x8d, 0x8, 0x0, 0xcc,
    0x92, 0x82, 0x68, 0x20, 0x14, 0xbb, 0xaf, 0x4c,
    0x78, 0xa7, 0xfa, 0x7b, 0x71, 0x42, 0x4a, 0x9c,
    0x50, 0x8, 0xcc, 0x8, 0x7, 0x80, 0x20, 0x11,
    0x81, 0x80, 0x8, 0x1c, 0x2, 0x72, 0x10, 0xc,
    0xe0, 0x4, 0x25, 0x0, 0x90, 0x25, 0xe2, 0xca,
    0x0, 0x22, 0xa0, 0x86, 0x66, 0x0, 0x40,

    /* U+03D2 "ϒ" */
    0xbf, 0x20, 0xd, 0x1f, 0x10, 0x8, 0x0, 0x8d,
    0xd2, 0xcd, 0x14, 0x80, 0x1e, 0x14, 0x61, 0x1,
    0x60, 0x87, 0x2, 0x0, 0x34, 0x62, 0x81, 0x70,
    0xd, 0x21, 0xc7, 0x20, 0x1c, 0x4a, 0x62, 0xe0,
    0x1e, 0x90, 0x60, 0xf, 0xff, 0x0,

    /* U+03D3 "ϓ" */
    0x3f, 0xa2, 0xfc, 0x0, 0xc3, 0x9e, 0x56, 0x16,
    0x4c, 0x68, 0x1, 0x41, 0xc1, 0x8c, 0x88, 0x40,
    0x40, 0x0, 0x59, 0x5c, 0x65, 0x80, 0x2, 0xe6,
    0x81, 0x1, 0x0, 0x1f, 0x48, 0x41, 0x33, 0x8,
    0x3, 0xe1, 0x73, 0xf0, 0xb0, 0xf, 0xe9, 0x2,
    0x62, 0x0, 0xfe, 0x16, 0xa, 0x0, 0xff, 0xf8,
    0x0,

    /* U+03D4 "ϔ" */
    0x0, 0x46, 0x83, 0x70, 0x80, 0x6d, 0x40, 0x24,
    0x10, 0xc, 0xb2, 0x9, 0x40, 0x15, 0xf9, 0x0,
    0x68, 0xf8, 0x80, 0x40, 0x4, 0x6e, 0x96, 0x68,
    0xa4, 0x0, 0xf0, 0xa3, 0x8, 0xb, 0x4, 0x38,
    0x10, 0x1, 0xa3, 0x14, 0xb, 0x80, 0x69, 0xe,
    0x39, 0x0, 0xe2, 0x53, 0x17, 0x0, 0xf4, 0x83,
    0x0, 0x7f, 0xf8, 0x0,

    /* U+03D5 "ϕ" */
    0x0, 0xec, 0xd0, 0xf, 0xfe, 0x99, 0xdf, 0x99,
    0x7d, 0x10, 0x4, 0x98, 0xb0, 0x43, 0x9, 0xa6,
    0x0, 0x80, 0xc7, 0x13, 0x7c, 0xf, 0x1, 0x34,
    0x20, 0xc, 0x48, 0x62, 0x60, 0x40, 0x1e, 0x20,
    0x32, 0x2, 0x0, 0xf1, 0x81, 0x81, 0xa1, 0x0,
    0x61, 0x52, 0x10, 0xe0, 0xc6, 0x10, 0x6f, 0xe,
    0x0, 0x16, 0xa4, 0x91, 0x25, 0x70, 0xc0, 0x22,
    0xaf, 0x32, 0xfb, 0x30, 0xf, 0xfe, 0xd0,

    /* U+03D6 "ϖ" */
    0x9f, 0xff, 0xfe, 0x8, 0xd4, 0x88, 0xa6, 0x7c,
    0xc0, 0xd2, 0x26, 0xe2, 0xcd, 0xf4, 0x0, 0xb0,
    0x0, 0x83, 0x80, 0xf, 0xa0, 0x1, 0x3, 0x0,
    0x98, 0xc, 0x1, 0xc4, 0x1, 0x13, 0x80, 0x42,
    0x6, 0x1, 0xf1, 0xb8, 0x4, 0xa1, 0x80, 0x2,
    0x2, 0x3, 0x13, 0x0, 0x85, 0x55, 0x30, 0x88,
    0xe7, 0xe0, 0xa0, 0xd, 0x4a, 0xcc, 0xaa, 0x4,
    0x5, 0x90, 0x0,

    /* U+03D7 "ϗ" */
    0xaf, 0x10, 0x5, 0xf9, 0x80, 0x68, 0x49, 0x30,
    0x9, 0x5d, 0xcc, 0x1, 0x2d, 0x24, 0x0, 0x6a,
    0x1, 0x0, 0xe4, 0x65, 0x50, 0x6, 0xb9, 0x2b,
    0x10, 0xe, 0xe1, 0xd0, 0xe, 0x37, 0x37, 0xaf,
    0x10, 0x5, 0x86, 0xa2, 0x4, 0xf, 0xc2, 0x4a,
    0xfb, 0xf0, 0x2c, 0xdb, 0xf7, 0x5d, 0x88, 0x0,

    /* U+03D8 "Ϙ" */
    0x0, 0x9f, 0x3b, 0xf6, 0x44, 0x3, 0x64, 0xb,
    0xb3, 0x5e, 0x40, 0x8, 0x35, 0xd9, 0x95, 0xd0,
    0xf0, 0x1, 0x82, 0xc0, 0x32, 0xa1, 0x90, 0x9,
    0x8, 0x7, 0x18, 0x38, 0x7, 0xff, 0x4, 0x88,
    0x20, 0x1c, 0x80, 0xe1, 0x41, 0x40, 0x19, 0x8c,
    0xc4, 0xe, 0x88, 0xeb, 0xad, 0x91, 0xe0, 0xa,
    0xe9, 0x51, 0x46, 0x38, 0x80, 0x32, 0xda, 0x6,
    0x38, 0x7, 0xff, 0xc,

    /* U+03D9 "ϙ" */
    0x0, 0x26, 0x7f, 0x51, 0x0, 0x12, 0xc6, 0x19,
    0x70, 0x42, 0x3, 0x1e, 0x2c, 0x60, 0x4d, 0x4,
    0x0, 0x82, 0x86, 0x4, 0x1, 0x8c, 0xc4, 0x4,
    0x1, 0x8c, 0xc0, 0x4a, 0x1, 0x18, 0xa0, 0x40,
    0xda, 0x23, 0x82, 0xc1, 0x65, 0x6e, 0xc1, 0x64,
    0x0, 0x6e, 0x3, 0xd4, 0x0, 0xff, 0xe8, 0x0,

    /* U+03DA "Ϛ" */
    0x0, 0x9b, 0x3b, 0xf6, 0x8c, 0x1, 0x72, 0x48,
    0xcc, 0x56, 0x8, 0x45, 0xea, 0x9b, 0xf5, 0x6,
    0xa, 0x0, 0xf8, 0x4c, 0x3, 0xf8, 0x40, 0x3f,
    0x11, 0x40, 0x1f, 0x58, 0x7a, 0x0, 0x79, 0x9c,
    0xaf, 0xf4, 0x40, 0x34, 0x6c, 0x11, 0x0, 0x3c,
    0x4e, 0xe0, 0xf, 0xfe, 0x10,

    /* U+03DB "ϛ" */
    0x0, 0x26, 0x7f, 0xb0, 0x81, 0x6c, 0x9d, 0xe2,
    0x8, 0xf, 0x88, 0x58, 0x9, 0x28, 0x80, 0x63,
    0x3, 0x0, 0xe3, 0x3, 0x0, 0xe1, 0x12, 0x8,
    0x7, 0x58, 0xfc, 0xa0, 0x4, 0xb8, 0xad, 0x74,
    0x1, 0x1d, 0xfa, 0xa8, 0x80, 0x4, 0x22, 0x0,
    0x18, 0x2, 0xfb, 0x8b, 0x2, 0x0, 0x9d, 0xce,
    0x70,

    /* U+03DC "Ϝ" */
    0x7f, 0xfe, 0xd0, 0x3, 0x3b, 0xd6, 0x0, 0xa8,
    0x89, 0x80, 0x3f, 0xf8, 0x95, 0x11, 0x20, 0x1,
    0x9d, 0xec, 0x0, 0x67, 0xf0, 0x7, 0xff, 0x4,
    0x7a, 0x0, 0x38, 0x40, 0x3f, 0x0,

    /* U+03DD "ϝ" */
    0x7f, 0xfe, 0xe0, 0x3, 0x3b, 0xd2, 0x0, 0xa8,
    0x89, 0xc0, 0x3f, 0xf8, 0x99, 0xff, 0x38, 0x1,
    0x9d, 0xc0, 0x1a, 0xa2, 0x40, 0x3c, 0x28, 0x40,
    0x1d, 0x6a, 0x1, 0xff, 0xc9,

    /* U+03DE "Ϟ" */
    0xd, 0xf9, 0x0, 0xf5, 0xa3, 0x18, 0x7, 0x36,
    0x80, 0x7e, 0xc0, 0x30, 0xf, 0x21, 0x80, 0x78,
    0xc4, 0xff, 0xf2, 0x0, 0x1d, 0xf0, 0x82, 0x1,
    0xc4, 0x61, 0x40, 0xf, 0x20, 0x68, 0x7, 0x8c,
    0x10, 0x3, 0xf5, 0xa0, 0x7, 0x31, 0xb6, 0x0,

    /* U+03DF "ϟ" */
    0xc, 0xfb, 0x0, 0xf4, 0xb2, 0x30, 0x7, 0x2e,
    0x81, 0x80, 0x7b, 0x41, 0x0, 0x3c, 0xe8, 0x20,
    0x1c, 0xa3, 0xc0, 0x1e, 0xe1, 0x75, 0x8c, 0xf1,
    0x12, 0xe, 0xd3, 0x18, 0x88, 0x8d, 0xeb, 0x7c,
    0x18, 0xf, 0x21, 0x49, 0x82, 0x80, 0x3d, 0x64,
    0x40, 0xe, 0x23, 0xa0, 0xf, 0x50, 0x30, 0x7,
    0x90, 0x44, 0x1, 0xf0, 0xba, 0x0, 0x77, 0x94,
    0x68, 0x0,

    /* U+03E0 "Ϡ" */
    0x5, 0xcf, 0xf6, 0xb8, 0x6, 0x81, 0x66, 0x4,
    0x58, 0x5, 0xfb, 0x30, 0xe0, 0x8e, 0x0, 0x20,
    0x6e, 0x4a, 0x19, 0x0, 0x8a, 0x5f, 0x95, 0x4,
    0x80, 0x5, 0xd0, 0x32, 0xa0, 0xe0, 0x10, 0xaf,
    0xba, 0x81, 0x80, 0x62, 0x6e, 0xc0, 0xf, 0x3c,
    0x0, 0x81, 0x80, 0x7d, 0xc0, 0xc0, 0x1f, 0x38,
    0x98, 0x7, 0x8c, 0x5c, 0x0,

    /* U+03E1 "ϡ" */
    0x14, 0x0, 0xfc, 0x97, 0xf2, 0x20, 0x1c, 0xb4,
    0xad, 0xea, 0x1, 0xcb, 0x58, 0x74, 0xc0, 0x1e,
    0x3d, 0x39, 0x40, 0xe, 0x28, 0x10, 0x90, 0xc,
    0x7a, 0xb4, 0xe4, 0xe0, 0x11, 0xee, 0x9e, 0x42,
    0xc0, 0x31, 0x1, 0x48, 0x98, 0x80, 0x47, 0xba,
    0x45, 0x2, 0x0, 0x8a, 0xbb, 0x34, 0x1c, 0x2,
    0x17, 0x10, 0x8, 0x40, 0x3e, 0x10, 0x10, 0xf,
    0xb8, 0x18, 0x3, 0xe4, 0x12, 0x0, 0xf1, 0x11,
    0x0, 0x3e, 0x50, 0xe0,

    /* U+03F0 "ϰ" */
    0x9f, 0xc2, 0x0, 0x8f, 0xe4, 0x2a, 0xf, 0x80,
    0x3, 0xa1, 0x60, 0x6e, 0xc6, 0x0, 0xd1, 0x11,
    0x0, 0x5c, 0x3, 0x6, 0x8, 0x1, 0xbc, 0x1d,
    0xd2, 0x6, 0x1, 0x88, 0x25, 0x5c, 0x4, 0x3,
    0x38, 0x15, 0x8, 0x10, 0x4, 0x24, 0x1e, 0x0,
    0x35, 0x73, 0x6, 0xa, 0x20, 0x7, 0x1c, 0x58,

    /* U+03F1 "ϱ" */
    0x3, 0xbf, 0xea, 0x10, 0x2c, 0x57, 0x72, 0xf8,
    0xd8, 0x6c, 0x4c, 0x85, 0x94, 0x4c, 0x0, 0xc1,
    0x84, 0x40, 0xc, 0x2c, 0x1, 0xe1, 0x10, 0x8,
    0x4, 0xa0, 0x80, 0x59, 0x13, 0x43, 0x20, 0x6c,
    0xd2, 0x60, 0x98, 0xd7, 0x7d, 0x90, 0x21, 0x41,
    0x8, 0x5, 0x6, 0xfb, 0xde, 0xe0, 0x39, 0xd7,
    0x41, 0xa0,

    /* U+03F2 "ϲ" */
    0x0, 0x26, 0x7f, 0x61, 0x2, 0x59, 0x3b, 0x1,
    0x4, 0x87, 0xc4, 0x30, 0x0, 0x48, 0x20, 0x18,
    0x80, 0x80, 0x38, 0xc0, 0x80, 0x38, 0x49, 0x4,
    0x3, 0xa0, 0x3e, 0x21, 0x84, 0xb, 0x44, 0xef,
    0x18,

    /* U+03F3 "ϳ" */
    0x0, 0x4e, 0x80, 0x7e, 0x9d, 0x0, 0xaf, 0xc0,
    0x3f, 0xfc, 0xed, 0x8, 0x61, 0x4e, 0x7c, 0x0,

    /* U+03F4 "ϴ" */
    0x0, 0x92, 0xfb, 0xf6, 0x4, 0x3, 0x45, 0xab,
    0xb9, 0x9f, 0xc8, 0x0, 0x8e, 0x9d, 0x31, 0x78,
    0x3c, 0x0, 0xe0, 0xa0, 0xc, 0x6c, 0x66, 0x4,
    0x23, 0x22, 0xef, 0x4, 0x1, 0x2d, 0xdf, 0x48,
    0x78, 0x0, 0xaa, 0xbd, 0x0, 0x10, 0x92, 0xaf,
    0x84, 0x3c, 0x10, 0xc, 0x3, 0xb4, 0x10, 0x38,
    0x3c, 0x3, 0x22, 0xc, 0xc0, 0x8e, 0x7d, 0x31,
    0x56, 0x3c, 0x1, 0x45, 0x2b, 0xbe, 0xf2, 0x0,

    /* U+03F5 "ϵ" */
    0x0, 0x25, 0xff, 0xb1, 0x1, 0x2d, 0x5e, 0x1d,
    0x82, 0x3, 0xe1, 0xec, 0x80, 0xd0, 0x4, 0x40,
    0x2, 0x4, 0xee, 0xa4, 0xc, 0x12, 0xef, 0x0,
    0x92, 0xa2, 0x44, 0x0, 0x81, 0xd7, 0x74, 0xa0,
    0x2d, 0x8c, 0x41, 0x5c,

    /* U+03F6 "϶" */
    0x2b, 0xef, 0xc5, 0x0, 0x18, 0x4c, 0xd, 0x28,
    0xd, 0xbb, 0xb0, 0x20, 0x2, 0x11, 0x2, 0x10,
    0x84, 0x77, 0x48, 0x6, 0x15, 0x77, 0x18, 0x10,
    0x12, 0x21, 0x48, 0xc1, 0xa5, 0xdd, 0x83, 0x0,
    0x49, 0x10, 0x6b, 0x40,

    /* U+03F7 "Ϸ" */
    0x7f, 0x40, 0xf, 0xc2, 0x42, 0x1, 0xea, 0xde,
    0xe4, 0x0, 0x68, 0xa8, 0x37, 0x80, 0x8, 0xd5,
    0xf0, 0x18, 0x3, 0xc2, 0x62, 0x1, 0xf1, 0x90,
    0x4, 0x24, 0x96, 0x14, 0x1, 0x56, 0xda, 0x3b,
    0x80, 0x28, 0xac, 0xf8, 0x0, 0xc6, 0xa6, 0x1,
    0xff, 0xc1,

    /* U+03F8 "ϸ" */
    0xbf, 0x0, 0xff, 0xe7, 0x9e, 0x7e, 0xb0, 0x6,
    0xd5, 0x70, 0x95, 0x0, 0xa2, 0x63, 0x2, 0x40,
    0x27, 0x0, 0x9, 0x98, 0x2, 0x10, 0x9, 0xc0,
    0x40, 0x2, 0x1, 0x38, 0x8, 0x1, 0xc0, 0x2,
    0x66, 0x0, 0xa6, 0x51, 0x81, 0x20, 0x16, 0x23,
    0x84, 0xa8, 0x4, 0x7b, 0xfa, 0xc0, 0x1f, 0xfd,
    0x10,

    /* U+03F9 "Ϲ" */
    0x0, 0x8e, 0xbb, 0xfa, 0x8c, 0x0, 0xd8, 0xa8,
    0xca, 0xa6, 0x2, 0x92, 0xea, 0x9b, 0xf5, 0x8,
    0x8, 0x10, 0xf, 0x20, 0x28, 0x7, 0xc2, 0x40,
    0x1f, 0xfc, 0x61, 0x20, 0xf, 0xc8, 0x8, 0x1,
    0xf7, 0x4, 0x88, 0x7, 0x91, 0x8b, 0xea, 0x27,
    0x4c, 0x1, 0x34, 0x48, 0xee, 0x62,

    /* U+03FA "Ϻ" */
    0x7f, 0xf0, 0x80, 0x73, 0x7f, 0x88, 0x2, 0x80,
    0xe, 0x80, 0xe, 0x76, 0x20, 0xa, 0x5, 0x80,
    0x34, 0x8c, 0x80, 0x9, 0xdd, 0xc0, 0x1d, 0x8,
    0x80, 0x81, 0x8f, 0x0, 0xe6, 0x29, 0x45, 0x80,
    0xf, 0xd2, 0x56, 0x6c, 0x1, 0xf9, 0x10, 0x1e,
    0x1, 0xfe, 0xbf, 0x30, 0xf, 0xff, 0x0,

    /* U+03FB "ϻ" */
    0xaf, 0xc0, 0xd, 0x5f, 0x60, 0x3, 0x60, 0x2,
    0x28, 0x4, 0x29, 0x2, 0x12, 0x64, 0x1, 0x48,
    0xc4, 0xb, 0x80, 0x31, 0x43, 0x3c, 0x10, 0x7,
    0x3a, 0x21, 0xc0, 0x3e, 0xbb, 0x0, 0x7f, 0xf5,
    0x36, 0xc0, 0x3f, 0xfa, 0x40,

    /* U+03FC "ϼ" */
    0x0, 0x1d, 0xff, 0x51, 0x0, 0xb, 0x1a, 0x1d,
    0x70, 0x42, 0xc3, 0xde, 0x68, 0x58, 0x10, 0x88,
    0x0, 0x50, 0xc0, 0x31, 0x0, 0xc2, 0xe0, 0x1f,
    0xb, 0x80, 0x79, 0x43, 0x0, 0x7, 0x6f, 0x14,
    0x2c, 0x0, 0x31, 0x97, 0x5c, 0x10, 0x3, 0xd7,
    0x7d, 0x10, 0x4, 0xe0, 0x1e, 0xf1, 0x3f, 0xf6,
    0x80, 0x58, 0x5, 0x98, 0xe0, 0x8,

    /* U+03FD "Ͻ" */
    0x2a, 0xdf, 0xec, 0x60, 0xc, 0xac, 0xc7, 0x29,
    0xb0, 0x1, 0x7d, 0xcc, 0xb9, 0x10, 0xc0, 0x1f,
    0x48, 0x58, 0x7, 0xc4, 0x64, 0x20, 0x1f, 0x30,
    0x18, 0x7, 0xff, 0x15, 0x80, 0xc0, 0x3c, 0x46,
    0x61, 0x0, 0xf7, 0x4, 0x80, 0x36, 0xa2, 0x78,
    0xd9, 0x40, 0xe, 0x8e, 0xe2, 0xa9, 0x0, 0x0,

    /* U+03FE "Ͼ" */
    0x0, 0x8e, 0xbb, 0xfa, 0x8c, 0x0, 0xd8, 0xa8,
    0xca, 0xa6, 0x2, 0x92, 0xea, 0x9b, 0xf5, 0x8,
    0x8, 0x10, 0xf, 0x20, 0x28, 0x7, 0xc2, 0x40,
    0x6, 0xf4, 0x0, 0xfb, 0xc0, 0xc0, 0x21, 0x20,
    0x4, 0x53, 0x80, 0x48, 0x8, 0x2, 0xa0, 0x1b,
    0x82, 0x44, 0x3, 0xc8, 0xc5, 0xf5, 0x13, 0xa6,
    0x0, 0x9a, 0x24, 0x77, 0x31, 0x0,

    /* U+03FF "Ͽ" */
    0x2a, 0xdf, 0xec, 0x60, 0xc, 0xac, 0xc7, 0x29,
    0xb0, 0x1, 0x7d, 0xcc, 0xb9, 0x10, 0xc0, 0x1f,
    0x48, 0x58, 0x7, 0xc4, 0x64, 0x20, 0x1, 0xea,
    0x0, 0x30, 0x18, 0x0, 0x85, 0xc0, 0x3e, 0x3b,
    0xf0, 0x3, 0x1, 0x80, 0x48, 0x40, 0x46, 0x61,
    0x0, 0xf7, 0x4, 0x80, 0x36, 0xa2, 0x78, 0xd9,
    0x40, 0xe, 0x8e, 0xe2, 0xa9, 0x0, 0x0,

    /* U+0400 "Ѐ" */
    0x2, 0x85, 0x0, 0xc4, 0x34, 0x60, 0x1a, 0x5b,
    0x80, 0x3a, 0x74, 0x1, 0x1f, 0xfe, 0x0, 0x2b,
    0xbe, 0x0, 0x4c, 0x46, 0x0, 0xff, 0xe2, 0x67,
    0xfd, 0x60, 0x5, 0x77, 0xb8, 0x1, 0x31, 0x12,
    0x80, 0x7f, 0xf1, 0x26, 0x23, 0x0, 0x15, 0xdf,
    0x0,

    /* U+0401 "Ё" */
    0x4, 0xe1, 0x5e, 0x0, 0xfe, 0x4e, 0x15, 0xe0,
    0x8f, 0xff, 0x0, 0x15, 0xdf, 0x0, 0x26, 0x23,
    0x0, 0x7f, 0xf1, 0x33, 0xfe, 0xb0, 0x2, 0xbb,
    0xdc, 0x0, 0x98, 0x89, 0x40, 0x3f, 0xf8, 0x93,
    0x11, 0x80, 0xa, 0xef, 0x80,

    /* U+0402 "Ђ" */
    0xcf, 0xff, 0x9c, 0x1, 0x4e, 0xe0, 0x27, 0x79,
    0x0, 0xd, 0x12, 0xf, 0x11, 0x18, 0x7, 0xff,
    0x14, 0x55, 0xd9, 0x0, 0x3c, 0x95, 0x13, 0x78,
    0x20, 0x18, 0xf7, 0xf9, 0x8e, 0x0, 0x33, 0x10,
    0xc, 0x82, 0x0, 0x7f, 0x8, 0x7, 0xf1, 0xb,
    0x0, 0x7a, 0x27, 0x3, 0xc0, 0x3c, 0x8c, 0x74,
    0x80,

    /* U+0403 "Ѓ" */
    0x0, 0xcb, 0x4, 0x1, 0x1d, 0x9, 0x0, 0x5c,
    0xd2, 0x1, 0xb6, 0x40, 0xf, 0xff, 0xe0, 0x2,
    0xbb, 0xe0, 0x7, 0x44, 0x60, 0xf, 0xff, 0x98,

    /* U+0404 "Є" */
    0x0, 0x92, 0xfb, 0xfa, 0x8c, 0x0, 0xf6, 0x88,
    0x64, 0x57, 0x3, 0x82, 0xea, 0x9a, 0xf4, 0x9,
    0xe, 0x10, 0xf, 0x20, 0x98, 0x7, 0xc2, 0x2f,
    0xfe, 0x20, 0x8, 0x5d, 0xf8, 0xc0, 0x21, 0x88,
    0xe1, 0x0, 0x20, 0x20, 0x7, 0xdc, 0x12, 0x20,
    0x1e, 0x55, 0x17, 0x54, 0x56, 0xa8, 0x2, 0xa4,
    0xd5, 0xd1, 0x9c,

    /* U+0405 "Ѕ" */
    0x0, 0x3e, 0xff, 0x5a, 0x80, 0x2a, 0x5, 0x91,
    0x74, 0x0, 0xa7, 0x93, 0x5d, 0x0, 0x1f, 0xf1,
    0x99, 0xc0, 0x3d, 0xc5, 0x1d, 0x2, 0x1, 0x16,
    0xc9, 0xbf, 0x98, 0x6, 0x6d, 0x91, 0xf0, 0xf,
    0x32, 0x18, 0x7, 0xcc, 0x20, 0x7f, 0x71, 0xd,
    0x29, 0x2, 0x56, 0x76, 0x1a, 0x70,

    /* U+0406 "І" */
    0x8f, 0x30, 0xf, 0xfe, 0xa8,

    /* U+0407 "Ї" */
    0x6d, 0x3e, 0x30, 0xe, 0x6d, 0x3e, 0x30, 0x7f,
    0x40, 0xf, 0xff, 0x60,

    /* U+0408 "Ј" */
    0x0, 0xa3, 0xcc, 0x3, 0xff, 0xea, 0x20, 0x11,
    0x81, 0x12, 0x6d, 0x10, 0x2, 0xca, 0xaa, 0x0,

    /* U+0409 "Љ" */
    0x0, 0x27, 0xff, 0xa8, 0x3, 0xf0, 0x82, 0xbb,
    0xc0, 0x1f, 0xfc, 0x9, 0x88, 0x48, 0x7, 0xf8,
    0xc0, 0x40, 0x3f, 0xf8, 0x22, 0x1, 0xe1, 0x21,
    0x0, 0xf7, 0x81, 0x80, 0x64, 0xde, 0xfb, 0x20,
    0x8, 0x40, 0x40, 0x31, 0xd5, 0x19, 0x30, 0x40,
    0x6, 0x1, 0xe6, 0x55, 0x4c, 0xa, 0x0, 0x18,
    0x80, 0x3f, 0x88, 0x8, 0x0, 0x6c, 0x1, 0xfd,
    0xe0, 0x55, 0xa1, 0xa0, 0x1c, 0xf5, 0x4d, 0x52,
    0x57, 0x26, 0x60, 0x7, 0x12, 0xa8, 0xdb, 0x0,

    /* U+040A "Њ" */
    0x7f, 0x40, 0xd, 0x9e, 0x1, 0xff, 0xf8, 0xbf,
    0xfc, 0x61, 0xfe, 0xeb, 0x30, 0x9, 0x5d, 0xf0,
    0x83, 0xb9, 0x11, 0x86, 0x0, 0xe8, 0x8c, 0x41,
    0x10, 0xab, 0x9, 0x0, 0xff, 0xe0, 0x20, 0x30,
    0x7, 0xff, 0x1, 0x1, 0x80, 0x3f, 0xa2, 0x15,
    0x61, 0x20, 0x1f, 0xce, 0xe4, 0x46, 0x18,

    /* U+040B "Ћ" */
    0xcf, 0xff, 0x9c, 0x1, 0x4e, 0xe0, 0x27, 0x79,
    0x0, 0xd, 0x12, 0xf, 0x11, 0x18, 0x7, 0xff,
    0x41, 0x33, 0xfd, 0x8a, 0x1, 0xc2, 0xce, 0xc5,
    0x48, 0x1, 0x96, 0xa2, 0x70, 0x38, 0x3, 0xf1,
    0xb, 0x0, 0x7f, 0xf5, 0x40,

    /* U+040C "Ќ" */
    0x0, 0xc3, 0xc, 0x1, 0xf5, 0x32, 0x0, 0x79,
    0x55, 0x84, 0x1, 0xe5, 0xe2, 0x0, 0xcf, 0xe8,
    0x1, 0x2f, 0xc0, 0x7, 0x86, 0xca, 0x0, 0x3d,
    0x3, 0xc0, 0x1e, 0x46, 0x61, 0x80, 0x7a, 0x46,
    0x40, 0x3a, 0xfc, 0xac, 0x3, 0xca, 0xc1, 0xc0,
    0x1e, 0xe9, 0x54, 0x50, 0xf, 0xac, 0x6c, 0x40,
    0x3c, 0x30, 0x30, 0x1, 0xf3, 0x1b, 0x18, 0x7,
    0xdc, 0x1c, 0x0,

    /* U+040D "Ѝ" */
    0x0, 0x9d, 0xc2, 0x1, 0xf2, 0x4d, 0x80, 0x7c,
    0x7a, 0x88, 0x0, 0xf8, 0xf9, 0x0, 0x27, 0xf4,
    0x0, 0xd3, 0xf6, 0x1, 0xe2, 0x60, 0xf, 0xd2,
    0x1, 0xf9, 0x52, 0x4, 0x3, 0xd6, 0x4e, 0x20,
    0x1d, 0x3, 0x0, 0x1c, 0xe2, 0xe8, 0xa0, 0x1e,
    0xb0, 0x90, 0xf, 0x22, 0xb9, 0x0, 0x7a, 0x46,
    0x0, 0x3e, 0x1b, 0x0, 0xfc, 0x6a, 0x1, 0xe0,

    /* U+040E "Ў" */
    0x0, 0x84, 0x0, 0x22, 0x0, 0xc9, 0xca, 0x1b,
    0xa0, 0xc, 0x8d, 0x5e, 0x5e, 0x1, 0xd3, 0xfd,
    0xc3, 0x0, 0x57, 0x98, 0x0, 0x40, 0x1f, 0x92,
    0x12, 0x1, 0x98, 0x24, 0xd1, 0x48, 0x2, 0xb1,
    0x50, 0x80, 0xb0, 0x1, 0x93, 0x0, 0xc, 0xcc,
    0x21, 0x21, 0x20, 0x14, 0x4, 0x8a, 0xa8, 0x40,
    0x24, 0x36, 0x60, 0x48, 0x7, 0x48, 0xc1, 0x18,
    0x7, 0x29, 0x5, 0x80, 0x78, 0x8a, 0x60, 0xd,
    0x15, 0x81, 0x20, 0x1c, 0x4a, 0x74, 0x80, 0x18,

    /* U+040F "Џ" */
    0x7f, 0x40, 0xc, 0xde, 0xa0, 0x1f, 0xff, 0xf0,
    0xf, 0xfe, 0x2f, 0x44, 0x6d, 0x0, 0xca, 0xef,
    0x90, 0x0, 0xff, 0xf0, 0x9f, 0xfc, 0xa0, 0x1f,
    0xfc, 0x29, 0xa0, 0xc,

    /* U+0410 "А" */
    0x0, 0xdb, 0xe8, 0x1, 0xf1, 0x90, 0x70, 0x7,
    0xd4, 0xc, 0xa0, 0x1f, 0x3a, 0x68, 0x30, 0x7,
    0x20, 0xea, 0xd, 0x0, 0x77, 0x3, 0x83, 0x98,
    0x80, 0x65, 0x41, 0xa, 0x6, 0x0, 0x94, 0x13,
    0xfd, 0x81, 0x40, 0x17, 0x3, 0xbe, 0x32, 0x30,
    0x14, 0x44, 0x47, 0x5, 0x83, 0x7, 0x0, 0x64,
    0x16, 0xa, 0x5, 0x0, 0xe6, 0x14,

    /* U+0411 "Б" */
    0x7f, 0xff, 0x40, 0x4, 0xae, 0xfb, 0x0, 0x2e,
    0x88, 0xc8, 0x1, 0xff, 0xc9, 0xbf, 0xf6, 0xb8,
    0x6, 0x57, 0x60, 0x8a, 0x0, 0xba, 0x27, 0x49,
    0x44, 0x3, 0xce, 0x6, 0x1, 0xe7, 0x3, 0x0,
    0x74, 0x4e, 0x93, 0x8, 0x1, 0x5d, 0xc3, 0x32,
    0x0,

    /* U+0412 "В" */
    0x8f, 0xfd, 0xb2, 0x40, 0x13, 0x43, 0xb3, 0x30,
    0x2, 0xa7, 0x8b, 0x51, 0x30, 0xf, 0x18, 0x6,
    0x61, 0x25, 0x64, 0x30, 0x5, 0x76, 0xd2, 0xd8,
    0x5, 0x17, 0x4e, 0xba, 0x20, 0x4, 0x42, 0xc4,
    0x93, 0x0, 0x79, 0x43, 0x80, 0x3d, 0x61, 0xc0,
    0xa, 0x77, 0x53, 0x8b, 0x0, 0x1a, 0x20, 0x8b,
    0x82,

    /* U+0413 "Г" */
    0x7f, 0xff, 0x0, 0x15, 0xdf, 0x0, 0x3a, 0x23,
    0x0, 0x7f, 0xfc, 0xc0,

    /* U+0414 "Д" */
    0x0, 0xbb, 0xff, 0xc6, 0x1, 0xc4, 0xef, 0x18,
    0x7, 0x85, 0x22, 0x2b, 0x0, 0xf8, 0x40, 0x3f,
    0x84, 0x3, 0xfe, 0x30, 0xf0, 0xf, 0xe6, 0x2,
    0x0, 0xfe, 0x20, 0x60, 0xf, 0xec, 0x3, 0x0,
    0xfc, 0x4a, 0xa0, 0xf, 0xcf, 0xc0, 0x8, 0x8d,
    0x61, 0x2d, 0x46, 0xa, 0xef, 0x8c, 0x17, 0x40,
    0xbf, 0xff, 0x0, 0x7f, 0xf0, 0xaa, 0x80, 0x1f,
    0x9f, 0x40,

    /* U+0415 "Е" */
    0x8f, 0xff, 0x0, 0x15, 0xdf, 0x0, 0x26, 0x23,
    0x0, 0x7f, 0xf1, 0x33, 0xfe, 0xb0, 0x2, 0xbb,
    0xdc, 0x0, 0x98, 0x89, 0x40, 0x3f, 0xf8, 0x93,
    0x11, 0x80, 0xa, 0xef, 0x80,

    /* U+0416 "Ж" */
    0x4f, 0x70, 0x9, 0xbd, 0x0, 0x2a, 0xf3, 0x45,
    0x82, 0x0, 0xf8, 0xd5, 0x8c, 0x2c, 0x24, 0x3,
    0xee, 0x19, 0x0, 0xc, 0xa2, 0x80, 0x73, 0x95,
    0x80, 0x66, 0x3b, 0x10, 0x8, 0xa1, 0x14, 0x3,
    0xbc, 0x7a, 0x42, 0xf4, 0x24, 0x3, 0xd4, 0xc,
    0x80, 0xaa, 0x5, 0x0, 0xe3, 0x64, 0x9d, 0xe,
    0xa2, 0x81, 0x0, 0xde, 0x12, 0x1, 0xd2, 0x16,
    0x1, 0x31, 0xb9, 0x0, 0x72, 0x2a, 0x90, 0x6,
    0x6, 0x0, 0x3e, 0xb0, 0x90, 0xb1, 0xb0, 0xf,
    0xc3, 0x5, 0x0,

    /* U+0417 "З" */
    0x18, 0xde, 0xfd, 0x70, 0x0, 0xb3, 0x1d, 0x82,
    0x28, 0x1, 0xd7, 0x32, 0xd2, 0x50, 0xf, 0x84,
    0x40, 0x10, 0x91, 0xc9, 0xc0, 0x5, 0xfb, 0x8d,
    0x2c, 0x1, 0x55, 0x25, 0x66, 0x40, 0x12, 0x2b,
    0x52, 0xb1, 0x80, 0x7b, 0x41, 0x40, 0x3d, 0x80,
    0x4b, 0xd5, 0x13, 0xa8, 0x93, 0xaa, 0x3b, 0x86,
    0x6c, 0x0,

    /* U+0418 "И" */
    0x7f, 0x40, 0xd, 0x3f, 0x60, 0x1e, 0x26, 0x0,
    0xfd, 0x20, 0x1f, 0x95, 0x20, 0x40, 0x3d, 0x64,
    0xe2, 0x1, 0xd0, 0x30, 0x1, 0xce, 0x2e, 0x8a,
    0x1, 0xeb, 0x9, 0x0, 0xf2, 0x2b, 0x90, 0x7,
    0xa4, 0x60, 0x3, 0xe1, 0xb0, 0xf, 0xc6, 0xa0,
    0x1e,

    /* U+0419 "Й" */
    0x0, 0x84, 0x0, 0x22, 0x0, 0xcd, 0xc6, 0x3f,
    0x60, 0x19, 0x93, 0x38, 0xe0, 0x3, 0xaf, 0xb9,
    0xa4, 0x0, 0x7f, 0x40, 0x11, 0x4, 0xfd, 0x80,
    0x78, 0x98, 0x3, 0xf4, 0x80, 0x7e, 0x54, 0x81,
    0x0, 0xf5, 0x93, 0x88, 0x7, 0x40, 0xc0, 0x7,
    0x38, 0xba, 0x28, 0x7, 0xac, 0x24, 0x3, 0xc8,
    0xae, 0x40, 0x1e, 0x91, 0x80, 0xf, 0x86, 0xc0,
    0x3f, 0x1a, 0x80, 0x78,

    /* U+041A "К" */
    0x7f, 0x40, 0x9, 0x7e, 0x0, 0x3c, 0x36, 0x50,
    0x1, 0xe8, 0x1e, 0x0, 0xf2, 0x33, 0xc, 0x3,
    0xd2, 0x32, 0x1, 0xd7, 0xe5, 0x60, 0x1e, 0x56,
    0xe, 0x0, 0xf7, 0x4a, 0xa2, 0x80, 0x7d, 0x63,
    0x62, 0x1, 0xe1, 0x81, 0x80, 0xf, 0x98, 0xd8,
    0xc0, 0x3e, 0xe0, 0xe0,

    /* U+041B "Л" */
    0x0, 0x27, 0xff, 0xb4, 0x0, 0x20, 0xae, 0xf0,
    0x6, 0x30, 0x98, 0x88, 0x40, 0x38, 0x40, 0x3e,
    0x10, 0xf, 0xef, 0x3, 0x0, 0xf8, 0x40, 0x40,
    0x3e, 0x30, 0xf, 0xe6, 0x20, 0xf, 0x84, 0xd8,
    0x3, 0xd5, 0x81, 0xa0, 0x1e, 0x73, 0x66, 0x0,
    0x78,

    /* U+041C "М" */
    0x7f, 0xf1, 0x0, 0x73, 0xff, 0x88, 0x2, 0x50,
    0xe, 0xa0, 0xe, 0x4a, 0x0, 0xc4, 0x44, 0x0,
    0xda, 0x44, 0x0, 0xa8, 0x4c, 0x3, 0x20, 0x50,
    0x4, 0xae, 0x1, 0xc6, 0x8a, 0x0, 0x32, 0xa0,
    0xf, 0x71, 0x18, 0x50, 0x98, 0x7, 0x94, 0x2c,
    0x1d, 0x80, 0x3f, 0x2b, 0x20, 0xd8, 0x7, 0xef,
    0x19, 0x23, 0x0, 0xfc, 0xa0, 0x4a, 0x1, 0xfe,
    0x50, 0xa0, 0xe,

    /* U+041D "Н" */
    0x7f, 0x40, 0xc, 0x7f, 0x0, 0x1f, 0xfd, 0xeb,
    0xff, 0xd8, 0x1, 0x95, 0xdf, 0x28, 0x6, 0xe8,
    0x8d, 0x20, 0x1f, 0xfd, 0xe0,

    /* U+041E "О" */
    0x0, 0x96, 0xfb, 0xf5, 0xc0, 0x3a, 0x29, 0x5d,
    0xc3, 0x18, 0x1, 0x23, 0x9f, 0x4c, 0x63, 0x9c,
    0x0, 0x3c, 0x38, 0x3, 0x40, 0xb8, 0x1, 0x4,
    0x80, 0x39, 0x0, 0xc0, 0x4, 0x1, 0xe2, 0x7,
    0x0, 0xff, 0xe0, 0x89, 0x0, 0x78, 0x81, 0x81,
    0x4, 0x80, 0x39, 0x4, 0x83, 0x83, 0x80, 0x34,
    0xb, 0x0, 0x11, 0xcf, 0xa6, 0x31, 0xce, 0x0,
    0x28, 0xa2, 0x77, 0xc, 0x60, 0x0,

    /* U+041F "П" */
    0x7f, 0xff, 0xca, 0x0, 0x57, 0x7c, 0x80, 0x1b,
    0xa2, 0x36, 0x80, 0x7f, 0xff, 0xc0, 0x3f, 0xf8,
    0xa0,

    /* U+0420 "Р" */
    0x8f, 0xfd, 0x8a, 0x1, 0x34, 0x31, 0xd2, 0x80,
    0x29, 0xe7, 0x42, 0x0, 0x38, 0x8a, 0x0, 0xf1,
    0x90, 0x6, 0x2a, 0x15, 0x0, 0x67, 0xea, 0xa4,
    0x0, 0x1a, 0x27, 0x2c, 0x2, 0xa7, 0x63, 0x0,
    0xff, 0xe7, 0x0,

    /* U+0421 "С" */
    0x0, 0x8e, 0xbb, 0xfa, 0x8c, 0x0, 0xf8, 0xa8,
    0xe8, 0xae, 0x7, 0x5, 0xd5, 0x15, 0xe8, 0x12,
    0x12, 0x20, 0x1e, 0x40, 0x40, 0xf, 0x84, 0x80,
    0x3f, 0x84, 0x3, 0xf8, 0x80, 0x3f, 0x20, 0x98,
    0x7, 0xdc, 0x1c, 0x20, 0x1e, 0x56, 0x2e, 0xa8,
    0xad, 0x50, 0x4, 0xd1, 0xab, 0xa3, 0x38,

    /* U+0422 "Т" */
    0xcf, 0xff, 0xb2, 0x9d, 0xc8, 0x8, 0xee, 0xa6,
    0x88, 0x68, 0x74, 0x41, 0x80, 0x3f, 0xff, 0xe0,
    0x1e,

    /* U+0423 "У" */
    0xaf, 0x30, 0xe, 0xfc, 0x90, 0x90, 0xc, 0xc1,
    0x26, 0x8a, 0x40, 0x15, 0x8a, 0x84, 0x5, 0x80,
    0xc, 0x98, 0x0, 0x66, 0x61, 0x9, 0x9, 0x0,
    0xa0, 0x24, 0x55, 0x42, 0x1, 0x21, 0xb3, 0x2,
    0x40, 0x3a, 0x46, 0x8, 0xc0, 0x39, 0x48, 0x2c,
    0x3, 0xc4, 0x53, 0x0, 0x68, 0xac, 0x9, 0x0,
    0xe2, 0x53, 0xa4, 0x0, 0xc0,

    /* U+0424 "Ф" */
    0x0, 0xe1, 0xf9, 0x0, 0xff, 0x18, 0x7, 0xf1,
    0xdf, 0xe8, 0x37, 0xf4, 0x0, 0x49, 0x8b, 0x12,
    0x9, 0x2a, 0xf8, 0x0, 0x90, 0xf7, 0x70, 0x13,
    0x5b, 0x1a, 0x89, 0x28, 0x80, 0x7a, 0x83, 0x0,
    0x3f, 0xc2, 0x0, 0x11, 0x20, 0x7, 0xca, 0x1e,
    0x12, 0x38, 0xaa, 0x3, 0x34, 0x40, 0x98, 0x1e,
    0xa, 0xac, 0x17, 0x1d, 0x30, 0x2, 0x7e, 0xca,
    0x4, 0xbe, 0xb1, 0x0, 0xe3, 0x40, 0x24, 0x10,
    0x8,

    /* U+0425 "Х" */
    0x6f, 0x70, 0xd, 0x7e, 0x4c, 0x70, 0x20, 0x4,
    0x43, 0x90, 0x70, 0x58, 0x2, 0x46, 0x0, 0x4,
    0xea, 0x8e, 0x54, 0x1, 0xa0, 0x66, 0x11, 0x0,
    0x1d, 0x64, 0x12, 0x1, 0xec, 0x0, 0x38, 0x7,
    0x1b, 0x39, 0x58, 0x7, 0x78, 0xc4, 0x8c, 0x80,
    0x4c, 0x76, 0x8, 0x86, 0x30, 0x18, 0x35, 0x0,
    0x48, 0x78, 0x58, 0xf8, 0x4, 0x4e, 0x6c,

    /* U+0426 "Ц" */
    0x7f, 0x40, 0xc, 0xde, 0x80, 0x1f, 0xff, 0xf0,
    0xf, 0xfe, 0x7f, 0x44, 0x6d, 0xe, 0x70, 0x2,
    0xbb, 0xe4, 0x5, 0xa7, 0xff, 0xfc, 0x40, 0x1f,
    0xfc, 0x9a, 0xa0,

    /* U+0427 "Ч" */
    0xde, 0x0, 0xc9, 0xee, 0x1, 0xff, 0xcf, 0x61,
    0x0, 0xf8, 0xc2, 0x44, 0xb, 0x0, 0x12, 0x4d,
    0xdf, 0xae, 0x0, 0x1d, 0xb8, 0x85, 0xd0, 0x6,
    0x47, 0x72, 0x8, 0x7, 0xff, 0x44,

    /* U+0428 "Ш" */
    0x8f, 0x30, 0xa, 0x3c, 0xc0, 0x28, 0xf3, 0x0,
    0xff, 0xff, 0x80, 0x7f, 0xfc, 0xa6, 0x22, 0x40,
    0x98, 0x89, 0x0, 0x32, 0xbb, 0xc6, 0xa, 0xef,
    0x18, 0x0,

    /* U+0429 "Щ" */
    0x8f, 0x30, 0xa, 0xbc, 0x40, 0x2c, 0xf0, 0xf,
    0xff, 0xf8, 0x7, 0xff, 0xf6, 0x62, 0x27, 0x8,
    0x8c, 0x41, 0x8, 0x0, 0x57, 0x78, 0x81, 0x9d,
    0xe1, 0x7, 0xc8, 0xff, 0xff, 0xe0, 0x60, 0x7,
    0xff, 0x4c, 0x9b, 0x0,

    /* U+042A "Ъ" */
    0xcf, 0xfa, 0x80, 0x3d, 0x4e, 0xe0, 0xf, 0xcd,
    0x12, 0x1, 0xff, 0xcb, 0x78, 0x75, 0x10, 0xf,
    0x13, 0xc5, 0x73, 0x80, 0x72, 0xff, 0xac, 0x60,
    0x80, 0x3e, 0x48, 0x4, 0x0, 0xfc, 0x60, 0x20,
    0x1f, 0xbc, 0xc, 0x3, 0x3c, 0x43, 0x14, 0xd0,
    0x3, 0x13, 0xb8, 0x5f, 0x40,

    /* U+042B "Ы" */
    0x7f, 0x30, 0xf, 0x2f, 0xb0, 0x7, 0xff, 0x69,
    0x88, 0x40, 0x3f, 0xab, 0x7b, 0x90, 0x1, 0xf4,
    0x54, 0x93, 0xc8, 0x7, 0x8d, 0x5b, 0x5, 0x80,
    0x3f, 0xca, 0x1, 0xfe, 0x15, 0x10, 0xf, 0x74,
    0x4f, 0x8c, 0x80, 0x79, 0x5d, 0x8a, 0x9c, 0x3,
    0x0,

    /* U+042C "Ь" */
    0x7f, 0x40, 0xf, 0xfe, 0xbf, 0x3b, 0x90, 0x3,
    0x96, 0x21, 0x7a, 0x40, 0x15, 0xff, 0x41, 0x70,
    0x7, 0xb, 0x99, 0x80, 0x3e, 0x70, 0x10, 0xe,
    0x15, 0x11, 0x0, 0x3a, 0x27, 0xc6, 0x0, 0x25,
    0x77, 0x2d, 0xb0, 0x0,

    /* U+042D "Э" */
    0x18, 0xdf, 0xf6, 0xb8, 0x4, 0x2e, 0x2c, 0xc0,
    0x8c, 0x10, 0x7, 0xe4, 0xcb, 0x5c, 0xec, 0x3,
    0xe8, 0x35, 0x10, 0xf, 0x90, 0x10, 0x1, 0x9f,
    0xf9, 0xc0, 0xc0, 0x14, 0xef, 0x90, 0x3, 0x34,
    0x46, 0x30, 0x20, 0xf, 0x94, 0x10, 0x3, 0xd0,
    0x4c, 0x5, 0xd5, 0x15, 0xae, 0x70, 0x6, 0x88,
    0x75, 0x18, 0xc1, 0x0,

    /* U+042E "Ю" */
    0x7f, 0x40, 0x9, 0x2f, 0xfd, 0xae, 0x1, 0xf9,
    0xed, 0xe6, 0x4f, 0x16, 0x1, 0xe2, 0x84, 0xc6,
    0x65, 0x3a, 0x30, 0x7, 0x50, 0x40, 0x6, 0x80,
    0xa0, 0xe, 0x40, 0x30, 0xe, 0x33, 0x0, 0x57,
    0xe6, 0x20, 0x1e, 0x70, 0x10, 0x2, 0xb8, 0x80,
    0x7f, 0xf0, 0x3a, 0x8, 0x40, 0x3c, 0xc0, 0x20,
    0x19, 0x1, 0x0, 0x30, 0x91, 0x80, 0x75, 0x4,
    0x0, 0x6b, 0xa, 0x0, 0xe2, 0x83, 0xe9, 0x8d,
    0x54, 0x60, 0xf, 0x3d, 0x13, 0x38, 0x45, 0x80,
    0x0,

    /* U+042F "Я" */
    0x0, 0x1d, 0x77, 0xfd, 0xc0, 0x78, 0xaf, 0x10,
    0x10, 0x4, 0x6, 0x4b, 0xb8, 0xc0, 0xe, 0x6,
    0x1, 0xe7, 0x2, 0x0, 0xf7, 0x87, 0xa1, 0x10,
    0x2, 0x49, 0x3b, 0xdd, 0x10, 0x4, 0xca, 0x13,
    0x42, 0x1, 0x2a, 0x3b, 0x29, 0x80, 0x6, 0xc6,
    0x0, 0x3a, 0xc6, 0xc0, 0x39, 0x15, 0x14, 0x3,
    0x80,

    /* U+0430 "а" */
    0x4, 0xbe, 0xfd, 0x70, 0x8, 0x66, 0x4f, 0xe,
    0x9, 0x4e, 0xd4, 0x38, 0x3, 0x3b, 0xfe, 0x16,
    0xc, 0x6b, 0xcd, 0x10, 0x32, 0x66, 0x19, 0x0,
    0x1c, 0x4, 0x0, 0x62, 0xa, 0xc, 0xee, 0xd1,
    0x1, 0xb3, 0x8a, 0xa4, 0x80,

    /* U+0431 "б" */
    0x0, 0xff, 0xe0, 0xb, 0x56, 0xf9, 0x80, 0x13,
    0xa5, 0x19, 0x82, 0x5, 0x67, 0xbd, 0x72, 0x41,
    0x63, 0xa4, 0x1, 0xce, 0x8d, 0xdf, 0x88, 0x2,
    0x24, 0xa9, 0x72, 0xb2, 0x30, 0x1c, 0x78, 0xd0,
    0x80, 0x2, 0x8, 0x0, 0xc5, 0x80, 0x2, 0x1,
    0x8c, 0x88, 0xc, 0x1, 0x88, 0x80, 0x86, 0x40,
    0x5, 0x4, 0x8, 0xc, 0x78, 0xa1, 0x90, 0x3c,
    0x28, 0x65, 0xf1,

    /* U+0432 "в" */
    0xbf, 0xfb, 0xb0, 0xc0, 0x2a, 0xa4, 0x96, 0x0,
    0x4a, 0xa7, 0x60, 0x20, 0xc, 0x4a, 0x24, 0x0,
    0xff, 0x69, 0xe8, 0x5, 0x98, 0xa2, 0xc2, 0x0,
    0x19, 0x96, 0x41, 0x40, 0xa, 0xa6, 0x80, 0x40,
    0x5, 0x52, 0x46, 0x8c,

    /* U+0433 "г" */
    0xaf, 0xfd, 0xa0, 0x8, 0x8a, 0xc0, 0xe, 0xf3,
    0x0, 0x7f, 0xf6, 0x0,

    /* U+0434 "д" */
    0x0, 0x57, 0xff, 0x30, 0x6, 0x19, 0x93, 0x0,
    0x70, 0x93, 0x33, 0x40, 0x39, 0xdc, 0x1, 0xf8,
    0x84, 0x3, 0xf0, 0x90, 0x7, 0xca, 0x16, 0x1,
    0xe5, 0x80, 0x56, 0x66, 0x86, 0x24, 0x10, 0x4c,
    0xcc, 0xb, 0xe0, 0x7f, 0xfe, 0x10, 0xf, 0xfa,
    0x7c, 0x3, 0xd5, 0x0,

    /* U+0435 "е" */
    0x0, 0x2e, 0x7f, 0x40, 0x4, 0xb4, 0x12, 0xee,
    0x80, 0x5, 0x8e, 0x34, 0xa3, 0x81, 0xa, 0x8,
    0xc6, 0x4, 0x20, 0xbd, 0xd3, 0x83, 0x8, 0x2d,
    0xdf, 0x29, 0xb, 0xa2, 0x70, 0x85, 0x96, 0xc3,
    0xcd, 0x80, 0x16, 0xc5, 0xe1, 0x30, 0x0,

    /* U+0436 "ж" */
    0x5f, 0x60, 0x4, 0x79, 0x0, 0x33, 0x85, 0x52,
    0x4, 0x3, 0x94, 0xec, 0x42, 0x46, 0x0, 0x3a,
    0xd1, 0x40, 0x5, 0xc, 0x80, 0x1, 0x91, 0x90,
    0xc, 0xe1, 0x6e, 0x18, 0xca, 0x40, 0x1a, 0x2,
    0x14, 0x25, 0x14, 0xc0, 0x23, 0x75, 0x72, 0x4,
    0xa1, 0xe0, 0xb, 0x86, 0xc0, 0x30, 0xc1, 0x40,
    0x41, 0x58, 0x80, 0x73, 0x23, 0x98,

    /* U+0437 "з" */
    0x2a, 0xef, 0xe9, 0x10, 0x36, 0x64, 0xbb, 0x50,
    0xe, 0x43, 0x49, 0xa8, 0x4, 0x22, 0x53, 0x40,
    0x1, 0x77, 0x29, 0x28, 0x0, 0x57, 0x69, 0x5c,
    0x0, 0x91, 0xc, 0xe6, 0x4b, 0x4e, 0xd0, 0xc2,
    0x42, 0xd3, 0x26, 0x5c, 0x0,

    /* U+0438 "и" */
    0xaf, 0x0, 0x9f, 0xf4, 0x3, 0xc, 0x0, 0x7a,
    0x4, 0x80, 0x31, 0x34, 0x88, 0x6, 0x82, 0x70,
    0xc, 0x6b, 0x0, 0x20, 0x1, 0xf3, 0x50, 0xc,
    0x27, 0xe0, 0x1e, 0x53, 0x0, 0xc0,

    /* U+0439 "й" */
    0x3, 0x70, 0x3, 0x28, 0x1, 0xe1, 0x6, 0x48,
    0x0, 0x8d, 0x7c, 0x8e, 0x1, 0x4f, 0xf5, 0x80,
    0x2b, 0xc0, 0x2, 0xff, 0xa0, 0x18, 0x60, 0x3,
    0xd0, 0x24, 0x1, 0x89, 0xa4, 0x40, 0x34, 0x13,
    0x80, 0x63, 0x58, 0x1, 0x0, 0xf, 0x9a, 0x80,
    0x61, 0x3f, 0x0, 0xf2, 0x98, 0x6,

    /* U+043A "к" */
    0xaf, 0x0, 0xa3, 0xcc, 0x3, 0x13, 0xb1, 0x80,
    0x6e, 0x19, 0x0, 0x89, 0xce, 0xc0, 0x36, 0xc1,
    0x28, 0x6, 0xa6, 0x26, 0x0, 0xcb, 0x25, 0x22,
    0x1, 0xdc, 0x14, 0x1, 0xc7, 0x8, 0xe0,

    /* U+043B "л" */
    0x0, 0x6f, 0xff, 0x20, 0x0, 0xcd, 0x10, 0x50,
    0xc, 0x2a, 0xee, 0xd0, 0xe, 0x10, 0xf, 0x8,
    0x78, 0x7, 0x8c, 0x8, 0x3, 0xce, 0xc, 0x1,
    0xd1, 0x0, 0x30, 0xe, 0x63, 0xa0, 0xf, 0x0,

    /* U+043C "м" */
    0xaf, 0xd0, 0xc, 0x7f, 0xe4, 0x0, 0x12, 0x0,
    0x54, 0x1, 0x88, 0x9c, 0x1, 0x32, 0x0, 0x47,
    0x4a, 0x0, 0x60, 0xd0, 0xc, 0xc0, 0xc1, 0x48,
    0x40, 0x18, 0x52, 0x88, 0xfc, 0x3, 0xdc, 0x72,
    0x28, 0x1, 0xe5, 0x14, 0x60, 0xf, 0xce, 0x14,
    0x1, 0x80,

    /* U+043D "н" */
    0xaf, 0x0, 0xdf, 0x60, 0x1f, 0xfc, 0x62, 0x11,
    0x80, 0x36, 0xf7, 0x40, 0x1a, 0xae, 0xe0, 0xc,
    0xa8, 0x90, 0x7, 0xff, 0x18,

    /* U+043E "о" */
    0x0, 0x2e, 0x7f, 0x50, 0x80, 0x1a, 0x82, 0x19,
    0x7c, 0x42, 0x7, 0x1e, 0x28, 0x64, 0x85, 0xc0,
    0x25, 0x4, 0x10, 0x10, 0xc, 0x23, 0x0, 0x80,
    0x61, 0x11, 0xb, 0x80, 0x4a, 0x8, 0x16, 0x38,
    0xf1, 0x43, 0x20, 0xb6, 0x10, 0xcb, 0x82,

    /* U+043F "п" */
    0xaf, 0xff, 0x48, 0x2, 0x26, 0x4e, 0x1, 0x9d,
    0x99, 0x40, 0x1f, 0xfe, 0x60,

    /* U+0440 "р" */
    0xad, 0x3d, 0xfe, 0x60, 0x8, 0xb6, 0xe8, 0xa5,
    0x80, 0x2b, 0x65, 0xd0, 0xb0, 0x9, 0x0, 0x2,
    0x84, 0x1, 0xf0, 0x80, 0x80, 0xc, 0x2, 0x60,
    0x10, 0x2, 0x80, 0x8, 0xc8, 0x2, 0x89, 0x7f,
    0x8, 0x0, 0xad, 0x20, 0x25, 0x40, 0x24, 0xdf,
    0xd6, 0x0, 0xff, 0xe8, 0x80,

    /* U+0441 "с" */
    0x0, 0x26, 0x7f, 0xb0, 0x81, 0x6c, 0x9e, 0x1c,
    0xc2, 0xc3, 0xe1, 0xec, 0x48, 0x54, 0x40, 0x30,
    0x81, 0x0, 0x7c, 0x20, 0x1c, 0x60, 0xe2, 0x1,
    0xd0, 0x3f, 0xf, 0x44, 0xf, 0x44, 0xf0, 0xc6,

    /* U+0442 "т" */
    0xcf, 0xff, 0x34, 0xcc, 0x7, 0x32, 0x45, 0x66,
    0x3, 0x34, 0x40, 0x1f, 0xfe, 0x40,

    /* U+0443 "у" */
    0xcf, 0x0, 0xd1, 0xe9, 0x40, 0xa0, 0x12, 0x8a,
    0x38, 0x70, 0x0, 0xc9, 0x80, 0x55, 0x4, 0x2c,
    0x28, 0x1, 0xc0, 0xe0, 0xa6, 0x40, 0x4, 0x1d,
    0x32, 0xb0, 0xc, 0xc9, 0x60, 0xc0, 0x1a, 0x81,
    0xd0, 0x40, 0x31, 0x20, 0x70, 0x7, 0xe5, 0x0,
    0xe2, 0x46, 0x0, 0xcd, 0x38, 0x30, 0x1, 0xb1,
    0x8b, 0x44, 0x3, 0x0,

    /* U+0444 "ф" */
    0x0, 0xe6, 0x70, 0xf, 0xf5, 0x48, 0x7, 0xff,
    0x4c, 0xef, 0x8c, 0x7f, 0x10, 0x2, 0x4c, 0x59,
    0x21, 0x81, 0xb6, 0x0, 0x48, 0x7b, 0xb1, 0xbe,
    0x8c, 0x81, 0x11, 0x44, 0x3, 0x98, 0x10, 0x40,
    0x80, 0x3d, 0xc0, 0x22, 0x2, 0x0, 0xf7, 0x0,
    0x91, 0x14, 0x40, 0x39, 0x81, 0x2, 0x43, 0xdd,
    0x8d, 0xf4, 0x64, 0x0, 0x98, 0xb0, 0x43, 0x3,
    0x6c, 0x1, 0x1d, 0xf9, 0x8f, 0xe2, 0x0, 0x7f,
    0xf6, 0x80,

    /* U+0445 "х" */
    0x6f, 0x80, 0x0, 0xf6, 0x83, 0x1b, 0x90, 0x58,
    0xf0, 0x3, 0x83, 0x91, 0x5c, 0xc0, 0x5, 0x27,
    0x65, 0x0, 0x19, 0x80, 0x14, 0x1, 0xd0, 0x5,
    0x22, 0x1, 0x1b, 0xb7, 0x8d, 0x0, 0x5c, 0x30,
    0x4e, 0x8a, 0x10, 0x56, 0x21, 0x5, 0x62,

    /* U+0446 "ц" */
    0xbf, 0x0, 0x8b, 0xe0, 0x3, 0xff, 0xda, 0xec,
    0xca, 0x3, 0x50, 0x4, 0x4c, 0x9c, 0x12, 0x2f,
    0xff, 0xc4, 0x1, 0xff, 0xc5, 0xee, 0x0,

    /* U+0447 "ч" */
    0xf, 0xa0, 0x9, 0xbd, 0x40, 0x3f, 0xf9, 0x2,
    0x1, 0xf1, 0xa2, 0x91, 0xe0, 0x5, 0xe3, 0x5b,
    0x8a, 0x1, 0x1f, 0x65, 0xec, 0x80, 0x71, 0xa1,
    0x0, 0x7f, 0xf0, 0x0,

    /* U+0448 "ш" */
    0xbf, 0x0, 0xa3, 0xc8, 0x0, 0xde, 0x80, 0x1f,
    0xff, 0xf0, 0xe, 0x66, 0x8c, 0x15, 0x99, 0x80,
    0x1a, 0x66, 0x40, 0x89, 0x92, 0x80, 0x0,

    /* U+0449 "щ" */
    0xaf, 0x0, 0xa7, 0xc4, 0x1, 0x1e, 0x40, 0x1f,
    0xff, 0xf0, 0xf, 0xfe, 0x3, 0x34, 0xa0, 0xcd,
    0x18, 0x51, 0x80, 0x26, 0x63, 0x8, 0x99, 0x20,
    0x3a, 0x57, 0xff, 0xfb, 0x40, 0x3f, 0xf9, 0xe5,
    0x6a,

    /* U+044A "ъ" */
    0xcf, 0xf9, 0x0, 0x3a, 0x64, 0xa0, 0x1f, 0x2b,
    0x60, 0x8, 0x80, 0x3f, 0x57, 0x7e, 0xa8, 0x7,
    0x45, 0xc8, 0x51, 0x0, 0x63, 0x46, 0x80, 0x40,
    0xf, 0xfe, 0x16, 0x33, 0xd8, 0xb8, 0x6, 0x79,
    0x92, 0xe8, 0x80,

    /* U+044B "ы" */
    0xaf, 0x0, 0xf3, 0xfa, 0x0, 0x7f, 0xf0, 0x48,
    0x40, 0x3f, 0xb7, 0xbe, 0xc8, 0x3, 0xd5, 0x70,
    0x9e, 0x1, 0xe5, 0x47, 0x52, 0x10, 0xf, 0xc2,
    0x1, 0xf3, 0x32, 0x51, 0x2, 0x1, 0xd3, 0x27,
    0x6a, 0x0, 0xc0,

    /* U+044C "ь" */
    0xaf, 0x0, 0xff, 0xe2, 0x10, 0x80, 0x7b, 0x7b,
    0xec, 0x80, 0x2a, 0xb8, 0x4c, 0x0, 0x95, 0x1d,
    0x84, 0x80, 0x38, 0xc0, 0x33, 0x32, 0x54, 0xc8,
    0x1, 0x32, 0x76, 0xd0,

    /* U+044D "э" */
    0x2b, 0xef, 0xd5, 0x0, 0x10, 0x4c, 0x5, 0x38,
    0x2, 0xdd, 0xda, 0x30, 0x1, 0x8, 0xce, 0x6,
    0xd, 0xdd, 0x30, 0x38, 0x3d, 0xdc, 0xa0, 0xe0,
    0x28, 0x93, 0x81, 0xa4, 0xbb, 0xb4, 0xa4, 0x1d,
    0x62, 0x3, 0x4c, 0x0,

    /* U+044E "ю" */
    0xaf, 0x0, 0x9f, 0x7f, 0x54, 0x3, 0xd1, 0x5,
    0xa7, 0xa6, 0x0, 0xc2, 0xed, 0xb, 0x47, 0x0,
    0x11, 0x38, 0x60, 0x4, 0x82, 0x40, 0xd, 0x90,
    0x10, 0xb, 0xc1, 0x80, 0x14, 0xe0, 0x20, 0x17,
    0x83, 0x80, 0x16, 0x83, 0xc0, 0x25, 0x13, 0x0,
    0x89, 0x55, 0x4f, 0x85, 0x20, 0x1d, 0x4e, 0xe8,
    0x19, 0x70,

    /* U+044F "я" */
    0x1, 0xae, 0xff, 0xc2, 0x1a, 0xad, 0x54, 0x30,
    0x8, 0xcd, 0xa, 0xa6, 0x0, 0x88, 0xd0, 0x44,
    0x1, 0xb8, 0xaf, 0xb8, 0xa0, 0x11, 0xd8, 0x3d,
    0xa0, 0x4, 0x30, 0x50, 0x82, 0x1, 0x58, 0xc8,
    0x7, 0x1a, 0xa9, 0x0, 0x38,

    /* U+0450 "ѐ" */
    0x0, 0x24, 0x20, 0x7, 0x90, 0xe8, 0x40, 0x3d,
    0x6b, 0x40, 0x1f, 0x5d, 0x80, 0x39, 0x73, 0xfa,
    0x0, 0x25, 0xa0, 0x97, 0x74, 0x0, 0x2c, 0x71,
    0xa5, 0x1c, 0x8, 0x50, 0x46, 0x30, 0x21, 0x5,
    0xee, 0x9c, 0x18, 0x41, 0x6e, 0xf9, 0x48, 0x5d,
    0x13, 0x84, 0x2c, 0xb6, 0x1e, 0x6c, 0x0, 0xb6,
    0x2f, 0x9, 0x80,

    /* U+0451 "ё" */
    0x0, 0x46, 0x83, 0xe8, 0x6, 0xe7, 0x1, 0x60,
    0xc, 0xd4, 0xd, 0x60, 0x19, 0x73, 0xfa, 0x0,
    0x25, 0xa0, 0x97, 0x74, 0x0, 0x2c, 0x71, 0xa5,
    0x1c, 0x8, 0x50, 0x46, 0x30, 0x21, 0x5, 0xee,
    0x9c, 0x18, 0x41, 0x6e, 0xf9, 0x48, 0x5d, 0x13,
    0x84, 0x2c, 0xb6, 0x1e, 0x6c, 0x0, 0xb6, 0x2f,
    0x9, 0x80,

    /* U+0452 "ђ" */
    0x4, 0x70, 0xf, 0xba, 0x8, 0x40, 0x37, 0xa8,
    0x6f, 0x78, 0x5, 0x88, 0x17, 0x6c, 0x0, 0x8c,
    0x40, 0x11, 0x9a, 0xe0, 0x1a, 0x9a, 0x2, 0x14,
    0x2, 0x6a, 0x7c, 0xf, 0x0, 0xac, 0x0, 0x22,
    0x60, 0x8, 0x80, 0x3f, 0xfb, 0xd5, 0xe2, 0x1,
    0xff, 0xc0, 0x17, 0x0, 0xc6, 0xf6, 0x18, 0x1,
    0x9a, 0x55, 0x9c,

    /* U+0453 "ѓ" */
    0x0, 0x8a, 0x14, 0x2, 0xf5, 0x40, 0x4, 0x6,
    0x8, 0x2, 0x34, 0x42, 0xbf, 0xf6, 0x80, 0x22,
    0x2b, 0x0, 0x3b, 0xcc, 0x1, 0xff, 0xd8,

    /* U+0454 "є" */
    0x0, 0x26, 0x7f, 0x61, 0x2, 0xd9, 0x3c, 0xb9,
    0x85, 0x8f, 0xc3, 0xd8, 0x90, 0xa0, 0x8, 0x80,
    0x2, 0xb, 0xdd, 0x38, 0x4, 0xb7, 0x73, 0x1,
    0x83, 0xa2, 0x42, 0x0, 0x82, 0xd8, 0x79, 0x20,
    0x7a, 0x17, 0x85, 0x30,

    /* U+0455 "ѕ" */
    0x4, 0xcf, 0xec, 0x52, 0xb0, 0x99, 0x31, 0xb0,
    0x53, 0x3d, 0x32, 0x8c, 0xc1, 0x0, 0x7, 0xd9,
    0xf6, 0x84, 0x6, 0x79, 0xd6, 0x80, 0x21, 0x83,
    0x55, 0x63, 0xb4, 0x1a, 0x3b, 0xa6, 0x4c, 0xca,

    /* U+0456 "і" */
    0x8e, 0x1, 0x30, 0x9d, 0xa, 0xf0, 0xf, 0xfe,
    0x68,

    /* U+0457 "ї" */
    0x6c, 0x5c, 0x0, 0x8c, 0x0, 0xd8, 0xd8, 0x0,
    0xaf, 0x0, 0xff, 0xef, 0x0,

    /* U+0458 "ј" */
    0x0, 0x4e, 0x80, 0x7e, 0x9d, 0x0, 0xaf, 0xc0,
    0x3f, 0xfc, 0xed, 0x8, 0x61, 0x4e, 0x7c, 0x0,

    /* U+0459 "љ" */
    0x0, 0x6f, 0xff, 0x8, 0x7, 0xc6, 0x69, 0x91,
    0x80, 0x7f, 0x95, 0x98, 0xa0, 0x62, 0x1, 0xe1,
    0x10, 0x6, 0xde, 0xfb, 0x20, 0xd, 0xe0, 0x1a,
    0xae, 0x13, 0x0, 0x2, 0x2, 0x1, 0x91, 0xe,
    0xc2, 0x40, 0xa0, 0x40, 0x1f, 0x18, 0x1c, 0x48,
    0x28, 0x6, 0x98, 0xb5, 0x31, 0x63, 0x91, 0x0,
    0xce, 0xe5, 0x6d, 0x0,

    /* U+045A "њ" */
    0xaf, 0x0, 0x8b, 0xe4, 0x3, 0xff, 0xaa, 0x42,
    0x30, 0x0, 0x44, 0x1, 0xdb, 0xdc, 0xc0, 0x6e,
    0xe7, 0xc8, 0x5, 0x57, 0x69, 0x4, 0xba, 0x56,
    0x70, 0x2, 0xa2, 0x40, 0x48, 0xb6, 0x1a, 0x1,
    0xf1, 0x33, 0x34, 0x30, 0x3, 0xe4, 0x99, 0xc,
    0x30,

    /* U+045B "ћ" */
    0x4, 0x70, 0xf, 0xba, 0x8, 0x44, 0x1, 0x7a,
    0x86, 0xf7, 0xc, 0x1, 0x88, 0x17, 0x71, 0x80,
    0xc, 0x41, 0xe2, 0xfa, 0x0, 0x36, 0xb4, 0x1b,
    0xb0, 0x4, 0xd4, 0xf8, 0x1a, 0x1, 0x58, 0x0,
    0x44, 0xe0, 0x11, 0x0, 0x46, 0x20, 0x1f, 0xfd,
    0x80,

    /* U+045C "ќ" */
    0x0, 0xc9, 0x6, 0x1, 0x86, 0xcc, 0xc0, 0x1a,
    0x96, 0xc0, 0x3a, 0xe8, 0x2, 0xaf, 0x0, 0xa3,
    0xcc, 0x3, 0x13, 0xb1, 0x80, 0x6e, 0x19, 0x0,
    0x89, 0xce, 0xc0, 0x36, 0xc1, 0x28, 0x6, 0xa6,
    0x26, 0x0, 0xcb, 0x25, 0x22, 0x1, 0xdc, 0x14,
    0x1, 0xc7, 0x8, 0xe0,

    /* U+045D "ѝ" */
    0x0, 0x3b, 0x80, 0x3c, 0x50, 0xe0, 0x1c, 0xb5,
    0x4, 0x1, 0xcb, 0xe4, 0x0, 0xaf, 0x0, 0x9f,
    0xf4, 0x3, 0xc, 0x0, 0x7a, 0x4, 0x80, 0x31,
    0x34, 0x88, 0x6, 0x82, 0x70, 0xc, 0x6b, 0x0,
    0x20, 0x1, 0xf3, 0x50, 0xc, 0x27, 0xe0, 0x1e,
    0x53, 0x0, 0xc0,

    /* U+045E "ў" */
    0x2, 0xf6, 0xb, 0xd0, 0x8, 0x9e, 0x7d, 0x64,
    0x3, 0x47, 0xf7, 0x10, 0x1, 0x9e, 0x0, 0x10,
    0x8f, 0x4a, 0x5, 0x0, 0x94, 0x51, 0xc3, 0x80,
    0x6, 0x4c, 0x2, 0xa8, 0x21, 0x61, 0x40, 0xe,
    0x7, 0x5, 0x32, 0x0, 0x20, 0xe9, 0x95, 0x80,
    0x66, 0x4b, 0x6, 0x0, 0xd4, 0xe, 0x82, 0x1,
    0x89, 0x3, 0x80, 0x3f, 0x28, 0x7, 0x12, 0x30,
    0x6, 0x69, 0xc1, 0x80, 0xd, 0x8c, 0x5a, 0x20,
    0x18,

    /* U+045F "џ" */
    0xaf, 0x0, 0x8b, 0xe4, 0x3, 0xff, 0xcc, 0xcd,
    0x28, 0x6, 0x99, 0xa0, 0x1, 0x5f, 0xe2, 0x3f,
    0xf4, 0x80, 0x7f, 0xd7, 0x40, 0x10,

    /* U+0460 "Ѡ" */
    0x9f, 0x30, 0xa, 0xbc, 0x80, 0x25, 0xf7, 0xe0,
    0x70, 0x8, 0x81, 0x80, 0x23, 0x1, 0x10, 0x10,
    0x5, 0xe0, 0x40, 0x10, 0x81, 0xa8, 0x78, 0x4,
    0x41, 0xc0, 0x17, 0x83, 0x18, 0x28, 0x5, 0xe0,
    0x80, 0x11, 0x81, 0x81, 0x98, 0x2, 0x50, 0x30,
    0x9, 0x88, 0x0, 0x80, 0x80, 0xa0, 0x80, 0x80,
    0x24, 0xe0, 0xb, 0xd, 0xf, 0x19, 0xd, 0x4,
    0xf, 0x0, 0x19, 0x38, 0x2b, 0x91, 0xb8, 0x78,
    0x28, 0x5, 0x63, 0x21, 0x41, 0x42, 0xea, 0xa0,
    0xc, 0xc2, 0xc2, 0x60, 0xc3, 0x1, 0x0, 0x1d,
    0x20, 0xe0, 0x14, 0x2, 0x90, 0x0,

    /* U+0461 "ѡ" */
    0xaf, 0x0, 0xa3, 0xcc, 0x0, 0x5f, 0x26, 0x4,
    0x0, 0xe0, 0x70, 0x0, 0x87, 0x78, 0x30, 0x0,
    0x80, 0xc0, 0xc, 0x4, 0xa1, 0x80, 0x7, 0xd,
    0x0, 0x60, 0x21, 0x92, 0x0, 0x24, 0x10, 0x0,
    0x84, 0x20, 0xa6, 0x24, 0xa8, 0x26, 0x44, 0xa0,
    0x5, 0x3, 0x59, 0x50, 0x5d, 0x81, 0x80, 0x4,
    0x92, 0xd0, 0x2c, 0xd3, 0x88, 0x5, 0x22, 0x4a,
    0x10, 0x22, 0x90, 0x0,

    /* U+0462 "Ѣ" */
    0x0, 0x4f, 0x90, 0x7, 0x8, 0x80, 0x2, 0x30,
    0x5, 0xfc, 0xc1, 0x9d, 0xc4, 0x0, 0x55, 0xa0,
    0x4d, 0xd9, 0x40, 0x8, 0x82, 0x4, 0x48, 0x40,
    0x3d, 0xbf, 0xd6, 0x80, 0x1c, 0xce, 0x8b, 0x6c,
    0x1, 0xae, 0x2b, 0xc2, 0xc0, 0x3e, 0x12, 0x20,
    0x7, 0xc2, 0x44, 0x0, 0xd4, 0xf3, 0xe1, 0x60,
    0x19, 0xe1, 0x8a, 0x98,

    /* U+0463 "ѣ" */
    0x0, 0x42, 0x80, 0x7e, 0x7e, 0x0, 0xf7, 0x78,
    0x27, 0xf9, 0xc0, 0x2a, 0xa0, 0x1d, 0x51, 0x40,
    0x24, 0x50, 0x75, 0x51, 0x0, 0x7c, 0x22, 0x0,
    0xf9, 0x3b, 0x9f, 0xce, 0x1, 0x8e, 0xed, 0x4b,
    0x8, 0x1, 0x3a, 0x21, 0x7c, 0xc, 0x2, 0x75,
    0x53, 0x40, 0x20, 0x4, 0x75, 0x49, 0xa, 0x30,

    /* U+0464 "Ѥ" */
    0x7f, 0x40, 0xc, 0xd9, 0xdf, 0xb4, 0x40, 0x1e,
    0xb9, 0x79, 0x92, 0x20, 0x80, 0x3a, 0x12, 0x2d,
    0xda, 0x78, 0x3, 0xce, 0x4e, 0x1, 0xfe, 0x40,
    0x50, 0xf, 0xeb, 0xfb, 0x7, 0xff, 0xd4, 0x1,
    0x95, 0xd0, 0x11, 0xdf, 0x78, 0x6, 0xe8, 0xf0,
    0x38, 0x8c, 0xa0, 0x1e, 0x50, 0x50, 0xf, 0xf8,
    0x54, 0xa0, 0x3, 0xfe, 0xb2, 0x7d, 0x98, 0xad,
    0x0, 0xf0, 0xe3, 0x83, 0x3a, 0x20, 0x0,

    /* U+0465 "ѥ" */
    0xbf, 0x0, 0x8a, 0xbb, 0xf5, 0x40, 0x31, 0x6b,
    0xc5, 0x2b, 0x0, 0x6b, 0xf, 0x65, 0x83, 0x0,
    0x8, 0x90, 0x4c, 0x46, 0x0, 0xbb, 0x84, 0x3d,
    0xd5, 0x80, 0x57, 0x61, 0x15, 0xdd, 0x20, 0x12,
    0x21, 0x45, 0x91, 0x6, 0x1, 0xd0, 0x19, 0xf,
    0x2c, 0x1, 0x8f, 0x15, 0xe1, 0x8,

    /* U+0466 "Ѧ" */
    0x0, 0xd1, 0xf6, 0x1, 0xfc, 0xc2, 0x82, 0x1,
    0xf2, 0x8d, 0x3, 0x0, 0x7d, 0xc4, 0x88, 0xa0,
    0xf, 0xa, 0x29, 0x69, 0x18, 0x7, 0x30, 0x3e,
    0xc8, 0x48, 0x7, 0x51, 0xc0, 0x3a, 0xa8, 0x3,
    0x21, 0x4a, 0x6, 0xc8, 0x30, 0x5, 0xc0, 0xa0,
    0x11, 0x95, 0x0, 0x5, 0x54, 0x1, 0xd4, 0x64,
    0xe, 0x1c, 0x1, 0xca, 0x16, 0x14, 0x28, 0x1,
    0xc4, 0x6e, 0x0,

    /* U+0467 "ѧ" */
    0x0, 0xa3, 0xf8, 0x3, 0xe6, 0x41, 0x50, 0xe,
    0x51, 0x83, 0x90, 0xe, 0xe2, 0x25, 0x19, 0x0,
    0x44, 0x85, 0xd2, 0x16, 0x1, 0x50, 0x58, 0x32,
    0x30, 0x4, 0xc8, 0x80, 0xef, 0x6, 0x5, 0x1e,
    0x0, 0x90, 0xa8, 0x24, 0x54, 0x3, 0x51, 0x98,

    /* U+0468 "Ѩ" */
    0x7f, 0x40, 0xc, 0xff, 0x80, 0x1f, 0xfc, 0xa,
    0x13, 0x20, 0xf, 0xf2, 0x14, 0x5, 0x0, 0x7f,
    0xb8, 0x19, 0x58, 0x3, 0xfc, 0xac, 0x1e, 0x2a,
    0x1, 0xd7, 0xff, 0x3, 0x7d, 0x7, 0x0, 0x72,
    0xbb, 0x80, 0x58, 0x10, 0xd0, 0x40, 0x37, 0x45,
    0x83, 0x58, 0x6f, 0x83, 0x0, 0x7a, 0x82, 0x80,
    0x23, 0x2a, 0x0, 0xf3, 0x99, 0x0, 0x6a, 0x24,
    0x0, 0xca, 0x34, 0x1, 0xca, 0x1c, 0x1, 0xb8,
    0x1c, 0x3, 0x88, 0xd4, 0x0,

    /* U+0469 "ѩ" */
    0xae, 0x0, 0xdd, 0xf0, 0x1, 0xf9, 0x5, 0x18,
    0x3, 0xf7, 0x14, 0xa, 0x80, 0x61, 0x11, 0x2a,
    0x88, 0x92, 0x1, 0xf, 0x73, 0x41, 0xf8, 0x8c,
    0x80, 0x3, 0x76, 0x3, 0x60, 0xa0, 0xb0, 0x9,
    0x4, 0x27, 0x81, 0x10, 0xe0, 0x1a, 0x45, 0x40,
    0x2f, 0x16, 0x0, 0x11, 0xb0, 0x6, 0x41, 0xa0,

    /* U+046A "Ѫ" */
    0xb, 0xff, 0xfd, 0x80, 0xd, 0x3, 0x77, 0xc6,
    0x14, 0x0, 0x66, 0x1d, 0xc4, 0x2c, 0xd9, 0x80,
    0x14, 0x9f, 0x8, 0xb8, 0xe4, 0x3, 0xb4, 0xea,
    0x87, 0xa0, 0x1c, 0x54, 0x28, 0x81, 0xa2, 0x0,
    0xd8, 0x8e, 0x22, 0x74, 0xc0, 0x9, 0x86, 0x60,
    0xcd, 0x14, 0x2c, 0x0, 0xa0, 0x60, 0xc, 0xa1,
    0x40, 0x26, 0x80, 0x1e, 0x53, 0x14, 0xc, 0x0,
    0xf6, 0x2, 0x78, 0x28, 0x7, 0x9c, 0x3c,

    /* U+046B "ѫ" */
    0xf, 0xff, 0xc2, 0x0, 0x90, 0x6a, 0xa4, 0x3,
    0x88, 0x1, 0x9a, 0x74, 0xa4, 0x80, 0xd, 0x27,
    0xfa, 0x74, 0x1, 0x87, 0x4c, 0x8c, 0x7c, 0x80,
    0x28, 0x2c, 0x42, 0xd0, 0x90, 0x9, 0x98, 0x60,
    0x2, 0x94, 0x20, 0x50, 0xa0, 0xc, 0xc0, 0xa1,
    0xc4, 0x60, 0x18, 0x52, 0x80,

    /* U+046C "Ѭ" */
    0x7f, 0x40, 0x8f, 0xff, 0xe0, 0xf, 0x58, 0xb,
    0xbe, 0x40, 0x50, 0xf, 0x1c, 0x8e, 0xc4, 0x4c,
    0x54, 0x1, 0xf3, 0x2d, 0x10, 0x51, 0xf8, 0x7,
    0xf5, 0x17, 0xba, 0xd1, 0x0, 0x75, 0xff, 0xe2,
    0x24, 0x7, 0x98, 0x7, 0x2b, 0xb8, 0x41, 0x48,
    0x19, 0x70, 0x80, 0x37, 0x45, 0xb, 0x53, 0x84,
    0x60, 0x40, 0x7, 0xa8, 0x28, 0x3, 0x12, 0x28,
    0x7, 0x94, 0x4c, 0x3, 0xb0, 0x10, 0x3, 0x9,
    0x20, 0x7, 0x94, 0x34, 0x3, 0x38, 0x78, 0x7,
    0x88, 0x88, 0x0,

    /* U+046D "ѭ" */
    0xae, 0x5, 0xff, 0xfa, 0xc0, 0x32, 0x90, 0x55,
    0x48, 0x10, 0x1, 0xde, 0x18, 0xa2, 0x92, 0x60,
    0x10, 0x88, 0xe5, 0x9e, 0x95, 0x80, 0x21, 0xee,
    0xa4, 0x20, 0x51, 0x80, 0x21, 0xbb, 0x1, 0x48,
    0x32, 0x49, 0x80, 0x48, 0x21, 0x2e, 0x1d, 0x43,
    0x20, 0x1b, 0x89, 0x0, 0x33, 0x28, 0x80, 0x5,
    0x28, 0x3, 0xa8, 0x1c,

    /* U+046E "Ѯ" */
    0x2, 0xe6, 0x4, 0xcb, 0x0, 0x15, 0x4c, 0xae,
    0xd4, 0x0, 0x2c, 0x16, 0x1f, 0x0, 0x16, 0xb2,
    0x3a, 0x3f, 0x89, 0x67, 0x54, 0x54, 0x8b, 0x81,
    0x80, 0x63, 0x0, 0xc4, 0x43, 0x7a, 0x36, 0x0,
    0x6e, 0xb2, 0x1f, 0x0, 0x2a, 0xa4, 0xab, 0xe0,
    0x80, 0x15, 0x4d, 0x56, 0x70, 0x1, 0xe4, 0x2,
    0x0, 0xf2, 0x1, 0x0, 0x11, 0x9e, 0x6c, 0x2c,
    0x76, 0xe6, 0x1d, 0x74, 0x98, 0xa3, 0xfd, 0xd4,
    0x40, 0x18, 0x8a, 0x10, 0x3, 0x14, 0x6e, 0xdd,
    0xe0, 0x3b, 0x97, 0x55, 0x40, 0x0,

    /* U+046F "ѯ" */
    0xa, 0xb0, 0x1b, 0xe1, 0xb, 0x6b, 0xd0, 0xc1,
    0x14, 0x1a, 0x18, 0x6, 0x74, 0x76, 0x5c, 0x1,
    0xea, 0x89, 0x90, 0x90, 0x4, 0x27, 0x64, 0x40,
    0x6, 0x76, 0x17, 0x80, 0x5f, 0x74, 0x58, 0x40,
    0x3, 0x45, 0x81, 0x40, 0x2, 0x2b, 0xc8, 0x29,
    0xfd, 0xd4, 0xb5, 0x9c, 0x16, 0xff, 0x5a, 0x0,
    0x61, 0x18, 0x1, 0xe5, 0xbd, 0xd7, 0x82, 0x75,
    0xde, 0x90,

    /* U+0470 "Ѱ" */
    0x9f, 0x20, 0x1f, 0x80, 0x5, 0xf8, 0x7, 0xff,
    0x54, 0x40, 0x3f, 0x38, 0x78, 0x8, 0x7, 0x84,
    0x90, 0x2c, 0x3, 0x88, 0x8e, 0x66, 0x77, 0x28,
    0xa, 0x78, 0x40, 0x6a, 0x45, 0x83, 0x59, 0xd9,
    0x0, 0xde, 0xd0, 0x2e, 0x72, 0x0, 0x62, 0x40,
    0x23, 0x0, 0xff, 0xe1, 0x0,

    /* U+0471 "ѱ" */
    0x0, 0xca, 0xe0, 0x1f, 0xdf, 0x0, 0x1f, 0xfc,
    0xfc, 0xe0, 0xf, 0x6e, 0x80, 0x3f, 0x9c, 0x80,
    0x3f, 0xb4, 0xc, 0x3, 0xf0, 0x80, 0x7f, 0xf0,
    0x1d, 0xc2, 0x1, 0xee, 0x6, 0x30, 0x40, 0xc,
    0x2c, 0x25, 0x21, 0x72, 0xe1, 0x1e, 0x36, 0x3,
    0xa8, 0xe4, 0xe, 0x56, 0xa0, 0x2, 0xbe, 0x50,
    0xfc, 0x40, 0xf, 0xfe, 0xb8,

    /* U+0472 "Ѳ" */
    0x0, 0x92, 0xfb, 0xf6, 0x4, 0x3, 0x45, 0xab,
    0xb9, 0x9f, 0xc8, 0x0, 0x8e, 0x9d, 0x31, 0x78,
    0x3c, 0x0, 0xe0, 0xa0, 0xc, 0x6c, 0x66, 0x4,
    0x23, 0x22, 0xef, 0x4, 0x1, 0x2d, 0xdf, 0x48,
    0x78, 0x0, 0xaa, 0xbd, 0x0, 0x10, 0x92, 0xaf,
    0x84, 0x3c, 0x10, 0xc, 0x3, 0xb4, 0x10, 0x38,
    0x3c, 0x3, 0x22, 0xc, 0xc0, 0x8e, 0x7d, 0x31,
    0x56, 0x3c, 0x1, 0x45, 0x2b, 0xbe, 0xf2, 0x0,

    /* U+0473 "ѳ" */
    0x0, 0x26, 0x7f, 0x51, 0x0, 0x16, 0xc5, 0xd9,
    0x70, 0x42, 0x3, 0x22, 0x16, 0x32, 0x24, 0x80,
    0x22, 0x50, 0x53, 0x4, 0xee, 0xc0, 0x66, 0x3,
    0xbb, 0xc0, 0x62, 0x64, 0x89, 0x38, 0x20, 0x40,
    0xeb, 0xc6, 0x8c, 0x2, 0x58, 0xc3, 0xa6, 0x8,

    /* U+0474 "Ѵ" */
    0xde, 0x0, 0xf4, 0xfe, 0x50, 0xa0, 0x6, 0x56,
    0x59, 0x50, 0xd0, 0xd, 0xc3, 0x4a, 0x44, 0x70,
    0x8, 0x51, 0xc0, 0x2a, 0x14, 0x0, 0x38, 0x68,
    0x4, 0xa1, 0xa0, 0xd, 0x4, 0x0, 0x88, 0xdc,
    0x0, 0x8a, 0x1, 0xd6, 0x26, 0x81, 0x80, 0x1c,
    0xa1, 0x7a, 0xe, 0x1, 0xc4, 0x68, 0x83, 0x10,
    0xf, 0x59, 0x95, 0x80, 0x7c, 0xa0, 0x5, 0x0,
    0xc0,

    /* U+0475 "ѵ" */
    0xde, 0x0, 0xc9, 0xdb, 0x42, 0x80, 0x14, 0x9d,
    0xb0, 0x68, 0x0, 0xca, 0xd8, 0x51, 0xc0, 0x16,
    0xe, 0x0, 0xd1, 0x40, 0x54, 0x10, 0x3, 0x6,
    0x91, 0x34, 0x3, 0x2b, 0xa8, 0x38, 0x6, 0xe1,
    0xa3, 0x10, 0xc, 0x82, 0x54, 0x1, 0x0,

    /* U+0476 "Ѷ" */
    0x5, 0xa2, 0x69, 0x10, 0xe, 0x44, 0x42, 0x3c,
    0x80, 0x70, 0xe2, 0xe, 0xb1, 0x0, 0x71, 0x71,
    0x9b, 0x88, 0x2, 0xde, 0x0, 0xf4, 0xfe, 0x50,
    0xa0, 0x6, 0x56, 0x59, 0x50, 0xd0, 0xd, 0xc3,
    0x4a, 0x44, 0x70, 0x8, 0x51, 0xc0, 0x2a, 0x14,
    0x0, 0x38, 0x68, 0x4, 0xa1, 0xa0, 0xd, 0x4,
    0x0, 0x88, 0xdc, 0x0, 0x8a, 0x1, 0xd6, 0x26,
    0x81, 0x80, 0x1c, 0xa1, 0x7a, 0xe, 0x1, 0xc4,
    0x68, 0x83, 0x10, 0xf, 0x59, 0x95, 0x80, 0x7c,
    0xa0, 0x5, 0x0, 0xc0,

    /* U+0477 "ѷ" */
    0x3a, 0x44, 0x51, 0x80, 0x46, 0x32, 0x8d, 0xe0,
    0x1a, 0xc5, 0xf4, 0x54, 0x3, 0x63, 0x8e, 0xa8,
    0x3, 0x78, 0x3, 0x27, 0x6d, 0xa, 0x0, 0x52,
    0x76, 0xc1, 0xa0, 0x3, 0x2b, 0x61, 0x47, 0x0,
    0x58, 0x38, 0x3, 0x45, 0x1, 0x50, 0x40, 0xc,
    0x1a, 0x44, 0xd0, 0xc, 0xae, 0xa0, 0xe0, 0x1b,
    0x86, 0x8c, 0x40, 0x32, 0x9, 0x50, 0x4,

    /* U+0478 "Ѹ" */
    0x0, 0x9b, 0x3f, 0xb1, 0x0, 0x3f, 0xf8, 0x35,
    0x22, 0xce, 0x56, 0xc0, 0x1f, 0xf2, 0xad, 0xb3,
    0x2e, 0x29, 0x20, 0xf, 0xf7, 0x4, 0x0, 0x6b,
    0x5, 0x4f, 0x80, 0x8, 0x7f, 0x1, 0x44, 0x80,
    0x33, 0x86, 0x20, 0xb0, 0x4, 0xe1, 0x40, 0x24,
    0x1, 0xc2, 0xe, 0xc, 0x26, 0x0, 0xd0, 0x70,
    0xf, 0xfe, 0x4, 0x85, 0x0, 0xa2, 0x88, 0x9,
    0x0, 0x70, 0x83, 0x80, 0xa3, 0x3, 0x87, 0x80,
    0x14, 0x48, 0x3, 0x38, 0x60, 0x3, 0x81, 0x74,
    0x54, 0x1, 0xc1, 0x0, 0x1a, 0xc1, 0x40, 0xa,
    0x3e, 0x8e, 0x1, 0x2a, 0xdb, 0x13, 0xc5, 0x24,
    0x1, 0x32, 0x85, 0x0, 0x6a, 0x90, 0x77, 0x2d,
    0xb0, 0x6, 0xa0, 0x23, 0x0, 0xe6, 0xdf, 0xeb,
    0x40, 0xe, 0x10, 0x50, 0xf, 0xfe, 0x2c, 0x85,
    0x0, 0x7f, 0xf0, 0x85, 0xa9, 0x58, 0x80, 0x3f,
    0xf8, 0x47, 0x28, 0xd2, 0x1, 0x80,

    /* U+0479 "ѹ" */
    0x0, 0x26, 0x7f, 0x51, 0x2, 0xfb, 0x80, 0x43,
    0xf6, 0x9, 0x63, 0xc, 0xb8, 0x2a, 0x34, 0x1,
    0x38, 0x70, 0x48, 0x63, 0xc5, 0x8c, 0x3, 0x11,
    0x0, 0x14, 0xa, 0x24, 0x82, 0x0, 0x41, 0x40,
    0xa0, 0xa0, 0x13, 0x50, 0x30, 0x20, 0xc, 0x66,
    0x2, 0x36, 0x7, 0xe, 0x2, 0x2, 0x0, 0xc6,
    0x60, 0x5, 0x9, 0xd0, 0xa0, 0x0, 0xd0, 0x40,
    0x8, 0x28, 0x0, 0x60, 0xa3, 0x60, 0xa, 0x3,
    0x1e, 0x2c, 0x6c, 0x2, 0x66, 0x5, 0x0, 0x49,
    0x83, 0xe, 0x98, 0x40, 0x15, 0x1, 0x10, 0x3,
    0x1e, 0x7f, 0xac, 0x80, 0x33, 0x85, 0x0, 0x7f,
    0xf0, 0xfc, 0x18, 0x3, 0xff, 0x80, 0x2d, 0x48,
    0xe2, 0x1, 0xff, 0xc0, 0x29, 0x47, 0x80, 0xc,

    /* U+047A "Ѻ" */
    0x0, 0xe5, 0xe8, 0x0, 0xfc, 0xdb, 0x42, 0xfc,
    0xe0, 0x1d, 0x32, 0x35, 0x4, 0x28, 0xa0, 0x9,
    0x18, 0xfa, 0xba, 0xf1, 0x54, 0xc0, 0xf, 0xf,
    0x0, 0x8, 0x2, 0xc2, 0xc0, 0xa, 0x26, 0x1,
    0xc2, 0x64, 0x20, 0x26, 0x1, 0xf3, 0x1, 0x0,
    0x7f, 0xf0, 0x84, 0xc0, 0x3e, 0x60, 0x20, 0x41,
    0x30, 0xe, 0x13, 0x21, 0x9, 0xf, 0x0, 0x8,
    0x2, 0x82, 0xc0, 0x6, 0xe7, 0xd7, 0xd9, 0xa8,
    0xac, 0x1, 0x45, 0x12, 0x1, 0x84, 0x50, 0x7,
    0x2e, 0x50, 0xc6, 0xb8, 0x4,

    /* U+047B "ѻ" */
    0x0, 0xcd, 0x84, 0x1, 0xc9, 0x92, 0x7b, 0x42,
    0x0, 0x4b, 0x6, 0x17, 0x5c, 0x0, 0x40, 0x6c,
    0xf4, 0x49, 0x30, 0x1a, 0x8, 0x4, 0xc1, 0xa2,
    0x4, 0x1, 0xe7, 0x10, 0x30, 0xf, 0x38, 0x1a,
    0x0, 0x65, 0xc, 0x8, 0x1b, 0x8d, 0x7b, 0x17,
    0x4, 0xb6, 0x72, 0x85, 0xc0, 0x9, 0x36, 0x7,
    0x2c, 0x80,

    /* U+047C "Ѽ" */
    0x0, 0xff, 0xe4, 0x8e, 0xfe, 0x30, 0x80, 0x7f,
    0x98, 0x2d, 0x23, 0x98, 0x3, 0xf9, 0xb3, 0x5b,
    0xf9, 0xc0, 0x3f, 0x84, 0x56, 0x20, 0x22, 0x0,
    0xff, 0x97, 0x44, 0x3, 0xfa, 0x7b, 0x96, 0xa4,
    0xb9, 0xfa, 0xc0, 0x1b, 0x19, 0x19, 0x80, 0x2,
    0x77, 0xc, 0xb8, 0x1, 0x8e, 0x2a, 0x34, 0x81,
    0xee, 0x30, 0xe0, 0x43, 0x41, 0x80, 0x3f, 0xa4,
    0x18, 0x10, 0x84, 0x3, 0xf9, 0x3, 0x40, 0xc,
    0x1, 0xfe, 0x10, 0x10, 0x3, 0x80, 0x65, 0xa2,
    0x0, 0xf8, 0x48, 0x3, 0x6a, 0x88, 0x4, 0x40,
    0x40, 0x82, 0x60, 0x1f, 0xca, 0x1e, 0x1c, 0x10,
    0x1, 0x8, 0x6, 0x19, 0x7, 0x4, 0x54, 0xd9,
    0xb6, 0xd, 0x9a, 0xf1, 0x91, 0x0, 0x54, 0x3,
    0x31, 0xf5, 0x1d, 0x4a, 0x98, 0x0,

    /* U+047D "ѽ" */
    0x0, 0xff, 0xe3, 0x16, 0xfd, 0xa8, 0x7, 0xf5,
    0x8d, 0x9d, 0xfa, 0x0, 0x7d, 0x1b, 0xeb, 0xdc,
    0x40, 0xf, 0x84, 0x5e, 0x40, 0x20, 0x1f, 0xef,
    0x90, 0xf, 0xfe, 0x5, 0x30, 0x7, 0xe6, 0xdf,
    0xc3, 0x6, 0xef, 0xb2, 0x0, 0x2c, 0x8c, 0x31,
    0x1, 0x3b, 0x93, 0x4, 0x20, 0x31, 0xe8, 0x0,
    0x93, 0x12, 0x2c, 0x4, 0x80, 0x1f, 0x9c, 0x34,
    0x40, 0x40, 0x25, 0xa1, 0x0, 0x8, 0x8, 0x81,
    0x80, 0x2d, 0x53, 0x0, 0x8, 0x8, 0x11, 0x88,
    0x0, 0x40, 0x40, 0xc, 0x1a, 0x10, 0x1f, 0x12,
    0xc3, 0xb1, 0x30, 0x2e, 0xb, 0x26, 0xee, 0x9f,
    0x47, 0x64, 0xc0,

    /* U+047E "Ѿ" */
    0x0, 0xd5, 0xff, 0xd4, 0x1, 0xfa, 0x6f, 0xdf,
    0xea, 0x40, 0x3f, 0x1a, 0x4, 0x2, 0x98, 0x6,
    0x9f, 0x30, 0xa, 0xbc, 0x80, 0x25, 0xf7, 0xe0,
    0x70, 0x8, 0x81, 0x80, 0x23, 0x1, 0x10, 0x10,
    0x5, 0xe0, 0x40, 0x10, 0x81, 0xa8, 0x78, 0x4,
    0x41, 0xc0, 0x17, 0x83, 0x18, 0x28, 0x5, 0xe0,
    0x80, 0x11, 0x81, 0x81, 0x98, 0x2, 0x50, 0x30,
    0x9, 0x88, 0x0, 0x80, 0x80, 0xa0, 0x80, 0x80,
    0x24, 0xe0, 0xb, 0xd, 0xf, 0x19, 0xd, 0x4,
    0xf, 0x0, 0x19, 0x38, 0x2b, 0x91, 0xb8, 0x78,
    0x28, 0x5, 0x63, 0x21, 0x41, 0x42, 0xea, 0xa0,
    0xc, 0xc2, 0xc2, 0x60, 0xc3, 0x1, 0x0, 0x1d,
    0x20, 0xe0, 0x14, 0x2, 0x90, 0x0,

    /* U+047F "ѿ" */
    0x0, 0xb3, 0xff, 0xa0, 0x3, 0xd1, 0x9f, 0x1f,
    0x32, 0x0, 0xf2, 0x18, 0x38, 0x30, 0x80, 0x55,
    0xe0, 0x14, 0x79, 0x80, 0xb, 0xe4, 0xc0, 0x80,
    0x1c, 0xe, 0x0, 0x10, 0xef, 0x6, 0x0, 0x10,
    0x18, 0x1, 0x80, 0x94, 0x30, 0x0, 0xe1, 0xa0,
    0xc, 0x4, 0x32, 0x40, 0x4, 0x82, 0x0, 0x10,
    0x84, 0x14, 0xc4, 0x95, 0x4, 0xc8, 0x94, 0x0,
    0xa0, 0x6b, 0x2a, 0xb, 0xb0, 0x30, 0x0, 0x92,
    0x5a, 0x5, 0x9a, 0x71, 0x0, 0xa4, 0x49, 0x42,
    0x4, 0x52, 0x0,

    /* U+0480 "Ҁ" */
    0x0, 0x8a, 0x77, 0xfa, 0xd8, 0x0, 0xba, 0xcd,
    0x22, 0xf8, 0x15, 0xe, 0xdc, 0xd7, 0x48, 0x58,
    0x59, 0x0, 0x79, 0xc1, 0x40, 0x3e, 0x12, 0x0,
    0xff, 0xe3, 0x9, 0x0, 0x7e, 0x40, 0x40, 0xf,
    0xb8, 0x24, 0x40, 0x3c, 0x8e, 0x5d, 0x51, 0x26,
    0x1, 0x45, 0xa2, 0x1d, 0x9c, 0x3, 0x25, 0xf4,
    0x0, 0x7f, 0xf5, 0x40,

    /* U+0481 "ҁ" */
    0x0, 0x26, 0x7f, 0xb0, 0xc1, 0x6c, 0x9d, 0xc0,
    0x21, 0x1, 0xf1, 0xc, 0x21, 0x24, 0x10, 0xc,
    0x60, 0x40, 0x1c, 0x60, 0x60, 0x1c, 0x22, 0x51,
    0x0, 0xe8, 0xc, 0x87, 0x60, 0x3, 0x50, 0xbc,
    0x60, 0x4, 0xb9, 0xe0, 0x1f, 0xfc, 0xf0,

    /* U+0482 "҂" */
    0x0, 0xf8, 0x40, 0x3e, 0x4f, 0x0, 0xdb, 0x1,
    0x30, 0x1, 0xb9, 0x3c, 0x18, 0x3, 0x1e, 0x81,
    0xd9, 0x1, 0x0, 0x21, 0x38, 0xe0, 0x32, 0x91,
    0xa4, 0x22, 0x83, 0xce, 0xcc, 0x80, 0x30, 0xe8,
    0x3, 0x50, 0x3, 0x4c, 0x65, 0x90, 0x4, 0x42,
    0xe0, 0xcc, 0x0, 0x8b, 0x0, 0x3c,

    /* U+0483 "҃" */
    0x0, 0xe9, 0x34, 0xff, 0xcc, 0xdb, 0xff, 0x28,

    /* U+0484 "҄" */
    0x0, 0xfc, 0x4b, 0x7f, 0xa4, 0xbb, 0x67, 0x63,
    0x4b, 0xbd, 0x9, 0xb2,

    /* U+0485 "҅" */
    0x4f, 0x42, 0x22, 0x32, 0x30,

    /* U+0486 "҆" */
    0x3f, 0x53, 0x31, 0x2b, 0x38,

    /* U+0487 "҇" */
    0x0, 0xf3, 0xff, 0x49, 0x84, 0xbd, 0x96, 0x76,
    0x42, 0xdf, 0xe0,

    /* U+0488 "҈" */
    0x0, 0xfc, 0xbb, 0x84, 0x1, 0xff, 0xc4, 0x9f,
    0xf4, 0x80, 0x7f, 0xf1, 0x30, 0x8e, 0xc0, 0x3f,
    0xea, 0xda, 0x0, 0xf8, 0x6f, 0x60, 0x3, 0x94,
    0xbc, 0x98, 0x3, 0xd3, 0xde, 0x46, 0x1, 0x96,
    0xa, 0x18, 0x3, 0xd0, 0xa5, 0x46, 0x1, 0xff,
    0xdf, 0x7d, 0xc3, 0x0, 0xff, 0x26, 0xe9, 0x80,
    0x1d, 0xfe, 0xb0, 0xf, 0xf6, 0x77, 0xe0, 0x2,
    0x48, 0xe0, 0x3, 0xfd, 0x6, 0x54, 0x1, 0xff,
    0xcc, 0x9d, 0x90, 0xf, 0x86, 0xf5, 0xc0, 0x39,
    0x7, 0xc5, 0x40, 0x3d, 0x3b, 0xf8, 0x40, 0x19,
    0x20, 0xa1, 0x0, 0x3d, 0x2c, 0x56, 0x40, 0x1f,
    0x84, 0x17, 0x70, 0x80, 0x40, 0x3f, 0xf8, 0x53,
    0xf1, 0x20, 0x1f, 0xfc, 0x4d, 0x24, 0xa0, 0xf,
    0xc0,

    /* U+0489 "҉" */
    0x0, 0xfc, 0x3c, 0x1, 0xff, 0xc4, 0x65, 0x0,
    0xff, 0xa0, 0x3, 0x59, 0x80, 0x7f, 0xca, 0xa0,
    0xa, 0xa8, 0x1, 0x1d, 0xd0, 0x7, 0x5d, 0x84,
    0x0, 0xc4, 0x0, 0x7c, 0x2a, 0x0, 0xe6, 0x41,
    0x0, 0xf3, 0xe4, 0x80, 0x7d, 0x40, 0x1f, 0x8c,
    0x3, 0xff, 0x95, 0x76, 0x83, 0x0, 0xff, 0x3e,
    0x30, 0x5e, 0xa2, 0x0, 0x3f, 0xc8, 0xb5, 0x60,
    0xd8, 0xe0, 0x1f, 0xe3, 0x9c, 0xb0, 0xf, 0xfe,
    0x99, 0x80, 0x7c, 0x58, 0xc0, 0x1e, 0x2c, 0x20,
    0xe, 0x6d, 0x64, 0x0, 0x12, 0x80, 0x9, 0x60,
    0x3, 0x97, 0x68, 0x80, 0x15, 0x20, 0x15, 0xa0,
    0x7, 0x19, 0x0, 0x63, 0xb0, 0x8, 0x7c, 0x3,
    0xfe, 0x56, 0x0, 0xc2, 0x1, 0x0,

    /* U+048A "Ҋ" */
    0x0, 0x3a, 0x80, 0x50, 0x60, 0x1d, 0x96, 0x20,
    0xee, 0x0, 0xf4, 0x9f, 0x7c, 0x40, 0xc0, 0x38,
    0xb7, 0xb9, 0xee, 0x1, 0x9f, 0xc4, 0x4, 0x40,
    0x9f, 0xe0, 0xf, 0xe9, 0x0, 0xff, 0x41, 0x18,
    0x7, 0xe2, 0x74, 0xb0, 0xf, 0xdc, 0x13, 0xe0,
    0x1f, 0x31, 0xb9, 0x0, 0x7c, 0x30, 0x50, 0x2,
    0x1, 0xeb, 0x19, 0x0, 0xfc, 0x8a, 0xa4, 0x0,
    0xfd, 0x61, 0x60, 0x1f, 0xc3, 0x22, 0x1, 0xd7,
    0x20, 0x3, 0x60, 0xf, 0x20, 0x3f, 0xe0, 0x7,
    0x4e, 0x6, 0x80, 0x7f, 0x48, 0x20, 0x7, 0xe1,
    0x53, 0x0,

    /* U+048B "ҋ" */
    0x5, 0x60, 0x9, 0xd0, 0x3, 0x64, 0x90, 0x2c,
    0x10, 0x6, 0x83, 0xdf, 0xa6, 0x60, 0x6, 0x1c,
    0xee, 0x7c, 0x80, 0x6a, 0xf0, 0x11, 0xbf, 0xca,
    0x1, 0xf5, 0x80, 0x7f, 0x22, 0xa8, 0x3, 0xf5,
    0x1f, 0x0, 0x70, 0x84, 0xf, 0x0, 0x7c, 0x6e,
    0xe2, 0x0, 0xf1, 0xf8, 0xc0, 0x7, 0xc4, 0x76,
    0x1, 0xb1, 0xc0, 0x24, 0x50, 0xc, 0xd4, 0x15,
    0xf6, 0x1, 0x27, 0x92, 0x0, 0x7e, 0x32, 0xc0,
    0xf, 0xd6, 0x8, 0x0,

    /* U+048C "Ҍ" */
    0x7, 0xf4, 0x0, 0xf2, 0xe0, 0x74, 0x30, 0x6,
    0xf4, 0x5, 0x7a, 0x0, 0xd5, 0x1, 0x7f, 0x80,
    0x1f, 0xfc, 0x5b, 0xfe, 0xc6, 0x0, 0xe5, 0x77,
    0x14, 0xc0, 0x6, 0xe8, 0x9e, 0x27, 0x0, 0xfc,
    0xe0, 0x40, 0x1f, 0x20, 0x10, 0x5, 0xaf, 0x1a,
    0x2e, 0x1, 0x9a, 0x1c, 0x66, 0x0,

    /* U+048D "ҍ" */
    0x5, 0x80, 0xf, 0xbd, 0xc0, 0x3d, 0xca, 0x1f,
    0xe9, 0x0, 0xb5, 0x3, 0x31, 0x0, 0x11, 0x88,
    0x19, 0x84, 0x3, 0xff, 0x98, 0x22, 0x0, 0xfb,
    0xb9, 0xfe, 0xa1, 0x0, 0xae, 0xe7, 0x58, 0x0,
    0x91, 0x28, 0x15, 0x0, 0x95, 0x69, 0x14, 0x0,
    0xaa, 0xa7, 0x74, 0x0,

    /* U+048E "Ҏ" */
    0x7f, 0xfd, 0x8c, 0x1, 0x9a, 0x18, 0xa5, 0xc0,
    0x2d, 0x79, 0xf0, 0x90, 0xf, 0xa, 0x8, 0x6,
    0x1a, 0x6, 0x0, 0xf2, 0x69, 0x30, 0x5, 0x7c,
    0x24, 0x70, 0x1, 0x2c, 0x4a, 0x88, 0x80, 0x2e,
    0x76, 0xa5, 0x0, 0xfd, 0x0, 0x1f, 0xfc, 0x80,

    /* U+048F "ҏ" */
    0xac, 0x3d, 0xfd, 0x60, 0x8, 0xf6, 0xe9, 0xa5,
    0x40, 0x2b, 0x65, 0xb0, 0x80, 0x9, 0x0, 0x24,
    0x20, 0x8, 0x40, 0x21, 0x1, 0x0, 0x10, 0x18,
    0x30, 0x8, 0x1, 0x3, 0x6c, 0xcc, 0x1, 0x4c,
    0x91, 0x1, 0x20, 0x16, 0x22, 0x88, 0x20, 0x4,
    0x7b, 0xfc, 0x68, 0x1, 0xf6, 0x28, 0x7, 0xff,
    0x1c,

    /* U+0490 "Ґ" */
    0x0, 0xe3, 0xf6, 0x0, 0xfd, 0x1f, 0xfb, 0x0,
    0x32, 0xbb, 0xe5, 0x0, 0x4c, 0x46, 0x30, 0xf,
    0xff, 0xe0,

    /* U+0491 "ґ" */
    0x0, 0xd7, 0xc0, 0x1f, 0xfc, 0xa, 0xff, 0x90,
    0x2, 0xaa, 0xc0, 0x5, 0x59, 0x0, 0x3f, 0xfb,
    0x0,

    /* U+0492 "Ғ" */
    0x7, 0xff, 0xf2, 0x0, 0x4a, 0xef, 0x98, 0x2,
    0xe8, 0x8c, 0x40, 0x1f, 0xfc, 0x65, 0xb0, 0xe8,
    0x82, 0x0, 0x3c, 0xc1, 0x5d, 0xd8, 0x0, 0xa8,
    0xb, 0xff, 0x40, 0x7, 0xff, 0x68,

    /* U+0493 "ғ" */
    0xb, 0xff, 0xda, 0x1, 0x44, 0x56, 0x1, 0x3b,
    0xcc, 0x20, 0x1, 0x10, 0x3, 0xd0, 0x3b, 0x94,
    0x1a, 0x61, 0x76, 0x80, 0x37, 0x4, 0x41, 0x0,
    0x7f, 0xf0, 0xc0,

    /* U+0494 "Ҕ" */
    0x7f, 0xff, 0x28, 0x6, 0x57, 0x7e, 0x0, 0xdd,
    0x11, 0x88, 0x3, 0xff, 0x99, 0xb1, 0x6, 0x10,
    0xe, 0x67, 0x74, 0xf3, 0x0, 0x6b, 0xfd, 0x91,
    0x94, 0x0, 0xe2, 0x6d, 0x8, 0x0, 0xf8, 0xce,
    0x0, 0xfc, 0xc0, 0x40, 0x1f, 0xc6, 0xfe, 0x80,
    0x19, 0xc0, 0x40, 0x3c, 0xc4, 0xa0, 0x12, 0xdc,
    0xdc, 0x8d, 0x80, 0x42, 0xcc, 0x55, 0x60, 0x80,

    /* U+0495 "ҕ" */
    0xaf, 0xfe, 0x0, 0xd1, 0x14, 0x80, 0x67, 0x79,
    0x80, 0x3f, 0xf8, 0x1f, 0xed, 0x60, 0xc, 0xcc,
    0x39, 0x80, 0xa, 0x65, 0xc4, 0xe2, 0x1, 0xd4,
    0xa, 0x1, 0xc4, 0x3, 0x5e, 0x1, 0x10, 0x8,
    0x7, 0x58, 0x28, 0x15, 0xc6, 0x1b, 0x8, 0x1b,
    0xb8, 0x9e, 0x40,

    /* U+0496 "Җ" */
    0x7f, 0x60, 0xb, 0x34, 0x2, 0x5f, 0x80, 0x74,
    0x92, 0x0, 0xf0, 0xd9, 0xc0, 0x2, 0x87, 0x80,
    0x3d, 0x41, 0xa0, 0x10, 0xd1, 0xc0, 0x6, 0x74,
    0xb1, 0x0, 0xc8, 0xee, 0x40, 0x1, 0xc3, 0x28,
    0x7, 0xa0, 0xe8, 0x4f, 0x8a, 0x40, 0x3e, 0x12,
    0x20, 0x9b, 0x11, 0x0, 0x3e, 0xa1, 0xe0, 0x5,
    0xf, 0x0, 0x79, 0xd2, 0x48, 0x0, 0x36, 0x70,
    0x1, 0x8e, 0x11, 0x80, 0x32, 0xa9, 0xd0, 0x2,
    0xe1, 0xa0, 0xf, 0x50, 0xd4, 0xb5, 0x15, 0x8,
    0x7, 0xda, 0x2d, 0x54, 0xf4, 0x0, 0xb3, 0x40,
    0x23, 0xf1, 0x0, 0xff, 0xe9, 0x80,

    /* U+0497 "җ" */
    0x5f, 0x80, 0x4, 0x78, 0x80, 0x37, 0x40, 0x5,
    0x77, 0x20, 0x7, 0x51, 0x78, 0x5, 0x9, 0x44,
    0x1, 0x3a, 0xd1, 0x0, 0x6a, 0x3e, 0x0, 0x24,
    0x3a, 0x80, 0x70, 0xd1, 0xa8, 0x40, 0x48, 0x7,
    0x8e, 0x15, 0x41, 0xc3, 0xa0, 0x1c, 0x3a, 0x54,
    0x0, 0x2a, 0x39, 0x0, 0xda, 0x3e, 0x1, 0x92,
    0x1a, 0x18, 0x24, 0xe8, 0x80, 0x39, 0xd1, 0xe4,
    0xa7, 0xd4, 0x1, 0x1e, 0x20, 0xb, 0x80, 0xf,
    0xfe, 0x90,

    /* U+0498 "Ҙ" */
    0x18, 0xde, 0xfc, 0x60, 0x0, 0xb8, 0xbb, 0x14,
    0xc0, 0x3, 0xb2, 0x65, 0xe2, 0xe0, 0x1, 0x0,
    0x85, 0x40, 0x3f, 0x29, 0x0, 0x42, 0x47, 0x63,
    0x20, 0x17, 0xee, 0x24, 0xa0, 0x5, 0x54, 0x96,
    0x9b, 0x0, 0x91, 0x5a, 0x5d, 0x14, 0x3, 0xc2,
    0x0, 0x5c, 0x98, 0x86, 0x31, 0x2b, 0xbf, 0xb,
    0xe0, 0x15, 0xf7, 0x7, 0xa0, 0x40, 0x30, 0xbc,
    0x0, 0x78, 0x8d, 0x80, 0x3d, 0xc9, 0x0, 0x10,

    /* U+0499 "ҙ" */
    0x2a, 0xef, 0xe9, 0x10, 0x36, 0x64, 0xbb, 0x50,
    0xe, 0x43, 0x49, 0xa8, 0x4, 0x22, 0x53, 0x40,
    0x1, 0x77, 0x29, 0x28, 0x0, 0x57, 0x69, 0x5c,
    0x0, 0x91, 0xc, 0xe6, 0x4b, 0x2c, 0xc8, 0x61,
    0x21, 0x59, 0x93, 0x26, 0x2, 0x67, 0xa3, 0x59,
    0x0, 0x68, 0x71, 0x0, 0xc2, 0xc0, 0x60, 0x19,
    0xa9, 0x48, 0x0,

    /* U+049A "Қ" */
    0x7f, 0x40, 0x9, 0xbe, 0x0, 0x3c, 0x72, 0x90,
    0x1, 0xc3, 0xa5, 0x60, 0x1e, 0xd0, 0xf0, 0xf,
    0x51, 0xd1, 0x0, 0x77, 0xac, 0x20, 0x7, 0x8c,
    0x30, 0x3, 0xec, 0x84, 0x80, 0xf, 0x9d, 0x1d,
    0x40, 0x3e, 0xb2, 0xa2, 0x0, 0xfb, 0xc3, 0x25,
    0xc0, 0x38, 0xac, 0x5a, 0x9f, 0xd0, 0x2, 0x4f,
    0x30, 0xf, 0xfe, 0x48,

    /* U+049B "қ" */
    0xbf, 0x0, 0xb3, 0x84, 0x3, 0xa8, 0xf4, 0x40,
    0x33, 0xad, 0x18, 0x6, 0x58, 0x75, 0x0, 0xe9,
    0x9, 0x0, 0xf7, 0xe, 0x0, 0x78, 0xa8, 0xac,
    0x3, 0xc9, 0x9, 0x50, 0x20, 0x19, 0xd5, 0x4e,
    0x77, 0xe0, 0x15, 0x40, 0x7, 0xff, 0x20,

    /* U+049C "Ҝ" */
    0x8f, 0x30, 0x9, 0xbe, 0x0, 0x3c, 0x72, 0x90,
    0x1, 0xb5, 0x38, 0x68, 0x3, 0xd2, 0x5a, 0x20,
    0x1e, 0x29, 0x30, 0xe, 0xb2, 0x66, 0x0, 0x78,
    0xc0, 0x3f, 0xa0, 0x99, 0x80, 0x1f, 0x86, 0x50,
    0x3, 0xeb, 0x1a, 0x20, 0xe, 0xd5, 0xd1, 0xf0,
    0xf, 0x8e, 0x8a, 0xc0,

    /* U+049D "ҝ" */
    0xbf, 0x0, 0xb3, 0x88, 0x0, 0x5d, 0x7, 0x44,
    0x1, 0xb, 0xc2, 0x0, 0x42, 0xa, 0xe0, 0x1b,
    0xc2, 0xc0, 0x3a, 0x42, 0xc0, 0x39, 0xc1, 0x60,
    0x3, 0x85, 0x9d, 0x80, 0x23, 0xb9, 0x59, 0x40,

    /* U+049E "Ҟ" */
    0x7, 0xf4, 0x0, 0x97, 0xe0, 0x16, 0xc3, 0x94,
    0x6, 0xca, 0x3, 0xcc, 0x17, 0x82, 0x7, 0x80,
    0x15, 0x1, 0x76, 0x46, 0x61, 0x80, 0x7d, 0x23,
    0x20, 0x1e, 0xbf, 0x2b, 0x0, 0xf9, 0x58, 0x38,
    0x3, 0xee, 0x95, 0x45, 0x0, 0xfd, 0x63, 0x62,
    0x1, 0xf0, 0xc0, 0xc0, 0x7, 0xe6, 0x36, 0x30,
    0xf, 0xdc, 0x1c, 0x0,

    /* U+049F "ҟ" */
    0x5, 0x70, 0xf, 0xbe, 0x0, 0x3d, 0xca, 0x1f,
    0xec, 0x0, 0xb1, 0x3, 0x31, 0xc0, 0x11, 0x8,
    0x19, 0x8b, 0x38, 0x80, 0x3a, 0x4e, 0x88, 0x3,
    0x33, 0x25, 0x0, 0x32, 0x4b, 0x30, 0x3, 0xa0,
    0x2c, 0x3, 0xde, 0x3c, 0x1, 0xe3, 0xa3, 0xa0,
    0xf, 0x24, 0xac, 0x0, 0x79, 0x98, 0xea,

    /* U+04A0 "Ҡ" */
    0xef, 0xf9, 0x80, 0x24, 0xfa, 0x9, 0x75, 0x0,
    0xc5, 0x45, 0x40, 0xf1, 0xe0, 0x1b, 0xc3, 0x0,
    0x3f, 0x59, 0x68, 0x80, 0x7d, 0x9, 0x26, 0x1,
    0xf6, 0xba, 0xb0, 0x7, 0xe2, 0x7, 0x10, 0xf,
    0xdf, 0x45, 0x40, 0x1f, 0xca, 0xe9, 0x0, 0x1f,
    0xd0, 0x8e, 0xa0, 0x1f, 0xd6, 0x54, 0x40, 0x1f,
    0xde, 0x1e, 0x0,

    /* U+04A1 "ҡ" */
    0xcf, 0xfa, 0x40, 0x9, 0xf0, 0x11, 0x32, 0x0,
    0x8a, 0x92, 0x1, 0x19, 0x80, 0x17, 0x9d, 0x80,
    0x7d, 0x67, 0xe0, 0x1f, 0x2a, 0x39, 0x0, 0x7c,
    0xae, 0xca, 0x1, 0xfa, 0x12, 0x8c, 0x3, 0xf5,
    0x96, 0x88, 0x7, 0xef, 0xd, 0x0,

    /* U+04A2 "Ң" */
    0x7f, 0x40, 0xc, 0x9e, 0xe0, 0x1f, 0xfe, 0x8b,
    0xff, 0xd6, 0x1, 0xe5, 0x77, 0xca, 0x1, 0xee,
    0x88, 0xdc, 0x1, 0xff, 0xd9, 0xac, 0x10, 0xf,
    0xe2, 0x30, 0x7f, 0x40, 0xc, 0x9e, 0xc0, 0x1f,
    0xfc, 0xe0,

    /* U+04A3 "ң" */
    0xaf, 0x0, 0xd7, 0xe0, 0x1f, 0xfc, 0xc1, 0x1c,
    0x1, 0xee, 0xec, 0x80, 0x1d, 0x77, 0x8c, 0x3,
    0x91, 0x33, 0x80, 0x7f, 0xce, 0x60, 0x1f, 0xa2,
    0xeb, 0xc0, 0x35, 0xf0, 0x7, 0xff, 0x28,

    /* U+04A4 "Ҥ" */
    0x7f, 0x40, 0xc, 0x9f, 0xf8, 0x3, 0xfc, 0x8e,
    0xe0, 0xf, 0xf6, 0x44, 0x0, 0x3f, 0xfa, 0x37,
    0xff, 0xac, 0x3, 0xe5, 0x77, 0xca, 0x1, 0xf7,
    0x44, 0x6e, 0x0, 0xff, 0xf6, 0x80,

    /* U+04A5 "ҥ" */
    0xaf, 0x0, 0xd7, 0xff, 0x58, 0x7, 0xe9, 0x97,
    0x80, 0x7e, 0x66, 0x20, 0x0, 0x47, 0x0, 0x7d,
    0xdd, 0x90, 0x3, 0xd7, 0x78, 0xc0, 0x3c, 0x89,
    0x9c, 0x3, 0xff, 0x9c,

    /* U+04A6 "Ҧ" */
    0x7f, 0xff, 0xb4, 0x3, 0xf9, 0x5d, 0xf0, 0x80,
    0x7f, 0xba, 0x23, 0x18, 0x7, 0xff, 0x90, 0xe2,
    0xc, 0x40, 0x1f, 0xf0, 0xbb, 0xa7, 0x68, 0x3,
    0xfc, 0x3f, 0xec, 0x55, 0x50, 0x7, 0xf1, 0x80,
    0xe, 0x91, 0x48, 0x3, 0xff, 0x83, 0xc0, 0xa0,
    0x1f, 0xfc, 0x16, 0xf, 0x0, 0xff, 0xe0, 0xb8,
    0x1, 0xfd, 0x0, 0x36, 0xe8, 0x3, 0x18, 0x70,
    0x7, 0xff, 0x0, 0x64, 0x1c, 0x3, 0xfb, 0x26,
    0xbc, 0x60, 0x40, 0x3f, 0x9d, 0x94, 0xe9, 0xc0,

    /* U+04A7 "ҧ" */
    0xaf, 0xff, 0x40, 0x7, 0xd3, 0x33, 0x80, 0x7f,
    0x33, 0x56, 0x1, 0xff, 0xcf, 0x7f, 0xd7, 0x0,
    0xfe, 0x36, 0x8, 0x90, 0xf, 0xc9, 0x3a, 0x6c,
    0x20, 0x1f, 0xea, 0x4, 0x0, 0xff, 0x10, 0x1d,
    0x78, 0x4, 0x7f, 0x0, 0x1, 0x3, 0x0, 0xff,
    0x78, 0x38, 0x7, 0xd5, 0x14, 0xa8, 0x40, 0x1f,
    0x1b, 0xaa, 0xa8, 0x0,

    /* U+04A8 "Ҩ" */
    0x0, 0x9b, 0x3f, 0xd0, 0x1, 0xea, 0x91, 0x66,
    0x68, 0x7, 0x2a, 0x93, 0x66, 0x4a, 0x1, 0xdc,
    0x10, 0x0, 0x3c, 0xfd, 0x40, 0x2, 0x89, 0x80,
    0xe1, 0x40, 0x58, 0x80, 0x90, 0x1, 0x2, 0x1e,
    0x1, 0x0, 0x38, 0xc0, 0x81, 0xc0, 0x80, 0x48,
    0x3, 0xc2, 0x2, 0x8, 0x24, 0x8, 0x18, 0x16,
    0xa, 0x1c, 0x1c, 0x24, 0x6c, 0xae, 0x86, 0x8,
    0xe7, 0xf2, 0xc3, 0x43, 0x42, 0x0, 0x8a, 0x27,
    0x52, 0x11, 0x76, 0x0, 0x4b, 0x9d, 0xfb, 0xd5,
    0x10,

    /* U+04A9 "ҩ" */
    0x0, 0x2e, 0xff, 0x0, 0x72, 0xd0, 0xc4, 0x0,
    0x3a, 0x7, 0x1f, 0xbf, 0xd2, 0x2, 0x48, 0x6,
    0xec, 0xec, 0x86, 0x6, 0xa, 0x11, 0x0, 0x33,
    0x1, 0x80, 0x44, 0x20, 0x22, 0x24, 0x4, 0xa,
    0x80, 0x70, 0x91, 0xd5, 0x26, 0x69, 0x41, 0x2c,
    0x60, 0xd4, 0x9a, 0x0,

    /* U+04AA "Ҫ" */
    0x0, 0x8e, 0xbb, 0xfa, 0x8c, 0x0, 0xb8, 0xa8,
    0xca, 0xa6, 0x2, 0xa2, 0xea, 0x9b, 0xf5, 0xb,
    0x8, 0x10, 0xf, 0x38, 0x28, 0x7, 0xc2, 0x40,
    0x1f, 0xfc, 0x61, 0x20, 0xf, 0xc4, 0x8, 0x1,
    0xf5, 0x4, 0x88, 0x7, 0x98, 0x89, 0xf5, 0x13,
    0xa6, 0x0, 0xc3, 0x15, 0x77, 0x31, 0x0, 0x7,
    0x34, 0x9b, 0xac, 0x40, 0x31, 0x73, 0x10, 0x7,
    0x85, 0xc0, 0x40, 0x3c, 0x96, 0x86, 0x0,

    /* U+04AB "ҫ" */
    0x0, 0x1d, 0xff, 0x61, 0x2, 0x62, 0xbb, 0x1,
    0x4, 0x7, 0xc4, 0x30, 0x0, 0x68, 0x20, 0x18,
    0x80, 0x80, 0x38, 0xc0, 0x80, 0x38, 0x44, 0x82,
    0x1, 0xcc, 0x1f, 0x10, 0xc2, 0x8, 0x51, 0x77,
    0x8c, 0x1, 0x58, 0x13, 0x62, 0x1, 0x1c, 0xc8,
    0x3, 0x84, 0x40, 0x1e, 0x88, 0x38, 0x0,

    /* U+04AC "Ҭ" */
    0xdf, 0xff, 0xb2, 0xdd, 0xc8, 0x8, 0xee, 0xa6,
    0x88, 0x68, 0x74, 0x41, 0x80, 0x3f, 0xff, 0x11,
    0x80, 0x1f, 0x11, 0x80, 0x73, 0x7a, 0x80, 0x7f,
    0xf2, 0x40,

    /* U+04AD "ҭ" */
    0xaf, 0xff, 0x4f, 0x4c, 0x84, 0x53, 0x2a, 0x46,
    0x61, 0x99, 0x98, 0x60, 0x1f, 0xfd, 0x83, 0x72,
    0x0, 0xe1, 0x87, 0x0, 0xdb, 0x60, 0x1f, 0xfc,
    0x70,

    /* U+04AE "Ү" */
    0xbf, 0x20, 0xd, 0x9e, 0x30, 0x10, 0x1, 0x21,
    0xb0, 0x9a, 0x29, 0x0, 0x20, 0x20, 0x1, 0x1,
    0x0, 0xa6, 0xe2, 0x0, 0x34, 0x52, 0x80, 0x90,
    0xd, 0x21, 0xe5, 0x2, 0x1, 0x89, 0x48, 0x5c,
    0x3, 0xd2, 0xc, 0x1, 0xff, 0xe0,

    /* U+04AF "ү" */
    0xdf, 0x0, 0xd1, 0xe7, 0x40, 0xa0, 0x13, 0x11,
    0xb0, 0x70, 0x1, 0x5, 0x40, 0x51, 0x2, 0x1a,
    0x14, 0x0, 0xe0, 0x70, 0x63, 0x20, 0x2, 0x8e,
    0xa0, 0x50, 0x6, 0x74, 0xd0, 0x60, 0xd, 0x40,
    0xca, 0x1, 0xc6, 0x41, 0xc0, 0x1e, 0x70, 0x50,
    0xf, 0xfe, 0x90,

    /* U+04B0 "Ұ" */
    0xcf, 0x20, 0xd, 0x9e, 0x30, 0x16, 0x1, 0x21,
    0xb0, 0xa1, 0xb0, 0x80, 0x3c, 0x20, 0x1, 0x1,
    0x0, 0x68, 0xc2, 0x0, 0x43, 0x61, 0x80, 0x80,
    0xd, 0x1, 0x68, 0xc2, 0x1, 0x90, 0xd4, 0x20,
    0x3, 0xd0, 0xc, 0x20, 0x1a, 0x7e, 0xc1, 0xbf,
    0xc0, 0x16, 0x3a, 0x81, 0xbc, 0x0, 0x4b, 0x12,
    0x9, 0xe, 0x1, 0xff, 0xc0,

    /* U+04B1 "ұ" */
    0xdf, 0x0, 0xd1, 0xe7, 0x40, 0xa0, 0x13, 0x11,
    0xb0, 0x70, 0x1, 0x5, 0x40, 0x51, 0x2, 0x1a,
    0x14, 0x0, 0xf0, 0x70, 0x73, 0x20, 0x2, 0xe,
    0xa0, 0xd0, 0x6, 0x64, 0xe0, 0x60, 0xd, 0x40,
    0xaa, 0x0, 0xe3, 0x20, 0xf1, 0x0, 0xb7, 0x88,
    0x2b, 0x90, 0x1, 0xd6, 0x81, 0x76, 0x50, 0x1,
    0xa0, 0x82, 0xa0, 0x80, 0x7f, 0x80,

    /* U+04B2 "Ҳ" */
    0x6f, 0x70, 0xd, 0x7e, 0x40, 0xc7, 0x4, 0x0,
    0x44, 0x39, 0x0, 0x38, 0x24, 0x1, 0x25, 0x0,
    0x11, 0x3a, 0x22, 0xa, 0x40, 0x3a, 0xa, 0x5d,
    0x50, 0x3, 0xd0, 0x41, 0x60, 0x1f, 0x78, 0x1,
    0xc0, 0x3c, 0x6b, 0x5, 0x2, 0x1, 0xdc, 0x4f,
    0x23, 0x60, 0x19, 0xca, 0x1, 0x15, 0x48, 0x0,
    0x18, 0x35, 0x0, 0x40, 0x56, 0x25, 0x87, 0x80,
    0x44, 0xe2, 0x65, 0x5e, 0x60, 0x1a, 0x2c, 0x3,
    0xff, 0x98,

    /* U+04B3 "ҳ" */
    0x4f, 0xa0, 0xb, 0x78, 0x51, 0x95, 0x2, 0xa,
    0xc4, 0x24, 0x68, 0xdd, 0x54, 0x1, 0x50, 0xe0,
    0xd8, 0x6, 0x42, 0x7, 0x10, 0xc, 0xc4, 0x46,
    0x30, 0x8, 0xa4, 0xf0, 0x78, 0x2, 0x90, 0xe1,
    0x82, 0xb7, 0x64, 0x82, 0x6, 0x44, 0x43, 0x7b,
    0x80, 0x56, 0xa0, 0x1f, 0xfc, 0x70,

    /* U+04B4 "Ҵ" */
    0xdf, 0xff, 0xa4, 0x2b, 0xc4, 0x2d, 0xdc, 0x40,
    0xce, 0xec, 0x0, 0xe6, 0x88, 0x38, 0x44, 0x4a,
    0x1, 0xff, 0xff, 0x0, 0xff, 0xea, 0xc4, 0x73,
    0x84, 0x30, 0x7, 0x33, 0xbe, 0x20, 0x6a, 0x0,
    0xab, 0xff, 0xf0, 0x80, 0x7f, 0xf4, 0x40,

    /* U+04B5 "ҵ" */
    0xaf, 0xff, 0x4, 0xf8, 0x87, 0x4b, 0x3, 0x4c,
    0x80, 0x39, 0x1b, 0x3, 0x19, 0x80, 0x1f, 0xfe,
    0xdc, 0x66, 0x94, 0x18, 0xc0, 0x33, 0x4c, 0xc6,
    0x11, 0x20, 0x5, 0xff, 0xf8, 0x3, 0xff, 0xb1,
    0xd4,

    /* U+04B6 "Ҷ" */
    0xde, 0x0, 0xef, 0xc0, 0xf, 0xff, 0x13, 0x8,
    0x80, 0x3f, 0x68, 0x64, 0xca, 0xfc, 0x3, 0x34,
    0x3, 0x38, 0x40, 0x7, 0x3e, 0xff, 0x5b, 0x80,
    0x7f, 0xf2, 0xcf, 0x14, 0x3, 0xf8, 0xc8, 0x3,
    0xef, 0xc0, 0xf, 0xfe, 0x60,

    /* U+04B7 "ҷ" */
    0xed, 0x0, 0xdf, 0x60, 0x1f, 0xfc, 0xa3, 0x0,
    0xfe, 0x72, 0x42, 0x4b, 0x0, 0xd0, 0x37, 0xb6,
    0x40, 0x18, 0xbb, 0x37, 0xe4, 0x3, 0xc6, 0x40,
    0x13, 0x38, 0x80, 0x7c, 0x50, 0x40, 0x1e, 0xf9,
    0x0, 0xff, 0xe5, 0x0,

    /* U+04B8 "Ҹ" */
    0xcf, 0x0, 0xee, 0xd0, 0xf, 0xfe, 0x9f, 0x80,
    0x67, 0x2, 0x0, 0xf7, 0x6, 0x48, 0x5f, 0x8,
    0x2c, 0x93, 0x3, 0xb0, 0x80, 0x1b, 0x3c, 0x32,
    0x0, 0x3f, 0xf8, 0x6a, 0x1, 0xfa, 0x80, 0x30,

    /* U+04B9 "ҹ" */
    0xec, 0x0, 0x87, 0xe8, 0x3, 0xfe, 0x51, 0x0,
    0xc2, 0x12, 0x40, 0x12, 0x92, 0x2, 0x50, 0x2,
    0x6, 0xce, 0x4, 0x0, 0x7d, 0x85, 0x96, 0x1,
    0x8c, 0x40, 0x3e, 0xc3, 0x0, 0x80,

    /* U+04BA "Һ" */
    0x8f, 0x30, 0xf, 0xfe, 0xe1, 0x2b, 0xb1, 0x0,
    0x6d, 0xd5, 0x44, 0xeb, 0x0, 0x49, 0x7d, 0xf8,
    0x32, 0x1, 0x4a, 0x8, 0x1a, 0x1, 0x0, 0x7c,
    0x60, 0x1f, 0xfd, 0x40,

    /* U+04BB "һ" */
    0x57, 0x0, 0xf7, 0x40, 0x7, 0xff, 0x30, 0xf3,
    0xfa, 0x0, 0x2d, 0x58, 0x27, 0x60, 0x4, 0x4b,
    0xe8, 0x60, 0x1, 0xc0, 0x2, 0x26, 0x0, 0x8,
    0x7, 0xff, 0x64,

    /* U+04BC "Ҽ" */
    0x0, 0xe6, 0xcf, 0xf6, 0xb8, 0x7, 0xaa, 0x49,
    0x58, 0x22, 0xc0, 0x32, 0xa9, 0x3a, 0xa7, 0x59,
    0x16, 0x74, 0x24, 0x28, 0x3, 0x40, 0x71, 0x98,
    0x4c, 0xc2, 0x1, 0x84, 0x4b, 0x83, 0xc0, 0x7f,
    0xfe, 0x11, 0x35, 0xb8, 0x13, 0xbf, 0xd0, 0x9,
    0x0, 0x8, 0x8f, 0x9c, 0x2, 0x42, 0x20, 0x7,
    0xfb, 0xc3, 0x80, 0x38, 0x44, 0x1, 0x23, 0x9f,
    0x4c, 0x4e, 0x72, 0x0, 0x68, 0xa5, 0x77, 0x30,
    0x3a, 0x0,

    /* U+04BD "ҽ" */
    0x0, 0xcf, 0xbf, 0xaa, 0x1, 0xd3, 0x9, 0x2d,
    0x48, 0x11, 0x22, 0xcb, 0x2d, 0x63, 0x0, 0x6a,
    0xe1, 0x80, 0x12, 0x98, 0x71, 0xc8, 0x4f, 0xfc,
    0x80, 0x5, 0xe6, 0x8, 0xcc, 0xe0, 0x0, 0xe8,
    0x71, 0x9f, 0x0, 0x48, 0x86, 0xa7, 0x74, 0xc0,
    0x6, 0xb8, 0x78, 0x82, 0xe8, 0x0,

    /* U+04BE "Ҿ" */
    0x0, 0xe6, 0xcf, 0xf6, 0xb8, 0x7, 0xaa, 0x49,
    0x58, 0x62, 0xc0, 0x32, 0xa9, 0x3a, 0xa7, 0x1d,
    0x16, 0x74, 0x24, 0x28, 0x3, 0x48, 0x71, 0x98,
    0x4c, 0xc2, 0x1, 0x84, 0x4b, 0x83, 0xc0, 0x7f,
    0xfe, 0x11, 0x35, 0xb8, 0x13, 0xbf, 0xd0, 0x9,
    0x2, 0x11, 0x1f, 0x38, 0x4, 0xa4, 0x40, 0xf,
    0xf4, 0x7, 0x0, 0x78, 0x40, 0x23, 0x63, 0xe9,
    0x78, 0xbf, 0x40, 0xd, 0x34, 0x4d, 0xe, 0xcc,
    0x40, 0xe, 0x5c, 0x50, 0xfd, 0x91, 0x0, 0xff,
    0xe7, 0x0,

    /* U+04BF "ҿ" */
    0x0, 0xcf, 0xbf, 0xaa, 0x1, 0xd3, 0x9, 0x2d,
    0x48, 0x11, 0x22, 0xcb, 0x2d, 0x63, 0x0, 0x6a,
    0xe1, 0x80, 0x12, 0x98, 0x71, 0xc8, 0x4f, 0xfc,
    0x80, 0x5, 0xe7, 0x8, 0xcc, 0xe0, 0x0, 0xd8,
    0x71, 0x9f, 0x0, 0x46, 0x8d, 0x4c, 0xc8, 0x70,
    0xd, 0x6e, 0x93, 0x25, 0x20, 0xe, 0x8b, 0xb,
    0xd5, 0x0, 0xff, 0xe5, 0x80,

    /* U+04C0 "Ӏ" */
    0x6f, 0xfc, 0xd, 0x40, 0x58, 0x0, 0x50, 0x63,
    0x0, 0xff, 0xf0, 0x28, 0x31, 0x83, 0x50, 0x16,
    0x0,

    /* U+04C1 "Ӂ" */
    0x0, 0xe2, 0x0, 0x88, 0x3, 0xfd, 0xb2, 0x13,
    0xa2, 0x1, 0xfd, 0x2d, 0xed, 0x22, 0x1, 0xfc,
    0xdf, 0xde, 0xc0, 0x1c, 0x9e, 0xe0, 0x13, 0x72,
    0x0, 0x55, 0xe6, 0x8b, 0x4, 0x1, 0xf1, 0xab,
    0x18, 0x58, 0x48, 0x7, 0xdc, 0x32, 0x0, 0x19,
    0x45, 0x0, 0xe7, 0x2b, 0x0, 0xcc, 0x76, 0x20,
    0x11, 0x42, 0x28, 0x7, 0x78, 0xf4, 0x85, 0xe8,
    0x48, 0x7, 0xa8, 0x19, 0x1, 0x54, 0xa, 0x1,
    0xc6, 0xc9, 0x3a, 0x1d, 0x45, 0x2, 0x1, 0xbc,
    0x24, 0x3, 0xa4, 0x2c, 0x2, 0x63, 0x72, 0x0,
    0xe4, 0x55, 0x20, 0xc, 0xc, 0x0, 0x7d, 0x61,
    0x21, 0x63, 0x60, 0x1f, 0x86, 0xa, 0x0,

    /* U+04C2 "ӂ" */
    0x0, 0x8a, 0x4, 0x11, 0xc0, 0x3e, 0x37, 0x90,
    0x9c, 0x0, 0xf8, 0x65, 0xfc, 0x24, 0x3, 0xf3,
    0x7f, 0x69, 0x0, 0x65, 0xf6, 0x0, 0x47, 0x10,
    0x3, 0x38, 0x55, 0x20, 0x40, 0x39, 0x4e, 0xc4,
    0x24, 0x60, 0x3, 0xad, 0x14, 0x0, 0x50, 0xc8,
    0x0, 0x19, 0x19, 0x0, 0xce, 0x16, 0xe1, 0x8c,
    0xa4, 0x1, 0xa0, 0x21, 0x42, 0x51, 0x4c, 0x2,
    0x37, 0x57, 0x20, 0x4a, 0x1e, 0x0, 0xb8, 0x6c,
    0x3, 0xc, 0x14, 0x4, 0x15, 0x88, 0x7, 0x32,
    0x39, 0x80,

    /* U+04C3 "Ӄ" */
    0x7f, 0x40, 0x9, 0xbe, 0x40, 0x3c, 0x72, 0x72,
    0x1, 0xc3, 0xa3, 0xa0, 0x1e, 0xd1, 0xc1, 0x0,
    0xe8, 0x3a, 0x20, 0xe, 0xc7, 0x65, 0x0, 0xf3,
    0x83, 0x7e, 0x28, 0x6, 0x6a, 0xa3, 0x95, 0x38,
    0x5, 0xaa, 0xa8, 0xf2, 0x82, 0x0, 0xf0, 0xc0,
    0x28, 0x7, 0xce, 0x1c, 0x1, 0xf0, 0x80, 0xbf,
    0xa0, 0x6, 0x50, 0xe0, 0xf, 0xd, 0x83, 0x80,
    0x59, 0x35, 0xe5, 0x2, 0x1, 0x99, 0x4a, 0x9c,
    0x0,

    /* U+04C4 "ӄ" */
    0xaf, 0x0, 0xb3, 0x88, 0x3, 0x59, 0xe9, 0x0,
    0x52, 0x96, 0x60, 0x14, 0x35, 0x20, 0x6, 0x70,
    0xac, 0x30, 0xa, 0xae, 0xf, 0x8, 0x0, 0xa8,
    0xf6, 0x14, 0x1, 0xc8, 0x6, 0x1, 0xe2, 0x7a,
    0xf0, 0xc, 0x4e, 0x1, 0xca, 0x18, 0x0, 0x78,
    0x9a, 0x16, 0x0, 0xb, 0x31, 0x30, 0x40,

    /* U+04C5 "Ӆ" */
    0x0, 0xab, 0xff, 0xc0, 0x1c, 0x22, 0x77, 0x84,
    0x3, 0xcc, 0x51, 0x11, 0x0, 0x78, 0x98, 0x3,
    0xf8, 0x83, 0x40, 0x3f, 0x98, 0x8, 0x3, 0xf8,
    0x81, 0x80, 0x3f, 0xbc, 0x8, 0x3, 0xf9, 0x44,
    0x40, 0x1f, 0x84, 0xd0, 0x3, 0xf3, 0x58, 0x70,
    0x7, 0xb2, 0x25, 0x5d, 0x0, 0x3c, 0x61, 0xfe,
    0x80, 0xe, 0xcc, 0x6, 0x0, 0x7f, 0x48, 0x20,
    0x7, 0xe1, 0x53, 0x0,

    /* U+04C6 "ӆ" */
    0x0, 0x37, 0xff, 0x18, 0x4, 0x21, 0x12, 0xa0,
    0x1d, 0xc0, 0xed, 0xa0, 0x1c, 0x42, 0x1, 0xf9,
    0x88, 0x3, 0xf1, 0x28, 0x7, 0xca, 0x18, 0x1,
    0xe5, 0xb1, 0x50, 0xd, 0x6b, 0x61, 0x40, 0x1c,
    0xfd, 0xd2, 0x0, 0x4f, 0xe2, 0x60, 0x1f, 0x20,
    0xe0, 0x7, 0xda, 0x8, 0x1, 0xf4, 0xf0, 0x0,

    /* U+04C7 "Ӈ" */
    0x7f, 0x40, 0xc, 0x9e, 0xe0, 0x1f, 0xfd, 0xeb,
    0xff, 0xd6, 0x1, 0x95, 0xdf, 0x28, 0x6, 0xe8,
    0x8d, 0xc0, 0x1f, 0xfd, 0x31, 0x0, 0xf8, 0x40,
    0xf, 0xe8, 0x1, 0xb4, 0x8, 0x3, 0xc4, 0xc2,
    0x80, 0x1, 0xc9, 0xac, 0x1b, 0x0, 0xe6, 0x52,
    0xb5, 0x0,

    /* U+04C8 "ӈ" */
    0xaf, 0x0, 0xd7, 0xe0, 0x1f, 0xfc, 0x61, 0x1c,
    0x1, 0xbb, 0xb2, 0x0, 0x57, 0x78, 0xc0, 0x24,
    0x4c, 0xe0, 0x1f, 0xfc, 0x5a, 0xf0, 0xc, 0xe2,
    0x1, 0xc2, 0x6a, 0x0, 0x3a, 0x8c, 0xf, 0x0,
    0xb, 0xb8, 0x29, 0x0,

    /* U+04C9 "Ӊ" */
    0x7f, 0x40, 0xc, 0x9e, 0xe0, 0x1f, 0xfe, 0x8b,
    0xff, 0xd6, 0x1, 0xe5, 0x77, 0xca, 0x1, 0xee,
    0x88, 0xdc, 0x1, 0xff, 0xd9, 0xac, 0x20, 0xf,
    0xe2, 0x32, 0x7f, 0x40, 0xc, 0x9e, 0x68, 0x1,
    0xfc, 0x66, 0xc0, 0xf, 0xe9, 0x4, 0x0,

    /* U+04CA "ӊ" */
    0xaf, 0x0, 0xd7, 0xe0, 0x1f, 0xfc, 0xc1, 0x1c,
    0x1, 0xee, 0xec, 0x80, 0x1d, 0x77, 0x8c, 0x3,
    0x91, 0x33, 0x80, 0x7f, 0xce, 0x80, 0x1f, 0xa0,
    0xeb, 0xc0, 0x35, 0xe0, 0x20, 0x7, 0xd6, 0x6,
    0x1, 0xf2, 0x98, 0x0,

    /* U+04CB "Ӌ" */
    0xcf, 0x0, 0xee, 0xd0, 0xf, 0xfe, 0xc3, 0x81,
    0x0, 0x7b, 0x83, 0x26, 0x57, 0xe2, 0xb, 0x26,
    0xce, 0xe8, 0x10, 0x3, 0x6f, 0xf6, 0x38, 0x7,
    0xff, 0x11, 0x2c, 0x40, 0x3c, 0x48, 0x1, 0xfd,
    0x7a, 0x1, 0xff, 0xc6,

    /* U+04CC "ӌ" */
    0xed, 0x0, 0xdf, 0x60, 0x1f, 0xfc, 0x43, 0x0,
    0xf9, 0xc9, 0x9, 0x2c, 0x1, 0x3, 0x7b, 0x64,
    0x0, 0x2e, 0xcd, 0xf9, 0x0, 0xc6, 0x46, 0xe0,
    0x1e, 0x58, 0x0, 0xfd, 0x96, 0x1, 0xff, 0xc4,

    /* U+04CD "Ӎ" */
    0x7f, 0xf1, 0x0, 0x73, 0xff, 0x88, 0x3, 0xa8,
    0x3, 0xa8, 0x3, 0xe4, 0x50, 0xc, 0x44, 0x40,
    0xf, 0x69, 0x18, 0x5, 0x43, 0x80, 0x1e, 0x40,
    0xb0, 0x9, 0x9f, 0xc0, 0x3c, 0x68, 0xc0, 0x3,
    0x1a, 0x0, 0xfd, 0xc2, 0x61, 0x42, 0x60, 0x1f,
    0x94, 0x28, 0x1d, 0x80, 0x3f, 0xca, 0xea, 0x36,
    0x1, 0xfe, 0xf1, 0xb2, 0x30, 0xf, 0xf2, 0x80,
    0xa8, 0x6, 0xeb, 0x0, 0xf2, 0x85, 0x0, 0x63,
    0x0, 0x3f, 0x88, 0x2, 0xbc, 0x80, 0x11, 0xc1,
    0x80, 0x1f, 0xfc, 0x6, 0x4, 0x0, 0xff, 0xe0,
    0x48, 0x98, 0x0,

    /* U+04CE "ӎ" */
    0xaf, 0xd0, 0xc, 0xdf, 0xe1, 0x0, 0x88, 0xc0,
    0x2a, 0x0, 0xe2, 0x1a, 0x0, 0x11, 0x98, 0x3,
    0x99, 0xc0, 0x14, 0x28, 0x1, 0x8e, 0x85, 0x41,
    0x99, 0xe0, 0x1c, 0x47, 0xe8, 0x34, 0x1, 0xf5,
    0x2c, 0x19, 0x0, 0x7c, 0xe0, 0x74, 0x1, 0x32,
    0x80, 0x42, 0xa0, 0xe0, 0x14, 0x6d, 0x70, 0x2,
    0xbc, 0x41, 0xf8, 0x34, 0x3, 0xf9, 0x81, 0x0,
    0x3f, 0xac, 0x84,

    /* U+04CF "ӏ" */
    0x6f, 0xfc, 0xd, 0x40, 0x58, 0x0, 0x50, 0x63,
    0x0, 0xff, 0xf0, 0x28, 0x31, 0x83, 0x50, 0x16,
    0x0,

    /* U+04D0 "Ӑ" */
    0x0, 0x84, 0x0, 0x22, 0x0, 0xe4, 0xe5, 0xd,
    0xd0, 0x7, 0x23, 0x57, 0x97, 0x80, 0x7a, 0x7f,
    0xb8, 0x60, 0x1f, 0x6f, 0x20, 0x7, 0xc6, 0x41,
    0xc0, 0x1f, 0x50, 0x32, 0x80, 0x7c, 0xe9, 0xa0,
    0xc0, 0x1c, 0x83, 0xa8, 0x34, 0x1, 0xdc, 0xe,
    0xe, 0x62, 0x1, 0x95, 0x4, 0x28, 0x18, 0x2,
    0x50, 0x4f, 0xf6, 0x5, 0x0, 0x5c, 0xe, 0xf8,
    0xc8, 0xc0, 0x51, 0x11, 0x1c, 0x16, 0xc, 0x1c,
    0x1, 0x90, 0x58, 0x28, 0x14, 0x3, 0x98, 0x50,

    /* U+04D1 "ӑ" */
    0x0, 0x32, 0x80, 0xc1, 0x0, 0x32, 0xc5, 0xdc,
    0x1, 0x41, 0xf4, 0xc1, 0x0, 0xb, 0x7b, 0xdc,
    0x0, 0x33, 0xbd, 0xc9, 0x0, 0x9d, 0x65, 0x1a,
    0x40, 0x7a, 0x1a, 0x85, 0x0, 0x3c, 0x46, 0x5,
    0x5b, 0xfe, 0x30, 0x6, 0x24, 0x66, 0x90, 0x18,
    0xb2, 0x99, 0x18, 0x10, 0x2a, 0x22, 0xc4, 0x6,
    0x82, 0xe7, 0x20, 0x0,

    /* U+04D2 "Ӓ" */
    0x0, 0xf, 0x28, 0x6b, 0x80, 0x70, 0xa3, 0x2,
    0x10, 0x7, 0xa8, 0xc2, 0x54, 0x3, 0xed, 0xf4,
    0x0, 0xf8, 0xc8, 0x38, 0x3, 0xea, 0x6, 0x50,
    0xf, 0x9d, 0x34, 0x18, 0x3, 0x90, 0x75, 0x6,
    0x80, 0x3b, 0x81, 0xc1, 0xcc, 0x40, 0x32, 0xa0,
    0x85, 0x3, 0x0, 0x4a, 0x9, 0xfe, 0xc0, 0xa0,
    0xb, 0x81, 0xdf, 0x19, 0x18, 0xa, 0x22, 0x23,
    0x82, 0xc1, 0x83, 0x80, 0x32, 0xb, 0x5, 0x2,
    0x80, 0x73, 0xa, 0x0,

    /* U+04D3 "ӓ" */
    0x0, 0x55, 0x84, 0x68, 0x5, 0xa6, 0x1a, 0x80,
    0x13, 0xc0, 0x2c, 0x80, 0x6, 0x77, 0xfa, 0x40,
    0x27, 0x59, 0x46, 0x90, 0x1e, 0x86, 0xa1, 0x40,
    0xf, 0x11, 0x81, 0x56, 0xff, 0x8c, 0x1, 0x89,
    0x19, 0xa4, 0x6, 0x2c, 0xa6, 0x46, 0x4, 0xa,
    0x88, 0xb1, 0x1, 0xa0, 0xb9, 0xc8, 0x0,

    /* U+04D4 "Ӕ" */
    0x0, 0xf7, 0x7f, 0xfc, 0xe0, 0x1c, 0xa2, 0xc4,
    0xe, 0xf9, 0x0, 0x3a, 0x4a, 0x58, 0x22, 0x31,
    0x80, 0x63, 0x35, 0x0, 0x7f, 0xf0, 0x24, 0x18,
    0x3, 0xfe, 0x25, 0x61, 0x0, 0xbf, 0xf1, 0x80,
    0x56, 0x16, 0x1, 0x9d, 0xf1, 0x0, 0x4c, 0x1b,
    0xfe, 0x40, 0x88, 0xc2, 0x0, 0x70, 0x57, 0x78,
    0x40, 0x3f, 0x49, 0x54, 0x44, 0xa0, 0x1f, 0x28,
    0xd8, 0x7, 0xa2, 0x31, 0x84, 0x83, 0x0, 0x79,
    0xdf, 0x20,

    /* U+04D5 "ӕ" */
    0x2, 0xad, 0xfd, 0x62, 0xbf, 0xe8, 0x0, 0x85,
    0xd6, 0x46, 0x71, 0xa5, 0xdd, 0x20, 0x3, 0xd8,
    0x6d, 0x1, 0xf6, 0x94, 0x60, 0xf, 0x8, 0x9,
    0x0, 0x30, 0xc, 0xe, 0xfb, 0xfc, 0x3, 0xff,
    0x40, 0x38, 0xe2, 0xc6, 0x60, 0xb, 0x33, 0x90,
    0x81, 0x98, 0x62, 0x4, 0x26, 0x78, 0x8, 0x19,
    0xe3, 0x14, 0x72, 0x1e, 0x2c, 0x6, 0x8e, 0x1a,
    0x6b, 0x15, 0xe1, 0x70, 0x0,

    /* U+04D6 "Ӗ" */
    0x1, 0x10, 0x0, 0x40, 0x15, 0xe2, 0x7c, 0xc1,
    0x27, 0xd8, 0x8c, 0x5, 0xbd, 0xcb, 0x7, 0xff,
    0x77, 0x3f, 0xc0, 0x5, 0x77, 0xa0, 0x1, 0xd1,
    0x13, 0x80, 0x7f, 0xf1, 0x2f, 0xfe, 0xa0, 0x2,
    0xbb, 0xde, 0x0, 0xe8, 0x89, 0x40, 0x3f, 0xf8,
    0x9d, 0x11, 0x80, 0xa, 0xef, 0x80,

    /* U+04D7 "ӗ" */
    0x0, 0x32, 0x80, 0x20, 0xc0, 0x2f, 0xb1, 0x67,
    0x0, 0xd0, 0x7d, 0x30, 0x60, 0x10, 0xef, 0x7b,
    0x80, 0x64, 0xce, 0xe4, 0x80, 0x49, 0x63, 0x2c,
    0xc9, 0x0, 0x40, 0x63, 0x43, 0x30, 0x40, 0xd0,
    0x40, 0x1e, 0xa, 0x40, 0x9f, 0xf4, 0x81, 0x10,
    0x13, 0x33, 0x9c, 0x9, 0x48, 0xcf, 0x8, 0x48,
    0xe4, 0x34, 0x60, 0x1, 0x31, 0x9e, 0x55, 0x0,

    /* U+04D8 "Ә" */
    0x7, 0xce, 0xfe, 0xb4, 0x0, 0x92, 0x1, 0xde,
    0x5b, 0x80, 0x2, 0xf6, 0x4c, 0x4f, 0x23, 0xa8,
    0x8, 0x80, 0x3a, 0x42, 0x40, 0x3f, 0x11, 0x98,
    0x62, 0x3f, 0x8, 0x1b, 0x3b, 0xfc, 0x40, 0x3,
    0x1f, 0xff, 0x20, 0x1b, 0x88, 0x80, 0x39, 0x48,
    0x78, 0x20, 0x3, 0x50, 0xd8, 0x22, 0xb6, 0x44,
    0xea, 0xa9, 0x80, 0x15, 0x20, 0xec, 0x33, 0x40,
    0x0,

    /* U+04D9 "ә" */
    0x6, 0xdf, 0xf6, 0x28, 0x5, 0x89, 0x10, 0x1a,
    0x60, 0x5, 0x4b, 0xbb, 0x4a, 0x40, 0x3e, 0x50,
    0x33, 0x7f, 0xf3, 0x83, 0x8, 0x2e, 0x64, 0xa0,
    0xc4, 0xc, 0x67, 0x30, 0x18, 0x41, 0xcb, 0x59,
    0xc0, 0x1, 0xe1, 0xe5, 0xa5, 0xc0,

    /* U+04DA "Ӛ" */
    0x0, 0x37, 0xa, 0x71, 0x0, 0x72, 0xa0, 0xb2,
    0x98, 0x7, 0x1d, 0x1, 0x58, 0x80, 0x67, 0xce,
    0xfe, 0xb4, 0x0, 0x92, 0x1, 0xde, 0x5b, 0x80,
    0x2, 0xf6, 0x4c, 0x4f, 0x23, 0xa8, 0x8, 0x80,
    0x3a, 0x42, 0x40, 0x3f, 0x11, 0x98, 0x62, 0x3f,
    0x8, 0x1b, 0x3b, 0xfc, 0x40, 0x3, 0x1f, 0xff,
    0x20, 0x1b, 0x88, 0x80, 0x39, 0x48, 0x78, 0x20,
    0x3, 0x50, 0xd8, 0x22, 0xb6, 0x44, 0xea, 0xa9,
    0x80, 0x15, 0x20, 0xec, 0x33, 0x40, 0x0,

    /* U+04DB "ӛ" */
    0x0, 0x5c, 0x84, 0xd8, 0x6, 0x3f, 0xf, 0x30,
    0xd, 0xc, 0xd, 0x0, 0x13, 0x6f, 0xfb, 0x14,
    0x2, 0xc4, 0x88, 0xd, 0x30, 0x2, 0xa5, 0xdd,
    0xa5, 0x20, 0x1f, 0x28, 0x19, 0xbf, 0xf9, 0xc1,
    0x84, 0x17, 0x32, 0x50, 0x62, 0x6, 0x33, 0x98,
    0xc, 0x20, 0xe5, 0xac, 0xe0, 0x0, 0xf0, 0xf2,
    0xd2, 0xe0,

    /* U+04DC "Ӝ" */
    0x0, 0xec, 0x80, 0xab, 0x0, 0xff, 0x27, 0x6,
    0x98, 0x7, 0xfa, 0x18, 0x1e, 0x0, 0x39, 0x3d,
    0xc0, 0x26, 0xf4, 0x0, 0xab, 0xcd, 0x16, 0x8,
    0x3, 0xe3, 0x56, 0x30, 0xb0, 0x90, 0xf, 0xb8,
    0x64, 0x0, 0x32, 0x8a, 0x1, 0xce, 0x56, 0x1,
    0x98, 0xec, 0x40, 0x22, 0x84, 0x50, 0xe, 0xf1,
    0xe9, 0xb, 0xd0, 0x90, 0xf, 0x50, 0x32, 0x2,
    0xa8, 0x14, 0x3, 0x8d, 0x92, 0x74, 0x3a, 0x8a,
    0x4, 0x3, 0x78, 0x48, 0x7, 0x48, 0x58, 0x4,
    0xc6, 0xe4, 0x1, 0xc8, 0xaa, 0x40, 0x18, 0x18,
    0x0, 0xfa, 0xc2, 0x42, 0xc6, 0xc0, 0x3f, 0xc,
    0x14, 0x0,

    /* U+04DD "ӝ" */
    0x0, 0xda, 0xc1, 0x92, 0x1, 0xf9, 0xc8, 0x13,
    0xc0, 0x3f, 0x52, 0x4, 0x30, 0x6, 0x5f, 0x60,
    0x4, 0x79, 0x0, 0x33, 0x85, 0x52, 0x4, 0x3,
    0x94, 0xec, 0x42, 0x46, 0x0, 0x3a, 0xd1, 0x40,
    0x5, 0xc, 0x80, 0x1, 0x91, 0x90, 0xc, 0xe1,
    0x6e, 0x18, 0xca, 0x40, 0x1a, 0x2, 0x14, 0x25,
    0x14, 0xc0, 0x23, 0x75, 0x72, 0x4, 0xa1, 0xe0,
    0xb, 0x86, 0xc0, 0x30, 0xc1, 0x40, 0x41, 0x58,
    0x80, 0x73, 0x23, 0x98,

    /* U+04DE "Ӟ" */
    0x1, 0xe5, 0xd, 0x70, 0x8, 0x51, 0x81, 0x8,
    0x3, 0x51, 0x84, 0xa8, 0x0, 0x63, 0x7b, 0xf5,
    0xc0, 0x2, 0xcc, 0x76, 0x8, 0xa0, 0x7, 0x5c,
    0xcb, 0x49, 0x40, 0x3e, 0x11, 0x0, 0x42, 0x47,
    0x27, 0x0, 0x17, 0xee, 0x34, 0xb0, 0x5, 0x54,
    0x95, 0x99, 0x0, 0x48, 0xad, 0x4a, 0xc6, 0x1,
    0xed, 0x5, 0x0, 0xf6, 0x1, 0x2f, 0x54, 0x4e,
    0xa2, 0x4e, 0xa8, 0xee, 0x19, 0xb0,

    /* U+04DF "ӟ" */
    0x6, 0xd0, 0x4e, 0x20, 0x1, 0x38, 0x3a, 0x18,
    0x1, 0x28, 0xe, 0x84, 0xa, 0xbb, 0xfa, 0x44,
    0xd, 0x99, 0x2e, 0xd4, 0x3, 0x90, 0xd2, 0x6a,
    0x1, 0x8, 0x94, 0xd0, 0x0, 0x5d, 0xca, 0x4a,
    0x0, 0x15, 0xda, 0x57, 0x0, 0x24, 0x43, 0x39,
    0x92, 0xd3, 0xb4, 0x30, 0x90, 0xb4, 0xc9, 0x97,
    0x0,

    /* U+04E0 "Ӡ" */
    0x2f, 0xff, 0x84, 0xdd, 0xf2, 0x1, 0x88, 0xa2,
    0x2b, 0x43, 0xc0, 0xc, 0x98, 0x78, 0x1, 0x92,
    0xd3, 0x0, 0x3b, 0x81, 0x3a, 0x88, 0x2, 0x8b,
    0xa7, 0x5c, 0x10, 0x1, 0x22, 0xcc, 0xb, 0x0,
    0x78, 0xc3, 0xc4, 0x3, 0xb4, 0x35, 0xba, 0x5e,
    0x2d, 0x8d, 0x51, 0xf, 0xe, 0xd1, 0x80,

    /* U+04E1 "ӡ" */
    0x7f, 0xff, 0x32, 0x4c, 0xe1, 0x4, 0x36, 0x6b,
    0xc7, 0x8, 0x2, 0x86, 0xa3, 0x0, 0x99, 0xe5,
    0x40, 0x34, 0x85, 0x38, 0x6, 0x87, 0x74, 0x68,
    0x80, 0x1e, 0x2e, 0x4a, 0x40, 0x39, 0x81, 0x0,
    0x3e, 0x70, 0xe, 0x60, 0xcb, 0xb4, 0x3d, 0x49,
    0x3f, 0x3b, 0x42, 0x36, 0x0,

    /* U+04E2 "Ӣ" */
    0x0, 0xff, 0xe0, 0x2f, 0xfe, 0x90, 0xc, 0x99,
    0x9a, 0xc0, 0xf, 0xea, 0x67, 0xaf, 0xec, 0x3,
    0xc4, 0xc0, 0x1f, 0xa4, 0x3, 0xf2, 0xa4, 0x8,
    0x7, 0xac, 0x9c, 0x40, 0x3a, 0x6, 0x0, 0x39,
    0xc5, 0xd1, 0x40, 0x3d, 0x61, 0x20, 0x1e, 0x45,
    0x72, 0x0, 0xf4, 0x8c, 0x0, 0x7c, 0x36, 0x1,
    0xf8, 0xd4, 0x3, 0xc0,

    /* U+04E3 "ӣ" */
    0x0, 0xfe, 0x5f, 0xfd, 0x0, 0x4, 0xcc, 0xd4,
    0x15, 0xc6, 0x72, 0x6e, 0x80, 0x30, 0xc0, 0x7,
    0xa0, 0x48, 0x3, 0x13, 0x48, 0x80, 0x68, 0x27,
    0x0, 0xc6, 0xb0, 0x2, 0x0, 0x1f, 0x35, 0x0,
    0xc2, 0x7e, 0x1, 0xe5, 0x30, 0xc,

    /* U+04E4 "Ӥ" */
    0x0, 0x17, 0x20, 0xf3, 0x0, 0x63, 0x56, 0x14,
    0x20, 0xc, 0x36, 0x41, 0x48, 0x0, 0x7f, 0x40,
    0xd, 0x3f, 0x60, 0x1e, 0x26, 0x0, 0xfd, 0x20,
    0x1f, 0x95, 0x20, 0x40, 0x3d, 0x64, 0xe2, 0x1,
    0xd0, 0x30, 0x1, 0xce, 0x2e, 0x8a, 0x1, 0xeb,
    0x9, 0x0, 0xf2, 0x2b, 0x90, 0x7, 0xa4, 0x60,
    0x3, 0xe1, 0xb0, 0xf, 0xc6, 0xa0, 0x1e,

    /* U+04E5 "ӥ" */
    0x2, 0xe3, 0x1e, 0x50, 0x1, 0xa8, 0x89, 0x18,
    0x0, 0x36, 0x41, 0x46, 0x15, 0xe0, 0x13, 0xfe,
    0x80, 0x61, 0x80, 0xf, 0x40, 0x90, 0x6, 0x26,
    0x91, 0x0, 0xd0, 0x4e, 0x1, 0x8d, 0x60, 0x4,
    0x0, 0x3e, 0x6a, 0x1, 0x84, 0xfc, 0x3, 0xca,
    0x60, 0x18,

    /* U+04E6 "Ӧ" */
    0x0, 0xdc, 0xc1, 0xb0, 0x1, 0xf2, 0x10, 0x26,
    0x80, 0x7d, 0x48, 0x12, 0xa0, 0x1e, 0x4b, 0xef,
    0xd8, 0x10, 0xd, 0x16, 0xae, 0xe6, 0x7f, 0x20,
    0x2, 0x39, 0xf4, 0xc5, 0xd0, 0xf0, 0x3, 0x82,
    0x0, 0x32, 0xa1, 0x98, 0x10, 0x10, 0x3, 0xb4,
    0x10, 0x4, 0x80, 0x3c, 0x41, 0xe0, 0x1f, 0xfc,
    0x11, 0x20, 0xf, 0x10, 0x78, 0x20, 0x20, 0x7,
    0x68, 0x20, 0x70, 0x40, 0x6, 0x44, 0x19, 0x81,
    0x1c, 0xfa, 0x62, 0xec, 0x3c, 0x1, 0x45, 0x2b,
    0xb9, 0x9f, 0xc8, 0x0,

    /* U+04E7 "ӧ" */
    0x0, 0x2f, 0x9, 0xf1, 0x0, 0x4c, 0x82, 0x25,
    0x30, 0x8, 0xe8, 0xa, 0xc4, 0x2, 0x4c, 0xfe,
    0xa2, 0x0, 0x25, 0x8c, 0x32, 0xe0, 0x84, 0x86,
    0x3c, 0x58, 0xc0, 0x92, 0x8, 0x1, 0x5, 0xc,
    0x8, 0x3, 0x19, 0x88, 0x8, 0x3, 0x19, 0x80,
    0xd0, 0x40, 0x8, 0x28, 0x10, 0x18, 0xf1, 0x63,
    0x60, 0x98, 0x30, 0xe9, 0x84,

    /* U+04E8 "Ө" */
    0x0, 0x92, 0xfb, 0xf6, 0x4, 0x3, 0x45, 0xab,
    0xb9, 0x9f, 0xc8, 0x0, 0x8e, 0x9d, 0x31, 0x78,
    0x3c, 0x0, 0xe0, 0xa0, 0xc, 0x6c, 0x66, 0x4,
    0x23, 0x22, 0xef, 0x4, 0x1, 0x2d, 0xdf, 0x48,
    0x78, 0x0, 0xaa, 0xbd, 0x0, 0x10, 0x92, 0xaf,
    0x84, 0x3c, 0x10, 0xc, 0x3, 0xb4, 0x10, 0x38,
    0x3c, 0x3, 0x22, 0xc, 0xc0, 0x8e, 0x7d, 0x31,
    0x56, 0x3c, 0x1, 0x45, 0x2b, 0xbe, 0xf2, 0x0,

    /* U+04E9 "ө" */
    0x0, 0x26, 0x7f, 0x51, 0x0, 0x16, 0xc5, 0xd9,
    0x70, 0x42, 0x3, 0x22, 0x16, 0x32, 0x24, 0x80,
    0x22, 0x50, 0x53, 0x4, 0xee, 0xc0, 0x66, 0x3,
    0xbb, 0xc0, 0x62, 0x64, 0x89, 0x38, 0x20, 0x40,
    0xeb, 0xc6, 0x8c, 0x2, 0x58, 0xc3, 0xa6, 0x8,

    /* U+04EA "Ӫ" */
    0x0, 0xdc, 0xa1, 0x90, 0x1, 0xf2, 0x8, 0x2f,
    0x0, 0x7d, 0x48, 0x12, 0xc0, 0x1e, 0x4b, 0xef,
    0xd8, 0x10, 0xd, 0x16, 0xae, 0xe6, 0x7f, 0x20,
    0x2, 0x3a, 0x74, 0xc5, 0xe0, 0xf0, 0x3, 0x82,
    0x80, 0x31, 0xb1, 0x98, 0x10, 0x8c, 0x8b, 0xbc,
    0x10, 0x4, 0xb7, 0x7d, 0x21, 0xe0, 0x2, 0xaa,
    0xf4, 0x0, 0x42, 0x4a, 0xbe, 0x10, 0xf0, 0x40,
    0x30, 0xe, 0xd0, 0x40, 0xe0, 0xf0, 0xc, 0x88,
    0x33, 0x2, 0x39, 0xf4, 0xc5, 0x58, 0xf0, 0x5,
    0x14, 0xae, 0xfb, 0xc8, 0x0,

    /* U+04EB "ӫ" */
    0x0, 0x2f, 0x9, 0xf1, 0x0, 0x4c, 0x82, 0x25,
    0x30, 0x8, 0xe8, 0xa, 0xc4, 0x2, 0x4c, 0xfe,
    0xa2, 0x0, 0x2d, 0x8b, 0xb2, 0xe0, 0x84, 0x6,
    0x44, 0x2c, 0x64, 0x49, 0x0, 0x44, 0xa0, 0xa6,
    0x9, 0xdd, 0x80, 0xcc, 0x7, 0x77, 0x80, 0xc4,
    0xc9, 0x12, 0x70, 0x40, 0x81, 0xd7, 0x8d, 0x18,
    0x4, 0xb1, 0x87, 0x4c, 0x10,

    /* U+04EC "Ӭ" */
    0x2, 0xe5, 0xe, 0x70, 0xc, 0x48, 0xc0, 0x86,
    0x1, 0xd4, 0x61, 0x48, 0x1, 0xc, 0x6f, 0xfb,
    0x5c, 0x2, 0x17, 0x16, 0x60, 0x46, 0x8, 0x3,
    0xf2, 0x65, 0xae, 0x76, 0x1, 0xf4, 0x1a, 0x88,
    0x7, 0xc8, 0x8, 0x0, 0xcf, 0xfc, 0xe0, 0x60,
    0xa, 0x77, 0xc8, 0x1, 0x9a, 0x23, 0x18, 0x10,
    0x7, 0xca, 0x8, 0x1, 0xe8, 0x26, 0x2, 0xea,
    0x8a, 0xd7, 0x38, 0x3, 0x44, 0x3a, 0x8c, 0x60,
    0x80,

    /* U+04ED "ӭ" */
    0xb, 0xa0, 0x8c, 0x0, 0x8f, 0x43, 0x90, 0x2,
    0x87, 0x6, 0x80, 0x1, 0x5f, 0x7e, 0xa8, 0x0,
    0x82, 0x60, 0x29, 0xc0, 0x16, 0xee, 0xd1, 0x80,
    0x8, 0x46, 0x70, 0x30, 0x6e, 0xe9, 0x81, 0xc1,
    0xee, 0xe5, 0x7, 0x1, 0x44, 0x9c, 0xd, 0x25,
    0xdd, 0xa5, 0x20, 0xeb, 0x10, 0x1a, 0x60,

    /* U+04EE "Ӯ" */
    0x0, 0xff, 0xe0, 0x37, 0xfe, 0x80, 0xc, 0xf9,
    0x9a, 0x40, 0x15, 0xe4, 0x67, 0x87, 0xf2, 0x42,
    0x40, 0x33, 0x4, 0x9a, 0x29, 0x0, 0x56, 0x2a,
    0x10, 0x16, 0x0, 0x32, 0x60, 0x1, 0x99, 0x84,
    0x24, 0x24, 0x2, 0x80, 0x91, 0x55, 0x8, 0x4,
    0x86, 0xcc, 0x9, 0x0, 0xe9, 0x18, 0x23, 0x0,
    0xe5, 0x20, 0xb0, 0xf, 0x11, 0x4c, 0x1, 0xa2,
    0xb0, 0x24, 0x3, 0x89, 0x4e, 0x90, 0x3, 0x0,

    /* U+04EF "ӯ" */
    0x0, 0xff, 0x1f, 0xfe, 0xa0, 0x8, 0xf3, 0x34,
    0x0, 0x33, 0xcc, 0xf5, 0x7a, 0x50, 0x28, 0x4,
    0xa2, 0x8e, 0x1c, 0x0, 0x32, 0x60, 0x15, 0x41,
    0xb, 0xa, 0x0, 0x70, 0x38, 0x29, 0x90, 0x1,
    0x7, 0x4c, 0xac, 0x3, 0x32, 0x58, 0x30, 0x6,
    0xa0, 0x74, 0x10, 0xc, 0x48, 0x1c, 0x1, 0xf9,
    0x40, 0x38, 0x91, 0x80, 0x33, 0x4e, 0xc, 0x0,
    0x6c, 0x62, 0xd1, 0x0, 0xc0,

    /* U+04F0 "Ӱ" */
    0x0, 0x1f, 0x19, 0x72, 0x80, 0x61, 0x51, 0x24,
    0x60, 0xc, 0x56, 0x41, 0x46, 0x0, 0xaf, 0x30,
    0xe, 0xfc, 0x90, 0x90, 0xc, 0xc1, 0x26, 0x8a,
    0x40, 0x15, 0x8a, 0x84, 0x5, 0x80, 0xc, 0x98,
    0x0, 0x66, 0x61, 0x9, 0x9, 0x0, 0xa0, 0x24,
    0x55, 0x42, 0x1, 0x21, 0xb3, 0x2, 0x40, 0x3a,
    0x46, 0x8, 0xc0, 0x39, 0x48, 0x2c, 0x3, 0xc4,
    0x53, 0x0, 0x68, 0xac, 0x9, 0x0, 0xe2, 0x53,
    0xa4, 0x0, 0xc0,

    /* U+04F1 "ӱ" */
    0x1, 0xe5, 0xd, 0x70, 0x8, 0x51, 0x81, 0xc8,
    0x3, 0x51, 0x85, 0x28, 0x3, 0x3c, 0x3, 0x47,
    0xa5, 0x2, 0x80, 0x4a, 0x28, 0xe1, 0xc0, 0x3,
    0x26, 0x1, 0x54, 0x10, 0xb0, 0xa0, 0x7, 0x3,
    0x82, 0x99, 0x0, 0x10, 0x74, 0xca, 0xc0, 0x33,
    0x25, 0x83, 0x0, 0x6a, 0x7, 0x41, 0x0, 0xc4,
    0x81, 0xc0, 0x1f, 0x94, 0x3, 0x89, 0x18, 0x3,
    0x34, 0xe0, 0xc0, 0x6, 0xc6, 0x2d, 0x10, 0xc,

    /* U+04F2 "Ӳ" */
    0x0, 0xcb, 0x44, 0xd2, 0x20, 0x10, 0xd8, 0x1c,
    0x88, 0x80, 0x28, 0x4a, 0xa3, 0x40, 0x6, 0x9a,
    0xb, 0x90, 0x5, 0x79, 0x80, 0x77, 0xe4, 0x84,
    0x80, 0x66, 0x9, 0x34, 0x52, 0x0, 0xac, 0x54,
    0x20, 0x2c, 0x0, 0x64, 0xc0, 0x3, 0x33, 0x8,
    0x48, 0x48, 0x5, 0x1, 0x22, 0xaa, 0x10, 0x9,
    0xd, 0x98, 0x12, 0x1, 0xd2, 0x30, 0x46, 0x1,
    0xca, 0x41, 0x60, 0x1e, 0x22, 0x98, 0x3, 0x45,
    0x60, 0x48, 0x7, 0x12, 0x9d, 0x20, 0x6,

    /* U+04F3 "ӳ" */
    0x0, 0x9e, 0x45, 0xe4, 0x2, 0x28, 0xe2, 0x8c,
    0x0, 0xb9, 0xdd, 0xd2, 0xa0, 0x16, 0x40, 0x6b,
    0x0, 0x33, 0xc0, 0x34, 0x7a, 0x50, 0x28, 0x4,
    0xa2, 0x8c, 0x1c, 0x0, 0x32, 0x60, 0x2, 0xa0,
    0x85, 0x85, 0x0, 0x38, 0x1c, 0x14, 0x88, 0x0,
    0x42, 0xd3, 0x2a, 0x0, 0xd4, 0x96, 0xc, 0x1,
    0x98, 0x1d, 0x4, 0x3, 0xa, 0x7, 0x0, 0x7e,
    0x50, 0xe, 0x34, 0x60, 0xc, 0xaf, 0xa1, 0x60,
    0x1b, 0xe0, 0xb0, 0x80, 0x30,

    /* U+04F4 "Ӵ" */
    0x0, 0x6b, 0x86, 0x48, 0x6, 0x72, 0x4, 0xf0,
    0xd, 0x4a, 0x10, 0xc0, 0xd, 0xe0, 0xc, 0x9e,
    0xe0, 0x1f, 0xfc, 0xf6, 0x10, 0xf, 0x8c, 0x24,
    0x40, 0xb0, 0x1, 0x24, 0xdd, 0xfa, 0xe0, 0x1,
    0xdb, 0x88, 0x5d, 0x0, 0x64, 0x77, 0x20, 0x80,
    0x7f, 0xf4, 0x40,

    /* U+04F5 "ӵ" */
    0x0, 0x4e, 0x3, 0xe8, 0x6, 0xf4, 0x3, 0x70,
    0xc, 0xd0, 0x9, 0x40, 0x17, 0xd0, 0x4, 0xde,
    0xa0, 0x1f, 0xfc, 0x81, 0x0, 0xf8, 0xd1, 0x48,
    0xf0, 0x2, 0xf1, 0xad, 0xc5, 0x0, 0x8f, 0xb2,
    0xf6, 0x40, 0x38, 0xd0, 0x80, 0x3f, 0xf8, 0x0,

    /* U+04F6 "Ӷ" */
    0x7f, 0xff, 0x20, 0x1, 0x5d, 0xf3, 0x0, 0x3a,
    0x23, 0x10, 0x7, 0xff, 0xba, 0x68, 0x3, 0xc4,
    0x80, 0x19, 0xfc, 0xc0, 0x3f, 0xf9, 0x20,

    /* U+04F7 "ӷ" */
    0xaf, 0xfd, 0x80, 0x9, 0x9c, 0x0, 0x66, 0x94,
    0x3, 0xff, 0x9c, 0xe6, 0x1, 0xa2, 0xc0, 0x15,
    0xc0, 0x1f, 0xfc, 0x40,

    /* U+04F8 "Ӹ" */
    0x0, 0x97, 0x88, 0xf8, 0xc0, 0x3c, 0xc8, 0x44,
    0x51, 0x0, 0xf1, 0xd0, 0xd, 0x90, 0x4, 0xfe,
    0x60, 0x1e, 0x5f, 0x60, 0xf, 0xfe, 0xd3, 0x10,
    0x80, 0x7f, 0x56, 0xf7, 0x20, 0x3, 0xe8, 0xa9,
    0x27, 0x90, 0xf, 0x1a, 0xb6, 0xb, 0x0, 0x7f,
    0x94, 0x3, 0xfc, 0x2a, 0x20, 0x1e, 0xe8, 0x9f,
    0x19, 0x0, 0xf2, 0xbb, 0x15, 0x38, 0x6,

    /* U+04F9 "ӹ" */
    0x0, 0xb5, 0x83, 0x20, 0x3, 0xce, 0x40, 0xbc,
    0x1, 0xea, 0x40, 0x96, 0x0, 0xab, 0xc0, 0x3c,
    0xfe, 0x80, 0x1f, 0xfc, 0x12, 0x10, 0xf, 0xed,
    0xef, 0xb2, 0x0, 0xf5, 0x5c, 0x27, 0x80, 0x79,
    0x51, 0xd4, 0x84, 0x3, 0xf0, 0x80, 0x7c, 0xcc,
    0x94, 0x40, 0x80, 0x74, 0xc9, 0xda, 0x80, 0x30,

    /* U+04FA "Ӻ" */
    0x7, 0xff, 0xf2, 0x0, 0x4a, 0xef, 0x98, 0x2,
    0xe8, 0x8c, 0x40, 0x1f, 0xfc, 0x65, 0xb0, 0xe8,
    0x82, 0x0, 0x3c, 0xc1, 0x5d, 0xd8, 0x0, 0xa8,
    0xb, 0xff, 0x40, 0x7, 0xff, 0x2f, 0x9c, 0x3,
    0xe5, 0xa0, 0xe, 0x7f, 0x40, 0xf, 0x9, 0xa8,
    0x80, 0x73, 0xe0, 0xd0, 0x7, 0x3d, 0xeb, 0x0,
    0x60,

    /* U+04FB "ӻ" */
    0xb, 0xff, 0xda, 0x1, 0x44, 0x56, 0x1, 0x3b,
    0xcc, 0x20, 0x1, 0x10, 0x3, 0xd0, 0x3b, 0x94,
    0x1a, 0x61, 0x76, 0x80, 0x37, 0x4, 0x41, 0x0,
    0x65, 0x20, 0xe, 0xa4, 0x0, 0xaf, 0x80, 0x38,
    0x54, 0xc, 0x2, 0xbb, 0xa, 0x0, 0x57, 0x9e,
    0x20, 0x0,

    /* U+04FC "Ӽ" */
    0x6f, 0x80, 0xd, 0x7e, 0x40, 0xc6, 0xe4, 0x0,
    0x54, 0x72, 0x0, 0x70, 0x48, 0x2, 0xca, 0x0,
    0x22, 0x74, 0x44, 0xc, 0x80, 0x74, 0xc, 0xba,
    0xa0, 0x7, 0xac, 0x82, 0xc0, 0x3e, 0xc0, 0x2,
    0x0, 0x78, 0xd9, 0x85, 0x60, 0x1e, 0xf1, 0x89,
    0x18, 0x0, 0xcc, 0x70, 0x28, 0x87, 0x20, 0x0,
    0xc1, 0xb0, 0x2, 0x43, 0xe4, 0xac, 0x7c, 0x2,
    0x27, 0x26, 0x1a, 0xf3, 0x0, 0xd1, 0x40, 0x1f,
    0xc5, 0x80, 0x20, 0x1f, 0x6b, 0x21, 0x0, 0x7d,
    0x98, 0xb0,

    /* U+04FD "ӽ" */
    0x4f, 0x90, 0xb, 0x78, 0x51, 0x59, 0x2, 0xa,
    0xc4, 0x2c, 0x64, 0xdd, 0x54, 0x0, 0x1a, 0x2c,
    0x1b, 0x0, 0xc8, 0x40, 0xc2, 0x1, 0x9c, 0x85,
    0xc8, 0x2, 0x28, 0x4f, 0xe, 0x0, 0xb8, 0x24,
    0x64, 0xe1, 0x1c, 0xe0, 0x81, 0x8d, 0xe9, 0xfd,
    0xc0, 0x2c, 0x60, 0xf, 0x88, 0x86, 0x1, 0xc5,
    0xa9, 0x40, 0x1c, 0x59, 0xae,

    /* U+04FE "Ӿ" */
    0x6f, 0x80, 0xd, 0x7e, 0x4c, 0x6e, 0x20, 0x5,
    0x47, 0x20, 0xf0, 0xb0, 0x4, 0xc, 0x0, 0xd,
    0x95, 0x1c, 0xac, 0x3, 0x40, 0xcc, 0x22, 0x80,
    0x7, 0xf8, 0x48, 0x13, 0xf4, 0x5, 0xdc, 0x20,
    0x3, 0x7b, 0x0, 0x45, 0x8b, 0x9, 0x43, 0x0,
    0x5e, 0x31, 0x63, 0x0, 0x13, 0x1c, 0xa, 0xa3,
    0x98, 0xc, 0x9b, 0x0, 0x24, 0x3c, 0x2c, 0x3c,
    0x2, 0x27, 0x36,

    /* U+04FF "ӿ" */
    0x5f, 0x90, 0xb, 0x78, 0x55, 0x4c, 0x60, 0xe5,
    0x62, 0x16, 0x1e, 0x50, 0x8a, 0x1, 0x41, 0xe0,
    0x40, 0x0, 0xba, 0x0, 0x43, 0x34, 0xa, 0xd8,
    0x2, 0xae, 0x0, 0x2b, 0x96, 0x87, 0x18, 0x2,
    0x87, 0xca, 0x11, 0x81, 0x92, 0x8, 0x1c, 0xe4,
    0x80,

    /* U+0500 "Ԁ" */
    0x0, 0xf1, 0x7c, 0x80, 0x7f, 0xf6, 0x96, 0xfb,
    0xf4, 0x2, 0x6a, 0x57, 0x73, 0x0, 0x50, 0x3f,
    0x31, 0x60, 0x10, 0xa8, 0x80, 0x78, 0x54, 0x3,
    0xe6, 0x1e, 0x98, 0xb0, 0xa, 0x20, 0x6c, 0xec,
    0x0,

    /* U+0501 "ԁ" */
    0x0, 0xfa, 0x98, 0x3, 0xc2, 0xbe, 0x1, 0xff,
    0xc8, 0x7e, 0xfc, 0x20, 0x9, 0xa0, 0xdd, 0x74,
    0x2, 0x80, 0xc8, 0x99, 0x0, 0x4, 0x48, 0x20,
    0x5, 0x0, 0x18, 0x10, 0x4, 0x60, 0x3, 0x2,
    0x0, 0xf0, 0x89, 0x0, 0x27, 0x0, 0xa4, 0x35,
    0xe6, 0xc0, 0x27, 0x83, 0x85, 0xf2, 0x0,

    /* U+0502 "Ԃ" */
    0x0, 0xf4, 0x79, 0x80, 0x7f, 0xfa, 0x4, 0x40,
    0x18, 0x44, 0x1, 0x36, 0xff, 0x30, 0x6, 0x8e,
    0x20, 0x79, 0x19, 0xb5, 0x0, 0xfd, 0x23, 0x8c,
    0x84, 0x1, 0xf8, 0x54, 0x3, 0xfc, 0x60, 0x5,
    0x0, 0x88, 0x18, 0x0, 0xa0, 0x20, 0xe3, 0x91,
    0x6a, 0x17, 0x14, 0x6a, 0x0, 0x87, 0x17, 0x69,
    0xd5, 0x74, 0x6b, 0x0,

    /* U+0503 "ԃ" */
    0x0, 0xf1, 0x41, 0x0, 0x7f, 0xce, 0xf0, 0x7,
    0xff, 0x5d, 0xfb, 0xec, 0xc0, 0x3f, 0x3c, 0x14,
    0xc, 0x0, 0x7e, 0x91, 0xc7, 0xa4, 0x0, 0xf8,
    0x44, 0x80, 0x16, 0x0, 0x64, 0xa2, 0x30, 0x30,
    0x8, 0x80, 0x31, 0xab, 0x18, 0x18, 0x4, 0x20,
    0x1e, 0x71, 0x12, 0x0, 0x58, 0x4, 0x0, 0xe0,
    0x10, 0x91, 0xc7, 0xa6, 0x29, 0x88, 0x31, 0x10,
    0x1e, 0x46, 0x1e, 0x71, 0x5d, 0x93, 0xc0,

    /* U+0504 "Ԅ" */
    0x6, 0xcf, 0xf6, 0xb0, 0x7, 0xc9, 0x20, 0xee,
    0x9, 0x70, 0xf, 0x26, 0xe4, 0x43, 0x42, 0xc0,
    0x3e, 0x20, 0xe, 0x70, 0xf, 0xc4, 0x44, 0xc0,
    0x80, 0x8, 0x48, 0x0, 0x9b, 0xab, 0xc, 0x30,
    0xa, 0x34, 0x41, 0x6a, 0x90, 0x38, 0xa0, 0x1f,
    0xa, 0xa9, 0xf4, 0x6c, 0x3, 0xff, 0x80, 0x82,
    0x20, 0xf, 0xfb, 0x41, 0x40, 0xa, 0x2, 0x1,
    0xe5, 0xa, 0x9b, 0x35, 0x0, 0xf8, 0xac, 0x99,
    0x5a, 0xc0,

    /* U+0505 "ԅ" */
    0x2a, 0xef, 0xe9, 0x0, 0xf1, 0xbb, 0x4b, 0xb5,
    0x0, 0x70, 0xec, 0x34, 0x9b, 0x80, 0x7e, 0x15,
    0x35, 0x0, 0x95, 0x80, 0x1f, 0xd4, 0x72, 0x1,
    0x74, 0x80, 0x32, 0xe0, 0xf0, 0x3, 0xe3, 0x47,
    0x62, 0x20, 0x1, 0x84, 0x3, 0xb0, 0x3d, 0xe8,
    0x90, 0x3, 0x96, 0x2, 0x11, 0xac,

    /* U+0506 "Ԇ" */
    0x6, 0xcf, 0xf6, 0xc0, 0x6, 0x49, 0x7, 0x86,
    0x7c, 0x0, 0x93, 0x72, 0x1e, 0xd0, 0xc4, 0x2,
    0x20, 0xf, 0x8, 0x6, 0x11, 0x1c, 0xa4, 0x80,
    0x65, 0xee, 0x63, 0xd3, 0x0, 0x64, 0xbb, 0x4a,
    0xd4, 0x0, 0x61, 0x44, 0x35, 0xb3, 0x98, 0x7,
    0xec, 0x6, 0x0, 0xfc, 0x20, 0x60, 0x1f, 0xed,
    0x90, 0xf, 0xe4, 0x61, 0x0, 0xf2, 0x7b, 0x0,
    0x7f, 0xf3, 0x0,

    /* U+0507 "ԇ" */
    0x2a, 0xef, 0xea, 0x20, 0x1, 0xbb, 0x4c, 0x93,
    0xc0, 0x3, 0xb0, 0xcf, 0x24, 0x20, 0x10, 0x89,
    0x28, 0xc4, 0x2, 0xfe, 0xb0, 0xe0, 0xd, 0xb7,
    0x21, 0x82, 0x1, 0x1a, 0x34, 0x8a, 0x0, 0x7e,
    0xf6, 0x0, 0xf9, 0x60, 0x3, 0x93, 0xd4, 0x3,
    0xff, 0x8e,

    /* U+0508 "Ԉ" */
    0x0, 0xab, 0xff, 0xac, 0x3, 0xf3, 0xb, 0xbc,
    0x1, 0xfe, 0x25, 0x88, 0x80, 0x3f, 0xc2, 0x40,
    0x1f, 0xfc, 0x2, 0xe, 0x0, 0xff, 0xe0, 0x30,
    0x10, 0x7, 0xc5, 0xf2, 0x0, 0x30, 0x60, 0xf,
    0xfe, 0x6, 0x81, 0x0, 0x7f, 0xf0, 0x1c, 0x44,
    0x1, 0xff, 0x11, 0x10, 0x3, 0x98, 0x0, 0xc1,
    0xd1, 0xc1, 0xc0, 0x19, 0x4a, 0xe6, 0x81, 0x58,
    0xdd, 0x0, 0x35, 0xb2, 0xb1, 0x59, 0x0,

    /* U+0509 "ԉ" */
    0x0, 0x37, 0xff, 0x8, 0x7, 0x84, 0x22, 0x4c,
    0x3, 0xf7, 0x3, 0xb3, 0x0, 0x3f, 0x10, 0x80,
    0x7d, 0x54, 0x0, 0x31, 0x0, 0x7c, 0xee, 0x1,
    0x25, 0x0, 0x18, 0x7, 0xce, 0x18, 0x0, 0x10,
    0x30, 0x1, 0x33, 0xc0, 0xa8, 0x2, 0xc3, 0xde,
    0xc3, 0x28, 0x28, 0x2, 0x3a, 0x8, 0x57, 0x70,

    /* U+050A "Ԋ" */
    0x7f, 0x40, 0xd, 0x3e, 0x20, 0x1f, 0xfe, 0x41,
    0x22, 0xc6, 0x1, 0x84, 0x40, 0xa, 0xdd, 0xca,
    0x1, 0xab, 0x80, 0x11, 0x55, 0x90, 0x3, 0xf1,
    0xaa, 0xe2, 0x0, 0xff, 0xe7, 0x88, 0x10, 0x1,
    0x48, 0x3, 0xeb, 0xd, 0x8b, 0x15, 0x0, 0xf8,
    0xe8, 0xdd, 0x5e, 0x0,

    /* U+050B "ԋ" */
    0xaf, 0x0, 0xdd, 0xa0, 0x1f, 0xfd, 0x51, 0x1c,
    0x1, 0xce, 0x80, 0xe, 0xec, 0x20, 0x10, 0xc6,
    0x80, 0x2e, 0xf0, 0x80, 0x70, 0x80, 0x11, 0x31,
    0x18, 0x0, 0x83, 0xc0, 0x3c, 0x83, 0x6f, 0xc0,
    0x80, 0x1e, 0x87, 0x58, 0x9, 0x30,

    /* U+050C "Ԍ" */
    0x0, 0x8a, 0x77, 0xfb, 0x60, 0x40, 0x25, 0xd6,
    0x63, 0xa0, 0xb8, 0x4, 0x54, 0x3b, 0x71, 0x59,
    0xc2, 0x0, 0xb0, 0xb2, 0x0, 0xc2, 0x1, 0x38,
    0x28, 0x7, 0xf0, 0x90, 0x4, 0x51, 0x18, 0xc0,
    0x2, 0x1, 0x3b, 0xf2, 0x80, 0x90, 0x4, 0xbf,
    0xe9, 0x3, 0x4, 0x14, 0x0, 0xef, 0x7, 0x9,
    0x9, 0x10, 0x8, 0x98, 0x88, 0x7, 0x25, 0xd5,
    0x15, 0xa1, 0xc0, 0x13, 0x62, 0xa3, 0xa2, 0xe1,
    0x80,

    /* U+050D "ԍ" */
    0x0, 0x15, 0x77, 0xf6, 0x28, 0x0, 0xf5, 0x5e,
    0x19, 0xcc, 0x1, 0xe1, 0x92, 0xf1, 0x6c, 0x2,
    0x68, 0x60, 0x23, 0x80, 0xc0, 0x80, 0x15, 0xdd,
    0x41, 0x81, 0x0, 0x22, 0xe0, 0x3c, 0x49, 0x8,
    0xd, 0x0, 0x6, 0x12, 0x19, 0xf, 0x50, 0x68,
    0x9, 0x8a, 0xd0, 0x8f, 0x80,

    /* U+050E "Ԏ" */
    0xdf, 0xff, 0xac, 0x1, 0x6e, 0xe4, 0x5, 0x77,
    0x68, 0x1, 0xa2, 0x18, 0x1d, 0x10, 0x60, 0xf,
    0xfe, 0xa3, 0xf9, 0x80, 0x7f, 0xf6, 0x4, 0x8,
    0x1, 0xa0, 0x40, 0x13, 0x84, 0xca, 0x94, 0xc4,
    0x2, 0x1c, 0x36, 0x45, 0xd0,

    /* U+050F "ԏ" */
    0xaf, 0xff, 0x40, 0x2, 0x66, 0x2, 0x99, 0x58,
    0x0, 0xd9, 0x82, 0x26, 0x61, 0x80, 0x7f, 0xb1,
    0xc0, 0x3e, 0x13, 0xe0, 0xf, 0xfe, 0x9, 0x10,
    0x0, 0x41, 0xc0, 0x12, 0xd, 0xbf, 0x2, 0x0,
    0x50, 0xeb, 0x1, 0x46,

    /* U+0510 "Ԑ" */
    0x0, 0x2e, 0x77, 0xec, 0x90, 0x1, 0xa8, 0x99,
    0xd9, 0x9c, 0x0, 0xa0, 0xf8, 0x85, 0xf6, 0x80,
    0x1c, 0x4, 0x2, 0x11, 0x0, 0x20, 0x31, 0x8,
    0x44, 0x1, 0x1e, 0xbd, 0xef, 0x40, 0x4, 0xba,
    0xd1, 0x57, 0x60, 0xa, 0x8b, 0x5d, 0x50, 0x80,
    0x4, 0xe, 0x1, 0xf1, 0x83, 0x80, 0x70, 0x80,
    0xb9, 0x74, 0xc4, 0xe7, 0x0, 0x22, 0x49, 0x9d,
    0xc1, 0x0,

    /* U+0511 "ԑ" */
    0x1, 0x9e, 0xfe, 0xb3, 0xa, 0x66, 0x4b, 0x30,
    0x41, 0x16, 0x1a, 0x34, 0x81, 0x12, 0x10, 0xd,
    0x45, 0x7d, 0xe0, 0x16, 0xc, 0xde, 0x0, 0x10,
    0xad, 0x90, 0xc0, 0xa, 0x11, 0x6, 0x7a, 0x71,
    0xc5, 0x79, 0x90, 0xa0,

    /* U+0512 "Ԓ" */
    0x0, 0xab, 0xff, 0xc0, 0x1c, 0x22, 0x77, 0x84,
    0x3, 0xcc, 0x51, 0x11, 0x0, 0x78, 0x98, 0x3,
    0xf8, 0x80, 0x80, 0x3f, 0x98, 0x34, 0x3, 0xf8,
    0x81, 0x80, 0x3f, 0xbc, 0x8, 0x3, 0xf9, 0x44,
    0x40, 0x1f, 0xc6, 0x80, 0x1f, 0x96, 0x43, 0xc0,
    0x3d, 0x2b, 0x4c, 0xea, 0x1, 0xe6, 0xdf, 0xf4,
    0x0, 0x76, 0x78, 0x7, 0xf8, 0x94, 0x3c, 0x3,
    0xf4, 0xd0, 0xa8, 0x7, 0xe9, 0xbf, 0x20,

    /* U+0513 "ԓ" */
    0x0, 0x37, 0xff, 0x18, 0x4, 0x21, 0x12, 0xa0,
    0x1d, 0xe0, 0xed, 0xa0, 0x1c, 0x42, 0x1, 0xf9,
    0xc8, 0x3, 0xf1, 0x28, 0x7, 0xca, 0x18, 0x1,
    0xe4, 0x81, 0x50, 0xc, 0x87, 0x47, 0x40, 0x1d,
    0x10, 0xee, 0x20, 0x4, 0xfe, 0x60, 0x1f, 0x9,
    0x10, 0x40, 0x3c, 0x9a, 0x3c, 0x1, 0xe5, 0xbd,
    0x40,

    /* U+0514 "Ԕ" */
    0x0, 0xab, 0xff, 0x18, 0x4, 0x3d, 0xa0, 0x19,
    0x85, 0xdc, 0x1e, 0x1, 0x40, 0xf0, 0x6, 0x22,
    0x44, 0x46, 0xc0, 0x6c, 0xc3, 0x0, 0xc2, 0xc0,
    0x7, 0x38, 0x1f, 0x19, 0x0, 0xc4, 0x4, 0x1,
    0x78, 0xe1, 0xd8, 0x7, 0x30, 0x70, 0x4, 0x6a,
    0x46, 0xa0, 0x1c, 0x60, 0xa0, 0x19, 0x0, 0xc4,
    0x3, 0xb4, 0x8, 0x2, 0x81, 0xa0, 0xa0, 0xe,
    0x71, 0x10, 0x0, 0x9d, 0x95, 0xd1, 0x0, 0x10,
    0x92, 0x0, 0x52, 0x10, 0x10, 0x32, 0x0, 0x8d,
    0xe, 0x0, 0x2a, 0x40, 0x80, 0x20, 0xa0, 0x18,
    0x9d, 0x0, 0x16, 0x4e, 0x1, 0x31, 0x39, 0x0,

    /* U+0515 "ԕ" */
    0x0, 0x37, 0xfe, 0x30, 0x2, 0xfc, 0x80, 0x42,
    0x11, 0x21, 0xc0, 0x36, 0x52, 0x1, 0x70, 0x3b,
    0x49, 0x3c, 0xf, 0x0, 0x62, 0x10, 0x3, 0x24,
    0x33, 0x98, 0x6, 0x62, 0x0, 0xbc, 0x1, 0x40,
    0x1c, 0x4a, 0x1, 0x48, 0x84, 0x80, 0x65, 0xc,
    0x0, 0x41, 0x54, 0xa3, 0x0, 0x1a, 0xc5, 0x40,
    0xdd, 0x51, 0x8e, 0x44, 0x2c, 0x28, 0x1, 0xc1,
    0x60, 0xf, 0xa, 0x0,

    /* U+0516 "Ԗ" */
    0x7f, 0xfd, 0x8a, 0x0, 0x2f, 0xa0, 0x9, 0x5d,
    0x8a, 0x90, 0x38, 0x2c, 0x2, 0xe8, 0x9c, 0xf,
    0x63, 0x91, 0x0, 0xf1, 0x1a, 0xc1, 0xb0, 0x7,
    0xe2, 0x11, 0x78, 0x7, 0xc5, 0x22, 0xc, 0x60,
    0x1d, 0x7f, 0xac, 0x60, 0xa0, 0x1e, 0x57, 0x8c,
    0xc3, 0x9b, 0x0, 0x77, 0x43, 0x98, 0x40, 0xc0,
    0x80, 0x7f, 0xac, 0x60, 0x3, 0xfc, 0xa8, 0xc6,
    0x1, 0xfe, 0x90, 0xe0,

    /* U+0517 "ԗ" */
    0xbc, 0x4d, 0xfd, 0x60, 0x2, 0xfc, 0x0, 0xe,
    0xae, 0x86, 0x54, 0x6c, 0xa0, 0x2, 0xb6, 0x5d,
    0x9, 0xb1, 0xe0, 0xc, 0x80, 0x1, 0x33, 0x2b,
    0x18, 0x6, 0x10, 0x9, 0xc0, 0x16, 0x1, 0xc2,
    0x1, 0x38, 0x2, 0x40, 0x39, 0x0, 0x2, 0x68,
    0xe8, 0xc0, 0x1a, 0xd9, 0x74, 0x3e, 0xa, 0x44,
    0x2, 0xbb, 0x50, 0xd2, 0x7, 0x5, 0x0, 0x4b,
    0xbf, 0xaa, 0x0, 0x3f, 0xb0, 0xf, 0xfe, 0xe0,

    /* U+0518 "Ԙ" */
    0x0, 0x1d, 0xf7, 0xff, 0xe8, 0x3, 0xc4, 0x43,
    0xb8, 0x44, 0xef, 0xb0, 0x24, 0x2a, 0x91, 0x3,
    0x34, 0x46, 0x40, 0x60, 0x50, 0xf, 0xf9, 0x80,
    0x80, 0x3f, 0xe9, 0xe, 0x30, 0x8, 0xbf, 0xf1,
    0x81, 0xe0, 0xe7, 0xf8, 0x85, 0xdf, 0x10, 0x0,
    0x8c, 0x1d, 0xc2, 0x71, 0x18, 0x40, 0x10, 0x31,
    0x11, 0x80, 0x7c, 0x6c, 0x4e, 0x1, 0xfe, 0xe0,
    0xe0, 0xc, 0x71, 0x19, 0x1c, 0x98, 0xc0, 0x30,
    0xbb, 0xec,

    /* U+0519 "ԙ" */
    0x3, 0xcf, 0xfd, 0x57, 0xfd, 0x20, 0x1, 0xd1,
    0xbc, 0xc0, 0x28, 0x5c, 0x35, 0x2, 0x8d, 0xa1,
    0x98, 0x1, 0x48, 0xcc, 0x52, 0x60, 0xa3, 0x11,
    0x2, 0x8, 0x3, 0xc1, 0xc9, 0x8f, 0x3b, 0x80,
    0x9f, 0xf4, 0x81, 0x84, 0xa8, 0x55, 0x89, 0xe6,
    0x73, 0x81, 0xab, 0xaa, 0x20, 0x88, 0x67, 0x84,
    0x38, 0x60, 0x1, 0x3, 0xf0, 0xf3, 0xc0, 0xe5,
    0x0, 0x11, 0x6a, 0xb4, 0x3b, 0x80,

    /* U+051A "Ԛ" */
    0x0, 0x92, 0xfb, 0xf6, 0x4, 0x3, 0x45, 0xab,
    0xb9, 0x9f, 0xc8, 0x0, 0x8e, 0x7d, 0x31, 0x74,
    0x3c, 0x0, 0xe0, 0x80, 0xc, 0xa8, 0x66, 0x4,
    0x4, 0x0, 0xed, 0x4, 0x1, 0x20, 0xf, 0x10,
    0x78, 0x7, 0xff, 0x4, 0x48, 0x3, 0xc4, 0x1e,
    0x8, 0x8, 0x1, 0xda, 0x8, 0x1c, 0x10, 0x1,
    0x91, 0x6, 0x60, 0x47, 0x3e, 0x98, 0xbb, 0xf,
    0x0, 0x51, 0x4a, 0xee, 0x43, 0xf2, 0x0, 0xcb,
    0x7d, 0xc2, 0x35, 0x0, 0xfc, 0x3e, 0x36, 0x60,
    0x1f, 0x8b, 0x5d, 0x0,

    /* U+051B "ԛ" */
    0x0, 0x3f, 0x7e, 0x1e, 0xc8, 0x34, 0x1c, 0x2e,
    0x90, 0x2, 0x3, 0x1e, 0x64, 0x0, 0x11, 0x20,
    0x80, 0x14, 0x0, 0x60, 0x40, 0x11, 0x0, 0xc,
    0x8, 0x2, 0x10, 0x0, 0x89, 0x0, 0x27, 0x0,
    0xa4, 0x35, 0xe6, 0x0, 0x27, 0x83, 0x85, 0xa0,
    0xc, 0xfd, 0xf8, 0xa0, 0x1f, 0xfd, 0x10,

    /* U+051C "Ԝ" */
    0xcf, 0x0, 0xd1, 0xee, 0x1, 0xbf, 0x10, 0x10,
    0x2, 0x40, 0xb0, 0x8, 0xc1, 0x30, 0xc, 0x2,
    0x32, 0x30, 0x9, 0x3, 0x10, 0x30, 0x0, 0xa1,
    0x60, 0xa0, 0xd, 0x4, 0x3, 0x40, 0x6, 0x3,
    0x6, 0x0, 0x10, 0xc0, 0x8, 0x6, 0x8, 0x80,
    0x44, 0x1, 0xa, 0x0, 0x30, 0x10, 0x4b, 0x43,
    0x48, 0x88, 0x18, 0x0, 0x40, 0xd7, 0x4, 0x4,
    0x4, 0xf0, 0x40, 0x8, 0xd3, 0xc4, 0x80, 0x87,
    0x10, 0xc0, 0x32, 0xa, 0x38, 0x4, 0xee, 0x24,
    0x0, 0xd8, 0x5, 0x80, 0x16, 0x10, 0x60, 0x6,
    0x40, 0x2, 0x0, 0x48, 0x0, 0x40, 0x0,

    /* U+051D "ԝ" */
    0xbf, 0x0, 0xa7, 0xe0, 0x0, 0x3f, 0x3a, 0x8,
    0x0, 0x70, 0x40, 0x2, 0x6, 0x20, 0x60, 0x10,
    0xb1, 0x88, 0x60, 0x21, 0xa, 0x2, 0x85, 0x82,
    0x2, 0x18, 0x82, 0x18, 0x62, 0x11, 0x3c, 0x49,
    0x0, 0x1e, 0x8, 0x8c, 0x4, 0x48, 0x30, 0x0,
    0x81, 0xc0, 0xa1, 0xa3, 0xe0, 0x80, 0x1, 0x25,
    0x12, 0x4, 0x5, 0x40, 0xc, 0x80, 0xe0, 0x12,
    0x6, 0x0, 0x0,

    /* U+051E "Ԟ" */
    0x7f, 0x40, 0x91, 0x5f, 0x80, 0xe, 0x4c, 0xb2,
    0x80, 0xe, 0xc3, 0x19, 0x0, 0xf2, 0x88, 0x40,
    0x7, 0xa4, 0x74, 0x94, 0x2, 0xbf, 0x2b, 0x2e,
    0x50, 0x9, 0x58, 0x38, 0x3, 0xdd, 0x2a, 0x8a,
    0x1, 0xf5, 0x8d, 0x88, 0x7, 0x86, 0x6, 0x0,
    0x3e, 0x63, 0x63, 0x0, 0xfb, 0x83, 0x80,

    /* U+051F "ԟ" */
    0x0, 0xfd, 0x5e, 0xd, 0x31, 0xe6, 0x1, 0x23,
    0xb9, 0x8c, 0x2, 0x22, 0x7, 0x0, 0x44, 0xe6,
    0xf0, 0x40, 0xd, 0x82, 0x8e, 0x20, 0x5, 0x31,
    0x30, 0x80, 0x4b, 0x25, 0x22, 0x1, 0xdc, 0x14,
    0x1, 0xc7, 0x8, 0xe0,

    /* U+0520 "Ԡ" */
    0x0, 0xa7, 0xff, 0x90, 0x3, 0xf8, 0x85, 0xdc,
    0x80, 0x1f, 0xf3, 0x14, 0x43, 0x0, 0x3f, 0xe2,
    0x60, 0xf, 0xfe, 0x9, 0x1, 0x0, 0x7f, 0xf0,
    0x58, 0x34, 0x3, 0x74, 0xc2, 0x80, 0x71, 0x3,
    0x0, 0x65, 0x67, 0xae, 0x40, 0xb, 0xc0, 0x80,
    0x35, 0xff, 0x48, 0xd9, 0x0, 0x14, 0x44, 0x1,
    0xe1, 0x6a, 0xb, 0x1, 0x34, 0x0, 0xfe, 0x51,
    0x45, 0xb0, 0xe0, 0xf, 0xf1, 0x12, 0x95, 0xd0,
    0x3, 0xfc, 0x22, 0xff, 0x40, 0x6, 0x7f, 0x40,
    0x8, 0x48, 0x80, 0x1f, 0xfc, 0x18, 0xb, 0x0,
    0xfe, 0x7a, 0x9c, 0x62, 0x70, 0xf, 0xe1, 0x46,
    0x26, 0xc0,

    /* U+0521 "ԡ" */
    0x0, 0x37, 0xfe, 0xc0, 0xf, 0x84, 0x22, 0x40,
    0x3f, 0xbc, 0x1d, 0x80, 0x3f, 0x88, 0x40, 0x3f,
    0xe7, 0x50, 0x8, 0xff, 0xa8, 0x80, 0x22, 0x20,
    0x4, 0x2e, 0xaa, 0xc1, 0x5, 0xc, 0x0, 0x8a,
    0x2e, 0x46, 0x52, 0x5, 0x40, 0x3c, 0xc0, 0x94,
    0x74, 0x1, 0xf8, 0x87, 0xb8, 0x80, 0x17, 0xe0,
    0x4, 0x62, 0x1, 0xfe, 0x41, 0x50, 0xf, 0xa2,
    0x65, 0x61, 0x60, 0x1f, 0x7b, 0xb1, 0xe1, 0x0,

    /* U+0522 "Ԣ" */
    0x7f, 0x40, 0xc, 0xbe, 0xc0, 0x1f, 0xff, 0xf0,
    0x5, 0xff, 0xea, 0xd, 0x98, 0x61, 0x0, 0xe5,
    0x77, 0xc8, 0x8, 0xcf, 0x3c, 0xa0, 0x1b, 0xa2,
    0x37, 0x4, 0xff, 0x48, 0xd1, 0x80, 0x7f, 0xf0,
    0x5, 0xb4, 0x20, 0x3, 0xff, 0x84, 0x66, 0x40,
    0xf, 0xfe, 0x1b, 0x80, 0x80, 0x7f, 0xf1, 0x5,
    0xfd, 0x0, 0x32, 0xfb, 0x0, 0x65, 0x10, 0xf,
    0xfe, 0x13, 0x8b, 0x80, 0x7f, 0x9a, 0xa7, 0x20,
    0x60, 0x3, 0xfc, 0x4e, 0xc4, 0xbe, 0x20,

    /* U+0523 "ԣ" */
    0xaf, 0x0, 0x8b, 0xe0, 0x3, 0xff, 0xc5, 0xff,
    0x68, 0x37, 0xf4, 0x80, 0x69, 0x9a, 0x0, 0xd0,
    0x1b, 0x0, 0x26, 0x69, 0x41, 0x6f, 0x90, 0xd4,
    0x3, 0xfd, 0x1, 0xa0, 0x1f, 0xe2, 0x1, 0xaf,
    0x0, 0x8b, 0xe0, 0x0, 0x60, 0x20, 0x1f, 0xe5,
    0xd, 0x0, 0xfa, 0xa2, 0xa0, 0x94, 0x3, 0xe3,
    0x75, 0x4c, 0x0,

    /* U+0524 "Ԥ" */
    0x7f, 0xff, 0xc6, 0x1, 0x2b, 0xbe, 0x30, 0xe,
    0xe8, 0x8d, 0x60, 0x1f, 0xff, 0xf0, 0xf, 0xfe,
    0x17, 0xd0, 0x7, 0xf1, 0xa3, 0xfa, 0x0, 0x67,
    0xf3, 0x0, 0xff, 0xe5, 0x80,

    /* U+0525 "ԥ" */
    0xaf, 0xff, 0x60, 0x6, 0x88, 0xc0, 0x1e, 0x77,
    0xc2, 0x1, 0xff, 0xe6, 0x27, 0x20, 0xf, 0x86,
    0x1a, 0xbc, 0x3, 0x75, 0x0, 0x7f, 0xf2, 0x80,

    /* U+0526 "Ԧ" */
    0x7f, 0x40, 0xf, 0xff, 0x1, 0x33, 0xb8, 0xc0,
    0x3a, 0xf6, 0x62, 0x18, 0xe0, 0x19, 0x6f, 0xbf,
    0x6, 0x0, 0x37, 0x20, 0x81, 0xb8, 0x10, 0x7,
    0xff, 0x53, 0xa4, 0x3, 0xf8, 0xd1, 0xfd, 0x0,
    0x34, 0xf8, 0x80, 0x7f, 0xf2, 0xc0,

    /* U+0527 "ԧ" */
    0x57, 0x0, 0xfd, 0xd0, 0x1, 0xff, 0xd2, 0x3c,
    0xfe, 0x80, 0xe, 0xd5, 0x82, 0x76, 0x0, 0xd1,
    0x2f, 0xa1, 0x80, 0x19, 0xc0, 0x2, 0x26, 0x0,
    0xc2, 0x1, 0xff, 0xd6, 0x27, 0x10, 0xf, 0x86,
    0x16, 0xfc, 0x3, 0x75, 0x0, 0x7f, 0xf2, 0x80,

    /* U+0528 "Ԩ" */
    0x0, 0x47, 0x98, 0x6, 0x6f, 0x50, 0xf, 0xff,
    0x46, 0x7f, 0xe9, 0x0, 0xf3, 0x3b, 0xe4, 0x0,
    0xf5, 0x44, 0x6d, 0x0, 0xff, 0xf7, 0xb7, 0xa8,
    0x92, 0x1, 0x0, 0x7c, 0x9a, 0x6a, 0x20, 0x1f,
    0x2d, 0xe5, 0x0, 0x7e,

    /* U+0529 "ԩ" */
    0x0, 0x5f, 0x80, 0x6d, 0xd0, 0x7, 0xff, 0x30,
    0x47, 0x0, 0x7b, 0xbb, 0x10, 0x7, 0x5d, 0xe1,
    0x0, 0xe4, 0x4c, 0x60, 0x1f, 0xfd, 0x1d, 0xd0,
    0x1, 0xc4, 0x3, 0xcb, 0x6, 0xa0, 0x1e, 0xc7,
    0x39, 0x0, 0xf0,

    /* U+052A "Ԫ" */
    0x0, 0xbb, 0xff, 0xc6, 0x1, 0x5f, 0x80, 0x69,
    0xf4, 0x0, 0xc4, 0xef, 0x18, 0x7, 0xf8, 0xd9,
    0x88, 0x1, 0xa, 0x44, 0x56, 0x1, 0xfe, 0xe2,
    0x90, 0xe, 0x10, 0xf, 0xfe, 0xc, 0x17, 0x0,
    0x61, 0x0, 0xf9, 0xc4, 0x60, 0x0, 0x9b, 0xb8,
    0xc0, 0x31, 0x87, 0x80, 0x75, 0xf7, 0x48, 0x1d,
    0x81, 0x20, 0x1c, 0xc0, 0x40, 0x1d, 0x37, 0x71,
    0x85, 0xc0, 0x40, 0x7, 0x10, 0x30, 0x7, 0x2a,
    0x24, 0xe0, 0x8e, 0x6c, 0x60, 0x1b, 0x0, 0xc0,
    0x3f, 0xf8, 0x3c, 0x1e, 0x1, 0x12, 0xa8, 0x3,
    0xff, 0x84, 0x4e, 0x6c, 0xf, 0xc0, 0x8, 0x8d,
    0x61, 0x2c, 0x1, 0xf4, 0xc, 0x8d, 0x18, 0x2b,
    0xbe, 0x30, 0x5d, 0x0, 0xfd, 0x61, 0x60, 0x5f,
    0xff, 0x80, 0x35, 0xf8, 0x6, 0x5f, 0xa0, 0xf,
    0xfe, 0x5d, 0x50, 0x3, 0xf3, 0xe8, 0x7, 0xfc,

    /* U+052B "ԫ" */
    0x0, 0x57, 0xff, 0x30, 0x5, 0xbc, 0x1, 0x57,
    0x90, 0x4, 0x33, 0x26, 0x0, 0xfe, 0x45, 0x82,
    0x0, 0x9, 0x33, 0x34, 0x3, 0xfa, 0x8d, 0xc0,
    0x27, 0x70, 0x6, 0x12, 0x28, 0x0, 0x52, 0x3e,
    0x1, 0x88, 0x40, 0x34, 0x6e, 0xc4, 0x3a, 0xc8,
    0x60, 0x18, 0x48, 0x3, 0x35, 0x54, 0x43, 0x48,
    0x83, 0x0, 0x94, 0x2c, 0x3, 0x7a, 0xac, 0x0,
    0x5a, 0x1e, 0x0, 0x2c, 0x2, 0xb3, 0x34, 0x31,
    0x0, 0x38, 0x6c, 0xa4, 0x20, 0x82, 0x66, 0x60,
    0x5f, 0x0, 0xf2, 0xa9, 0x90, 0xf, 0xff, 0xc2,
    0x1, 0x6f, 0x0, 0x55, 0xe8, 0x1, 0xff, 0xc8,
    0x9f, 0x0, 0xf5, 0x40, 0x7, 0xf8,

    /* U+052C "Ԭ" */
    0x4f, 0x50, 0x5f, 0xfd, 0x80, 0x1e, 0x20, 0x77,
    0x0, 0x7e, 0xe1, 0x88, 0x0, 0x7e, 0x22, 0x0,
    0x7f, 0x95, 0x40, 0x1e, 0x70, 0x22, 0xf, 0x80,
    0x78, 0xc2, 0x60, 0xd, 0x68, 0x3, 0xa8, 0x54,
    0x2a, 0x82, 0x1, 0xcb, 0xa0, 0xb9, 0xd6, 0x1,
    0xeb, 0x8, 0x31, 0x0, 0xe7, 0x86, 0x2a, 0x88,
    0x80, 0xa0, 0x25, 0xc0, 0x9d, 0xf0, 0xb, 0x88,
    0x1f, 0xff, 0xcc, 0x1, 0xff, 0xce, 0xde, 0x0,
    0xfa, 0xf0, 0x40,

    /* U+052D "ԭ" */
    0x9e, 0x6, 0xff, 0xcc, 0x1, 0x84, 0x52, 0xc0,
    0x1e, 0xe2, 0x6c, 0x0, 0x84, 0x0, 0xac, 0x1,
    0xda, 0x2e, 0x64, 0xb0, 0x1, 0x2a, 0x40, 0x3d,
    0xb8, 0x6, 0xb3, 0x2d, 0xef, 0x0, 0x92, 0xd,
    0xd1, 0xb0, 0x30, 0xfd, 0xc1, 0x66, 0x4c, 0xb,
    0x40, 0x5f, 0xfe, 0x0, 0xff, 0xe5, 0x56, 0x0,
    0x7b, 0xa4,

    /* U+052E "Ԯ" */
    0x0, 0x27, 0xff, 0xb4, 0x3, 0x8, 0x2b, 0xbc,
    0x1, 0xe3, 0x9, 0x88, 0x84, 0x3, 0xe1, 0x0,
    0xfe, 0x10, 0xf, 0xfb, 0xc0, 0xc0, 0x3f, 0x84,
    0x4, 0x3, 0xf8, 0xc0, 0x3f, 0xe6, 0x20, 0xf,
    0xe1, 0x36, 0x0, 0xfd, 0x58, 0x1a, 0x1, 0xc5,
    0x46, 0xe6, 0xcc, 0x0, 0xf2, 0xb6, 0xf4, 0x80,
    0x77, 0x50, 0x7, 0xff, 0x5d, 0x7d, 0x40,

    /* U+052F "ԯ" */
    0x0, 0x6f, 0xff, 0x20, 0x4, 0x66, 0x88, 0x28,
    0x7, 0xa, 0xbb, 0xb4, 0x3, 0xc2, 0x1, 0xf0,
    0x87, 0x80, 0x7c, 0x60, 0x40, 0x1f, 0x38, 0x30,
    0x7, 0xa2, 0x0, 0x60, 0x1b, 0x8d, 0x8e, 0x80,
    0x39, 0x53, 0xb8, 0xa0, 0x13, 0xf8, 0x7, 0xff,
    0x28,

    /* U+1E80 "Ẁ" */
    0x0, 0xe5, 0x82, 0x0, 0xff, 0xe0, 0x3b, 0x70,
    0x7, 0xff, 0x0, 0xbc, 0x60, 0x3, 0xff, 0x80,
    0x3b, 0x0, 0x1e, 0xcf, 0x0, 0xd1, 0xee, 0x1,
    0xbf, 0x10, 0x10, 0x2, 0x40, 0xb0, 0x8, 0xc1,
    0x30, 0xc, 0x2, 0x32, 0x30, 0x9, 0x3, 0x10,
    0x30, 0x0, 0xa1, 0x60, 0xa0, 0xd, 0x4, 0x3,
    0x40, 0x6, 0x3, 0x6, 0x0, 0x10, 0xc0, 0x8,
    0x6, 0x8, 0x80, 0x44, 0x1, 0xa, 0x0, 0x30,
    0x10, 0x4b, 0x43, 0x48, 0x88, 0x18, 0x0, 0x40,
    0xd7, 0x4, 0x4, 0x4, 0xf0, 0x40, 0x8, 0xd3,
    0xc4, 0x80, 0x87, 0x10, 0xc0, 0x32, 0xa, 0x38,
    0x4, 0xee, 0x24, 0x0, 0xd8, 0x5, 0x80, 0x16,
    0x10, 0x60, 0x6, 0x40, 0x2, 0x0, 0x48, 0x0,
    0x40, 0x0,

    /* U+1E81 "ẁ" */
    0x0, 0xcb, 0xf2, 0x1, 0xfe, 0x5c, 0x77, 0x0,
    0x7f, 0x8f, 0x98, 0x3, 0xaf, 0xc0, 0x29, 0xf9,
    0x0, 0xf, 0xce, 0x82, 0x0, 0x1c, 0x10, 0x0,
    0x81, 0x88, 0x18, 0x4, 0x2c, 0x62, 0x18, 0x8,
    0x42, 0x80, 0xa1, 0x60, 0x80, 0x86, 0x20, 0x86,
    0x18, 0x84, 0x4f, 0x12, 0x40, 0x7, 0x82, 0x23,
    0x1, 0x12, 0xc, 0x0, 0x20, 0x70, 0x28, 0x68,
    0xf8, 0x20, 0x0, 0x49, 0x44, 0x81, 0x1, 0x50,
    0x3, 0x20, 0x38, 0x4, 0x81, 0x80, 0x0,

    /* U+1E82 "Ẃ" */
    0x0, 0xfc, 0xee, 0x0, 0xff, 0xe0, 0x4c, 0x18,
    0x7, 0xfc, 0xaf, 0x88, 0x1, 0xff, 0x2f, 0x18,
    0x7, 0xb3, 0xc0, 0x34, 0x7b, 0x80, 0x6f, 0xc4,
    0x4, 0x0, 0x90, 0x2c, 0x2, 0x30, 0x4c, 0x3,
    0x0, 0x8c, 0x8c, 0x2, 0x40, 0xc4, 0xc, 0x0,
    0x28, 0x58, 0x28, 0x3, 0x41, 0x0, 0xd0, 0x1,
    0x80, 0xc1, 0x80, 0x4, 0x30, 0x2, 0x1, 0x82,
    0x20, 0x11, 0x0, 0x42, 0x80, 0xc, 0x4, 0x12,
    0xd0, 0xd2, 0x22, 0x6, 0x0, 0x10, 0x35, 0xc1,
    0x1, 0x1, 0x3c, 0x10, 0x2, 0x34, 0xf1, 0x20,
    0x21, 0xc4, 0x30, 0xc, 0x82, 0x8e, 0x1, 0x3b,
    0x89, 0x0, 0x36, 0x1, 0x60, 0x5, 0x84, 0x18,
    0x1, 0x90, 0x0, 0x80, 0x12, 0x0, 0x10, 0x0,

    /* U+1E83 "ẃ" */
    0x0, 0xf2, 0x7d, 0x0, 0x7f, 0x15, 0x45, 0x0,
    0x7f, 0x1f, 0xb8, 0x7, 0x5f, 0x80, 0x51, 0xd0,
    0x0, 0x1f, 0x9d, 0x4, 0x0, 0x38, 0x20, 0x1,
    0x3, 0x10, 0x30, 0x8, 0x58, 0xc4, 0x30, 0x10,
    0x85, 0x1, 0x42, 0xc1, 0x1, 0xc, 0x41, 0xc,
    0x31, 0x8, 0x9e, 0x24, 0x80, 0xf, 0x4, 0x46,
    0x2, 0x24, 0x18, 0x0, 0x40, 0xe0, 0x50, 0xd1,
    0xf0, 0x40, 0x0, 0x92, 0x89, 0x2, 0x2, 0xa0,
    0x6, 0x40, 0x70, 0x9, 0x3, 0x0, 0x0,

    /* U+1E84 "Ẅ" */
    0x0, 0xeb, 0xa0, 0x9c, 0x0, 0xff, 0x1e, 0x87,
    0xa0, 0x7, 0xfa, 0x1c, 0x1a, 0x0, 0x3b, 0x3c,
    0x3, 0x47, 0xb8, 0x6, 0xfc, 0x40, 0x40, 0x9,
    0x2, 0xc0, 0x23, 0x4, 0xc0, 0x30, 0x8, 0xc8,
    0xc0, 0x24, 0xc, 0x40, 0xc0, 0x2, 0x85, 0x82,
    0x80, 0x34, 0x10, 0xd, 0x0, 0x18, 0xc, 0x18,
    0x0, 0x43, 0x0, 0x20, 0x18, 0x22, 0x1, 0x10,
    0x4, 0x28, 0x0, 0xc0, 0x41, 0x2d, 0xd, 0x22,
    0x20, 0x60, 0x1, 0x3, 0x5c, 0x10, 0x10, 0x13,
    0xc1, 0x0, 0x23, 0x4f, 0x12, 0x2, 0x1c, 0x43,
    0x0, 0xc8, 0x28, 0xe0, 0x13, 0xb8, 0x90, 0x3,
    0x60, 0x16, 0x0, 0x58, 0x41, 0x80, 0x19, 0x0,
    0x8, 0x1, 0x20, 0x1, 0x0, 0x0,

    /* U+1E85 "ẅ" */
    0x0, 0xd7, 0x21, 0x36, 0x1, 0xf8, 0xfc, 0x3c,
    0xc0, 0x3f, 0x43, 0x3, 0x40, 0x6, 0xbf, 0x0,
    0xa7, 0xe0, 0x0, 0x3f, 0x3a, 0x8, 0x0, 0x70,
    0x40, 0x2, 0x6, 0x20, 0x60, 0x10, 0xb1, 0x88,
    0x60, 0x21, 0xa, 0x2, 0x85, 0x82, 0x2, 0x18,
    0x82, 0x18, 0x62, 0x11, 0x3c, 0x49, 0x0, 0x1e,
    0x8, 0x8c, 0x4, 0x48, 0x30, 0x0, 0x81, 0xc0,
    0xa1, 0xa3, 0xe0, 0x80, 0x1, 0x25, 0x12, 0x4,
    0x5, 0x40, 0xc, 0x80, 0xe0, 0x12, 0x6, 0x0,
    0x0,

    /* U+1E9E "ẞ" */
    0x0, 0x3e, 0xff, 0x59, 0x80, 0x6a, 0x80, 0x67,
    0x4c, 0x30, 0x1, 0xaa, 0x6c, 0xcb, 0x2, 0x0,
    0x8, 0x1e, 0x1, 0x78, 0x40, 0x3, 0x81, 0x80,
    0x16, 0x76, 0x60, 0x1e, 0x44, 0x5, 0x40, 0x7,
    0x93, 0x29, 0x5e, 0x40, 0x3c, 0x6b, 0x62, 0xe0,
    0x1f, 0xca, 0x20, 0x1f, 0x85, 0x44, 0x3, 0x75,
    0x3c, 0x60, 0xc0, 0x6, 0x67, 0x87, 0x19, 0x60,

    /* U+1EF2 "Ỳ" */
    0x0, 0x1c, 0x20, 0x7, 0xc6, 0x6b, 0x20, 0xf,
    0xad, 0x78, 0x3, 0xf5, 0x60, 0x6, 0xbf, 0x20,
    0xd, 0x9e, 0x30, 0x10, 0x1, 0x21, 0xb0, 0x9a,
    0x29, 0x0, 0x20, 0x20, 0x1, 0x1, 0x0, 0xa6,
    0xe2, 0x0, 0x34, 0x52, 0x80, 0x90, 0xd, 0x21,
    0xe5, 0x2, 0x1, 0x89, 0x48, 0x5c, 0x3, 0xd2,
    0xc, 0x1, 0xff, 0xe0,

    /* U+1EF3 "ỳ" */
    0x0, 0x47, 0xa8, 0x7, 0xa2, 0x6c, 0xc0, 0x3c,
    0xde, 0x40, 0x16, 0x78, 0x0, 0x45, 0x1e, 0x94,
    0xa, 0x1, 0x28, 0xa3, 0x7, 0x0, 0xc, 0x98,
    0x0, 0xa8, 0x21, 0x61, 0x40, 0xe, 0x7, 0x5,
    0x22, 0x0, 0x10, 0xb4, 0xca, 0x80, 0x35, 0x25,
    0x83, 0x0, 0x66, 0x7, 0x41, 0x0, 0xc2, 0x81,
    0xc0, 0x1f, 0x94, 0x3, 0x8d, 0x18, 0x3, 0x2b,
    0xe8, 0x58, 0x6, 0xf8, 0x2c, 0x20, 0xc,

    /* U+2010 "‐" */
    0x38, 0x89, 0x15, 0xde, 0xd0,

    /* U+2011 "‑" */
    0x38, 0x89, 0x15, 0xde, 0xd0,

    /* U+2012 "‒" */
    0x2, 0x2f, 0x85, 0x77, 0x7e, 0x94, 0xbb, 0xfa,
    0x80,

    /* U+2013 "–" */
    0x2, 0x2f, 0x3, 0x6e, 0xf9, 0x9e, 0xab, 0xce,

    /* U+2014 "—" */
    0x2, 0x2f, 0xfe, 0x10, 0x36, 0xef, 0xff, 0x9,
    0x5e, 0xab, 0xff, 0x84, 0x80,

    /* U+2015 "―" */
    0x2, 0x2f, 0xfe, 0x10, 0x36, 0xef, 0xff, 0x9,
    0x5e, 0xab, 0xff, 0x84, 0x80,

    /* U+2016 "‖" */
    0x1f, 0x30, 0x6e, 0x0, 0xff, 0xff, 0x80, 0x7f,
    0xf0, 0xc0,

    /* U+2017 "‗" */
    0xf, 0xff, 0x48, 0x6e, 0xfa, 0x3, 0x77, 0xd0,
    0x1b, 0xbe, 0x80,

    /* U+2018 "‘" */
    0xa, 0xa0, 0xae, 0xb8, 0x1e, 0x82, 0xdf, 0x88,

    /* U+2019 "’" */
    0x1f, 0xa5, 0xc, 0x30, 0x7c, 0x51, 0xba, 0x0,

    /* U+201A "‚" */
    0x0, 0xed, 0xf0, 0x1, 0x28, 0x18, 0x78, 0x28,
    0xa8, 0x0,

    /* U+201B "‛" */
    0xbf, 0x1d, 0x5, 0x70, 0x31, 0x5c, 0xa, 0xb0,

    /* U+201C "“" */
    0xa, 0xa0, 0x3e, 0x8a, 0xe8, 0x4a, 0x38, 0x1a,
    0xf, 0xe8, 0x2e, 0x1, 0x5f, 0x8c, 0x7a, 0x0,

    /* U+201D "”" */
    0x1f, 0xa0, 0xfd, 0x50, 0xf2, 0x5, 0x30, 0x47,
    0xb, 0xc5, 0x1d, 0x33, 0x5d, 0x4, 0x60, 0x0,

    /* U+201E "„" */
    0x0, 0xfd, 0x9e, 0x15, 0xe4, 0x6, 0xa0, 0xe4,
    0x50, 0x78, 0x15, 0x2, 0xa, 0xa0, 0x30, 0x0,

    /* U+201F "‟" */
    0xbf, 0x18, 0xf3, 0xd0, 0x2c, 0x5, 0x70, 0x44,
    0xf, 0x8a, 0xe8, 0x4a, 0x5, 0x50, 0x1f, 0x40,

    /* U+2020 "†" */
    0x0, 0x66, 0x80, 0x73, 0x30, 0x3, 0x88, 0x80,
    0x17, 0xf3, 0x3e, 0xf9, 0xc4, 0x11, 0x11, 0x2,
    0x76, 0x23, 0x57, 0x10, 0x0, 0x98, 0x7, 0x18,
    0x7, 0xc2, 0x1, 0xc2, 0xe0, 0x1c, 0xe2, 0x1,
    0xc2, 0x60, 0x10,

    /* U+2021 "‡" */
    0x0, 0xaf, 0x80, 0x3c, 0x44, 0x0, 0xc8, 0x42,
    0xe4, 0x62, 0x2b, 0xd7, 0x4d, 0xc5, 0x1d, 0xf7,
    0x5f, 0xe4, 0x2, 0x2, 0x70, 0x10, 0xf, 0xf1,
    0x6, 0xb8, 0x8, 0xe, 0xfc, 0x2f, 0xf2, 0xd,
    0xeb, 0xa6, 0xe2, 0x82, 0x10, 0xb9, 0x18, 0x80,
    0x44, 0x40, 0x8,

    /* U+2022 "•" */
    0x4, 0x40, 0x4d, 0xda, 0x50, 0x0, 0x82, 0x1,
    0x40, 0x8a, 0x40,

    /* U+2023 "‣" */
    0x60, 0xd, 0x3a, 0x60, 0x11, 0x65, 0x8, 0x5,
    0xa2, 0xd, 0xce, 0x19, 0x22, 0x0,

    /* U+2024 "․" */
    0x3, 0x30, 0x3, 0x30, 0x0, 0x22, 0x0,

    /* U+2025 "‥" */
    0x24, 0x0, 0x94, 0x7e, 0xcc, 0x1e, 0xad, 0xc4,
    0x80, 0xc3, 0x40,

    /* U+2026 "…" */
    0x24, 0x0, 0xa, 0x80, 0x48, 0x5f, 0x66, 0x13,
    0x50, 0x9, 0x7c, 0xe2, 0x41, 0xc1, 0xa0, 0xc2,
    0xa0,

    /* U+2027 "‧" */
    0x24, 0xf, 0xb3, 0x71, 0x20,

    /* U+2030 "‰" */
    0x4, 0xde, 0x70, 0x8, 0x79, 0x80, 0x3f, 0xa9,
    0x22, 0x6, 0x0, 0x93, 0x60, 0xf, 0xc6, 0x36,
    0xc5, 0x60, 0x2f, 0x0, 0x1f, 0xce, 0x6, 0x2,
    0x20, 0x82, 0x50, 0xf, 0xe7, 0x3, 0x1, 0x11,
    0x34, 0x80, 0x7f, 0x8c, 0x14, 0xcb, 0x20, 0xd7,
    0x3e, 0x80, 0x9, 0xbc, 0xe0, 0x9, 0x8c, 0x47,
    0x58, 0xb7, 0xe7, 0x80, 0xaa, 0x6c, 0x18, 0x37,
    0xf5, 0xc2, 0x25, 0x82, 0xa8, 0x62, 0xa6, 0x56,
    0x1, 0x9, 0xa4, 0x0, 0x88, 0x3c, 0x9c, 0xc,
    0x4, 0x40, 0x1b, 0xd4, 0xc0, 0x44, 0x1e, 0x6e,
    0x6, 0x2, 0x20, 0x9, 0xe, 0x0, 0xf, 0x62,
    0xaa, 0x31, 0x53, 0x2b, 0x0, 0xa1, 0x88, 0x1,
    0xf, 0xcd, 0x21, 0x54, 0xd7, 0x30,

    /* U+2039 "‹" */
    0x0, 0xd, 0x18, 0x2, 0x90, 0x42, 0x12, 0x88,
    0xdd, 0x90, 0xd, 0x18, 0x80, 0x14, 0x5e, 0x0,
    0x1f, 0x34, 0x0, 0x17, 0x20,

    /* U+203A "›" */
    0x1a, 0x20, 0x0, 0xb7, 0x88, 0x3, 0x8e, 0x80,
    0x5, 0x8, 0xe0, 0xb, 0x16, 0xa, 0x2d, 0x12,
    0x4a, 0x30, 0x2e, 0x50, 0x0,

    /* U+20A4 "₤" */
    0x0, 0x9b, 0x7f, 0x68, 0x40, 0xb, 0x23, 0x8,
    0xe2, 0x0, 0xe0, 0xc7, 0x9d, 0x0, 0x98, 0x80,
    0x3e, 0x31, 0x0, 0xe6, 0xf1, 0x3f, 0xf7, 0x0,
    0x1f, 0x44, 0xb7, 0x58, 0x0, 0x7d, 0x12, 0xdd,
    0x60, 0x1, 0xf0, 0xf, 0x32, 0x0, 0x8, 0x1,
    0xc, 0xc4, 0x0, 0x3d, 0x1, 0x88, 0xca, 0x82,
    0xc, 0xef, 0xbc,

    /* U+20A5 "₥" */
    0x0, 0xfd, 0xae, 0x1, 0xfe, 0x42, 0x60, 0xa,
    0xec, 0x9b, 0xfa, 0xde, 0x1f, 0xd4, 0x20, 0x94,
    0x8e, 0x72, 0x88, 0x95, 0x54, 0x80, 0x22, 0x62,
    0x0, 0x76, 0xf6, 0x2a, 0x0, 0x70, 0x1, 0x2,
    0x0, 0x44, 0x60, 0x1, 0x0, 0x60, 0x78, 0x7,
    0xf9, 0x80, 0x3f, 0xe6, 0x10, 0xf, 0xfa, 0xd4,
    0x3, 0xfc, 0x87, 0xc0, 0x1f, 0x5f, 0x87, 0xb2,
    0x7b, 0x80, 0x59, 0xc0, 0x2, 0x49, 0x0, 0xfc,

    /* U+20A6 "₦" */
    0xb, 0xf6, 0x0, 0x4e, 0x80, 0x6a, 0x0, 0xf8,
    0x8c, 0x40, 0x3c, 0xe2, 0xc0, 0x1b, 0x11, 0x46,
    0x3d, 0x8b, 0xf5, 0x11, 0x41, 0x6c, 0x5a, 0x20,
    0x5, 0x1, 0x10, 0x16, 0x22, 0x3c, 0x29, 0xcb,
    0xf5, 0xf, 0x60, 0x14, 0xb4, 0x41, 0xc9, 0xc1,
    0xc0, 0x80, 0x39, 0x48, 0x3, 0xee, 0x0, 0x80,

    /* U+20A7 "₧" */
    0xcf, 0xf7, 0x59, 0x80, 0x7c, 0x30, 0xe9, 0x84,
    0x1, 0xf3, 0xcd, 0x85, 0x0, 0x7f, 0x20, 0x10,
    0x5b, 0x0, 0x78, 0xc0, 0x85, 0x0, 0x38, 0x97,
    0x83, 0xbc, 0x27, 0xcc, 0x7, 0x68, 0xe9, 0xe0,
    0x1f, 0xc, 0x6, 0xf3, 0x94, 0x54, 0x38, 0xc0,
    0x24, 0x30, 0xf, 0xfe, 0x79, 0x6, 0x99, 0x0,
    0x7c, 0x30, 0xb8, 0xe0,

    /* U+20A8 "₨" */
    0xbf, 0xf7, 0x51, 0x0, 0x7f, 0x43, 0xaf, 0x80,
    0x7e, 0x17, 0x97, 0x22, 0x0, 0x7f, 0xb8, 0x18,
    0x6f, 0xfa, 0x80, 0x38, 0x41, 0xed, 0x22, 0x40,
    0x31, 0x24, 0x91, 0xb1, 0xbb, 0xa8, 0x0, 0x3b,
    0x61, 0xe0, 0xa7, 0x42, 0x1, 0xd, 0x18, 0x10,
    0x4a, 0xab, 0xcc, 0x2, 0x59, 0x16, 0x0, 0x55,
    0x7, 0x40, 0x32, 0x8d, 0x80, 0x4a, 0xe2, 0x20,
    0xc, 0xc4, 0x92, 0xa6, 0x84, 0x20, 0x1a, 0x43,
    0xca, 0xb0, 0x38, 0x0,

    /* U+20A9 "₩" */
    0xad, 0x0, 0x37, 0xb8, 0x3, 0x2b, 0x48, 0x1,
    0xe1, 0xa0, 0x2, 0xd3, 0x2, 0x2, 0x47, 0x1,
    0x11, 0x28, 0x30, 0x2e, 0x10, 0x10, 0x38, 0x81,
    0x88, 0x94, 0x9, 0x40, 0xb0, 0x23, 0x83, 0x43,
    0x64, 0x37, 0x4a, 0x6e, 0x5a, 0x6c, 0x88, 0xc1,
    0xd1, 0x13, 0x92, 0x9b, 0x98, 0x81, 0x91, 0x34,
    0x3d, 0x8b, 0x40, 0xc, 0x8, 0x40, 0xa6, 0x2c,
    0x0, 0x20, 0x3, 0x81, 0x0, 0x8, 0x2, 0x20,
    0x20, 0x11, 0xc0,

    /* U+20AA "₪" */
    0xaf, 0xfd, 0xaa, 0x0, 0x8f, 0x0, 0xd, 0x52,
    0x46, 0x94, 0x3, 0xca, 0xa6, 0xc1, 0xe0, 0xf,
    0xa7, 0x81, 0x14, 0x3, 0xfc, 0x62, 0x1, 0xff,
    0xe3, 0x10, 0x10, 0xf, 0xd3, 0xc0, 0x84, 0x1,
    0xc2, 0xaa, 0x6b, 0x2b, 0x0, 0xf5, 0x52, 0x5a,
    0x58, 0x0,

    /* U+20AB "₫" */
    0x0, 0xf0, 0xfc, 0x80, 0x63, 0xff, 0x70, 0x36,
    0x80, 0x47, 0x98, 0xb0, 0x4f, 0x0, 0x3f, 0x67,
    0xb8, 0x11, 0x1, 0xe0, 0xdd, 0x74, 0x3, 0x48,
    0x64, 0x4c, 0x80, 0x21, 0x11, 0x88, 0x1, 0x40,
    0x23, 0x6, 0x0, 0x8c, 0x2, 0x30, 0x60, 0xf,
    0x84, 0x46, 0x20, 0x7, 0x0, 0xd2, 0x18, 0xf1,
    0x0, 0xc, 0xf0, 0x70, 0x98, 0x20, 0x19, 0xfb,
    0xf0, 0xba, 0x40, 0x5, 0xff, 0xec, 0x0, 0x16,
    0xef, 0xc0,

    /* U+20AC "€" */
    0x0, 0x8e, 0xff, 0xda, 0xc0, 0x4, 0xc5, 0x67,
    0x6f, 0x0, 0x50, 0xfc, 0xc5, 0xc8, 0x18, 0xc8,
    0x80, 0x69, 0xc0, 0x8f, 0xf8, 0x1, 0xc, 0x15,
    0x98, 0xd0, 0x0, 0x88, 0x18, 0xcc, 0x40, 0x9,
    0x70, 0xcf, 0xf3, 0x80, 0x22, 0x81, 0xb7, 0x4c,
    0x0, 0x15, 0x17, 0x32, 0x10, 0xd, 0x43, 0xf3,
    0x15, 0x0, 0x4, 0xc5, 0x77, 0xb4,

    /* U+20AD "₭" */
    0x8, 0xf2, 0x0, 0x1f, 0xd0, 0x7, 0xdc, 0x54,
    0x1, 0xea, 0x2f, 0x0, 0xf3, 0x2d, 0x10, 0x7,
    0x3c, 0xb2, 0x80, 0x58, 0xe1, 0x40, 0xdf, 0xe4,
    0xe, 0x60, 0x42, 0x1c, 0xc2, 0x1, 0x8, 0x4c,
    0x85, 0xc, 0x3, 0xc8, 0x88, 0x10, 0xf, 0xa4,
    0x2c, 0x3, 0xe2, 0x65, 0x40, 0xf, 0xa0, 0x24,
    0x0,

    /* U+20AE "₮" */
    0xbf, 0xff, 0xb7, 0x9d, 0xca, 0x8, 0xee, 0xb5,
    0x88, 0x70, 0x64, 0x4b, 0x0, 0x77, 0x64, 0x0,
    0x79, 0x92, 0x40, 0x21, 0x80, 0x78, 0x10, 0x2,
    0x78, 0x0, 0x72, 0x0, 0xd, 0x70, 0xc, 0x92,
    0x0, 0x24, 0x80, 0x78, 0x0, 0x93, 0xc0, 0x1e,
    0x1, 0x9a, 0xe0, 0x3, 0xc4, 0xa0, 0x1e,

    /* U+20AF "₯" */
    0x4b, 0xef, 0xec, 0x50, 0xf, 0xe1, 0x57, 0x78,
    0x6a, 0x80, 0x1f, 0x97, 0xaf, 0x67, 0x55, 0x4e,
    0x1, 0xfd, 0x74, 0x0, 0xa1, 0xa0, 0xf, 0xe4,
    0x20, 0x9, 0x48, 0x3, 0xf8, 0x9c, 0x2, 0x10,
    0xf, 0xe3, 0xc, 0x0, 0x98, 0x3, 0xf9, 0x41,
    0x40, 0x2, 0x68, 0x7, 0xbf, 0xca, 0x0, 0xc0,
    0x30, 0x4, 0x87, 0xe, 0xbd, 0xad, 0x0, 0x1c,
    0xc0, 0xc, 0xe6, 0xac, 0x34, 0x9a, 0x2, 0x4,
    0x31, 0xb2, 0x7a, 0x18, 0x6, 0x6b, 0x31, 0x40,
    0x26, 0x19, 0xc1, 0x5, 0x2d, 0xc6, 0xd0, 0x4f,
    0xf7, 0x63, 0x0, 0x8, 0x63, 0xbe, 0xc4, 0x3,
    0xf9, 0xc1, 0xc0, 0x3f, 0xf8, 0x38, 0x4, 0x1,
    0xff, 0xc1, 0x54, 0x0, 0xf0,

    /* U+20B0 "₰" */
    0x0, 0xcd, 0xdc, 0x70, 0xc, 0x52, 0x8f, 0x6,
    0x1, 0x38, 0x4d, 0x83, 0x0, 0x73, 0x88, 0x8,
    0x4, 0xc0, 0x6a, 0xa, 0x1, 0x18, 0xdd, 0x20,
    0x80, 0x66, 0x33, 0x40, 0x4, 0x21, 0x20, 0x66,
    0x0, 0xf, 0x8b, 0x81, 0x88, 0x2, 0x46, 0x20,
    0xc0, 0xc0, 0x2e, 0xe6, 0x39, 0x2a, 0x8, 0x38,
    0x59, 0x5, 0x22, 0x4e, 0x5, 0x20, 0x60, 0x38,
    0x7, 0x9c, 0xc, 0x3, 0x13, 0x40, 0x28, 0x6,
    0x69, 0x58, 0x30,

    /* U+20B1 "₱" */
    0x9, 0xff, 0xb1, 0x0, 0x3d, 0x30, 0x56, 0x60,
    0x1c, 0xcf, 0x81, 0x0, 0xd, 0x60, 0xff, 0x68,
    0x27, 0x86, 0xb0, 0x7f, 0xcc, 0x1e, 0x1a, 0xc1,
    0xff, 0x30, 0x78, 0x6b, 0x6, 0xe9, 0xc1, 0xfc,
    0x3, 0x6e, 0x9d, 0xa0, 0x3, 0xab, 0x3a, 0x40,
    0x3c, 0xa6, 0x20, 0x1f, 0xfc, 0xc0,

    /* U+20B2 "₲" */
    0x0, 0x8a, 0x7b, 0xfd, 0xb2, 0x20, 0x5, 0xd6,
    0x30, 0x61, 0x71, 0x2, 0xa0, 0xcf, 0x9, 0xcf,
    0x0, 0x58, 0x49, 0x80, 0x61, 0x0, 0x38, 0x30,
    0x7, 0xe1, 0x20, 0xf, 0xf0, 0x80, 0x6f, 0xf9,
    0x80, 0x48, 0x3, 0x3a, 0x80, 0x4a, 0x26, 0x1,
    0x47, 0x0, 0x5c, 0x1c, 0x20, 0x1f, 0x2a, 0x8b,
    0xe0, 0x1f, 0xc0, 0x35, 0x41, 0xa8, 0x42, 0xa2,
    0x80, 0x4f, 0xba, 0xf, 0xeb, 0x30, 0xe, 0x33,
    0x0, 0x60,

    /* U+20B3 "₳" */
    0x0, 0x87, 0xfc, 0x1, 0xf3, 0x80, 0x14, 0x3,
    0xda, 0x21, 0x80, 0x1e, 0x44, 0x1b, 0x80, 0x72,
    0x87, 0xd8, 0x98, 0x3, 0x3e, 0x82, 0xa0, 0x33,
    0xef, 0x70, 0x13, 0x74, 0x61, 0xb5, 0xb8, 0x9,
    0xba, 0x30, 0xda, 0xd2, 0x1d, 0xdc, 0x7, 0x46,
    0x4e, 0x45, 0x90, 0xc1, 0x43, 0x40, 0x37, 0x3,
    0xd0, 0xa0, 0x6, 0x40, 0xd0,

    /* U+20B4 "₴" */
    0x4, 0xbe, 0xfe, 0x91, 0x0, 0x62, 0xa3, 0x13,
    0x50, 0x2, 0x3a, 0xa7, 0xd, 0x0, 0x3e, 0x70,
    0x6, 0x7f, 0xf2, 0x5, 0xee, 0xd0, 0x20, 0x7b,
    0x42, 0x73, 0x1, 0x38, 0x43, 0x9c, 0x80, 0x33,
    0xfe, 0xbf, 0x5, 0xdd, 0xea, 0x10, 0x1, 0x17,
    0x9, 0x11, 0x6e, 0x26, 0xfc, 0x1, 0x8c, 0xae,
    0xf8, 0x0,

    /* U+20B5 "₵" */
    0x0, 0x8e, 0xfb, 0xfa, 0xcc, 0x0, 0xd8, 0x84,
    0x28, 0x87, 0x2, 0x91, 0xd9, 0x3a, 0xf4, 0xb,
    0xa, 0x20, 0xf, 0x38, 0x20, 0x7, 0xc2, 0x40,
    0x1f, 0xfc, 0x61, 0x30, 0xf, 0xca, 0x28, 0x1,
    0xf7, 0x4, 0x88, 0x7, 0x95, 0x45, 0xf2, 0x73,
    0x84, 0x0, 0xa8, 0x33, 0xb, 0x1, 0x80, 0x4f,
    0xb4, 0x5f, 0x82, 0x1, 0xcc, 0x80, 0x10,

    /* U+20B6 "₶" */
    0x0, 0x79, 0x80, 0x3c, 0x80, 0x23, 0x0, 0x94,
    0x3, 0x2e, 0x86, 0x7d, 0x6, 0xfc, 0xb2, 0x3,
    0xd2, 0x4, 0x55, 0xf, 0x42, 0xd4, 0x81, 0x54,
    0x60, 0x1f, 0xfd, 0x71, 0x1, 0x0, 0xfb, 0x43,
    0xdd, 0x80, 0x39, 0x58, 0xa3, 0xc0,

    /* U+20B7 "₷" */
    0x0, 0xe8, 0xef, 0xeb, 0x40, 0xd, 0x6e, 0xae,
    0x8a, 0x60, 0x10, 0xa2, 0xdc, 0x57, 0x38, 0x4,
    0x60, 0x60, 0x1f, 0x88, 0x59, 0x80, 0x1f, 0xb0,
    0x67, 0x98, 0x3, 0xc5, 0xd0, 0x13, 0xa2, 0x1,
    0xe7, 0xe8, 0x2b, 0x5c, 0x6b, 0xc5, 0xcb, 0x74,
    0x46, 0x5c, 0x5a, 0x76, 0x2, 0x1, 0x5d, 0x2,
    0x79, 0x80, 0xfa, 0x49, 0x78, 0x7c, 0xbf, 0xab,
    0xda, 0x80, 0xa, 0xe1, 0xfd, 0x61, 0x0,

    /* U+20B8 "₸" */
    0xbf, 0xff, 0xa7, 0x9d, 0xfe, 0xd5, 0x88, 0xf9,
    0x2f, 0xff, 0xe9, 0xe7, 0x72, 0x2, 0xbb, 0xb5,
    0x62, 0x18, 0x1d, 0x10, 0x40, 0xf, 0xff, 0x50,

    /* U+20B9 "₹" */
    0x56, 0x6f, 0x6e, 0xa6, 0x5b, 0x98, 0x8b, 0xd0,
    0x5, 0x52, 0x6e, 0x41, 0x2e, 0xdb, 0xdc, 0x10,
    0xee, 0x22, 0x8, 0x59, 0x55, 0x9d, 0x2f, 0x20,
    0xa, 0x8, 0x80, 0x4, 0xc5, 0x2, 0x1, 0xa4,
    0x6c, 0x3, 0x22, 0x14, 0xc0, 0x34, 0x87, 0x0,
    0x0,

    /* U+20BA "₺" */
    0x1, 0xf9, 0x0, 0xff, 0x2b, 0x0, 0x72, 0x74,
    0x18, 0x1, 0xb0, 0x7, 0x74, 0x80, 0x1, 0xb0,
    0x6b, 0xe8, 0x0, 0x30, 0x82, 0x95, 0x48, 0x2,
    0xac, 0x1a, 0x90, 0x36, 0x6f, 0x40, 0x38, 0x80,
    0x3e, 0x50, 0xc0, 0xe, 0x18, 0x25, 0x0, 0x96,
    0x7c, 0xb8, 0x3, 0x1b, 0xbb, 0x4c, 0x0,

    /* U+20BB "₻" */
    0x2c, 0xe9, 0x0, 0xfe, 0x8a, 0xe7, 0x50, 0xf,
    0xc3, 0xc0, 0xba, 0x1, 0xfb, 0x9f, 0xd1, 0xff,
    0xfa, 0xc8, 0x17, 0x60, 0x8d, 0xdf, 0xd8, 0x0,
    0x27, 0x72, 0xc5, 0xc5, 0x46, 0x1a, 0x0, 0x62,
    0xcc, 0x4e, 0xd0, 0x83, 0x80, 0x46, 0x95, 0x89,
    0x85, 0xee, 0x60, 0x4, 0x60, 0x73, 0xd3, 0x8e,
    0xa0, 0xb, 0xa8, 0x20, 0x3, 0xfa, 0x96, 0x5b,
    0x26, 0x58, 0x1, 0xf3, 0x50, 0x33, 0x0, 0x30,

    /* U+20BC "₼" */
    0x0, 0xe3, 0xf6, 0x0, 0xff, 0xeb, 0xb, 0x50,
    0x6b, 0x98, 0x7, 0x3f, 0x4b, 0x2, 0x46, 0x50,
    0x4, 0x90, 0x7b, 0x81, 0x3c, 0xaa, 0x80, 0x7,
    0x86, 0x90, 0x4, 0x34, 0x4c, 0x0, 0x53, 0x10,
    0xf, 0x20, 0x90, 0xb, 0x0, 0x7d, 0xc0, 0x22,
    0x3, 0x0, 0x1f, 0xb0, 0x0, 0x41, 0xc0, 0x3f,
    0xf9, 0xc0,

    /* U+20BD "₽" */
    0x7, 0xff, 0xd8, 0x80, 0x19, 0xa1, 0x8e, 0xd0,
    0x2, 0xd7, 0x9c, 0xf, 0x0, 0xf1, 0x8b, 0x0,
    0x78, 0x47, 0x78, 0x9, 0x26, 0x85, 0x63, 0x85,
    0x6d, 0x9b, 0xb4, 0xa8, 0x45, 0x5f, 0xc0, 0x26,
    0x81, 0xaa, 0x0, 0x5b, 0x1, 0x7f, 0xa0, 0x17,
    0xb0, 0x4e, 0x78, 0x4, 0x5c, 0x4, 0x64, 0x1,
    0x0,

    /* U+20BE "₾" */
    0x0, 0x26, 0x7f, 0xd0, 0x1, 0x9e, 0xcc, 0xd0,
    0xf, 0x80, 0x3, 0x84, 0x96, 0x50, 0xa3, 0x80,
    0x90, 0x90, 0xc, 0xa6, 0xc0, 0xe2, 0x40, 0x1c,
    0x82, 0x64, 0x40, 0xf, 0x68, 0x30, 0x88, 0xc,
    0xc0, 0x40, 0x22, 0x35, 0x20, 0x59, 0x2d, 0x4,
    0xe6, 0xd0, 0x60, 0xf, 0xcc, 0x70, 0x60, 0x1f,
    0xc, 0x86, 0x53, 0xbe, 0x50, 0x5a, 0x10, 0x58,
    0x8d, 0x20,

    /* U+20BF "₿" */
    0x0, 0x38, 0x30, 0x80, 0x68, 0x1b, 0x20, 0x3,
    0xf8, 0x71, 0x41, 0x0, 0x4c, 0xe8, 0x8c, 0x0,
    0xb6, 0x2d, 0x44, 0xc0, 0x38, 0x80, 0x30, 0x92,
    0x31, 0x18, 0x2, 0xb6, 0xcf, 0xc0, 0x28, 0xa8,
    0x3c, 0x10, 0x1, 0xab, 0xc0, 0xb0, 0x7, 0x10,
    0x70, 0x7, 0x60, 0x70, 0x3, 0x5e, 0x9c, 0x18,
    0x0, 0xd0, 0xa7, 0xa2, 0xfe, 0x1c, 0x5e, 0x40,
    0x14, 0xd, 0x90, 0x0,

    /* U+2116 "№" */
    0x36, 0x30, 0xc, 0xc6, 0x1, 0xeb, 0x9e, 0x0,
    0xd3, 0x60, 0x1f, 0x89, 0x40, 0x3f, 0xf8, 0x4,
    0x70, 0x1, 0xff, 0xc0, 0x38, 0x26, 0x0, 0xe1,
    0x79, 0x40, 0x0, 0xa2, 0x20, 0x3, 0xb7, 0x3a,
    0x94, 0x2, 0x81, 0x70, 0x8, 0x8e, 0x9d, 0xbc,
    0x2, 0x34, 0x90, 0xe, 0x10, 0x0, 0x80, 0x69,
    0x18, 0x10, 0x21, 0x83, 0x5c, 0x0, 0xc4, 0xae,
    0x1, 0x61, 0xfa, 0xb8, 0x7, 0x40, 0x8, 0x0,
    0x63, 0xec, 0x40, 0x38, 0x98, 0x2, 0xcc, 0xcc,

    /* U+2122 "™" */
    0x89, 0x98, 0xe5, 0x40, 0xb, 0x21, 0x9c, 0xba,
    0x4d, 0x0, 0x9, 0x60, 0x43, 0x74, 0x10, 0x63,
    0x27, 0x0, 0xfd, 0xb5, 0x4e, 0x0, 0xfc, 0xce,
    0xaa, 0x0, 0xfe, 0x44, 0x0, 0x64, 0xb0, 0x7,
    0x85, 0x48, 0x78, 0x0,

    /* U+F001 "" */
    0x0, 0xff, 0xe8, 0x24, 0xee, 0x0, 0x7e, 0x16,
    0xbf, 0xb6, 0x23, 0x0, 0xe3, 0x8d, 0xe9, 0x40,
    0xf, 0xec, 0xc3, 0x90, 0x7, 0xff, 0x0, 0xc0,
    0x3e, 0x38, 0x0, 0xff, 0x96, 0xbb, 0x1c, 0x3,
    0xf3, 0xdf, 0xd2, 0x88, 0x7, 0xfa, 0x10, 0x3,
    0xff, 0xcc, 0x57, 0xdc, 0x0, 0xff, 0xe0, 0x7a,
    0x8, 0x80, 0x5, 0x7d, 0xc0, 0xf, 0xf8, 0xbd,
    0x4, 0x40, 0x1e, 0xf4, 0x0, 0x27, 0x80, 0x71,
    0x0, 0x62, 0xbf, 0xf5, 0x97, 0xa0, 0x1, 0x3c,
    0x3, 0xfc,

    /* U+F005 "" */
    0x0, 0xfd, 0x98, 0x0, 0xff, 0xe1, 0xa9, 0x99,
    0x40, 0x3f, 0xf8, 0x50, 0x0, 0x80, 0xf, 0xfe,
    0xa, 0x90, 0x0, 0x94, 0x3, 0xfc, 0x27, 0x0,
    0x1a, 0xc, 0x40, 0x30, 0xce, 0x77, 0x30, 0x80,
    0x31, 0x67, 0x73, 0x24, 0x55, 0x8c, 0x40, 0x3f,
    0xc2, 0x6c, 0xa8, 0xc0, 0x1f, 0xfc, 0x26, 0x40,
    0x96, 0x0, 0xff, 0xe0, 0x34, 0x80, 0x52, 0xe0,
    0x1f, 0xe7, 0x90, 0xe, 0x82, 0x0, 0xfc, 0x50,
    0x1, 0xf1, 0x0, 0x7e, 0x20, 0xf, 0x88, 0x3,
    0xfc, 0x40, 0x1e, 0x60, 0xf, 0xf3, 0x0, 0x78,
    0xc0, 0x27, 0xee, 0x38, 0x4, 0x60, 0x1e, 0x21,
    0x6e, 0x81, 0x14, 0x73, 0x9, 0x0, 0x79, 0x7a,
    0x44, 0x3, 0xc, 0xf2, 0x80, 0x40,

    /* U+F008 "" */
    0xd0, 0x7, 0xff, 0xf8, 0x1, 0xa5, 0xfe, 0x3,
    0x77, 0xf1, 0x87, 0xf8, 0x83, 0xfc, 0x9, 0x11,
    0xe4, 0xf, 0xf0, 0x7, 0xff, 0x1b, 0xfc, 0x1,
    0xfe, 0xff, 0x0, 0x3f, 0xc0, 0xd9, 0x9e, 0x60,
    0xff, 0x0, 0x7f, 0xf1, 0xbf, 0xc0, 0xd9, 0x9e,
    0x60, 0xff, 0x0, 0x3f, 0xc0, 0x1f, 0xef, 0xf0,
    0x7, 0xff, 0x1b, 0xfc, 0x9, 0x11, 0xe4, 0xf,
    0xf0, 0x17, 0xf8, 0xd, 0xdf, 0xc6, 0x1f, 0xe2,

    /* U+F00B "" */
    0xdf, 0xf9, 0xcf, 0xff, 0xfb, 0x48, 0x2, 0xd6,
    0x0, 0xfe, 0x20, 0xf, 0xfe, 0x21, 0x0, 0x5a,
    0xc0, 0x1f, 0xc5, 0xbf, 0xf3, 0x9f, 0xff, 0xf6,
    0xeb, 0xfe, 0x73, 0xff, 0xfe, 0xd2, 0x0, 0xb5,
    0x80, 0x3f, 0x88, 0x3, 0xff, 0x88, 0x40, 0x16,
    0xb0, 0x7, 0xf1, 0x6f, 0xfc, 0xe7, 0xff, 0xfd,
    0xba, 0xff, 0x9c, 0xff, 0xff, 0xb4, 0x80, 0x2d,
    0x60, 0xf, 0xe2, 0x0, 0xff, 0xe2, 0x10, 0x5,
    0xac, 0x1, 0xfc, 0x40,

    /* U+F00C "" */
    0x0, 0xff, 0xe0, 0xd5, 0x88, 0x7, 0xff, 0x2,
    0xd5, 0x34, 0x3, 0xfe, 0xb4, 0x0, 0x38, 0x7,
    0xfa, 0xd0, 0x0, 0x76, 0x37, 0x40, 0x1e, 0xb4,
    0x0, 0x1e, 0x6, 0xa2, 0xd8, 0x6, 0xb4, 0x0,
    0x1e, 0x0, 0x1c, 0x0, 0x96, 0x0, 0xb4, 0x0,
    0x1e, 0x0, 0x56, 0x60, 0x4, 0xbb, 0x20, 0x0,
    0xf0, 0x3, 0xb0, 0xc0, 0x8, 0x80, 0x2, 0x60,
    0x7, 0xd8, 0x60, 0x19, 0x2c, 0x3, 0xfb, 0x10,
    0x0, 0x96, 0x1, 0xff, 0x5a, 0x22, 0xc0, 0x3f,
    0x0,

    /* U+F00D "" */
    0x3, 0x0, 0xf8, 0xc2, 0x33, 0x2, 0x1, 0xe,
    0x62, 0x1c, 0xf, 0x44, 0x7, 0x4c, 0x1e, 0x80,
    0x7, 0xa5, 0xa6, 0x0, 0xa5, 0xa0, 0x1, 0xe9,
    0x80, 0x29, 0x41, 0x68, 0x3, 0xa9, 0x40, 0x24,
    0x20, 0x8, 0x90, 0x2, 0x1d, 0x20, 0x8, 0xb4,
    0x40, 0x74, 0xc0, 0xc, 0x0, 0x3d, 0x1d, 0x30,
    0x5, 0x4d, 0x0, 0xf, 0x44, 0x1, 0x4a, 0xb,
    0x40, 0x1, 0xc5, 0xb5, 0x0, 0x96, 0xd7, 0x0,

    /* U+F011 "" */
    0x0, 0xf2, 0x7f, 0x0, 0x7f, 0x88, 0x40, 0x80,
    0x44, 0x6, 0x20, 0x1c, 0xbb, 0x80, 0x1c, 0x79,
    0x81, 0x0, 0x8e, 0x80, 0x84, 0x3, 0x30, 0x16,
    0x0, 0x5c, 0x0, 0xb1, 0x0, 0xca, 0xc0, 0x4e,
    0x8, 0x41, 0x8, 0x1, 0xe9, 0x30, 0x90, 0xd0,
    0x3, 0x80, 0x7e, 0x90, 0x13, 0x20, 0x30, 0xf,
    0xe7, 0x0, 0x30, 0x7, 0x88, 0x4, 0x40, 0x3,
    0x0, 0x18, 0x81, 0x0, 0x49, 0xfc, 0x1, 0x28,
    0x0, 0xb0, 0x5, 0x0, 0x3f, 0x70, 0x1, 0x18,
    0x1, 0x42, 0x1, 0xe5, 0x50, 0x28, 0x2, 0x40,
    0x70, 0xc0, 0x33, 0xd0, 0x2, 0x0, 0xc, 0xc0,
    0x2c, 0xda, 0xbe, 0x80, 0x5, 0x90, 0x5, 0x32,
    0x0, 0x12, 0xa0, 0x81, 0x62, 0x0, 0x73, 0x74,
    0x21, 0x1a, 0xd6, 0x98, 0x4,

    /* U+F013 "" */
    0x0, 0xf4, 0x5d, 0xa0, 0x3, 0xff, 0x80, 0xe8,
    0x87, 0x0, 0xfc, 0x60, 0x6, 0x0, 0xcc, 0x0,
    0x30, 0x9, 0x33, 0x75, 0x20, 0x1a, 0x77, 0xb1,
    0x0, 0x12, 0x4, 0x40, 0xf, 0x10, 0x84, 0x82,
    0x10, 0x7, 0x33, 0x0, 0x38, 0x91, 0xe, 0x1,
    0xb6, 0x65, 0xa0, 0x19, 0xd0, 0x20, 0x2, 0x62,
    0x0, 0x13, 0x0, 0x50, 0x1, 0xff, 0xc6, 0x80,
    0x9, 0x88, 0x0, 0x4c, 0x1, 0x40, 0x23, 0x80,
    0x6d, 0x99, 0x68, 0x6, 0x74, 0x41, 0x0, 0x73,
    0x30, 0x3, 0x89, 0x2, 0x40, 0x48, 0x3, 0xc4,
    0x40, 0x90, 0x2, 0x67, 0x6c, 0x80, 0x69, 0xdd,
    0x62, 0x0, 0x46, 0x0, 0x60, 0xc, 0xc0, 0x3,
    0x0, 0xfc, 0xe8, 0x87, 0x0, 0xf0,

    /* U+F015 "" */
    0x0, 0xf8, 0xf7, 0x46, 0x7, 0xfe, 0x30, 0xf,
    0xcd, 0x84, 0x4c, 0x57, 0x0, 0x38, 0x7, 0xd3,
    0x20, 0x66, 0x5, 0x78, 0x7, 0xe1, 0xb6, 0x9,
    0xbb, 0x48, 0x20, 0x7, 0xc5, 0x88, 0x38, 0x7b,
    0xa3, 0xc1, 0x0, 0xf2, 0x69, 0x1f, 0xdd, 0x0,
    0x2a, 0xfc, 0xc2, 0x90, 0x1e, 0xc1, 0x76, 0xdc,
    0x3, 0x3d, 0xea, 0x8d, 0xbd, 0x83, 0xc6, 0x28,
    0x7, 0x97, 0x21, 0xc2, 0xf6, 0xe3, 0x8, 0x3,
    0xf1, 0x64, 0x5e, 0x8a, 0x0, 0x80, 0x7f, 0x84,
    0x10, 0x40, 0x3e, 0x6f, 0xf3, 0x80, 0x7f, 0xf0,
    0x84, 0x3, 0xff, 0xa6, 0x20, 0x17, 0x0, 0x38,
    0x2, 0x10, 0x8,

    /* U+F019 "" */
    0x0, 0xf6, 0xff, 0xb4, 0x3, 0xff, 0x80, 0x40,
    0x2, 0x0, 0xff, 0xfe, 0x27, 0xfc, 0x1, 0xbf,
    0xe4, 0x0, 0xc8, 0x80, 0xf, 0xc8, 0x80, 0xe,
    0xb4, 0x0, 0xf2, 0x58, 0x7, 0xd6, 0x80, 0x19,
    0x2c, 0x3, 0xfa, 0xd0, 0x0, 0x96, 0x1, 0xdb,
    0xff, 0xb2, 0x91, 0x15, 0x9f, 0xfb, 0x48, 0x3,
    0x1e, 0xcc, 0xb4, 0xc0, 0x31, 0x0, 0x78, 0xf7,
    0x46, 0x1, 0xff, 0xc5, 0xf1, 0xf0, 0x1, 0x0,
    0x7f, 0xbc, 0x7c, 0x8,

    /* U+F01C "" */
    0x0, 0x93, 0xbf, 0xff, 0x72, 0x0, 0x70, 0xd0,
    0x80, 0x7e, 0x1a, 0x10, 0xd, 0x62, 0x9f, 0xff,
    0x90, 0x6c, 0x2, 0x55, 0x5, 0x0, 0x7e, 0xa0,
    0x55, 0x0, 0xd8, 0x48, 0x80, 0x7e, 0x19, 0xb,
    0x1b, 0x14, 0x60, 0xf, 0xf3, 0x20, 0xda, 0x82,
    0x7f, 0xce, 0x1, 0xa3, 0xfe, 0x40, 0x50, 0xf,
    0x48, 0x6, 0x70, 0xf, 0xfe, 0x0, 0xff, 0xe0,
    0xf, 0xfe, 0xfb, 0x80, 0x7f, 0xf1, 0x1c,

    /* U+F021 "" */
    0x0, 0xe6, 0xbd, 0xd5, 0x28, 0x0, 0xbf, 0xc0,
    0x12, 0xf4, 0xa1, 0x11, 0x6b, 0x90, 0x3, 0x9e,
    0x84, 0x16, 0x20, 0x80, 0x37, 0x60, 0x9, 0x60,
    0xf, 0xa9, 0xdd, 0x7a, 0x60, 0xc0, 0x15, 0x81,
    0xe0, 0x80, 0x44, 0x1c, 0x40, 0x12, 0x88, 0x70,
    0x7, 0x6e, 0xc4, 0x1, 0x68, 0x21, 0x0, 0x7f,
    0xf0, 0x23, 0xec, 0x3, 0xdf, 0xff, 0x0, 0x7f,
    0xf1, 0x3f, 0xfe, 0x0, 0xf5, 0xfc, 0x0, 0x7f,
    0xf0, 0x9, 0x3, 0x0, 0x22, 0xdd, 0x80, 0x3b,
    0x80, 0x50, 0x2, 0x2e, 0x2, 0x0, 0x8b, 0xc,
    0x28, 0x2, 0x60, 0x3d, 0xb7, 0x6a, 0xd3, 0x8,
    0x40, 0xa, 0xec, 0x40, 0x91, 0x2a, 0x3, 0x4e,
    0x1, 0xc9, 0xb4, 0xa6, 0x49, 0x3c, 0xa0, 0x10,

    /* U+F026 "" */
    0x0, 0xff, 0xe1, 0x46, 0x80, 0x74, 0x39, 0x0,
    0x68, 0x70, 0x6, 0xff, 0xce, 0x1, 0x10, 0x7,
    0xff, 0x4c, 0x80, 0x3e, 0xdf, 0xf9, 0x80, 0x3e,
    0x96, 0x0, 0xfa, 0x5c, 0x80, 0x3d, 0x1a,

    /* U+F027 "" */
    0x0, 0xff, 0xe3, 0x46, 0x80, 0x7f, 0x43, 0x90,
    0x7, 0xe8, 0x70, 0xf, 0x67, 0xfc, 0xe0, 0x18,
    0x54, 0xc, 0x3, 0xf3, 0xd3, 0x80, 0x7f, 0x32,
    0x48, 0x7, 0xf8, 0x40, 0x3f, 0xca, 0xa6, 0x20,
    0xf, 0xcf, 0x31, 0xbf, 0xf3, 0x0, 0x62, 0x60,
    0xe, 0x96, 0x0, 0xff, 0xa5, 0x84, 0x3, 0xfd,
    0x3c, 0x1, 0x80,

    /* U+F028 "" */
    0x0, 0xff, 0xe0, 0xb0, 0x80, 0x7f, 0xf0, 0xc6,
    0x70, 0x80, 0x3f, 0x46, 0x80, 0x61, 0xc3, 0xc1,
    0x0, 0xf4, 0x39, 0x0, 0x55, 0x65, 0x83, 0x40,
    0x1d, 0xe, 0x1, 0xde, 0x9a, 0x50, 0x88, 0xdf,
    0xf9, 0xc0, 0x31, 0x2a, 0xa8, 0xd9, 0xc3, 0x48,
    0x3, 0xf2, 0x53, 0xa9, 0x50, 0x22, 0x0, 0x3f,
    0x99, 0x64, 0x10, 0xc0, 0x88, 0x1, 0xff, 0xc2,
    0x10, 0x10, 0xf, 0xf3, 0x2c, 0x82, 0x10, 0x11,
    0x40, 0x1f, 0x92, 0x9d, 0x4a, 0x81, 0x11, 0xbf,
    0xf3, 0x0, 0x62, 0x55, 0x51, 0xb3, 0x7, 0x40,
    0x34, 0xb0, 0x7, 0x7a, 0x69, 0x4a, 0x20, 0x3,
    0xa5, 0xc8, 0x2, 0xab, 0x3c, 0x1a, 0x0, 0xfa,
    0x34, 0x3, 0xe, 0x9e, 0x8, 0x7, 0xff, 0x4,
    0x67, 0x8, 0x0,

    /* U+F03E "" */
    0x8f, 0xff, 0xfe, 0x14, 0x38, 0x0, 0xc0, 0x3f,
    0xe7, 0x0, 0x6e, 0x68, 0x7, 0xff, 0x0, 0xc8,
    0x8, 0xc0, 0x30, 0x88, 0x3, 0x8c, 0x80, 0x8c,
    0x2, 0x1f, 0xc1, 0x0, 0xed, 0xcd, 0x0, 0x87,
    0xc4, 0xb0, 0x40, 0x38, 0xac, 0x40, 0x7c, 0x40,
    0x5, 0x80, 0x18, 0x7d, 0x30, 0xfc, 0x40, 0x31,
    0x0, 0x6f, 0x10, 0x2c, 0x10, 0xf, 0xf0, 0x80,
    0x7f, 0xf0, 0xff, 0xff, 0xf8, 0x0, 0x7, 0x0,
    0xff, 0xe1, 0x38,

    /* U+F043 "" */
    0x0, 0xc9, 0xc8, 0x1, 0xfb, 0xc7, 0xc0, 0x3e,
    0x14, 0x4, 0x10, 0xf, 0x40, 0x5, 0x0, 0x1c,
    0x4c, 0x1, 0x31, 0x80, 0x6e, 0x0, 0xef, 0x0,
    0x9c, 0xc0, 0x38, 0xe0, 0xa, 0x0, 0x3e, 0x72,
    0xb0, 0xf, 0xeb, 0x70, 0xf, 0xe7, 0x10, 0xd0,
    0xf, 0x84, 0x40, 0x4, 0x0, 0xf0, 0xb8, 0x45,
    0x20, 0x7, 0x3d, 0x82, 0xdc, 0xe8, 0x6, 0xb2,
    0xb0, 0x5d, 0xd0, 0x5, 0x64, 0x9, 0xac, 0x20,
    0x2d, 0xa8, 0x0,

    /* U+F048 "" */
    0x0, 0xff, 0x7f, 0x8c, 0x3, 0xe, 0x60, 0x0,
    0xe0, 0x11, 0x61, 0x98, 0x3, 0x8f, 0x8, 0x3,
    0xc7, 0x82, 0x1, 0xe4, 0xc0, 0xf, 0xb6, 0xc0,
    0x3f, 0x30, 0x7, 0xff, 0x1d, 0x40, 0x3f, 0xba,
    0x80, 0x3f, 0x96, 0xc0, 0x3f, 0x93, 0x4, 0x3,
    0xf1, 0xe1, 0x0, 0x67, 0x0, 0x8b, 0xc, 0xdf,
    0xe3, 0x0, 0xc3, 0x98,

    /* U+F04B "" */
    0x0, 0xff, 0xe1, 0x47, 0xc8, 0x80, 0x7f, 0x9c,
    0x1b, 0x9c, 0x3, 0xff, 0x83, 0x1a, 0x80, 0x1f,
    0xfc, 0x2, 0xba, 0x10, 0xf, 0xfe, 0x2, 0xf3,
    0x80, 0x7f, 0xf0, 0x63, 0x54, 0x3, 0xff, 0x80,
    0x55, 0x64, 0x1, 0xff, 0xc0, 0x4f, 0x0, 0xff,
    0xe7, 0x27, 0x80, 0x7f, 0x8a, 0xac, 0x80, 0x3f,
    0xa3, 0x54, 0x3, 0xf9, 0x75, 0xc0, 0x3f, 0x8a,
    0xe8, 0x80, 0x3f, 0xa3, 0x50, 0x3, 0xe7, 0x15,
    0xe7, 0x0, 0xfe, 0x8e, 0xa1, 0x0, 0xff, 0x0,

    /* U+F04C "" */
    0x0, 0xff, 0xe1, 0x47, 0xfe, 0x80, 0x4, 0x7f,
    0xe8, 0x70, 0xc, 0xe0, 0x7, 0x0, 0xce, 0x1,
    0xff, 0xff, 0x0, 0xff, 0xff, 0x80, 0x68, 0x0,
    0xd0, 0x0, 0x80, 0xd, 0x0,

    /* U+F04D "" */
    0x8f, 0xff, 0xfe, 0x4, 0x38, 0x7, 0xff, 0x1,
    0xc0, 0x3f, 0xff, 0xe0, 0x1f, 0xff, 0xf0, 0xc,
    0xe0, 0x1f, 0xfc, 0x7,

    /* U+F051 "" */
    0x0, 0xff, 0x66, 0x4, 0x3, 0x1f, 0xf8, 0xcd,
    0x84, 0x1, 0x38, 0x6, 0x2c, 0x30, 0xf, 0xc3,
    0x88, 0x1, 0xfd, 0x6a, 0x1, 0xfd, 0x5c, 0x1,
    0xfc, 0xa0, 0x1f, 0xfc, 0x76, 0x0, 0xfd, 0x7a,
    0x1, 0xf6, 0x20, 0x7, 0x87, 0xc, 0x3, 0xc5,
    0x86, 0x1, 0xc6, 0x6c, 0x20, 0x9, 0xc0, 0x19,
    0x81, 0x0, 0xc7, 0xfe,

    /* U+F052 "" */
    0x0, 0xf1, 0x6e, 0x88, 0x3, 0xfe, 0x1c, 0x22,
    0x60, 0x80, 0x7f, 0xe, 0x8, 0x0, 0x70, 0x40,
    0x3f, 0x69, 0x0, 0x62, 0xd0, 0xf, 0xac, 0xc0,
    0x3c, 0x76, 0x1, 0xd4, 0x80, 0x1f, 0x92, 0x80,
    0x29, 0x50, 0xf, 0xf2, 0xc8, 0x1, 0x80, 0x3f,
    0xf8, 0xc, 0x0, 0x70, 0xf, 0xfe, 0x3, 0x80,
    0x23, 0xff, 0xff, 0x81, 0x0, 0xc, 0xff, 0xff,
    0xe0, 0x60, 0x0, 0xc0, 0x3f, 0xf8, 0x6, 0x1,
    0xff, 0xc6, 0x30, 0xf, 0xfe, 0x1, 0x80,

    /* U+F053 "" */
    0x0, 0xf0, 0xd2, 0x0, 0x78, 0x71, 0x6c, 0x3,
    0x87, 0x8, 0x14, 0x3, 0xe, 0x10, 0x2d, 0x0,
    0x43, 0x84, 0xb, 0x40, 0x10, 0xe1, 0x2, 0xd0,
    0x6, 0xd2, 0x5, 0xa0, 0xe, 0x10, 0x1, 0x0,
    0x7b, 0x8, 0x1e, 0x0, 0x38, 0x70, 0x81, 0xe0,
    0x3, 0x87, 0x8, 0x1e, 0x0, 0x38, 0x70, 0x81,
    0xe0, 0x3, 0x87, 0x8, 0x1c, 0x3, 0xc3, 0x89,
    0x40,

    /* U+F054 "" */
    0x4, 0xa1, 0x0, 0xfa, 0xd7, 0x44, 0x3, 0xca,
    0x7, 0xa2, 0x1, 0xd4, 0xa0, 0x7a, 0x20, 0x1d,
    0x4a, 0x7, 0xa2, 0x1, 0xd4, 0xa0, 0x7a, 0x20,
    0x1d, 0x4a, 0x7, 0xa0, 0x1e, 0x20, 0x0, 0x80,
    0x74, 0x38, 0x16, 0x0, 0x68, 0x70, 0x2c, 0x10,
    0xa, 0x1c, 0xb, 0x4, 0x2, 0x87, 0x2, 0xc1,
    0x0, 0xce, 0x5, 0x82, 0x1, 0xd4, 0x98, 0x20,
    0x1c,

    /* U+F067 "" */
    0x0, 0xe4, 0xff, 0x20, 0x7, 0xfb, 0x0, 0x18,
    0x1, 0xff, 0xe3, 0x48, 0x8c, 0x80, 0x4, 0x88,
    0xc9, 0x6e, 0xf8, 0xc0, 0x6, 0xef, 0xac, 0x3,
    0xff, 0x85, 0x6e, 0xf8, 0xc0, 0x6, 0xef, 0xad,
    0x22, 0x32, 0x0, 0x12, 0x23, 0x20, 0x7, 0xff,
    0x8f, 0x0, 0x18, 0x1, 0xc0,

    /* U+F068 "" */
    0x14, 0x4f, 0xfe, 0x0, 0xfd, 0xdf, 0xff, 0x3,
    0xc4, 0x3, 0xff, 0x80, 0x30, 0x89, 0xff, 0xc0,
    0x80,

    /* U+F06E "" */
    0x0, 0xe5, 0xad, 0xff, 0x6d, 0x28, 0x7, 0xe4,
    0xda, 0x51, 0x77, 0xa, 0xd6, 0xa0, 0x7, 0x3d,
    0x90, 0xde, 0x44, 0x32, 0xc4, 0xad, 0xc0, 0x27,
    0x80, 0x5, 0x20, 0x4f, 0x42, 0x50, 0x2, 0x1c,
    0x12, 0x0, 0x6, 0x80, 0x3, 0x17, 0x84, 0x30,
    0x4, 0x24, 0x80, 0x48, 0x13, 0x4a, 0x0, 0x60,
    0x40, 0xa, 0x40, 0x3c, 0xea, 0x1, 0xfe, 0x90,
    0x9, 0x1, 0x80, 0x33, 0x2, 0x0, 0x52, 0x90,
    0x0, 0x34, 0x87, 0x11, 0x3c, 0x21, 0x80, 0x21,
    0x1, 0xe0, 0x1, 0x49, 0x1d, 0xc8, 0x4a, 0x0,
    0x3b, 0x80, 0x27, 0xb2, 0x1b, 0xc8, 0x86, 0x58,
    0x95, 0xc0, 0x7, 0x26, 0xd2, 0x8b, 0xb8, 0x56,
    0xb5, 0x0, 0x20,

    /* U+F070 "" */
    0x8c, 0x20, 0xf, 0xfe, 0x2a, 0x9e, 0x20, 0x7,
    0xff, 0x13, 0x10, 0x6e, 0x1, 0x27, 0x7f, 0xdb,
    0x4a, 0x1, 0xe1, 0xb8, 0x7, 0xfb, 0x60, 0x77,
    0xa, 0xd6, 0xa0, 0x7, 0x9e, 0xc4, 0x0, 0xfb,
    0x10, 0xcb, 0x12, 0xb7, 0x0, 0xf2, 0x79, 0x83,
    0xb4, 0xf4, 0x25, 0x0, 0x21, 0xc0, 0x24, 0xe3,
    0x1c, 0x60, 0x97, 0x17, 0x84, 0x30, 0x4, 0x20,
    0x2, 0x47, 0x1c, 0x26, 0x80, 0x40, 0xc, 0x8,
    0x1, 0x48, 0x7, 0x43, 0x82, 0xe9, 0x0, 0x7f,
    0xd2, 0x1, 0x58, 0x0, 0xb5, 0x40, 0x61, 0x0,
    0x2e, 0x0, 0x24, 0x0, 0xd, 0x0, 0x2a, 0x90,
    0x73, 0x0, 0x41, 0x80, 0x4e, 0xe0, 0x5, 0xa0,
    0x4, 0xd8, 0x20, 0x5, 0x70, 0xe, 0x8b, 0x20,
    0xbc, 0x88, 0x11, 0xfa, 0x2, 0xb8, 0x7, 0x93,
    0x69, 0x45, 0xdd, 0xc2, 0x2b, 0x70, 0x8b, 0x0,
    0xf9, 0x6b, 0x7f, 0xd8, 0x20, 0x8, 0xb1, 0x4d,
    0x0, 0xff, 0xe2, 0x26, 0x1a, 0x80,

    /* U+F071 "" */
    0x0, 0xfc, 0x5b, 0xa2, 0x0, 0xff, 0xe2, 0x49,
    0x12, 0x40, 0x3f, 0xf8, 0x6a, 0x80, 0x4, 0x50,
    0xf, 0xfe, 0x14, 0x0, 0x68, 0x0, 0xff, 0xe0,
    0xb9, 0x0, 0x62, 0x70, 0xf, 0xf8, 0x60, 0x9,
    0xdc, 0x41, 0x2, 0x1, 0xfe, 0xb0, 0x3, 0xc4,
    0x1c, 0x1, 0x60, 0x1f, 0xc6, 0xa0, 0x1, 0x0,
    0x8, 0x1, 0x4c, 0x3, 0xf7, 0x80, 0x4e, 0x0,
    0x70, 0xb, 0xc0, 0x3e, 0x53, 0x0, 0x84, 0x0,
    0x20, 0x11, 0xa8, 0x7, 0xac, 0x3, 0x14, 0xc8,
    0x80, 0x35, 0x80, 0x74, 0x8, 0x6, 0x1b, 0xb0,
    0x80, 0x61, 0x80, 0x8, 0x9c, 0x3, 0x9c, 0x88,
    0xe0, 0x1c, 0xe2, 0x0, 0x80, 0xf, 0x39, 0x99,
    0xc0, 0x3d, 0x60, 0x5, 0x0, 0xf0, 0xe6, 0x4,
    0x3, 0xca, 0x0, 0x70, 0xf, 0xfe, 0x23, 0x80,

    /* U+F074 "" */
    0x0, 0xff, 0xe8, 0x6c, 0x0, 0x7f, 0xf0, 0x89,
    0xe0, 0x3f, 0xf3, 0x80, 0x67, 0xff, 0x0, 0x1e,
    0x0, 0x34, 0x30, 0x1, 0xa0, 0x3, 0x96, 0x1d,
    0xc2, 0x12, 0x2b, 0x20, 0x2e, 0x0, 0x1f, 0x78,
    0x86, 0xd, 0x2d, 0x0, 0xe4, 0x0, 0xe1, 0x0,
    0x45, 0xed, 0x60, 0xd, 0x20, 0xac, 0x20, 0xe,
    0x2c, 0x0, 0x61, 0x0, 0x7f, 0x16, 0x80, 0x2d,
    0xbc, 0x82, 0xb0, 0x81, 0xe2, 0x18, 0x21, 0x4b,
    0x43, 0x90, 0x3, 0x85, 0xe, 0xe1, 0x9, 0x51,
    0x90, 0x17, 0x0, 0xf, 0x80, 0x68, 0x60, 0x3,
    0x40, 0x7, 0x2f, 0xfe, 0x70, 0xc, 0xff, 0xe0,
    0x3, 0xc0, 0x7, 0xff, 0x0, 0x9e, 0x0, 0x3f,
    0xf8, 0x3b, 0x0, 0x0,

    /* U+F077 "" */
    0x0, 0xff, 0xe3, 0x8e, 0xe8, 0x40, 0x3f, 0x87,
    0x8, 0x98, 0x20, 0x1f, 0xe, 0x10, 0x0, 0xb0,
    0x40, 0x38, 0x70, 0x81, 0x98, 0x5, 0x82, 0x1,
    0xe, 0x10, 0x34, 0xc9, 0x80, 0xb0, 0x40, 0x70,
    0x81, 0xa4, 0x1, 0x2c, 0x5, 0x83, 0x44, 0xd,
    0x20, 0x1a, 0x58, 0xa, 0xb8, 0x1a, 0x40, 0x3d,
    0x2c, 0x1c, 0xbf, 0x20, 0x1f, 0xa7, 0xd4,

    /* U+F078 "" */
    0x0, 0xff, 0xe1, 0x2f, 0xc8, 0x7, 0xe9, 0xf5,
    0xe0, 0x69, 0x0, 0xf4, 0xb0, 0x75, 0x10, 0x34,
    0x80, 0x69, 0x60, 0x2a, 0x1c, 0x20, 0x69, 0x0,
    0x4b, 0x1, 0x60, 0x80, 0xe1, 0x3, 0x4c, 0x98,
    0xb, 0x4, 0x2, 0x1c, 0x20, 0x66, 0x1, 0x60,
    0x80, 0x70, 0xe1, 0x0, 0xb, 0x4, 0x3, 0xe1,
    0xc2, 0x26, 0x8, 0x7, 0xf0, 0xee, 0x84, 0x3,
    0x80,

    /* U+F079 "" */
    0x0, 0xff, 0xe5, 0xe, 0xe8, 0x40, 0x3f, 0xf8,
    0x63, 0x84, 0x4c, 0x10, 0xef, 0xff, 0xb4, 0x2,
    0x1c, 0x20, 0x1, 0x60, 0xa0, 0x7, 0xc4, 0x1,
    0x69, 0x18, 0x0, 0xcb, 0x6b, 0xff, 0xc0, 0x1d,
    0x49, 0xa0, 0xd, 0x4a, 0x0, 0xff, 0xe0, 0x35,
    0x88, 0x0, 0x6d, 0x80, 0x3f, 0xfc, 0xd, 0x62,
    0x0, 0x1b, 0x60, 0xf, 0xfe, 0x5, 0x26, 0x80,
    0x35, 0x28, 0x3, 0xbf, 0xfd, 0x5a, 0x46, 0x0,
    0x32, 0xd0, 0x8, 0x80, 0x3e, 0x41, 0xc2, 0x0,
    0x16, 0x8, 0x5, 0xbf, 0xff, 0x70, 0xe, 0x11,
    0x30, 0x40, 0x3f, 0xf8, 0x63, 0xba, 0x10, 0x0,

    /* U+F07B "" */
    0x8f, 0xfe, 0xd1, 0x0, 0xfc, 0xe0, 0x1c, 0x58,
    0x20, 0x1f, 0xfc, 0x22, 0xef, 0xff, 0x40, 0x7,
    0xff, 0xd, 0xc0, 0x3f, 0xff, 0xe0, 0x1f, 0xfd,
    0x97, 0x0, 0xff, 0xe1, 0x38,

    /* U+F093 "" */
    0x0, 0xfa, 0xec, 0x1, 0xff, 0xc1, 0xb4, 0x45,
    0x80, 0x7f, 0xd6, 0x80, 0x4, 0xb0, 0xf, 0xeb,
    0x40, 0xc, 0x96, 0x1, 0xf5, 0xa0, 0x7, 0x92,
    0xc0, 0x39, 0x10, 0x1, 0xf9, 0x10, 0x1, 0x93,
    0xfe, 0x0, 0xdf, 0xf2, 0x0, 0x7f, 0xfd, 0xb7,
    0xff, 0x1, 0x0, 0x8, 0x3f, 0xf6, 0x90, 0x6,
    0x9d, 0xff, 0x6c, 0x80, 0x62, 0x0, 0xe6, 0xff,
    0xcc, 0x1, 0xff, 0xc4, 0xf1, 0xf0, 0x1, 0x0,
    0x7f, 0xbc, 0x7c, 0x8,

    /* U+F095 "" */
    0x0, 0xff, 0xe8, 0xd7, 0x53, 0x10, 0x7, 0xfc,
    0x4a, 0x2b, 0x3a, 0x1, 0xff, 0x58, 0x7, 0xff,
    0x11, 0x80, 0x31, 0x0, 0x7f, 0x88, 0x3, 0x98,
    0x3, 0xfc, 0x58, 0x20, 0x16, 0x0, 0x7f, 0xc7,
    0x40, 0x12, 0x80, 0x7f, 0xf0, 0x3c, 0x0, 0x84,
    0x1, 0xff, 0x32, 0x0, 0x20, 0x3, 0xc4, 0x1,
    0x92, 0x40, 0xc, 0x60, 0x11, 0x47, 0xe9, 0x80,
    0x1a, 0xc0, 0x5, 0x20, 0x15, 0x6b, 0x80, 0x35,
    0x2e, 0x40, 0x5, 0x80, 0x19, 0x0, 0x30, 0xda,
    0x0, 0xb, 0x4, 0x3, 0x20, 0x7, 0xe6, 0xd1,
    0x0, 0xec, 0x0, 0xf2, 0x64, 0x80, 0x7c, 0x80,
    0x2, 0x48, 0xdb, 0x30, 0xf, 0x80,

    /* U+F0AC "" */
    0x0, 0xe1, 0x2a, 0x70, 0x20, 0xf, 0xcd, 0xc1,
    0xeb, 0xa, 0xac, 0x20, 0xe, 0xa9, 0x75, 0x20,
    0x4, 0x31, 0xe9, 0x80, 0x50, 0xa1, 0xbc, 0x1,
    0x11, 0x98, 0x34, 0x40, 0x9c, 0x0, 0xae, 0x1,
    0x91, 0x0, 0x36, 0x5, 0xff, 0xe, 0xff, 0xe6,
    0x8f, 0xf5, 0x6, 0xff, 0xb4, 0xbf, 0xfa, 0xd3,
    0xfe, 0x52, 0x0, 0x8, 0x80, 0x3f, 0xc4, 0x1,
    0xff, 0xc4, 0x20, 0x0, 0x88, 0x3, 0xfc, 0x5b,
    0xfe, 0xd2, 0xff, 0xeb, 0x4f, 0xf9, 0x4b, 0xfe,
    0x1d, 0xff, 0xcd, 0x1f, 0xea, 0x2, 0x70, 0x2,
    0xb8, 0x6, 0x44, 0x0, 0xd8, 0x2, 0x14, 0x37,
    0x80, 0x22, 0x33, 0x6, 0x88, 0x5, 0x52, 0xea,
    0x40, 0x8, 0x63, 0xd3, 0x0, 0xe6, 0xe0, 0xf5,
    0x85, 0x56, 0x10, 0x4,

    /* U+F0C0 "" */
    0x0, 0xf8, 0xaf, 0xfa, 0x0, 0x3f, 0xf8, 0x43,
    0x88, 0x2, 0xf2, 0x1, 0xf9, 0x3b, 0x88, 0x12,
    0x20, 0x19, 0x84, 0x13, 0xb8, 0x80, 0xa, 0x11,
    0x50, 0x18, 0x7, 0x94, 0x28, 0x45, 0x40, 0x1f,
    0x18, 0x7, 0x94, 0x3, 0xea, 0x11, 0x50, 0x48,
    0x80, 0x66, 0x10, 0xa1, 0x15, 0x0, 0x13, 0xb8,
    0x80, 0x38, 0x80, 0x2f, 0x20, 0x4, 0xee, 0x20,
    0x27, 0x7f, 0xb8, 0x40, 0xaf, 0xfa, 0x0, 0x5,
    0xdf, 0xee, 0x4a, 0x10, 0x5, 0x26, 0xfd, 0xc4,
    0xef, 0xe3, 0x58, 0x0, 0x68, 0x40, 0xc, 0x14,
    0x40, 0x8e, 0xc4, 0x7, 0x62, 0xc0, 0x1, 0x30,
    0x5, 0x40, 0x7, 0xfa, 0x28, 0x0, 0x79, 0xfe,
    0x33, 0x0, 0x7f, 0x8c, 0xdf, 0xec, 0x0, 0xff,
    0xe6, 0x38, 0x7, 0xf9, 0xc0, 0x30,

    /* U+F0C4 "" */
    0x8, 0xee, 0x40, 0x7, 0x99, 0x82, 0x10, 0xe2,
    0x27, 0x80, 0x8, 0xb6, 0x65, 0x80, 0xc1, 0x98,
    0x6, 0x0, 0x16, 0x10, 0x3, 0x80, 0x3f, 0x16,
    0x8, 0x3, 0xc, 0x18, 0x33, 0x0, 0x2d, 0x82,
    0x0, 0xc3, 0x0, 0x43, 0x88, 0x5, 0x22, 0x0,
    0xc3, 0x0, 0xd1, 0xda, 0x20, 0x1b, 0xc, 0x3,
    0xff, 0x91, 0x1d, 0xa2, 0x1, 0xb0, 0xc0, 0x34,
    0x38, 0x80, 0x52, 0x20, 0xc, 0x30, 0x9, 0x83,
    0x30, 0x2, 0xd8, 0x20, 0xc, 0x30, 0xf, 0xe2,
    0xc1, 0x0, 0x61, 0x83, 0x6, 0x60, 0x18, 0x0,
    0x58, 0x40, 0xe, 0x8, 0x71, 0x13, 0xc0, 0x4,
    0x5b, 0x32, 0xc0,

    /* U+F0C5 "" */
    0x0, 0xdb, 0xff, 0xc1, 0xa2, 0x1, 0xc4, 0x1,
    0xe2, 0xc1, 0x0, 0xff, 0xe0, 0x16, 0x6f, 0xf8,
    0x3, 0xe2, 0xff, 0x69, 0x0, 0x7f, 0x6f, 0xfc,
    0x1, 0xff, 0xff, 0x0, 0xff, 0xe7, 0x90, 0x7,
    0xe2, 0x0, 0xa7, 0x7f, 0xff, 0x68, 0x4, 0xdf,
    0xfe, 0x0, 0xc4, 0x1, 0xf8, 0x80, 0x30,

    /* U+F0C7 "" */
    0x8f, 0xff, 0xec, 0x10, 0x3, 0x80, 0x7f, 0x1e,
    0x8, 0x5, 0xff, 0xf7, 0x1, 0x60, 0x80, 0x7f,
    0x8, 0x0, 0xb4, 0x3, 0xff, 0x82, 0x60, 0x1f,
    0xfc, 0x4f, 0xff, 0xc0, 0x1f, 0xfc, 0xb4, 0xee,
    0x20, 0x7, 0xfa, 0x84, 0x54, 0x1, 0xff, 0xcc,
    0xa1, 0x15, 0x0, 0x7f, 0x93, 0xb8, 0x80, 0x1c,
    0xe0, 0x1f, 0xfc, 0x7,

    /* U+F0C9 "" */
    0x12, 0x2f, 0xfe, 0x0, 0xf6, 0xef, 0xff, 0x3,
    0x80, 0x3f, 0xf8, 0x5d, 0xbb, 0xff, 0xc0, 0xe1,
    0x22, 0xff, 0xe0, 0x8, 0x88, 0xbf, 0xf8, 0x3,
    0xdb, 0xbf, 0xfc, 0xe, 0x0, 0xff, 0xe1, 0x76,
    0xef, 0xff, 0x3, 0x84, 0x8b, 0xff, 0x80, 0x22,
    0x22, 0xff, 0xe0, 0xf, 0x6e, 0xff, 0xf0, 0x38,
    0x3, 0xff, 0x85, 0xdb, 0xbf, 0xfc, 0xe,

    /* U+F0E0 "" */
    0x8f, 0xff, 0xfe, 0x14, 0x38, 0x7, 0xff, 0x9,
    0xcc, 0x3, 0xff, 0x84, 0x78, 0xc0, 0x1f, 0xfc,
    0x6, 0xcd, 0xba, 0x0, 0xff, 0x55, 0xe9, 0x69,
    0xe9, 0x80, 0x78, 0xf4, 0xf4, 0x80, 0x13, 0x1a,
    0xe0, 0x19, 0xf6, 0x24, 0x3, 0x97, 0xee, 0xc4,
    0x4b, 0xb7, 0xa8, 0x7, 0xc3, 0x99, 0xe1, 0x0,
    0xff, 0x3f, 0x71, 0xc0, 0x3f, 0xf9, 0x4e, 0x1,
    0xff, 0xc2, 0x70,

    /* U+F0E7 "" */
    0x0, 0x6f, 0xfe, 0xd0, 0xe, 0x12, 0x0, 0xc2,
    0x1, 0xc4, 0x1, 0xd6, 0x1, 0xca, 0x1, 0xca,
    0x1, 0xdc, 0x1, 0x88, 0x80, 0x1c, 0x40, 0x18,
    0xbf, 0xed, 0x0, 0x30, 0x7, 0xe7, 0x0, 0x10,
    0x7, 0xe8, 0x0, 0x18, 0x7, 0xce, 0x40, 0xd,
    0xff, 0x94, 0x0, 0x30, 0x1, 0xf2, 0x0, 0x2c,
    0x3, 0xe2, 0x10, 0x35, 0x0, 0xf9, 0xc0, 0x1e,
    0x1, 0xfb, 0x1, 0x4c, 0x3, 0xf2, 0x5, 0x80,
    0x7f, 0xa0, 0x40, 0x38,

    /* U+F0EA "" */
    0x0, 0x93, 0x79, 0x0, 0x3e, 0xdf, 0xf5, 0xa3,
    0xdf, 0xfb, 0x40, 0x31, 0x0, 0x7e, 0x20, 0xf,
    0xcc, 0xc0, 0xf, 0xfe, 0x3, 0x7f, 0xf0, 0x7,
    0xe9, 0xdf, 0xfc, 0x1a, 0x20, 0x1e, 0x20, 0xe,
    0x2c, 0x10, 0xf, 0xfe, 0x1, 0x60, 0x7, 0xf8,
    0xbf, 0xda, 0x1, 0xfe, 0xdf, 0xf8, 0x3, 0xff,
    0xa0, 0x40, 0x1f, 0xfc, 0x1d, 0xff, 0x80, 0x3f,
    0xfa, 0x24, 0x1, 0xf1, 0x0,

    /* U+F0F3 "" */
    0x0, 0xf6, 0x60, 0x3, 0xfe, 0x23, 0x38, 0x3,
    0xf0, 0xde, 0x80, 0x33, 0x4, 0x1, 0xc3, 0xe8,
    0x1, 0x8f, 0x4, 0x3, 0x40, 0x80, 0x78, 0x64,
    0x3, 0x38, 0x7, 0xe5, 0x0, 0xc2, 0x1, 0xf8,
    0x80, 0x21, 0x0, 0xff, 0xe0, 0x90, 0x7, 0xf8,
    0xc0, 0x16, 0x1, 0xfe, 0xb0, 0x16, 0x0, 0xff,
    0x30, 0xe8, 0x80, 0x7f, 0x87, 0x40, 0x3f, 0xf8,
    0x59, 0xff, 0xff, 0xc0, 0xc0, 0xe, 0xef, 0xf7,
    0x0, 0x7f, 0xa8, 0x45, 0x40, 0x1c,

    /* U+F11C "" */
    0x8f, 0xff, 0xfe, 0x24, 0x38, 0x7, 0xff, 0x11,
    0xc0, 0x1f, 0xe0, 0xff, 0x7, 0xf8, 0x3f, 0xc1,
    0xfe, 0x0, 0xff, 0xe5, 0x7f, 0x83, 0xfc, 0x1f,
    0xe0, 0xff, 0x7, 0xf8, 0x3, 0x9f, 0xdd, 0xde,
    0xee, 0xf7, 0x77, 0xb8, 0x7, 0xff, 0x31, 0xfd,
    0xdd, 0xee, 0xef, 0x77, 0x7b, 0x80, 0x77, 0xf8,
    0x3f, 0xff, 0x7, 0xf8, 0x3, 0xff, 0x95, 0xfe,
    0xf, 0xff, 0xc1, 0xfe, 0x0, 0x38, 0x7, 0xff,
    0x11, 0xc0,

    /* U+F124 "" */
    0x0, 0xff, 0xe9, 0x9d, 0x7b, 0x80, 0x7f, 0xf0,
    0x13, 0x30, 0xa1, 0x0, 0x1f, 0xe6, 0xdb, 0x30,
    0x9, 0x40, 0x3e, 0x17, 0xe9, 0x20, 0xe, 0x90,
    0xe, 0x18, 0xe8, 0x10, 0xf, 0x19, 0x80, 0x22,
    0xae, 0x70, 0xf, 0xe8, 0x0, 0xa3, 0x54, 0x3,
    0xfc, 0x48, 0x1, 0x38, 0x7, 0xff, 0x2, 0xc0,
    0x33, 0x80, 0x7f, 0xc2, 0xc0, 0x1a, 0x3f, 0xfc,
    0x1, 0xd2, 0x1, 0xff, 0xc5, 0x60, 0xf, 0xfe,
    0x23, 0x88, 0x7, 0xff, 0x12, 0x40, 0x3f, 0xf8,
    0x8a, 0x20, 0x1f, 0xfc, 0x48, 0x0, 0xff, 0xe1,
    0x38, 0x39, 0x0, 0x7f, 0xf0, 0xa3, 0xe0, 0x3,
    0xe0,

    /* U+F15B "" */
    0xdf, 0xff, 0x6, 0x88, 0x0, 0x80, 0x3e, 0x2c,
    0x10, 0xf, 0xf1, 0x60, 0x80, 0x7f, 0x8b, 0x0,
    0x3e, 0x2f, 0xfb, 0x40, 0x3e, 0xdf, 0xfc, 0x1,
    0xff, 0xff, 0x0, 0xff, 0xea, 0x90, 0x7, 0xf8,
    0x80,

    /* U+F1EB "" */
    0x0, 0xff, 0xe6, 0xa4, 0xe7, 0x7f, 0xbb, 0x25,
    0x0, 0x3f, 0x3f, 0x5b, 0x18, 0x80, 0x4, 0xda,
    0xf9, 0xc0, 0x32, 0x6c, 0x8, 0x0, 0xd5, 0xdc,
    0xa6, 0x0, 0x18, 0xd4, 0x6, 0xb2, 0x2, 0xaf,
    0xca, 0x88, 0x56, 0x7d, 0x10, 0x15, 0xb5, 0x0,
    0x27, 0x54, 0x3, 0xf2, 0xec, 0x80, 0x2b, 0x57,
    0x18, 0x0, 0xb5, 0xbf, 0xed, 0xa5, 0x0, 0x36,
    0x2e, 0x8d, 0x18, 0x26, 0xd2, 0x90, 0x0, 0x96,
    0xb5, 0x0, 0xe8, 0x40, 0x25, 0xb2, 0x1, 0x57,
    0x72, 0x88, 0x15, 0xa8, 0x7, 0x90, 0x82, 0x3a,
    0xa2, 0x15, 0xd0, 0x4, 0x80, 0x1e, 0x1c, 0xd7,
    0x0, 0xf3, 0xee, 0x8, 0x7, 0xc2, 0x40, 0x4,
    0xee, 0x20, 0x0, 0x84, 0x3, 0xff, 0x81, 0x42,
    0x2a, 0x0, 0xff, 0xec, 0x50, 0x8a, 0x80, 0x3f,
    0x0,

    /* U+F240 "" */
    0x8f, 0xff, 0xfe, 0x2c, 0x3, 0x80, 0x7f, 0xf1,
    0x5c, 0x2, 0xff, 0xff, 0xe1, 0x80, 0x34, 0x2,
    0xff, 0xff, 0xe0, 0x80, 0x44, 0x1, 0xff, 0xc5,
    0xf0, 0xf, 0xfe, 0xdf, 0x80, 0x77, 0xff, 0xff,
    0x4, 0x2, 0x20, 0x7, 0xff, 0xff, 0xc, 0x1,
    0xae, 0x1, 0xff, 0xc5, 0x70,

    /* U+F241 "" */
    0x8f, 0xff, 0xfe, 0x2c, 0x3, 0x80, 0x7f, 0xf1,
    0x5c, 0x2, 0xff, 0xff, 0xe1, 0x80, 0x34, 0x2,
    0xff, 0xff, 0x0, 0x78, 0x80, 0x3f, 0xf8, 0xbe,
    0x1, 0xff, 0xdb, 0xf0, 0xe, 0xff, 0xff, 0x0,
    0x78, 0x80, 0x1f, 0xff, 0xfc, 0x30, 0x6, 0xb8,
    0x7, 0xff, 0x15, 0xc0,

    /* U+F242 "" */
    0x8f, 0xff, 0xfe, 0x2c, 0x3, 0x80, 0x7f, 0xf1,
    0x5c, 0x2, 0xff, 0xff, 0xe1, 0x80, 0x34, 0x2,
    0xff, 0xf8, 0x3, 0xf8, 0x80, 0x3f, 0xf8, 0xbe,
    0x1, 0xff, 0xdb, 0xf0, 0xe, 0xff, 0xf8, 0x3,
    0xf8, 0x80, 0x1f, 0xff, 0xfc, 0x30, 0x6, 0xb8,
    0x7, 0xff, 0x15, 0xc0,

    /* U+F243 "" */
    0x8f, 0xff, 0xfe, 0x2c, 0x3, 0x80, 0x7f, 0xf1,
    0x5c, 0x2, 0xff, 0xff, 0xe1, 0x80, 0x34, 0x2,
    0xff, 0xc0, 0x1f, 0xfc, 0x2, 0x0, 0xff, 0xe2,
    0xf8, 0x7, 0xff, 0x6f, 0xc0, 0x3b, 0xff, 0x0,
    0x7f, 0xf0, 0x8, 0x1, 0xff, 0xff, 0xc3, 0x0,
    0x6b, 0x80, 0x7f, 0xf1, 0x5c, 0x0,

    /* U+F244 "" */
    0x8f, 0xff, 0xfe, 0x2c, 0x3, 0x80, 0x7f, 0xf1,
    0x5c, 0x2, 0xff, 0xff, 0xe1, 0x80, 0x34, 0x3,
    0xff, 0x8e, 0x40, 0x1f, 0xfc, 0x5f, 0x0, 0xff,
    0xed, 0xf8, 0x7, 0xff, 0x24, 0x80, 0x1f, 0xff,
    0xfc, 0x30, 0x6, 0xb8, 0x7, 0xff, 0x15, 0xc0,

    /* U+F279 "" */
    0x0, 0xff, 0xe4, 0xb6, 0x6, 0xb9, 0x0, 0x78,
    0xa7, 0x8a, 0x7e, 0x4c, 0xa, 0x37, 0x4e, 0x40,
    0x75, 0xac, 0x38, 0xc0, 0x1f, 0x14, 0x68, 0x62,
    0x80, 0x42, 0x1, 0xff, 0xff, 0x0, 0xff, 0xff,
    0x80, 0x7f, 0x84, 0x2, 0x5c, 0xd, 0x72, 0x0,
    0xf9, 0xb0, 0x9b, 0x68, 0xc0, 0xa3, 0x74, 0xe4,
    0x7, 0x3f, 0x25, 0xb2, 0x40, 0x1e, 0x28, 0xd0,
    0xc6, 0x0, 0x80,

    /* U+F287 "" */
    0x0, 0xff, 0x84, 0x3, 0xff, 0x8e, 0xfd, 0xa2,
    0x1, 0xff, 0xc2, 0x1c, 0xf8, 0x2, 0x40, 0xf,
    0xfe, 0x15, 0x2e, 0xb0, 0xa, 0x0, 0x7f, 0xf0,
    0x4d, 0x20, 0xa7, 0x78, 0x40, 0x3e, 0x3d, 0xf8,
    0x0, 0x4b, 0x8, 0x0, 0x80, 0x31, 0xb8, 0x5,
    0xc4, 0xe, 0xf2, 0xf2, 0xaf, 0xeb, 0x8d, 0x30,
    0x20, 0xa, 0xac, 0xea, 0x91, 0x33, 0xe5, 0x2,
    0x80, 0x70, 0x0, 0xe6, 0x5a, 0xaf, 0x99, 0xe9,
    0x2b, 0xb0, 0x45, 0xcf, 0x88, 0x5, 0x6a, 0x40,
    0x46, 0x61, 0x4d, 0x40, 0x9, 0x18, 0x40, 0x30,
    0xb4, 0x8f, 0x66, 0x20, 0x3, 0xff, 0x85, 0x23,
    0xc6, 0x1, 0xff, 0xc6, 0xaf, 0x40, 0xf, 0xfe,
    0x45, 0x6e, 0xa4, 0x3, 0x80,

    /* U+F293 "" */
    0x0, 0xc, 0x6f, 0xfb, 0x64, 0x80, 0x22, 0xf7,
    0x24, 0x12, 0x6d, 0x40, 0x7, 0x88, 0x0, 0x70,
    0x40, 0x14, 0x8, 0x40, 0x18, 0xb4, 0x0, 0x2b,
    0xa0, 0x5, 0x0, 0x1b, 0x58, 0x3, 0xd4, 0xe,
    0x9c, 0x1, 0x8, 0x80, 0x72, 0x3, 0xb8, 0x92,
    0xc8, 0x40, 0x31, 0x0, 0x25, 0x98, 0xbb, 0x80,
    0x2, 0x1, 0x98, 0x43, 0x80, 0x30, 0x80, 0xb,
    0x0, 0x61, 0x80, 0x23, 0x2, 0xc4, 0x82, 0xb9,
    0x40, 0x27, 0x0, 0x3d, 0x18, 0x60, 0xb0, 0x37,
    0x81, 0x48, 0x0, 0xdb, 0x8, 0x31, 0x48, 0x3,
    0xe, 0x10, 0x1, 0x83, 0x84, 0x0, 0xd8, 0x40,
    0xa, 0x10, 0x3f, 0x72, 0x32, 0x15, 0xc5, 0x0,

    /* U+F2ED "" */
    0x0, 0xcf, 0xff, 0x9c, 0x3, 0x77, 0xfd, 0x0,
    0x1a, 0x3f, 0xee, 0x0, 0xff, 0xe1, 0x77, 0xff,
    0xff, 0x3, 0x83, 0xff, 0xff, 0x80, 0x1, 0xff,
    0xc6, 0x66, 0x3, 0x30, 0x19, 0x80, 0x1e, 0x11,
    0x0, 0x88, 0x4, 0x40, 0x1f, 0xff, 0xf0, 0x11,
    0x0, 0x88, 0x4, 0x40, 0x1e, 0x66, 0x3, 0x30,
    0x19, 0x80, 0x19, 0xc0, 0x3f, 0xce, 0x0,

    /* U+F304 "" */
    0x0, 0xff, 0xe0, 0x3f, 0xd0, 0x7, 0xff, 0x5,
    0xe0, 0x16, 0xc0, 0x3f, 0xf8, 0x14, 0x1, 0x25,
    0x0, 0x7f, 0x3d, 0x61, 0x0, 0x4a, 0x1, 0xf9,
    0xe1, 0x6f, 0x8, 0x1, 0x0, 0x1f, 0x3c, 0x0,
    0x16, 0xf0, 0xa1, 0xc0, 0x3c, 0xf0, 0x1, 0x96,
    0xf5, 0xc0, 0x3c, 0xf0, 0x1, 0xed, 0x0, 0xf9,
    0xe0, 0x3, 0xd0, 0xe0, 0x1e, 0x78, 0x0, 0xf4,
    0x38, 0x7, 0x9e, 0x0, 0x3d, 0xe, 0x1, 0xe6,
    0x80, 0xf, 0x43, 0x80, 0x7d, 0xa0, 0x1e, 0x87,
    0x0, 0xfc, 0xc0, 0x1d, 0xe, 0x1, 0xfc, 0x60,
    0x1a, 0x1c, 0x3, 0xfc, 0x62, 0x49, 0x2e, 0x1,
    0xff, 0x6f, 0x6d, 0xb0, 0x7, 0xfc,

    /* U+F55A "" */
    0x0, 0xc3, 0x7f, 0xff, 0xfc, 0xe, 0x40, 0x8,
    0x71, 0x0, 0x3f, 0xf8, 0x3, 0x40, 0x1, 0xc2,
    0x0, 0xca, 0x20, 0x1, 0x50, 0xc, 0x20, 0x38,
    0x40, 0x19, 0x6b, 0x4, 0x59, 0x4a, 0x1, 0x87,
    0x8, 0x3, 0x90, 0x89, 0x98, 0x22, 0x20, 0x6,
    0xd2, 0x0, 0xf0, 0xe1, 0x16, 0xc1, 0x0, 0xff,
    0xe6, 0x69, 0x0, 0x78, 0x70, 0x8b, 0x60, 0x80,
    0x61, 0xc2, 0x0, 0xe4, 0x22, 0x66, 0x8, 0x88,
    0x1, 0xc3, 0x84, 0x1, 0x96, 0xb0, 0x45, 0x94,
    0xa0, 0x1e, 0x1c, 0x20, 0xc, 0xa2, 0x0, 0x15,
    0x0, 0xc2, 0x1, 0xe, 0x20, 0x7, 0xff, 0x0,
    0x68,

    /* U+F7C2 "" */
    0x0, 0x9f, 0xff, 0xdc, 0x80, 0x7, 0x80, 0xf,
    0xd, 0x3, 0xc3, 0xf8, 0x7a, 0x5f, 0x80, 0xbc,
    0x0, 0x7f, 0xa0, 0x3, 0xff, 0x84, 0xfe, 0x1e,
    0x97, 0xe0, 0x1f, 0xff, 0xf0, 0xf, 0xfe, 0x58,
    0x80, 0x7f, 0x86, 0x84, 0x3, 0xf0, 0xd0,

    /* U+F8A2 "" */
    0x0, 0xff, 0xe1, 0x88, 0x7, 0xff, 0xc, 0xfc,
    0x3, 0x84, 0x3, 0xf1, 0x68, 0x88, 0x2, 0xbe,
    0x0, 0xfc, 0xa2, 0x1, 0xb1, 0x0, 0x40, 0x3f,
    0xe1, 0xc3, 0x0, 0x33, 0xbf, 0xd8, 0x1, 0x69,
    0x80, 0x51, 0x1f, 0x90, 0x2, 0xb0, 0xf, 0xfe,
    0x10, 0x89, 0xe0, 0x2, 0xef, 0xff, 0xee, 0x0,
    0x3c, 0x80, 0x7f, 0xf1, 0x1a, 0x94, 0x40, 0x3f,
    0xe0
};


/*---------------------
 *  GLYPH DESCRIPTION
 *--------------------*/

static const lv_font_fmt_txt_glyph_dsc_t glyph_dsc[] = {
    {.bitmap_index = 0, .adv_w = 0, .box_w = 0, .box_h = 0, .ofs_x = 0, .ofs_y = 0} /* id = 0 reserved */,
    {.bitmap_index = 0, .adv_w = 67, .box_w = 0, .box_h = 0, .ofs_x = 0, .ofs_y = 0},
    {.bitmap_index = 0, .adv_w = 70, .box_w = 3, .box_h = 12, .ofs_x = 1, .ofs_y = 0},
    {.bitmap_index = 19, .adv_w = 110, .box_w = 5, .box_h = 5, .ofs_x = 1, .ofs_y = 7},
    {.bitmap_index = 32, .adv_w = 165, .box_w = 10, .box_h = 12, .ofs_x = 0, .ofs_y = 0},
    {.bitmap_index = 91, .adv_w = 146, .box_w = 9, .box_h = 14, .ofs_x = 0, .ofs_y = -2},
    {.bitmap_index = 148, .adv_w = 218, .box_w = 13, .box_h = 12, .ofs_x = 0, .ofs_y = 0},
    {.bitmap_index = 225, .adv_w = 189, .box_w = 12, .box_h = 12, .ofs_x = 0, .ofs_y = 0},
    {.bitmap_index = 291, .adv_w = 61, .box_w = 2, .box_h = 5, .ofs_x = 1, .ofs_y = 7},
    {.bitmap_index = 297, .adv_w = 80, .box_w = 5, .box_h = 15, .ofs_x = 0, .ofs_y = -3},
    {.bitmap_index = 335, .adv_w = 80, .box_w = 5, .box_h = 15, .ofs_x = 0, .ofs_y = -3},
    {.bitmap_index = 373, .adv_w = 140, .box_w = 9, .box_h = 8, .ofs_x = 0, .ofs_y = 4},
    {.bitmap_index = 408, .adv_w = 146, .box_w = 9, .box_h = 8, .ofs_x = 0, .ofs_y = 2},
    {.bitmap_index = 436, .adv_w = 70, .box_w = 4, .box_h = 5, .ofs_x = 0, .ofs_y = -2},
    {.bitmap_index = 446, .adv_w = 82, .box_w = 5, .box_h = 2, .ofs_x = 0, .ofs_y = 4},
    {.bitmap_index = 451, .adv_w = 70, .box_w = 3, .box_h = 3, .ofs_x = 1, .ofs_y = 0},
    {.bitmap_index = 456, .adv_w = 99, .box_w = 7, .box_h = 12, .ofs_x = 0, .ofs_y = 0},
    {.bitmap_index = 491, .adv_w = 146, .box_w = 9, .box_h = 12, .ofs_x = 0, .ofs_y = 0},
    {.bitmap_index = 542, .adv_w = 146, .box_w = 5, .box_h = 12, .ofs_x = 1, .ofs_y = 0},
    {.bitmap_index = 557, .adv_w = 146, .box_w = 9, .box_h = 12, .ofs_x = 0, .ofs_y = 0},
    {.bitmap_index = 603, .adv_w = 146, .box_w = 9, .box_h = 12, .ofs_x = 0, .ofs_y = 0},
    {.bitmap_index = 653, .adv_w = 146, .box_w = 9, .box_h = 12, .ofs_x = 0, .ofs_y = 0},
    {.bitmap_index = 695, .adv_w = 146, .box_w = 9, .box_h = 12, .ofs_x = 0, .ofs_y = 0},
    {.bitmap_index = 743, .adv_w = 146, .box_w = 9, .box_h = 12, .ofs_x = 0, .ofs_y = 0},
    {.bitmap_index = 795, .adv_w = 146, .box_w = 9, .box_h = 12, .ofs_x = 0, .ofs_y = 0},
    {.bitmap_index = 835, .adv_w = 146, .box_w = 9, .box_h = 12, .ofs_x = 0, .ofs_y = 0},
    {.bitmap_index = 889, .adv_w = 146, .box_w = 9, .box_h = 12, .ofs_x = 0, .ofs_y = 0},
    {.bitmap_index = 941, .adv_w = 70, .box_w = 3, .box_h = 9, .ofs_x = 1, .ofs_y = 0},
    {.bitmap_index = 953, .adv_w = 70, .box_w = 4, .box_h = 12, .ofs_x = 0, .ofs_y = -3},
    {.bitmap_index = 974, .adv_w = 146, .box_w = 9, .box_h = 10, .ofs_x = 0, .ofs_y = 1},
    {.bitmap_index = 1012, .adv_w = 146, .box_w = 9, .box_h = 6, .ofs_x = 0, .ofs_y = 3},
    {.bitmap_index = 1029, .adv_w = 146, .box_w = 9, .box_h = 10, .ofs_x = 0, .ofs_y = 1},
    {.bitmap_index = 1067, .adv_w = 114, .box_w = 7, .box_h = 12, .ofs_x = 0, .ofs_y = 0},
    {.bitmap_index = 1103, .adv_w = 230, .box_w = 14, .box_h = 14, .ofs_x = 0, .ofs_y = -2},
    {.bitmap_index = 1195, .adv_w = 168, .box_w = 11, .box_h = 12, .ofs_x = 0, .ofs_y = 0},
    {.bitmap_index = 1249, .adv_w = 167, .box_w = 9, .box_h = 12, .ofs_x = 1, .ofs_y = 0},
    {.bitmap_index = 1299, .adv_w = 163, .box_w = 10, .box_h = 12, .ofs_x = 0, .ofs_y = 0},
    {.bitmap_index = 1345, .adv_w = 187, .box_w = 10, .box_h = 12, .ofs_x = 1, .ofs_y = 0},
    {.bitmap_index = 1390, .adv_w = 143, .box_w = 7, .box_h = 12, .ofs_x = 1, .ofs_y = 0},
    {.bitmap_index = 1419, .adv_w = 135, .box_w = 7, .box_h = 12, .ofs_x = 1, .ofs_y = 0},
    {.bitmap_index = 1444, .adv_w = 186, .box_w = 11, .box_h = 12, .ofs_x = 0, .ofs_y = 0},
    {.bitmap_index = 1500, .adv_w = 191, .box_w = 10, .box_h = 12, .ofs_x = 1, .ofs_y = 0},
    {.bitmap_index = 1521, .adv_w = 91, .box_w = 6, .box_h = 12, .ofs_x = 0, .ofs_y = 0},
    {.bitmap_index = 1538, .adv_w = 74, .box_w = 6, .box_h = 15, .ofs_x = -2, .ofs_y = -3},
    {.bitmap_index = 1554, .adv_w = 162, .box_w = 10, .box_h = 12, .ofs_x = 1, .ofs_y = 0},
    {.bitmap_index = 1599, .adv_w = 137, .box_w = 8, .box_h = 12, .ofs_x = 1, .ofs_y = 0},
    {.bitmap_index = 1611, .adv_w = 235, .box_w = 13, .box_h = 12, .ofs_x = 1, .ofs_y = 0},
    {.bitmap_index = 1670, .adv_w = 199, .box_w = 10, .box_h = 12, .ofs_x = 1, .ofs_y = 0},
    {.bitmap_index = 1713, .adv_w = 201, .box_w = 12, .box_h = 12, .ofs_x = 0, .ofs_y = 0},
    {.bitmap_index = 1776, .adv_w = 156, .box_w = 8, .box_h = 12, .ofs_x = 1, .ofs_y = 0},
    {.bitmap_index = 1811, .adv_w = 201, .box_w = 12, .box_h = 15, .ofs_x = 0, .ofs_y = -3},
    {.bitmap_index = 1887, .adv_w = 162, .box_w = 9, .box_h = 12, .ofs_x = 1, .ofs_y = 0},
    {.bitmap_index = 1931, .adv_w = 141, .box_w = 9, .box_h = 12, .ofs_x = 0, .ofs_y = 0},
    {.bitmap_index = 1977, .adv_w = 144, .box_w = 9, .box_h = 12, .ofs_x = 0, .ofs_y = 0},
    {.bitmap_index = 1994, .adv_w = 189, .box_w = 10, .box_h = 12, .ofs_x = 1, .ofs_y = 0},
    {.bitmap_index = 2021, .adv_w = 157, .box_w = 10, .box_h = 12, .ofs_x = 0, .ofs_y = 0},
    {.bitmap_index = 2075, .adv_w = 241, .box_w = 15, .box_h = 12, .ofs_x = 0, .ofs_y = 0},
    {.bitmap_index = 2162, .adv_w = 156, .box_w = 10, .box_h = 12, .ofs_x = 0, .ofs_y = 0},
    {.bitmap_index = 2217, .adv_w = 150, .box_w = 10, .box_h = 12, .ofs_x = 0, .ofs_y = 0},
    {.bitmap_index = 2255, .adv_w = 147, .box_w = 9, .box_h = 12, .ofs_x = 0, .ofs_y = 0},
    {.bitmap_index = 2297, .adv_w = 84, .box_w = 4, .box_h = 15, .ofs_x = 1, .ofs_y = -3},
    {.bitmap_index = 2312, .adv_w = 99, .box_w = 7, .box_h = 12, .ofs_x = 0, .ofs_y = 0},
    {.bitmap_index = 2346, .adv_w = 84, .box_w = 5, .box_h = 15, .ofs_x = 0, .ofs_y = -3},
    {.bitmap_index = 2362, .adv_w = 146, .box_w = 9, .box_h = 8, .ofs_x = 0, .ofs_y = 4},
    {.bitmap_index = 2393, .adv_w = 111, .box_w = 8, .box_h = 2, .ofs_x = -1, .ofs_y = -3},
    {.bitmap_index = 2399, .adv_w = 78, .box_w = 5, .box_h = 3, .ofs_x = 0, .ofs_y = 10},
    {.bitmap_index = 2407, .adv_w = 146, .box_w = 8, .box_h = 9, .ofs_x = 0, .ofs_y = 0},
    {.bitmap_index = 2442, .adv_w = 159, .box_w = 9, .box_h = 12, .ofs_x = 1, .ofs_y = 0},
    {.bitmap_index = 2485, .adv_w = 126, .box_w = 8, .box_h = 9, .ofs_x = 0, .ofs_y = 0},
    {.bitmap_index = 2518, .adv_w = 159, .box_w = 9, .box_h = 12, .ofs_x = 0, .ofs_y = 0},
    {.bitmap_index = 2562, .adv_w = 147, .box_w = 9, .box_h = 9, .ofs_x = 0, .ofs_y = 0},
    {.bitmap_index = 2602, .adv_w = 91, .box_w = 7, .box_h = 12, .ofs_x = 0, .ofs_y = 0},
    {.bitmap_index = 2626, .adv_w = 159, .box_w = 9, .box_h = 13, .ofs_x = 0, .ofs_y = -4},
    {.bitmap_index = 2682, .adv_w = 161, .box_w = 8, .box_h = 12, .ofs_x = 1, .ofs_y = 0},
    {.bitmap_index = 2707, .adv_w = 69, .box_w = 3, .box_h = 12, .ofs_x = 1, .ofs_y = 0},
    {.bitmap_index = 2715, .adv_w = 69, .box_w = 5, .box_h = 16, .ofs_x = -1, .ofs_y = -4},
    {.bitmap_index = 2731, .adv_w = 143, .box_w = 8, .box_h = 12, .ofs_x = 1, .ofs_y = 0},
    {.bitmap_index = 2764, .adv_w = 69, .box_w = 3, .box_h = 12, .ofs_x = 1, .ofs_y = 0},
    {.bitmap_index = 2769, .adv_w = 242, .box_w = 13, .box_h = 9, .ofs_x = 1, .ofs_y = 0},
    {.bitmap_index = 2803, .adv_w = 161, .box_w = 8, .box_h = 9, .ofs_x = 1, .ofs_y = 0},
    {.bitmap_index = 2825, .adv_w = 156, .box_w = 9, .box_h = 9, .ofs_x = 0, .ofs_y = 0},
    {.bitmap_index = 2865, .adv_w = 159, .box_w = 9, .box_h = 13, .ofs_x = 1, .ofs_y = -4},
    {.bitmap_index = 2911, .adv_w = 159, .box_w = 9, .box_h = 13, .ofs_x = 0, .ofs_y = -4},
    {.bitmap_index = 2958, .adv_w = 108, .box_w = 6, .box_h = 9, .ofs_x = 1, .ofs_y = 0},
    {.bitmap_index = 2974, .adv_w = 124, .box_w = 8, .box_h = 9, .ofs_x = 0, .ofs_y = 0},
    {.bitmap_index = 3010, .adv_w = 98, .box_w = 6, .box_h = 11, .ofs_x = 0, .ofs_y = 0},
    {.bitmap_index = 3035, .adv_w = 161, .box_w = 8, .box_h = 9, .ofs_x = 1, .ofs_y = 0},
    {.bitmap_index = 3054, .adv_w = 135, .box_w = 9, .box_h = 9, .ofs_x = 0, .ofs_y = 0},
    {.bitmap_index = 3093, .adv_w = 207, .box_w = 13, .box_h = 9, .ofs_x = 0, .ofs_y = 0},
    {.bitmap_index = 3152, .adv_w = 139, .box_w = 9, .box_h = 9, .ofs_x = 0, .ofs_y = 0},
    {.bitmap_index = 3191, .adv_w = 135, .box_w = 9, .box_h = 13, .ofs_x = 0, .ofs_y = -4},
    {.bitmap_index = 3243, .adv_w = 122, .box_w = 8, .box_h = 9, .ofs_x = 0, .ofs_y = 0},
    {.bitmap_index = 3275, .adv_w = 98, .box_w = 6, .box_h = 15, .ofs_x = 0, .ofs_y = -3},
    {.bitmap_index = 3315, .adv_w = 141, .box_w = 3, .box_h = 16, .ofs_x = 3, .ofs_y = -4},
    {.bitmap_index = 3320, .adv_w = 98, .box_w = 6, .box_h = 15, .ofs_x = 0, .ofs_y = -3},
    {.bitmap_index = 3359, .adv_w = 146, .box_w = 9, .box_h = 4, .ofs_x = 0, .ofs_y = 4},
    {.bitmap_index = 3375, .adv_w = 67, .box_w = 0, .box_h = 0, .ofs_x = 0, .ofs_y = 0},
    {.bitmap_index = 3375, .adv_w = 70, .box_w = 3, .box_h = 12, .ofs_x = 1, .ofs_y = -3},
    {.bitmap_index = 3393, .adv_w = 146, .box_w = 7, .box_h = 12, .ofs_x = 1, .ofs_y = 0},
    {.bitmap_index = 3431, .adv_w = 146, .box_w = 9, .box_h = 12, .ofs_x = 0, .ofs_y = 0},
    {.bitmap_index = 3475, .adv_w = 146, .box_w = 9, .box_h = 8, .ofs_x = 0, .ofs_y = 2},
    {.bitmap_index = 3511, .adv_w = 146, .box_w = 9, .box_h = 12, .ofs_x = 0, .ofs_y = 0},
    {.bitmap_index = 3566, .adv_w = 141, .box_w = 3, .box_h = 16, .ofs_x = 3, .ofs_y = -4},
    {.bitmap_index = 3581, .adv_w = 129, .box_w = 8, .box_h = 12, .ofs_x = 0, .ofs_y = 0},
    {.bitmap_index = 3630, .adv_w = 150, .box_w = 6, .box_h = 2, .ofs_x = 2, .ofs_y = 10},
    {.bitmap_index = 3636, .adv_w = 213, .box_w = 13, .box_h = 12, .ofs_x = 0, .ofs_y = 0},
    {.bitmap_index = 3713, .adv_w = 93, .box_w = 6, .box_h = 5, .ofs_x = 0, .ofs_y = 7},
    {.bitmap_index = 3729, .adv_w = 138, .box_w = 9, .box_h = 8, .ofs_x = 0, .ofs_y = 0},
    {.bitmap_index = 3765, .adv_w = 146, .box_w = 9, .box_h = 6, .ofs_x = 0, .ofs_y = 1},
    {.bitmap_index = 3780, .adv_w = 82, .box_w = 5, .box_h = 2, .ofs_x = 0, .ofs_y = 4},
    {.bitmap_index = 3785, .adv_w = 213, .box_w = 13, .box_h = 12, .ofs_x = 0, .ofs_y = 0},
    {.bitmap_index = 3861, .adv_w = 128, .box_w = 10, .box_h = 3, .ofs_x = -1, .ofs_y = 12},
    {.bitmap_index = 3869, .adv_w = 109, .box_w = 7, .box_h = 6, .ofs_x = 0, .ofs_y = 6},
    {.bitmap_index = 3891, .adv_w = 146, .box_w = 9, .box_h = 10, .ofs_x = 0, .ofs_y = 0},
    {.bitmap_index = 3926, .adv_w = 92, .box_w = 6, .box_h = 7, .ofs_x = 0, .ofs_y = 7},
    {.bitmap_index = 3947, .adv_w = 92, .box_w = 6, .box_h = 7, .ofs_x = 0, .ofs_y = 7},
    {.bitmap_index = 3969, .adv_w = 78, .box_w = 5, .box_h = 3, .ofs_x = 0, .ofs_y = 10},
    {.bitmap_index = 3977, .adv_w = 162, .box_w = 8, .box_h = 13, .ofs_x = 1, .ofs_y = -4},
    {.bitmap_index = 4003, .adv_w = 167, .box_w = 9, .box_h = 15, .ofs_x = 0, .ofs_y = -3},
    {.bitmap_index = 4038, .adv_w = 70, .box_w = 3, .box_h = 3, .ofs_x = 1, .ofs_y = 5},
    {.bitmap_index = 4043, .adv_w = 60, .box_w = 4, .box_h = 5, .ofs_x = 0, .ofs_y = -5},
    {.bitmap_index = 4054, .adv_w = 92, .box_w = 5, .box_h = 7, .ofs_x = 0, .ofs_y = 7},
    {.bitmap_index = 4066, .adv_w = 97, .box_w = 6, .box_h = 6, .ofs_x = 0, .ofs_y = 6},
    {.bitmap_index = 4083, .adv_w = 138, .box_w = 9, .box_h = 8, .ofs_x = 0, .ofs_y = 0},
    {.bitmap_index = 4119, .adv_w = 197, .box_w = 13, .box_h = 12, .ofs_x = 0, .ofs_y = 0},
    {.bitmap_index = 4186, .adv_w = 205, .box_w = 13, .box_h = 13, .ofs_x = 0, .ofs_y = -1},
    {.bitmap_index = 4258, .adv_w = 205, .box_w = 13, .box_h = 12, .ofs_x = 0, .ofs_y = 0},
    {.bitmap_index = 4332, .adv_w = 114, .box_w = 7, .box_h = 13, .ofs_x = 0, .ofs_y = -4},
    {.bitmap_index = 4373, .adv_w = 168, .box_w = 11, .box_h = 16, .ofs_x = 0, .ofs_y = 0},
    {.bitmap_index = 4441, .adv_w = 168, .box_w = 11, .box_h = 16, .ofs_x = 0, .ofs_y = 0},
    {.bitmap_index = 4509, .adv_w = 168, .box_w = 11, .box_h = 16, .ofs_x = 0, .ofs_y = 0},
    {.bitmap_index = 4580, .adv_w = 168, .box_w = 11, .box_h = 16, .ofs_x = 0, .ofs_y = 0},
    {.bitmap_index = 4652, .adv_w = 168, .box_w = 11, .box_h = 15, .ofs_x = 0, .ofs_y = 0},
    {.bitmap_index = 4720, .adv_w = 168, .box_w = 11, .box_h = 14, .ofs_x = 0, .ofs_y = 0},
    {.bitmap_index = 4782, .adv_w = 231, .box_w = 15, .box_h = 12, .ofs_x = -1, .ofs_y = 0},
    {.bitmap_index = 4848, .adv_w = 163, .box_w = 10, .box_h = 16, .ofs_x = 0, .ofs_y = -4},
    {.bitmap_index = 4911, .adv_w = 143, .box_w = 7, .box_h = 16, .ofs_x = 1, .ofs_y = 0},
    {.bitmap_index = 4952, .adv_w = 143, .box_w = 7, .box_h = 16, .ofs_x = 1, .ofs_y = 0},
    {.bitmap_index = 4995, .adv_w = 143, .box_w = 7, .box_h = 16, .ofs_x = 1, .ofs_y = 0},
    {.bitmap_index = 5038, .adv_w = 143, .box_w = 7, .box_h = 15, .ofs_x = 1, .ofs_y = 0},
    {.bitmap_index = 5078, .adv_w = 91, .box_w = 6, .box_h = 16, .ofs_x = 0, .ofs_y = 0},
    {.bitmap_index = 5106, .adv_w = 91, .box_w = 6, .box_h = 16, .ofs_x = 0, .ofs_y = 0},
    {.bitmap_index = 5135, .adv_w = 91, .box_w = 7, .box_h = 16, .ofs_x = -1, .ofs_y = 0},
    {.bitmap_index = 5168, .adv_w = 91, .box_w = 6, .box_h = 15, .ofs_x = 0, .ofs_y = 0},
    {.bitmap_index = 5194, .adv_w = 187, .box_w = 11, .box_h = 12, .ofs_x = 0, .ofs_y = 0},
    {.bitmap_index = 5249, .adv_w = 198, .box_w = 10, .box_h = 16, .ofs_x = 1, .ofs_y = 0},
    {.bitmap_index = 5309, .adv_w = 201, .box_w = 12, .box_h = 16, .ofs_x = 0, .ofs_y = 0},
    {.bitmap_index = 5386, .adv_w = 201, .box_w = 12, .box_h = 16, .ofs_x = 0, .ofs_y = 0},
    {.bitmap_index = 5463, .adv_w = 201, .box_w = 12, .box_h = 16, .ofs_x = 0, .ofs_y = 0},
    {.bitmap_index = 5543, .adv_w = 201, .box_w = 12, .box_h = 16, .ofs_x = 0, .ofs_y = 0},
    {.bitmap_index = 5623, .adv_w = 201, .box_w = 12, .box_h = 15, .ofs_x = 0, .ofs_y = 0},
    {.bitmap_index = 5699, .adv_w = 146, .box_w = 8, .box_h = 8, .ofs_x = 1, .ofs_y = 2},
    {.bitmap_index = 5730, .adv_w = 201, .box_w = 12, .box_h = 14, .ofs_x = 0, .ofs_y = -1},
    {.bitmap_index = 5811, .adv_w = 189, .box_w = 10, .box_h = 16, .ofs_x = 1, .ofs_y = 0},
    {.bitmap_index = 5853, .adv_w = 189, .box_w = 10, .box_h = 16, .ofs_x = 1, .ofs_y = 0},
    {.bitmap_index = 5894, .adv_w = 189, .box_w = 10, .box_h = 16, .ofs_x = 1, .ofs_y = 0},
    {.bitmap_index = 5938, .adv_w = 189, .box_w = 10, .box_h = 15, .ofs_x = 1, .ofs_y = 0},
    {.bitmap_index = 5979, .adv_w = 150, .box_w = 10, .box_h = 16, .ofs_x = 0, .ofs_y = 0},
    {.bitmap_index = 6032, .adv_w = 157, .box_w = 9, .box_h = 12, .ofs_x = 1, .ofs_y = 0},
    {.bitmap_index = 6074, .adv_w = 167, .box_w = 9, .box_h = 12, .ofs_x = 1, .ofs_y = 0},
    {.bitmap_index = 6122, .adv_w = 146, .box_w = 8, .box_h = 12, .ofs_x = 0, .ofs_y = 0},
    {.bitmap_index = 6167, .adv_w = 146, .box_w = 8, .box_h = 12, .ofs_x = 0, .ofs_y = 0},
    {.bitmap_index = 6212, .adv_w = 146, .box_w = 8, .box_h = 12, .ofs_x = 0, .ofs_y = 0},
    {.bitmap_index = 6259, .adv_w = 146, .box_w = 8, .box_h = 12, .ofs_x = 0, .ofs_y = 0},
    {.bitmap_index = 6307, .adv_w = 146, .box_w = 8, .box_h = 12, .ofs_x = 0, .ofs_y = 0},
    {.bitmap_index = 6354, .adv_w = 146, .box_w = 8, .box_h = 14, .ofs_x = 0, .ofs_y = 0},
    {.bitmap_index = 6404, .adv_w = 225, .box_w = 14, .box_h = 9, .ofs_x = 0, .ofs_y = 0},
    {.bitmap_index = 6465, .adv_w = 126, .box_w = 8, .box_h = 13, .ofs_x = 0, .ofs_y = -4},
    {.bitmap_index = 6512, .adv_w = 147, .box_w = 9, .box_h = 12, .ofs_x = 0, .ofs_y = 0},
    {.bitmap_index = 6561, .adv_w = 147, .box_w = 9, .box_h = 12, .ofs_x = 0, .ofs_y = 0},
    {.bitmap_index = 6611, .adv_w = 147, .box_w = 9, .box_h = 12, .ofs_x = 0, .ofs_y = 0},
    {.bitmap_index = 6662, .adv_w = 147, .box_w = 9, .box_h = 12, .ofs_x = 0, .ofs_y = 0},
    {.bitmap_index = 6713, .adv_w = 69, .box_w = 5, .box_h = 12, .ofs_x = -1, .ofs_y = 0},
    {.bitmap_index = 6727, .adv_w = 69, .box_w = 4, .box_h = 12, .ofs_x = 1, .ofs_y = 0},
    {.bitmap_index = 6738, .adv_w = 69, .box_w = 7, .box_h = 12, .ofs_x = -1, .ofs_y = 0},
    {.bitmap_index = 6755, .adv_w = 69, .box_w = 6, .box_h = 12, .ofs_x = -1, .ofs_y = 0},
    {.bitmap_index = 6770, .adv_w = 156, .box_w = 9, .box_h = 13, .ofs_x = 0, .ofs_y = 0},
    {.bitmap_index = 6826, .adv_w = 161, .box_w = 8, .box_h = 12, .ofs_x = 1, .ofs_y = 0},
    {.bitmap_index = 6860, .adv_w = 156, .box_w = 9, .box_h = 12, .ofs_x = 0, .ofs_y = 0},
    {.bitmap_index = 6911, .adv_w = 156, .box_w = 9, .box_h = 12, .ofs_x = 0, .ofs_y = 0},
    {.bitmap_index = 6961, .adv_w = 156, .box_w = 9, .box_h = 12, .ofs_x = 0, .ofs_y = 0},
    {.bitmap_index = 7013, .adv_w = 156, .box_w = 9, .box_h = 12, .ofs_x = 0, .ofs_y = 0},
    {.bitmap_index = 7066, .adv_w = 156, .box_w = 9, .box_h = 12, .ofs_x = 0, .ofs_y = 0},
    {.bitmap_index = 7119, .adv_w = 146, .box_w = 9, .box_h = 8, .ofs_x = 0, .ofs_y = 2},
    {.bitmap_index = 7146, .adv_w = 156, .box_w = 9, .box_h = 11, .ofs_x = 0, .ofs_y = -1},
    {.bitmap_index = 7194, .adv_w = 161, .box_w = 8, .box_h = 12, .ofs_x = 1, .ofs_y = 0},
    {.bitmap_index = 7224, .adv_w = 161, .box_w = 8, .box_h = 12, .ofs_x = 1, .ofs_y = 0},
    {.bitmap_index = 7254, .adv_w = 161, .box_w = 8, .box_h = 12, .ofs_x = 1, .ofs_y = 0},
    {.bitmap_index = 7285, .adv_w = 161, .box_w = 8, .box_h = 12, .ofs_x = 1, .ofs_y = 0},
    {.bitmap_index = 7317, .adv_w = 135, .box_w = 9, .box_h = 16, .ofs_x = 0, .ofs_y = -4},
    {.bitmap_index = 7380, .adv_w = 159, .box_w = 9, .box_h = 16, .ofs_x = 1, .ofs_y = -4},
    {.bitmap_index = 7429, .adv_w = 135, .box_w = 9, .box_h = 16, .ofs_x = 0, .ofs_y = -4},
    {.bitmap_index = 7494, .adv_w = 168, .box_w = 11, .box_h = 15, .ofs_x = 0, .ofs_y = 0},
    {.bitmap_index = 7559, .adv_w = 146, .box_w = 8, .box_h = 12, .ofs_x = 0, .ofs_y = 0},
    {.bitmap_index = 7602, .adv_w = 168, .box_w = 11, .box_h = 15, .ofs_x = 0, .ofs_y = 0},
    {.bitmap_index = 7670, .adv_w = 146, .box_w = 8, .box_h = 12, .ofs_x = 0, .ofs_y = 0},
    {.bitmap_index = 7718, .adv_w = 168, .box_w = 11, .box_h = 16, .ofs_x = 0, .ofs_y = -4},
    {.bitmap_index = 7789, .adv_w = 146, .box_w = 9, .box_h = 13, .ofs_x = 0, .ofs_y = -4},
    {.bitmap_index = 7842, .adv_w = 163, .box_w = 10, .box_h = 16, .ofs_x = 0, .ofs_y = 0},
    {.bitmap_index = 7902, .adv_w = 126, .box_w = 8, .box_h = 12, .ofs_x = 0, .ofs_y = 0},
    {.bitmap_index = 7944, .adv_w = 163, .box_w = 10, .box_h = 16, .ofs_x = 0, .ofs_y = 0},
    {.bitmap_index = 8006, .adv_w = 126, .box_w = 8, .box_h = 12, .ofs_x = 0, .ofs_y = 0},
    {.bitmap_index = 8050, .adv_w = 163, .box_w = 10, .box_h = 16, .ofs_x = 0, .ofs_y = 0},
    {.bitmap_index = 8105, .adv_w = 126, .box_w = 8, .box_h = 12, .ofs_x = 0, .ofs_y = 0},
    {.bitmap_index = 8146, .adv_w = 163, .box_w = 10, .box_h = 16, .ofs_x = 0, .ofs_y = 0},
    {.bitmap_index = 8210, .adv_w = 126, .box_w = 8, .box_h = 12, .ofs_x = 0, .ofs_y = 0},
    {.bitmap_index = 8255, .adv_w = 187, .box_w = 10, .box_h = 16, .ofs_x = 1, .ofs_y = 0},
    {.bitmap_index = 8318, .adv_w = 159, .box_w = 12, .box_h = 12, .ofs_x = 0, .ofs_y = 0},
    {.bitmap_index = 8374, .adv_w = 187, .box_w = 11, .box_h = 12, .ofs_x = 0, .ofs_y = 0},
    {.bitmap_index = 8429, .adv_w = 160, .box_w = 10, .box_h = 12, .ofs_x = 0, .ofs_y = 0},
    {.bitmap_index = 8484, .adv_w = 143, .box_w = 7, .box_h = 15, .ofs_x = 1, .ofs_y = 0},
    {.bitmap_index = 8521, .adv_w = 147, .box_w = 9, .box_h = 12, .ofs_x = 0, .ofs_y = 0},
    {.bitmap_index = 8569, .adv_w = 143, .box_w = 7, .box_h = 15, .ofs_x = 1, .ofs_y = 0},
    {.bitmap_index = 8611, .adv_w = 147, .box_w = 9, .box_h = 12, .ofs_x = 0, .ofs_y = 0},
    {.bitmap_index = 8663, .adv_w = 143, .box_w = 7, .box_h = 16, .ofs_x = 1, .ofs_y = 0},
    {.bitmap_index = 8701, .adv_w = 147, .box_w = 9, .box_h = 12, .ofs_x = 0, .ofs_y = 0},
    {.bitmap_index = 8748, .adv_w = 143, .box_w = 7, .box_h = 16, .ofs_x = 1, .ofs_y = -4},
    {.bitmap_index = 8789, .adv_w = 146, .box_w = 9, .box_h = 13, .ofs_x = 0, .ofs_y = -4},
    {.bitmap_index = 8842, .adv_w = 143, .box_w = 7, .box_h = 16, .ofs_x = 1, .ofs_y = 0},
    {.bitmap_index = 8886, .adv_w = 147, .box_w = 9, .box_h = 12, .ofs_x = 0, .ofs_y = 0},
    {.bitmap_index = 8938, .adv_w = 186, .box_w = 11, .box_h = 16, .ofs_x = 0, .ofs_y = 0},
    {.bitmap_index = 9011, .adv_w = 159, .box_w = 9, .box_h = 16, .ofs_x = 0, .ofs_y = -4},
    {.bitmap_index = 9079, .adv_w = 186, .box_w = 11, .box_h = 16, .ofs_x = 0, .ofs_y = 0},
    {.bitmap_index = 9152, .adv_w = 159, .box_w = 9, .box_h = 16, .ofs_x = 0, .ofs_y = -4},
    {.bitmap_index = 9220, .adv_w = 186, .box_w = 11, .box_h = 16, .ofs_x = 0, .ofs_y = 0},
    {.bitmap_index = 9285, .adv_w = 159, .box_w = 9, .box_h = 16, .ofs_x = 0, .ofs_y = -4},
    {.bitmap_index = 9348, .adv_w = 186, .box_w = 11, .box_h = 16, .ofs_x = 0, .ofs_y = -4},
    {.bitmap_index = 9421, .adv_w = 159, .box_w = 9, .box_h = 16, .ofs_x = 0, .ofs_y = -4},
    {.bitmap_index = 9486, .adv_w = 191, .box_w = 10, .box_h = 16, .ofs_x = 1, .ofs_y = 0},
    {.bitmap_index = 9523, .adv_w = 161, .box_w = 10, .box_h = 16, .ofs_x = -1, .ofs_y = 0},
    {.bitmap_index = 9566, .adv_w = 191, .box_w = 12, .box_h = 12, .ofs_x = 0, .ofs_y = 0},
    {.bitmap_index = 9607, .adv_w = 161, .box_w = 9, .box_h = 12, .ofs_x = 0, .ofs_y = 0},
    {.bitmap_index = 9642, .adv_w = 91, .box_w = 7, .box_h = 16, .ofs_x = -1, .ofs_y = 0},
    {.bitmap_index = 9674, .adv_w = 69, .box_w = 7, .box_h = 12, .ofs_x = -1, .ofs_y = 0},
    {.bitmap_index = 9691, .adv_w = 91, .box_w = 6, .box_h = 15, .ofs_x = 0, .ofs_y = 0},
    {.bitmap_index = 9714, .adv_w = 69, .box_w = 6, .box_h = 12, .ofs_x = -1, .ofs_y = 0},
    {.bitmap_index = 9727, .adv_w = 91, .box_w = 6, .box_h = 15, .ofs_x = 0, .ofs_y = 0},
    {.bitmap_index = 9754, .adv_w = 69, .box_w = 6, .box_h = 12, .ofs_x = -1, .ofs_y = 0},
    {.bitmap_index = 9769, .adv_w = 91, .box_w = 6, .box_h = 16, .ofs_x = 0, .ofs_y = -4},
    {.bitmap_index = 9797, .adv_w = 69, .box_w = 4, .box_h = 16, .ofs_x = 0, .ofs_y = -4},
    {.bitmap_index = 9814, .adv_w = 91, .box_w = 6, .box_h = 16, .ofs_x = 0, .ofs_y = 0},
    {.bitmap_index = 9839, .adv_w = 69, .box_w = 3, .box_h = 9, .ofs_x = 1, .ofs_y = 0},
    {.bitmap_index = 9844, .adv_w = 165, .box_w = 9, .box_h = 15, .ofs_x = 0, .ofs_y = -3},
    {.bitmap_index = 9877, .adv_w = 139, .box_w = 7, .box_h = 16, .ofs_x = 1, .ofs_y = -4},
    {.bitmap_index = 9904, .adv_w = 74, .box_w = 8, .box_h = 19, .ofs_x = -2, .ofs_y = -3},
    {.bitmap_index = 9941, .adv_w = 69, .box_w = 7, .box_h = 16, .ofs_x = -1, .ofs_y = -4},
    {.bitmap_index = 9965, .adv_w = 162, .box_w = 10, .box_h = 16, .ofs_x = 1, .ofs_y = -4},
    {.bitmap_index = 10025, .adv_w = 143, .box_w = 8, .box_h = 16, .ofs_x = 1, .ofs_y = -4},
    {.bitmap_index = 10071, .adv_w = 143, .box_w = 8, .box_h = 9, .ofs_x = 1, .ofs_y = 0},
    {.bitmap_index = 10102, .adv_w = 137, .box_w = 8, .box_h = 16, .ofs_x = 1, .ofs_y = 0},
    {.bitmap_index = 10127, .adv_w = 69, .box_w = 4, .box_h = 16, .ofs_x = 1, .ofs_y = 0},
    {.bitmap_index = 10140, .adv_w = 137, .box_w = 8, .box_h = 16, .ofs_x = 1, .ofs_y = -4},
    {.bitmap_index = 10163, .adv_w = 69, .box_w = 3, .box_h = 16, .ofs_x = 1, .ofs_y = -4},
    {.bitmap_index = 10174, .adv_w = 137, .box_w = 8, .box_h = 12, .ofs_x = 1, .ofs_y = 0},
    {.bitmap_index = 10195, .adv_w = 69, .box_w = 5, .box_h = 12, .ofs_x = 1, .ofs_y = 0},
    {.bitmap_index = 10208, .adv_w = 137, .box_w = 8, .box_h = 12, .ofs_x = 1, .ofs_y = 0},
    {.bitmap_index = 10228, .adv_w = 76, .box_w = 5, .box_h = 12, .ofs_x = 1, .ofs_y = 0},
    {.bitmap_index = 10240, .adv_w = 137, .box_w = 9, .box_h = 12, .ofs_x = 0, .ofs_y = 0},
    {.bitmap_index = 10271, .adv_w = 70, .box_w = 6, .box_h = 12, .ofs_x = -1, .ofs_y = 0},
    {.bitmap_index = 10290, .adv_w = 198, .box_w = 10, .box_h = 16, .ofs_x = 1, .ofs_y = 0},
    {.bitmap_index = 10347, .adv_w = 161, .box_w = 8, .box_h = 12, .ofs_x = 1, .ofs_y = 0},
    {.bitmap_index = 10379, .adv_w = 198, .box_w = 10, .box_h = 16, .ofs_x = 1, .ofs_y = -4},
    {.bitmap_index = 10436, .adv_w = 161, .box_w = 8, .box_h = 13, .ofs_x = 1, .ofs_y = -4},
    {.bitmap_index = 10470, .adv_w = 198, .box_w = 10, .box_h = 16, .ofs_x = 1, .ofs_y = 0},
    {.bitmap_index = 10531, .adv_w = 161, .box_w = 8, .box_h = 12, .ofs_x = 1, .ofs_y = 0},
    {.bitmap_index = 10565, .adv_w = 183, .box_w = 11, .box_h = 12, .ofs_x = 0, .ofs_y = 0},
    {.bitmap_index = 10601, .adv_w = 199, .box_w = 10, .box_h = 15, .ofs_x = 1, .ofs_y = -3},
    {.bitmap_index = 10655, .adv_w = 161, .box_w = 8, .box_h = 13, .ofs_x = 1, .ofs_y = -4},
    {.bitmap_index = 10686, .adv_w = 201, .box_w = 12, .box_h = 15, .ofs_x = 0, .ofs_y = 0},
    {.bitmap_index = 10759, .adv_w = 156, .box_w = 9, .box_h = 12, .ofs_x = 0, .ofs_y = 0},
    {.bitmap_index = 10808, .adv_w = 201, .box_w = 12, .box_h = 16, .ofs_x = 0, .ofs_y = 0},
    {.bitmap_index = 10888, .adv_w = 156, .box_w = 9, .box_h = 12, .ofs_x = 0, .ofs_y = 0},
    {.bitmap_index = 10941, .adv_w = 201, .box_w = 12, .box_h = 16, .ofs_x = 0, .ofs_y = 0},
    {.bitmap_index = 11023, .adv_w = 156, .box_w = 9, .box_h = 12, .ofs_x = 0, .ofs_y = 0},
    {.bitmap_index = 11076, .adv_w = 241, .box_w = 15, .box_h = 12, .ofs_x = 0, .ofs_y = 0},
    {.bitmap_index = 11145, .adv_w = 244, .box_w = 15, .box_h = 9, .ofs_x = 0, .ofs_y = 0},
    {.bitmap_index = 11210, .adv_w = 162, .box_w = 9, .box_h = 16, .ofs_x = 1, .ofs_y = 0},
    {.bitmap_index = 11269, .adv_w = 108, .box_w = 6, .box_h = 12, .ofs_x = 1, .ofs_y = 0},
    {.bitmap_index = 11294, .adv_w = 162, .box_w = 9, .box_h = 16, .ofs_x = 1, .ofs_y = -4},
    {.bitmap_index = 11353, .adv_w = 108, .box_w = 6, .box_h = 13, .ofs_x = 1, .ofs_y = -4},
    {.bitmap_index = 11380, .adv_w = 162, .box_w = 9, .box_h = 16, .ofs_x = 1, .ofs_y = 0},
    {.bitmap_index = 11441, .adv_w = 108, .box_w = 6, .box_h = 12, .ofs_x = 1, .ofs_y = 0},
    {.bitmap_index = 11466, .adv_w = 141, .box_w = 9, .box_h = 16, .ofs_x = 0, .ofs_y = 0},
    {.bitmap_index = 11524, .adv_w = 124, .box_w = 8, .box_h = 12, .ofs_x = 0, .ofs_y = 0},
    {.bitmap_index = 11570, .adv_w = 141, .box_w = 9, .box_h = 16, .ofs_x = 0, .ofs_y = 0},
    {.bitmap_index = 11632, .adv_w = 124, .box_w = 8, .box_h = 12, .ofs_x = 0, .ofs_y = 0},
    {.bitmap_index = 11680, .adv_w = 141, .box_w = 9, .box_h = 16, .ofs_x = 0, .ofs_y = -4},
    {.bitmap_index = 11741, .adv_w = 124, .box_w = 8, .box_h = 13, .ofs_x = 0, .ofs_y = -4},
    {.bitmap_index = 11791, .adv_w = 141, .box_w = 9, .box_h = 16, .ofs_x = 0, .ofs_y = 0},
    {.bitmap_index = 11853, .adv_w = 124, .box_w = 8, .box_h = 12, .ofs_x = 0, .ofs_y = 0},
    {.bitmap_index = 11900, .adv_w = 144, .box_w = 9, .box_h = 16, .ofs_x = 0, .ofs_y = -4},
    {.bitmap_index = 11931, .adv_w = 98, .box_w = 6, .box_h = 15, .ofs_x = 0, .ofs_y = -4},
    {.bitmap_index = 11969, .adv_w = 144, .box_w = 9, .box_h = 16, .ofs_x = 0, .ofs_y = 0},
    {.bitmap_index = 12003, .adv_w = 98, .box_w = 8, .box_h = 12, .ofs_x = 0, .ofs_y = 0},
    {.bitmap_index = 12038, .adv_w = 144, .box_w = 9, .box_h = 12, .ofs_x = 0, .ofs_y = 0},
    {.bitmap_index = 12074, .adv_w = 98, .box_w = 6, .box_h = 11, .ofs_x = 0, .ofs_y = 0},
    {.bitmap_index = 12107, .adv_w = 189, .box_w = 10, .box_h = 16, .ofs_x = 1, .ofs_y = 0},
    {.bitmap_index = 12151, .adv_w = 161, .box_w = 8, .box_h = 12, .ofs_x = 1, .ofs_y = 0},
    {.bitmap_index = 12184, .adv_w = 189, .box_w = 10, .box_h = 15, .ofs_x = 1, .ofs_y = 0},
    {.bitmap_index = 12221, .adv_w = 161, .box_w = 8, .box_h = 12, .ofs_x = 1, .ofs_y = 0},
    {.bitmap_index = 12249, .adv_w = 189, .box_w = 10, .box_h = 16, .ofs_x = 1, .ofs_y = 0},
    {.bitmap_index = 12295, .adv_w = 161, .box_w = 8, .box_h = 12, .ofs_x = 1, .ofs_y = 0},
    {.bitmap_index = 12327, .adv_w = 189, .box_w = 10, .box_h = 17, .ofs_x = 1, .ofs_y = 0},
    {.bitmap_index = 12371, .adv_w = 161, .box_w = 8, .box_h = 14, .ofs_x = 1, .ofs_y = 0},
    {.bitmap_index = 12407, .adv_w = 189, .box_w = 10, .box_h = 16, .ofs_x = 1, .ofs_y = 0},
    {.bitmap_index = 12453, .adv_w = 161, .box_w = 8, .box_h = 12, .ofs_x = 1, .ofs_y = 0},
    {.bitmap_index = 12486, .adv_w = 189, .box_w = 10, .box_h = 16, .ofs_x = 1, .ofs_y = -4},
    {.bitmap_index = 12528, .adv_w = 161, .box_w = 8, .box_h = 13, .ofs_x = 1, .ofs_y = -4},
    {.bitmap_index = 12560, .adv_w = 241, .box_w = 15, .box_h = 16, .ofs_x = 0, .ofs_y = 0},
    {.bitmap_index = 12667, .adv_w = 207, .box_w = 13, .box_h = 12, .ofs_x = 0, .ofs_y = 0},
    {.bitmap_index = 12740, .adv_w = 150, .box_w = 10, .box_h = 16, .ofs_x = 0, .ofs_y = 0},
    {.bitmap_index = 12795, .adv_w = 135, .box_w = 9, .box_h = 16, .ofs_x = 0, .ofs_y = -4},
    {.bitmap_index = 12860, .adv_w = 150, .box_w = 10, .box_h = 15, .ofs_x = 0, .ofs_y = 0},
    {.bitmap_index = 12911, .adv_w = 147, .box_w = 9, .box_h = 16, .ofs_x = 0, .ofs_y = 0},
    {.bitmap_index = 12967, .adv_w = 122, .box_w = 8, .box_h = 12, .ofs_x = 0, .ofs_y = 0},
    {.bitmap_index = 13010, .adv_w = 147, .box_w = 9, .box_h = 16, .ofs_x = 0, .ofs_y = 0},
    {.bitmap_index = 13063, .adv_w = 122, .box_w = 8, .box_h = 12, .ofs_x = 0, .ofs_y = 0},
    {.bitmap_index = 13102, .adv_w = 147, .box_w = 9, .box_h = 16, .ofs_x = 0, .ofs_y = 0},
    {.bitmap_index = 13161, .adv_w = 122, .box_w = 8, .box_h = 12, .ofs_x = 0, .ofs_y = 0},
    {.bitmap_index = 13206, .adv_w = 88, .box_w = 5, .box_h = 12, .ofs_x = 1, .ofs_y = 0},
    {.bitmap_index = 13219, .adv_w = 159, .box_w = 10, .box_h = 12, .ofs_x = 0, .ofs_y = 0},
    {.bitmap_index = 13272, .adv_w = 191, .box_w = 12, .box_h = 12, .ofs_x = 0, .ofs_y = 0},
    {.bitmap_index = 13333, .adv_w = 159, .box_w = 9, .box_h = 12, .ofs_x = 1, .ofs_y = 0},
    {.bitmap_index = 13373, .adv_w = 159, .box_w = 9, .box_h = 12, .ofs_x = 1, .ofs_y = 0},
    {.bitmap_index = 13422, .adv_w = 165, .box_w = 9, .box_h = 12, .ofs_x = 1, .ofs_y = 0},
    {.bitmap_index = 13456, .adv_w = 158, .box_w = 9, .box_h = 12, .ofs_x = 1, .ofs_y = 0},
    {.bitmap_index = 13499, .adv_w = 163, .box_w = 10, .box_h = 12, .ofs_x = 0, .ofs_y = 0},
    {.bitmap_index = 13547, .adv_w = 162, .box_w = 12, .box_h = 15, .ofs_x = 0, .ofs_y = 0},
    {.bitmap_index = 13610, .adv_w = 130, .box_w = 9, .box_h = 12, .ofs_x = 0, .ofs_y = 0},
    {.bitmap_index = 13656, .adv_w = 187, .box_w = 11, .box_h = 12, .ofs_x = 0, .ofs_y = 0},
    {.bitmap_index = 13711, .adv_w = 211, .box_w = 13, .box_h = 12, .ofs_x = 0, .ofs_y = 0},
    {.bitmap_index = 13767, .adv_w = 159, .box_w = 9, .box_h = 12, .ofs_x = 0, .ofs_y = 0},
    {.bitmap_index = 13808, .adv_w = 159, .box_w = 9, .box_h = 12, .ofs_x = 0, .ofs_y = 0},
    {.bitmap_index = 13858, .adv_w = 156, .box_w = 9, .box_h = 13, .ofs_x = 1, .ofs_y = -4},
    {.bitmap_index = 13915, .adv_w = 143, .box_w = 8, .box_h = 12, .ofs_x = 0, .ofs_y = 0},
    {.bitmap_index = 13945, .adv_w = 195, .box_w = 11, .box_h = 12, .ofs_x = 1, .ofs_y = 0},
    {.bitmap_index = 14002, .adv_w = 155, .box_w = 10, .box_h = 12, .ofs_x = 0, .ofs_y = 0},
    {.bitmap_index = 14060, .adv_w = 158, .box_w = 11, .box_h = 16, .ofs_x = -1, .ofs_y = -4},
    {.bitmap_index = 14102, .adv_w = 114, .box_w = 9, .box_h = 16, .ofs_x = -1, .ofs_y = -4},
    {.bitmap_index = 14145, .adv_w = 186, .box_w = 12, .box_h = 15, .ofs_x = 0, .ofs_y = 0},
    {.bitmap_index = 14214, .adv_w = 152, .box_w = 10, .box_h = 16, .ofs_x = 0, .ofs_y = -4},
    {.bitmap_index = 14282, .adv_w = 243, .box_w = 13, .box_h = 12, .ofs_x = 1, .ofs_y = 0},
    {.bitmap_index = 14328, .adv_w = 93, .box_w = 5, .box_h = 12, .ofs_x = 1, .ofs_y = 0},
    {.bitmap_index = 14341, .adv_w = 91, .box_w = 6, .box_h = 12, .ofs_x = 0, .ofs_y = 0},
    {.bitmap_index = 14370, .adv_w = 162, .box_w = 10, .box_h = 12, .ofs_x = 1, .ofs_y = 0},
    {.bitmap_index = 14415, .adv_w = 143, .box_w = 8, .box_h = 12, .ofs_x = 1, .ofs_y = 0},
    {.bitmap_index = 14454, .adv_w = 71, .box_w = 5, .box_h = 12, .ofs_x = 0, .ofs_y = 0},
    {.bitmap_index = 14471, .adv_w = 144, .box_w = 10, .box_h = 12, .ofs_x = -1, .ofs_y = 0},
    {.bitmap_index = 14524, .adv_w = 264, .box_w = 14, .box_h = 12, .ofs_x = 1, .ofs_y = 0},
    {.bitmap_index = 14565, .adv_w = 199, .box_w = 12, .box_h = 16, .ofs_x = -1, .ofs_y = -4},
    {.bitmap_index = 14626, .adv_w = 161, .box_w = 8, .box_h = 13, .ofs_x = 1, .ofs_y = -4},
    {.bitmap_index = 14652, .adv_w = 201, .box_w = 12, .box_h = 12, .ofs_x = 0, .ofs_y = 0},
    {.bitmap_index = 14716, .adv_w = 204, .box_w = 14, .box_h = 12, .ofs_x = 0, .ofs_y = 0},
    {.bitmap_index = 14787, .adv_w = 163, .box_w = 11, .box_h = 11, .ofs_x = 0, .ofs_y = 0},
    {.bitmap_index = 14843, .adv_w = 279, .box_w = 17, .box_h = 12, .ofs_x = 0, .ofs_y = 0},
    {.bitmap_index = 14921, .adv_w = 223, .box_w = 13, .box_h = 13, .ofs_x = 0, .ofs_y = -4},
    {.bitmap_index = 14981, .adv_w = 180, .box_w = 11, .box_h = 12, .ofs_x = 0, .ofs_y = 0},
    {.bitmap_index = 15026, .adv_w = 159, .box_w = 9, .box_h = 16, .ofs_x = 1, .ofs_y = -4},
    {.bitmap_index = 15081, .adv_w = 162, .box_w = 9, .box_h = 14, .ofs_x = 1, .ofs_y = -2},
    {.bitmap_index = 15131, .adv_w = 141, .box_w = 9, .box_h = 12, .ofs_x = 0, .ofs_y = 0},
    {.bitmap_index = 15180, .adv_w = 124, .box_w = 7, .box_h = 9, .ofs_x = 0, .ofs_y = 0},
    {.bitmap_index = 15212, .adv_w = 147, .box_w = 9, .box_h = 12, .ofs_x = 0, .ofs_y = 0},
    {.bitmap_index = 15254, .adv_w = 96, .box_w = 8, .box_h = 16, .ofs_x = -1, .ofs_y = -4},
    {.bitmap_index = 15283, .adv_w = 98, .box_w = 6, .box_h = 15, .ofs_x = 0, .ofs_y = -4},
    {.bitmap_index = 15319, .adv_w = 151, .box_w = 10, .box_h = 12, .ofs_x = 0, .ofs_y = 0},
    {.bitmap_index = 15341, .adv_w = 98, .box_w = 6, .box_h = 12, .ofs_x = 0, .ofs_y = 0},
    {.bitmap_index = 15371, .adv_w = 144, .box_w = 9, .box_h = 16, .ofs_x = 0, .ofs_y = -4},
    {.bitmap_index = 15400, .adv_w = 208, .box_w = 13, .box_h = 12, .ofs_x = 1, .ofs_y = 0},
    {.bitmap_index = 15443, .adv_w = 179, .box_w = 11, .box_h = 10, .ofs_x = 1, .ofs_y = 0},
    {.bitmap_index = 15478, .adv_w = 201, .box_w = 12, .box_h = 12, .ofs_x = 0, .ofs_y = 0},
    {.bitmap_index = 15544, .adv_w = 189, .box_w = 10, .box_h = 12, .ofs_x = 1, .ofs_y = 0},
    {.bitmap_index = 15594, .adv_w = 152, .box_w = 10, .box_h = 12, .ofs_x = 0, .ofs_y = 0},
    {.bitmap_index = 15632, .adv_w = 145, .box_w = 10, .box_h = 13, .ofs_x = 0, .ofs_y = -4},
    {.bitmap_index = 15688, .adv_w = 147, .box_w = 9, .box_h = 12, .ofs_x = 0, .ofs_y = 0},
    {.bitmap_index = 15735, .adv_w = 122, .box_w = 8, .box_h = 9, .ofs_x = 0, .ofs_y = 0},
    {.bitmap_index = 15770, .adv_w = 150, .box_w = 9, .box_h = 12, .ofs_x = 0, .ofs_y = 0},
    {.bitmap_index = 15817, .adv_w = 150, .box_w = 9, .box_h = 12, .ofs_x = 0, .ofs_y = 0},
    {.bitmap_index = 15864, .adv_w = 134, .box_w = 9, .box_h = 13, .ofs_x = 0, .ofs_y = -4},
    {.bitmap_index = 15914, .adv_w = 134, .box_w = 8, .box_h = 13, .ofs_x = 0, .ofs_y = -4},
    {.bitmap_index = 15962, .adv_w = 146, .box_w = 9, .box_h = 12, .ofs_x = 0, .ofs_y = 0},
    {.bitmap_index = 16012, .adv_w = 149, .box_w = 9, .box_h = 12, .ofs_x = 0, .ofs_y = 0},
    {.bitmap_index = 16055, .adv_w = 130, .box_w = 8, .box_h = 9, .ofs_x = 0, .ofs_y = 0},
    {.bitmap_index = 16088, .adv_w = 121, .box_w = 7, .box_h = 11, .ofs_x = 0, .ofs_y = 0},
    {.bitmap_index = 16125, .adv_w = 153, .box_w = 8, .box_h = 13, .ofs_x = 1, .ofs_y = -4},
    {.bitmap_index = 16166, .adv_w = 83, .box_w = 3, .box_h = 12, .ofs_x = 1, .ofs_y = 0},
    {.bitmap_index = 16171, .adv_w = 142, .box_w = 6, .box_h = 12, .ofs_x = 1, .ofs_y = 0},
    {.bitmap_index = 16178, .adv_w = 132, .box_w = 8, .box_h = 12, .ofs_x = 0, .ofs_y = 0},
    {.bitmap_index = 16208, .adv_w = 70, .box_w = 3, .box_h = 12, .ofs_x = 1, .ofs_y = 0},
    {.bitmap_index = 16227, .adv_w = 332, .box_w = 20, .box_h = 16, .ofs_x = 1, .ofs_y = 0},
    {.bitmap_index = 16343, .adv_w = 309, .box_w = 18, .box_h = 12, .ofs_x = 1, .ofs_y = 0},
    {.bitmap_index = 16432, .adv_w = 281, .box_w = 17, .box_h = 12, .ofs_x = 0, .ofs_y = 0},
    {.bitmap_index = 16519, .adv_w = 211, .box_w = 11, .box_h = 15, .ofs_x = 1, .ofs_y = -3},
    {.bitmap_index = 16550, .adv_w = 207, .box_w = 11, .box_h = 16, .ofs_x = 1, .ofs_y = -4},
    {.bitmap_index = 16588, .adv_w = 139, .box_w = 7, .box_h = 16, .ofs_x = 1, .ofs_y = -4},
    {.bitmap_index = 16613, .adv_w = 273, .box_w = 15, .box_h = 15, .ofs_x = 1, .ofs_y = -3},
    {.bitmap_index = 16687, .adv_w = 268, .box_w = 15, .box_h = 16, .ofs_x = 1, .ofs_y = -4},
    {.bitmap_index = 16766, .adv_w = 231, .box_w = 13, .box_h = 16, .ofs_x = 1, .ofs_y = -4},
    {.bitmap_index = 16817, .adv_w = 168, .box_w = 11, .box_h = 16, .ofs_x = 0, .ofs_y = 0},
    {.bitmap_index = 16889, .adv_w = 146, .box_w = 8, .box_h = 12, .ofs_x = 0, .ofs_y = 0},
    {.bitmap_index = 16937, .adv_w = 91, .box_w = 7, .box_h = 16, .ofs_x = -1, .ofs_y = 0},
    {.bitmap_index = 16970, .adv_w = 69, .box_w = 7, .box_h = 12, .ofs_x = -1, .ofs_y = 0},
    {.bitmap_index = 16986, .adv_w = 201, .box_w = 12, .box_h = 16, .ofs_x = 0, .ofs_y = 0},
    {.bitmap_index = 17067, .adv_w = 156, .box_w = 9, .box_h = 12, .ofs_x = 0, .ofs_y = 0},
    {.bitmap_index = 17120, .adv_w = 189, .box_w = 10, .box_h = 16, .ofs_x = 1, .ofs_y = 0},
    {.bitmap_index = 17165, .adv_w = 161, .box_w = 8, .box_h = 12, .ofs_x = 1, .ofs_y = 0},
    {.bitmap_index = 17197, .adv_w = 189, .box_w = 10, .box_h = 18, .ofs_x = 1, .ofs_y = 0},
    {.bitmap_index = 17247, .adv_w = 161, .box_w = 8, .box_h = 15, .ofs_x = 1, .ofs_y = 0},
    {.bitmap_index = 17288, .adv_w = 189, .box_w = 10, .box_h = 18, .ofs_x = 1, .ofs_y = 0},
    {.bitmap_index = 17339, .adv_w = 161, .box_w = 8, .box_h = 15, .ofs_x = 1, .ofs_y = 0},
    {.bitmap_index = 17381, .adv_w = 189, .box_w = 10, .box_h = 18, .ofs_x = 1, .ofs_y = 0},
    {.bitmap_index = 17435, .adv_w = 161, .box_w = 8, .box_h = 15, .ofs_x = 1, .ofs_y = 0},
    {.bitmap_index = 17479, .adv_w = 189, .box_w = 10, .box_h = 18, .ofs_x = 1, .ofs_y = 0},
    {.bitmap_index = 17530, .adv_w = 161, .box_w = 8, .box_h = 15, .ofs_x = 1, .ofs_y = 0},
    {.bitmap_index = 17571, .adv_w = 147, .box_w = 9, .box_h = 9, .ofs_x = 0, .ofs_y = 0},
    {.bitmap_index = 17609, .adv_w = 168, .box_w = 11, .box_h = 18, .ofs_x = 0, .ofs_y = 0},
    {.bitmap_index = 17686, .adv_w = 146, .box_w = 8, .box_h = 15, .ofs_x = 0, .ofs_y = 0},
    {.bitmap_index = 17740, .adv_w = 168, .box_w = 11, .box_h = 17, .ofs_x = 0, .ofs_y = 0},
    {.bitmap_index = 17812, .adv_w = 146, .box_w = 8, .box_h = 15, .ofs_x = 0, .ofs_y = 0},
    {.bitmap_index = 17865, .adv_w = 231, .box_w = 15, .box_h = 15, .ofs_x = -1, .ofs_y = 0},
    {.bitmap_index = 17943, .adv_w = 225, .box_w = 14, .box_h = 12, .ofs_x = 0, .ofs_y = 0},
    {.bitmap_index = 18015, .adv_w = 186, .box_w = 12, .box_h = 12, .ofs_x = 0, .ofs_y = 0},
    {.bitmap_index = 18081, .adv_w = 159, .box_w = 10, .box_h = 13, .ofs_x = 0, .ofs_y = -4},
    {.bitmap_index = 18142, .adv_w = 186, .box_w = 11, .box_h = 16, .ofs_x = 0, .ofs_y = 0},
    {.bitmap_index = 18215, .adv_w = 159, .box_w = 9, .box_h = 16, .ofs_x = 0, .ofs_y = -4},
    {.bitmap_index = 18283, .adv_w = 162, .box_w = 10, .box_h = 16, .ofs_x = 1, .ofs_y = 0},
    {.bitmap_index = 18345, .adv_w = 143, .box_w = 10, .box_h = 16, .ofs_x = -1, .ofs_y = 0},
    {.bitmap_index = 18396, .adv_w = 201, .box_w = 12, .box_h = 16, .ofs_x = 0, .ofs_y = -4},
    {.bitmap_index = 18475, .adv_w = 156, .box_w = 9, .box_h = 13, .ofs_x = 0, .ofs_y = -4},
    {.bitmap_index = 18531, .adv_w = 201, .box_w = 12, .box_h = 19, .ofs_x = 0, .ofs_y = -4},
    {.bitmap_index = 18620, .adv_w = 156, .box_w = 9, .box_h = 16, .ofs_x = 0, .ofs_y = -4},
    {.bitmap_index = 18684, .adv_w = 150, .box_w = 9, .box_h = 16, .ofs_x = 0, .ofs_y = 0},
    {.bitmap_index = 18748, .adv_w = 134, .box_w = 8, .box_h = 16, .ofs_x = 0, .ofs_y = -4},
    {.bitmap_index = 18807, .adv_w = 69, .box_w = 7, .box_h = 16, .ofs_x = -1, .ofs_y = -4},
    {.bitmap_index = 18829, .adv_w = 332, .box_w = 20, .box_h = 12, .ofs_x = 1, .ofs_y = 0},
    {.bitmap_index = 18920, .adv_w = 309, .box_w = 18, .box_h = 12, .ofs_x = 1, .ofs_y = 0},
    {.bitmap_index = 19002, .adv_w = 281, .box_w = 17, .box_h = 12, .ofs_x = 0, .ofs_y = 0},
    {.bitmap_index = 19075, .adv_w = 186, .box_w = 11, .box_h = 16, .ofs_x = 0, .ofs_y = 0},
    {.bitmap_index = 19144, .adv_w = 159, .box_w = 9, .box_h = 16, .ofs_x = 0, .ofs_y = -4},
    {.bitmap_index = 19210, .adv_w = 248, .box_w = 14, .box_h = 12, .ofs_x = 1, .ofs_y = 0},
    {.bitmap_index = 19251, .adv_w = 170, .box_w = 9, .box_h = 16, .ofs_x = 1, .ofs_y = -4},
    {.bitmap_index = 19304, .adv_w = 198, .box_w = 10, .box_h = 16, .ofs_x = 1, .ofs_y = 0},
    {.bitmap_index = 19361, .adv_w = 161, .box_w = 8, .box_h = 12, .ofs_x = 1, .ofs_y = 0},
    {.bitmap_index = 19393, .adv_w = 168, .box_w = 11, .box_h = 16, .ofs_x = 0, .ofs_y = 0},
    {.bitmap_index = 19463, .adv_w = 146, .box_w = 8, .box_h = 16, .ofs_x = 0, .ofs_y = 0},
    {.bitmap_index = 19520, .adv_w = 231, .box_w = 15, .box_h = 16, .ofs_x = -1, .ofs_y = 0},
    {.bitmap_index = 19602, .adv_w = 225, .box_w = 14, .box_h = 12, .ofs_x = 0, .ofs_y = 0},
    {.bitmap_index = 19675, .adv_w = 201, .box_w = 12, .box_h = 17, .ofs_x = 0, .ofs_y = -1},
    {.bitmap_index = 19768, .adv_w = 156, .box_w = 9, .box_h = 13, .ofs_x = 0, .ofs_y = -1},
    {.bitmap_index = 19825, .adv_w = 168, .box_w = 11, .box_h = 16, .ofs_x = 0, .ofs_y = 0},
    {.bitmap_index = 19897, .adv_w = 146, .box_w = 8, .box_h = 12, .ofs_x = 0, .ofs_y = 0},
    {.bitmap_index = 19944, .adv_w = 168, .box_w = 11, .box_h = 16, .ofs_x = 0, .ofs_y = 0},
    {.bitmap_index = 20014, .adv_w = 146, .box_w = 8, .box_h = 12, .ofs_x = 0, .ofs_y = 0},
    {.bitmap_index = 20061, .adv_w = 143, .box_w = 7, .box_h = 16, .ofs_x = 1, .ofs_y = 0},
    {.bitmap_index = 20105, .adv_w = 147, .box_w = 9, .box_h = 12, .ofs_x = 0, .ofs_y = 0},
    {.bitmap_index = 20157, .adv_w = 143, .box_w = 7, .box_h = 16, .ofs_x = 1, .ofs_y = 0},
    {.bitmap_index = 20199, .adv_w = 147, .box_w = 9, .box_h = 12, .ofs_x = 0, .ofs_y = 0},
    {.bitmap_index = 20251, .adv_w = 91, .box_w = 7, .box_h = 16, .ofs_x = -1, .ofs_y = 0},
    {.bitmap_index = 20285, .adv_w = 69, .box_w = 7, .box_h = 12, .ofs_x = -2, .ofs_y = 0},
    {.bitmap_index = 20303, .adv_w = 91, .box_w = 6, .box_h = 16, .ofs_x = 0, .ofs_y = 0},
    {.bitmap_index = 20331, .adv_w = 69, .box_w = 6, .box_h = 12, .ofs_x = -1, .ofs_y = 0},
    {.bitmap_index = 20347, .adv_w = 201, .box_w = 12, .box_h = 16, .ofs_x = 0, .ofs_y = 0},
    {.bitmap_index = 20429, .adv_w = 156, .box_w = 9, .box_h = 12, .ofs_x = 0, .ofs_y = 0},
    {.bitmap_index = 20481, .adv_w = 201, .box_w = 12, .box_h = 16, .ofs_x = 0, .ofs_y = 0},
    {.bitmap_index = 20559, .adv_w = 156, .box_w = 9, .box_h = 12, .ofs_x = 0, .ofs_y = 0},
    {.bitmap_index = 20612, .adv_w = 162, .box_w = 9, .box_h = 16, .ofs_x = 1, .ofs_y = 0},
    {.bitmap_index = 20674, .adv_w = 108, .box_w = 7, .box_h = 12, .ofs_x = 0, .ofs_y = 0},
    {.bitmap_index = 20703, .adv_w = 162, .box_w = 9, .box_h = 16, .ofs_x = 1, .ofs_y = 0},
    {.bitmap_index = 20762, .adv_w = 108, .box_w = 6, .box_h = 12, .ofs_x = 1, .ofs_y = 0},
    {.bitmap_index = 20787, .adv_w = 189, .box_w = 10, .box_h = 16, .ofs_x = 1, .ofs_y = 0},
    {.bitmap_index = 20831, .adv_w = 161, .box_w = 8, .box_h = 12, .ofs_x = 1, .ofs_y = 0},
    {.bitmap_index = 20863, .adv_w = 189, .box_w = 10, .box_h = 16, .ofs_x = 1, .ofs_y = 0},
    {.bitmap_index = 20906, .adv_w = 161, .box_w = 8, .box_h = 12, .ofs_x = 1, .ofs_y = 0},
    {.bitmap_index = 20937, .adv_w = 141, .box_w = 9, .box_h = 16, .ofs_x = 0, .ofs_y = -4},
    {.bitmap_index = 20996, .adv_w = 124, .box_w = 8, .box_h = 13, .ofs_x = 0, .ofs_y = -4},
    {.bitmap_index = 21044, .adv_w = 144, .box_w = 9, .box_h = 16, .ofs_x = 0, .ofs_y = -4},
    {.bitmap_index = 21074, .adv_w = 98, .box_w = 6, .box_h = 15, .ofs_x = 0, .ofs_y = -4},
    {.bitmap_index = 21112, .adv_w = 151, .box_w = 9, .box_h = 15, .ofs_x = 0, .ofs_y = -3},
    {.bitmap_index = 21173, .adv_w = 128, .box_w = 8, .box_h = 13, .ofs_x = 0, .ofs_y = -4},
    {.bitmap_index = 21221, .adv_w = 191, .box_w = 10, .box_h = 16, .ofs_x = 1, .ofs_y = 0},
    {.bitmap_index = 21260, .adv_w = 161, .box_w = 10, .box_h = 16, .ofs_x = -1, .ofs_y = 0},
    {.bitmap_index = 21302, .adv_w = 191, .box_w = 10, .box_h = 16, .ofs_x = 1, .ofs_y = -4},
    {.bitmap_index = 21336, .adv_w = 221, .box_w = 14, .box_h = 15, .ofs_x = 0, .ofs_y = -3},
    {.bitmap_index = 21409, .adv_w = 178, .box_w = 11, .box_h = 12, .ofs_x = 0, .ofs_y = 0},
    {.bitmap_index = 21471, .adv_w = 155, .box_w = 9, .box_h = 12, .ofs_x = 0, .ofs_y = 0},
    {.bitmap_index = 21520, .adv_w = 147, .box_w = 9, .box_h = 16, .ofs_x = 0, .ofs_y = -4},
    {.bitmap_index = 21575, .adv_w = 122, .box_w = 8, .box_h = 13, .ofs_x = 0, .ofs_y = -4},
    {.bitmap_index = 21619, .adv_w = 168, .box_w = 11, .box_h = 16, .ofs_x = 0, .ofs_y = 0},
    {.bitmap_index = 21683, .adv_w = 146, .box_w = 8, .box_h = 12, .ofs_x = 0, .ofs_y = 0},
    {.bitmap_index = 21726, .adv_w = 143, .box_w = 7, .box_h = 16, .ofs_x = 1, .ofs_y = -4},
    {.bitmap_index = 21768, .adv_w = 147, .box_w = 9, .box_h = 13, .ofs_x = 0, .ofs_y = -4},
    {.bitmap_index = 21823, .adv_w = 201, .box_w = 12, .box_h = 18, .ofs_x = 0, .ofs_y = 0},
    {.bitmap_index = 21909, .adv_w = 156, .box_w = 9, .box_h = 15, .ofs_x = 0, .ofs_y = 0},
    {.bitmap_index = 21970, .adv_w = 201, .box_w = 12, .box_h = 18, .ofs_x = 0, .ofs_y = 0},
    {.bitmap_index = 22056, .adv_w = 156, .box_w = 9, .box_h = 15, .ofs_x = 0, .ofs_y = 0},
    {.bitmap_index = 22118, .adv_w = 201, .box_w = 12, .box_h = 16, .ofs_x = 0, .ofs_y = 0},
    {.bitmap_index = 22191, .adv_w = 156, .box_w = 9, .box_h = 12, .ofs_x = 0, .ofs_y = 0},
    {.bitmap_index = 22238, .adv_w = 201, .box_w = 12, .box_h = 18, .ofs_x = 0, .ofs_y = 0},
    {.bitmap_index = 22322, .adv_w = 156, .box_w = 9, .box_h = 15, .ofs_x = 0, .ofs_y = 0},
    {.bitmap_index = 22381, .adv_w = 150, .box_w = 10, .box_h = 15, .ofs_x = 0, .ofs_y = 0},
    {.bitmap_index = 22430, .adv_w = 135, .box_w = 9, .box_h = 16, .ofs_x = 0, .ofs_y = -4},
    {.bitmap_index = 22491, .adv_w = 102, .box_w = 7, .box_h = 13, .ofs_x = 0, .ofs_y = -1},
    {.bitmap_index = 22512, .adv_w = 193, .box_w = 11, .box_h = 10, .ofs_x = 1, .ofs_y = -1},
    {.bitmap_index = 22556, .adv_w = 104, .box_w = 7, .box_h = 12, .ofs_x = 0, .ofs_y = -1},
    {.bitmap_index = 22591, .adv_w = 69, .box_w = 5, .box_h = 13, .ofs_x = -1, .ofs_y = -4},
    {.bitmap_index = 22602, .adv_w = 248, .box_w = 15, .box_h = 12, .ofs_x = 0, .ofs_y = 0},
    {.bitmap_index = 22675, .adv_w = 248, .box_w = 15, .box_h = 13, .ofs_x = 0, .ofs_y = -4},
    {.bitmap_index = 22753, .adv_w = 168, .box_w = 11, .box_h = 13, .ofs_x = 0, .ofs_y = -1},
    {.bitmap_index = 22818, .adv_w = 162, .box_w = 10, .box_h = 13, .ofs_x = 0, .ofs_y = -1},
    {.bitmap_index = 22880, .adv_w = 125, .box_w = 8, .box_h = 15, .ofs_x = 0, .ofs_y = -3},
    {.bitmap_index = 22935, .adv_w = 137, .box_w = 9, .box_h = 12, .ofs_x = 0, .ofs_y = 0},
    {.bitmap_index = 22965, .adv_w = 145, .box_w = 9, .box_h = 13, .ofs_x = 0, .ofs_y = -1},
    {.bitmap_index = 23007, .adv_w = 124, .box_w = 8, .box_h = 13, .ofs_x = 0, .ofs_y = -4},
    {.bitmap_index = 23057, .adv_w = 122, .box_w = 8, .box_h = 13, .ofs_x = 0, .ofs_y = -4},
    {.bitmap_index = 23102, .adv_w = 118, .box_w = 7, .box_h = 12, .ofs_x = 0, .ofs_y = 0},
    {.bitmap_index = 23135, .adv_w = 116, .box_w = 7, .box_h = 9, .ofs_x = 0, .ofs_y = 0},
    {.bitmap_index = 23165, .adv_w = 167, .box_w = 10, .box_h = 12, .ofs_x = 0, .ofs_y = 0},
    {.bitmap_index = 23221, .adv_w = 189, .box_w = 12, .box_h = 12, .ofs_x = 0, .ofs_y = 0},
    {.bitmap_index = 23271, .adv_w = 160, .box_w = 11, .box_h = 12, .ofs_x = 0, .ofs_y = 0},
    {.bitmap_index = 23328, .adv_w = 143, .box_w = 7, .box_h = 14, .ofs_x = 1, .ofs_y = -2},
    {.bitmap_index = 23372, .adv_w = 146, .box_w = 9, .box_h = 11, .ofs_x = 0, .ofs_y = -1},
    {.bitmap_index = 23421, .adv_w = 74, .box_w = 7, .box_h = 15, .ofs_x = -2, .ofs_y = -3},
    {.bitmap_index = 23450, .adv_w = 70, .box_w = 6, .box_h = 16, .ofs_x = -1, .ofs_y = -4},
    {.bitmap_index = 23485, .adv_w = 197, .box_w = 13, .box_h = 16, .ofs_x = 0, .ofs_y = -4},
    {.bitmap_index = 23557, .adv_w = 159, .box_w = 11, .box_h = 13, .ofs_x = 0, .ofs_y = -4},
    {.bitmap_index = 23615, .adv_w = 162, .box_w = 10, .box_h = 12, .ofs_x = 0, .ofs_y = 0},
    {.bitmap_index = 23664, .adv_w = 108, .box_w = 7, .box_h = 10, .ofs_x = 0, .ofs_y = 0},
    {.bitmap_index = 23693, .adv_w = 150, .box_w = 10, .box_h = 12, .ofs_x = 0, .ofs_y = 0},
    {.bitmap_index = 23732, .adv_w = 135, .box_w = 9, .box_h = 13, .ofs_x = 0, .ofs_y = -4},
    {.bitmap_index = 23784, .adv_w = 116, .box_w = 6, .box_h = 12, .ofs_x = 1, .ofs_y = 0},
    {.bitmap_index = 23801, .adv_w = 99, .box_w = 5, .box_h = 9, .ofs_x = 1, .ofs_y = 0},
    {.bitmap_index = 23817, .adv_w = 177, .box_w = 11, .box_h = 12, .ofs_x = 0, .ofs_y = 0},
    {.bitmap_index = 23844, .adv_w = 170, .box_w = 9, .box_h = 12, .ofs_x = 1, .ofs_y = 0},
    {.bitmap_index = 23867, .adv_w = 49, .box_w = 4, .box_h = 4, .ofs_x = 0, .ofs_y = 8},
    {.bitmap_index = 23876, .adv_w = 49, .box_w = 4, .box_h = 4, .ofs_x = -1, .ofs_y = -3},
    {.bitmap_index = 23885, .adv_w = 201, .box_w = 11, .box_h = 12, .ofs_x = 1, .ofs_y = 0},
    {.bitmap_index = 23929, .adv_w = 170, .box_w = 9, .box_h = 9, .ofs_x = 1, .ofs_y = 0},
    {.bitmap_index = 23961, .adv_w = 66, .box_w = 3, .box_h = 4, .ofs_x = 1, .ofs_y = -5},
    {.bitmap_index = 23968, .adv_w = 125, .box_w = 7, .box_h = 9, .ofs_x = 0, .ofs_y = 0},
    {.bitmap_index = 23997, .adv_w = 126, .box_w = 8, .box_h = 9, .ofs_x = 0, .ofs_y = 0},
    {.bitmap_index = 24032, .adv_w = 125, .box_w = 7, .box_h = 9, .ofs_x = 0, .ofs_y = 0},
    {.bitmap_index = 24062, .adv_w = 70, .box_w = 4, .box_h = 12, .ofs_x = 0, .ofs_y = -3},
    {.bitmap_index = 24083, .adv_w = 74, .box_w = 6, .box_h = 15, .ofs_x = -2, .ofs_y = -3},
    {.bitmap_index = 24099, .adv_w = 64, .box_w = 4, .box_h = 3, .ofs_x = 0, .ofs_y = 10},
    {.bitmap_index = 24105, .adv_w = 177, .box_w = 7, .box_h = 3, .ofs_x = 2, .ofs_y = 10},
    {.bitmap_index = 24116, .adv_w = 188, .box_w = 12, .box_h = 12, .ofs_x = 0, .ofs_y = 0},
    {.bitmap_index = 24180, .adv_w = 70, .box_w = 3, .box_h = 3, .ofs_x = 1, .ofs_y = 6},
    {.bitmap_index = 24185, .adv_w = 189, .box_w = 11, .box_h = 12, .ofs_x = 0, .ofs_y = 0},
    {.bitmap_index = 24223, .adv_w = 238, .box_w = 14, .box_h = 12, .ofs_x = 0, .ofs_y = 0},
    {.bitmap_index = 24255, .adv_w = 143, .box_w = 9, .box_h = 12, .ofs_x = 0, .ofs_y = 0},
    {.bitmap_index = 24279, .adv_w = 235, .box_w = 14, .box_h = 12, .ofs_x = 0, .ofs_y = 0},
    {.bitmap_index = 24350, .adv_w = 208, .box_w = 14, .box_h = 12, .ofs_x = 0, .ofs_y = 0},
    {.bitmap_index = 24401, .adv_w = 222, .box_w = 14, .box_h = 12, .ofs_x = 0, .ofs_y = 0},
    {.bitmap_index = 24479, .adv_w = 90, .box_w = 8, .box_h = 12, .ofs_x = -1, .ofs_y = 0},
    {.bitmap_index = 24506, .adv_w = 168, .box_w = 11, .box_h = 12, .ofs_x = 0, .ofs_y = 0},
    {.bitmap_index = 24560, .adv_w = 167, .box_w = 9, .box_h = 12, .ofs_x = 1, .ofs_y = 0},
    {.bitmap_index = 24610, .adv_w = 130, .box_w = 7, .box_h = 12, .ofs_x = 1, .ofs_y = 0},
    {.bitmap_index = 24623, .adv_w = 166, .box_w = 11, .box_h = 12, .ofs_x = 0, .ofs_y = 0},
    {.bitmap_index = 24679, .adv_w = 143, .box_w = 7, .box_h = 12, .ofs_x = 1, .ofs_y = 0},
    {.bitmap_index = 24708, .adv_w = 147, .box_w = 9, .box_h = 12, .ofs_x = 0, .ofs_y = 0},
    {.bitmap_index = 24750, .adv_w = 191, .box_w = 10, .box_h = 12, .ofs_x = 1, .ofs_y = 0},
    {.bitmap_index = 24771, .adv_w = 201, .box_w = 12, .box_h = 12, .ofs_x = 0, .ofs_y = 0},
    {.bitmap_index = 24837, .adv_w = 91, .box_w = 6, .box_h = 12, .ofs_x = 0, .ofs_y = 0},
    {.bitmap_index = 24854, .adv_w = 162, .box_w = 10, .box_h = 12, .ofs_x = 1, .ofs_y = 0},
    {.bitmap_index = 24899, .adv_w = 160, .box_w = 11, .box_h = 12, .ofs_x = 0, .ofs_y = 0},
    {.bitmap_index = 24956, .adv_w = 235, .box_w = 13, .box_h = 12, .ofs_x = 1, .ofs_y = 0},
    {.bitmap_index = 25015, .adv_w = 198, .box_w = 10, .box_h = 12, .ofs_x = 1, .ofs_y = 0},
    {.bitmap_index = 25058, .adv_w = 160, .box_w = 10, .box_h = 12, .ofs_x = 0, .ofs_y = 0},
    {.bitmap_index = 25090, .adv_w = 201, .box_w = 12, .box_h = 12, .ofs_x = 0, .ofs_y = 0},
    {.bitmap_index = 25153, .adv_w = 189, .box_w = 10, .box_h = 12, .ofs_x = 1, .ofs_y = 0},
    {.bitmap_index = 25170, .adv_w = 156, .box_w = 8, .box_h = 12, .ofs_x = 1, .ofs_y = 0},
    {.bitmap_index = 25205, .adv_w = 147, .box_w = 9, .box_h = 12, .ofs_x = 0, .ofs_y = 0},
    {.bitmap_index = 25247, .adv_w = 144, .box_w = 9, .box_h = 12, .ofs_x = 0, .ofs_y = 0},
    {.bitmap_index = 25264, .adv_w = 150, .box_w = 10, .box_h = 12, .ofs_x = 0, .ofs_y = 0},
    {.bitmap_index = 25302, .adv_w = 220, .box_w = 13, .box_h = 12, .ofs_x = 0, .ofs_y = 0},
    {.bitmap_index = 25368, .adv_w = 156, .box_w = 10, .box_h = 12, .ofs_x = 0, .ofs_y = 0},
    {.bitmap_index = 25423, .adv_w = 215, .box_w = 11, .box_h = 12, .ofs_x = 1, .ofs_y = 0},
    {.bitmap_index = 25468, .adv_w = 187, .box_w = 12, .box_h = 12, .ofs_x = 0, .ofs_y = 0},
    {.bitmap_index = 25533, .adv_w = 91, .box_w = 6, .box_h = 15, .ofs_x = 0, .ofs_y = 0},
    {.bitmap_index = 25559, .adv_w = 150, .box_w = 10, .box_h = 15, .ofs_x = 0, .ofs_y = 0},
    {.bitmap_index = 25610, .adv_w = 162, .box_w = 10, .box_h = 12, .ofs_x = 0, .ofs_y = 0},
    {.bitmap_index = 25663, .adv_w = 123, .box_w = 8, .box_h = 12, .ofs_x = 0, .ofs_y = 0},
    {.bitmap_index = 25709, .adv_w = 158, .box_w = 8, .box_h = 16, .ofs_x = 1, .ofs_y = -4},
    {.bitmap_index = 25745, .adv_w = 90, .box_w = 5, .box_h = 12, .ofs_x = 1, .ofs_y = 0},
    {.bitmap_index = 25765, .adv_w = 156, .box_w = 8, .box_h = 12, .ofs_x = 1, .ofs_y = 0},
    {.bitmap_index = 25809, .adv_w = 162, .box_w = 10, .box_h = 9, .ofs_x = 0, .ofs_y = 0},
    {.bitmap_index = 25852, .adv_w = 158, .box_w = 9, .box_h = 16, .ofs_x = 1, .ofs_y = -4},
    {.bitmap_index = 25907, .adv_w = 136, .box_w = 8, .box_h = 13, .ofs_x = 0, .ofs_y = -4},
    {.bitmap_index = 25950, .adv_w = 152, .box_w = 9, .box_h = 12, .ofs_x = 0, .ofs_y = 0},
    {.bitmap_index = 26004, .adv_w = 123, .box_w = 8, .box_h = 9, .ofs_x = 0, .ofs_y = 0},
    {.bitmap_index = 26040, .adv_w = 120, .box_w = 8, .box_h = 16, .ofs_x = 0, .ofs_y = -4},
    {.bitmap_index = 26095, .adv_w = 158, .box_w = 8, .box_h = 13, .ofs_x = 1, .ofs_y = -4},
    {.bitmap_index = 26121, .adv_w = 154, .box_w = 9, .box_h = 12, .ofs_x = 0, .ofs_y = 0},
    {.bitmap_index = 26173, .adv_w = 90, .box_w = 5, .box_h = 9, .ofs_x = 1, .ofs_y = 0},
    {.bitmap_index = 26185, .adv_w = 143, .box_w = 8, .box_h = 9, .ofs_x = 1, .ofs_y = 0},
    {.bitmap_index = 26216, .adv_w = 137, .box_w = 9, .box_h = 12, .ofs_x = 0, .ofs_y = 0},
    {.bitmap_index = 26264, .adv_w = 164, .box_w = 9, .box_h = 13, .ofs_x = 1, .ofs_y = -4},
    {.bitmap_index = 26293, .adv_w = 136, .box_w = 8, .box_h = 9, .ofs_x = 0, .ofs_y = 0},
    {.bitmap_index = 26328, .adv_w = 128, .box_w = 8, .box_h = 16, .ofs_x = 0, .ofs_y = -4},
    {.bitmap_index = 26386, .adv_w = 156, .box_w = 9, .box_h = 9, .ofs_x = 0, .ofs_y = 0},
    {.bitmap_index = 26426, .adv_w = 174, .box_w = 11, .box_h = 9, .ofs_x = 0, .ofs_y = 0},
    {.bitmap_index = 26449, .adv_w = 155, .box_w = 8, .box_h = 13, .ofs_x = 1, .ofs_y = -4},
    {.bitmap_index = 26491, .adv_w = 127, .box_w = 8, .box_h = 13, .ofs_x = 0, .ofs_y = -4},
    {.bitmap_index = 26537, .adv_w = 160, .box_w = 10, .box_h = 9, .ofs_x = 0, .ofs_y = 0},
    {.bitmap_index = 26582, .adv_w = 130, .box_w = 8, .box_h = 9, .ofs_x = 0, .ofs_y = 0},
    {.bitmap_index = 26606, .adv_w = 156, .box_w = 8, .box_h = 9, .ofs_x = 1, .ofs_y = 0},
    {.bitmap_index = 26638, .adv_w = 192, .box_w = 12, .box_h = 16, .ofs_x = 0, .ofs_y = -4},
    {.bitmap_index = 26701, .adv_w = 154, .box_w = 10, .box_h = 13, .ofs_x = 0, .ofs_y = -4},
    {.bitmap_index = 26760, .adv_w = 198, .box_w = 11, .box_h = 16, .ofs_x = 1, .ofs_y = -4},
    {.bitmap_index = 26810, .adv_w = 210, .box_w = 13, .box_h = 9, .ofs_x = 0, .ofs_y = 0},
    {.bitmap_index = 26864, .adv_w = 90, .box_w = 7, .box_h = 12, .ofs_x = -1, .ofs_y = 0},
    {.bitmap_index = 26888, .adv_w = 156, .box_w = 8, .box_h = 12, .ofs_x = 1, .ofs_y = 0},
    {.bitmap_index = 26931, .adv_w = 156, .box_w = 9, .box_h = 12, .ofs_x = 0, .ofs_y = 0},
    {.bitmap_index = 26981, .adv_w = 156, .box_w = 8, .box_h = 12, .ofs_x = 1, .ofs_y = 0},
    {.bitmap_index = 27023, .adv_w = 210, .box_w = 13, .box_h = 12, .ofs_x = 0, .ofs_y = 0},
    {.bitmap_index = 27089, .adv_w = 162, .box_w = 10, .box_h = 16, .ofs_x = 1, .ofs_y = -4},
    {.bitmap_index = 27153, .adv_w = 165, .box_w = 9, .box_h = 12, .ofs_x = 1, .ofs_y = 0},
    {.bitmap_index = 27207, .adv_w = 168, .box_w = 11, .box_h = 12, .ofs_x = 0, .ofs_y = 0},
    {.bitmap_index = 27270, .adv_w = 156, .box_w = 10, .box_h = 12, .ofs_x = 0, .ofs_y = 0},
    {.bitmap_index = 27308, .adv_w = 215, .box_w = 14, .box_h = 12, .ofs_x = 0, .ofs_y = 0},
    {.bitmap_index = 27357, .adv_w = 156, .box_w = 10, .box_h = 15, .ofs_x = 0, .ofs_y = 0},
    {.bitmap_index = 27409, .adv_w = 192, .box_w = 12, .box_h = 16, .ofs_x = 0, .ofs_y = -4},
    {.bitmap_index = 27472, .adv_w = 231, .box_w = 15, .box_h = 9, .ofs_x = 0, .ofs_y = 0},
    {.bitmap_index = 27531, .adv_w = 143, .box_w = 8, .box_h = 13, .ofs_x = 1, .ofs_y = -4},
    {.bitmap_index = 27579, .adv_w = 197, .box_w = 12, .box_h = 12, .ofs_x = 0, .ofs_y = 0},
    {.bitmap_index = 27639, .adv_w = 156, .box_w = 9, .box_h = 13, .ofs_x = 0, .ofs_y = -4},
    {.bitmap_index = 27687, .adv_w = 163, .box_w = 10, .box_h = 12, .ofs_x = 0, .ofs_y = 0},
    {.bitmap_index = 27732, .adv_w = 125, .box_w = 8, .box_h = 13, .ofs_x = 0, .ofs_y = -4},
    {.bitmap_index = 27781, .adv_w = 134, .box_w = 7, .box_h = 12, .ofs_x = 1, .ofs_y = 0},
    {.bitmap_index = 27811, .adv_w = 135, .box_w = 7, .box_h = 13, .ofs_x = 1, .ofs_y = -4},
    {.bitmap_index = 27840, .adv_w = 127, .box_w = 9, .box_h = 12, .ofs_x = -1, .ofs_y = 0},
    {.bitmap_index = 27880, .adv_w = 142, .box_w = 9, .box_h = 16, .ofs_x = 0, .ofs_y = -4},
    {.bitmap_index = 27938, .adv_w = 152, .box_w = 10, .box_h = 12, .ofs_x = -1, .ofs_y = 0},
    {.bitmap_index = 27991, .adv_w = 132, .box_w = 10, .box_h = 17, .ofs_x = -2, .ofs_y = -4},
    {.bitmap_index = 28059, .adv_w = 173, .box_w = 11, .box_h = 9, .ofs_x = 0, .ofs_y = 0},
    {.bitmap_index = 28107, .adv_w = 155, .box_w = 8, .box_h = 13, .ofs_x = 1, .ofs_y = -4},
    {.bitmap_index = 28157, .adv_w = 126, .box_w = 8, .box_h = 9, .ofs_x = 0, .ofs_y = 0},
    {.bitmap_index = 28190, .adv_w = 69, .box_w = 5, .box_h = 16, .ofs_x = -1, .ofs_y = -4},
    {.bitmap_index = 28206, .adv_w = 201, .box_w = 12, .box_h = 12, .ofs_x = 0, .ofs_y = 0},
    {.bitmap_index = 28270, .adv_w = 129, .box_w = 8, .box_h = 9, .ofs_x = 0, .ofs_y = 0},
    {.bitmap_index = 28306, .adv_w = 128, .box_w = 8, .box_h = 9, .ofs_x = 0, .ofs_y = 0},
    {.bitmap_index = 28342, .adv_w = 157, .box_w = 9, .box_h = 12, .ofs_x = 1, .ofs_y = 0},
    {.bitmap_index = 28384, .adv_w = 159, .box_w = 9, .box_h = 16, .ofs_x = 1, .ofs_y = -4},
    {.bitmap_index = 28433, .adv_w = 163, .box_w = 10, .box_h = 12, .ofs_x = 0, .ofs_y = 0},
    {.bitmap_index = 28479, .adv_w = 235, .box_w = 13, .box_h = 12, .ofs_x = 1, .ofs_y = 0},
    {.bitmap_index = 28526, .adv_w = 193, .box_w = 10, .box_h = 13, .ofs_x = 1, .ofs_y = -4},
    {.bitmap_index = 28563, .adv_w = 156, .box_w = 9, .box_h = 13, .ofs_x = 0, .ofs_y = -4},
    {.bitmap_index = 28617, .adv_w = 163, .box_w = 10, .box_h = 12, .ofs_x = 0, .ofs_y = 0},
    {.bitmap_index = 28665, .adv_w = 163, .box_w = 10, .box_h = 12, .ofs_x = 0, .ofs_y = 0},
    {.bitmap_index = 28719, .adv_w = 163, .box_w = 10, .box_h = 12, .ofs_x = 0, .ofs_y = 0},
    {.bitmap_index = 28774, .adv_w = 143, .box_w = 7, .box_h = 16, .ofs_x = 1, .ofs_y = 0},
    {.bitmap_index = 28815, .adv_w = 143, .box_w = 7, .box_h = 15, .ofs_x = 1, .ofs_y = 0},
    {.bitmap_index = 28852, .adv_w = 187, .box_w = 11, .box_h = 12, .ofs_x = 0, .ofs_y = 0},
    {.bitmap_index = 28901, .adv_w = 134, .box_w = 7, .box_h = 16, .ofs_x = 1, .ofs_y = 0},
    {.bitmap_index = 28925, .adv_w = 165, .box_w = 10, .box_h = 12, .ofs_x = 0, .ofs_y = 0},
    {.bitmap_index = 28976, .adv_w = 140, .box_w = 9, .box_h = 12, .ofs_x = 0, .ofs_y = 0},
    {.bitmap_index = 29022, .adv_w = 76, .box_w = 3, .box_h = 12, .ofs_x = 1, .ofs_y = 0},
    {.bitmap_index = 29027, .adv_w = 76, .box_w = 5, .box_h = 15, .ofs_x = 0, .ofs_y = 0},
    {.bitmap_index = 29039, .adv_w = 74, .box_w = 6, .box_h = 15, .ofs_x = -2, .ofs_y = -3},
    {.bitmap_index = 29055, .adv_w = 260, .box_w = 16, .box_h = 12, .ofs_x = 0, .ofs_y = 0},
    {.bitmap_index = 29127, .adv_w = 266, .box_w = 15, .box_h = 12, .ofs_x = 1, .ofs_y = 0},
    {.bitmap_index = 29174, .adv_w = 188, .box_w = 11, .box_h = 12, .ofs_x = 0, .ofs_y = 0},
    {.bitmap_index = 29211, .adv_w = 164, .box_w = 10, .box_h = 16, .ofs_x = 1, .ofs_y = 0},
    {.bitmap_index = 29270, .adv_w = 196, .box_w = 10, .box_h = 16, .ofs_x = 1, .ofs_y = 0},
    {.bitmap_index = 29326, .adv_w = 160, .box_w = 10, .box_h = 16, .ofs_x = 0, .ofs_y = 0},
    {.bitmap_index = 29398, .adv_w = 190, .box_w = 10, .box_h = 15, .ofs_x = 1, .ofs_y = -3},
    {.bitmap_index = 29426, .adv_w = 167, .box_w = 11, .box_h = 12, .ofs_x = 0, .ofs_y = 0},
    {.bitmap_index = 29480, .adv_w = 160, .box_w = 9, .box_h = 12, .ofs_x = 1, .ofs_y = 0},
    {.bitmap_index = 29521, .adv_w = 167, .box_w = 9, .box_h = 12, .ofs_x = 1, .ofs_y = 0},
    {.bitmap_index = 29570, .adv_w = 134, .box_w = 7, .box_h = 12, .ofs_x = 1, .ofs_y = 0},
    {.bitmap_index = 29582, .adv_w = 190, .box_w = 12, .box_h = 15, .ofs_x = 0, .ofs_y = -3},
    {.bitmap_index = 29640, .adv_w = 143, .box_w = 7, .box_h = 12, .ofs_x = 1, .ofs_y = 0},
    {.bitmap_index = 29669, .adv_w = 239, .box_w = 15, .box_h = 12, .ofs_x = 0, .ofs_y = 0},
    {.bitmap_index = 29744, .adv_w = 149, .box_w = 9, .box_h = 12, .ofs_x = 0, .ofs_y = 0},
    {.bitmap_index = 29794, .adv_w = 196, .box_w = 10, .box_h = 12, .ofs_x = 1, .ofs_y = 0},
    {.bitmap_index = 29835, .adv_w = 196, .box_w = 10, .box_h = 16, .ofs_x = 1, .ofs_y = 0},
    {.bitmap_index = 29895, .adv_w = 165, .box_w = 10, .box_h = 12, .ofs_x = 1, .ofs_y = 0},
    {.bitmap_index = 29939, .adv_w = 181, .box_w = 10, .box_h = 12, .ofs_x = 0, .ofs_y = 0},
    {.bitmap_index = 29980, .adv_w = 235, .box_w = 13, .box_h = 12, .ofs_x = 1, .ofs_y = 0},
    {.bitmap_index = 30039, .adv_w = 192, .box_w = 10, .box_h = 12, .ofs_x = 1, .ofs_y = 0},
    {.bitmap_index = 30060, .adv_w = 196, .box_w = 12, .box_h = 12, .ofs_x = 0, .ofs_y = 0},
    {.bitmap_index = 30122, .adv_w = 190, .box_w = 10, .box_h = 12, .ofs_x = 1, .ofs_y = 0},
    {.bitmap_index = 30139, .adv_w = 156, .box_w = 8, .box_h = 12, .ofs_x = 1, .ofs_y = 0},
    {.bitmap_index = 30174, .adv_w = 164, .box_w = 10, .box_h = 12, .ofs_x = 0, .ofs_y = 0},
    {.bitmap_index = 30221, .adv_w = 144, .box_w = 9, .box_h = 12, .ofs_x = 0, .ofs_y = 0},
    {.bitmap_index = 30238, .adv_w = 160, .box_w = 10, .box_h = 12, .ofs_x = 0, .ofs_y = 0},
    {.bitmap_index = 30291, .adv_w = 216, .box_w = 13, .box_h = 12, .ofs_x = 0, .ofs_y = 0},
    {.bitmap_index = 30356, .adv_w = 156, .box_w = 10, .box_h = 12, .ofs_x = 0, .ofs_y = 0},
    {.bitmap_index = 30411, .adv_w = 192, .box_w = 11, .box_h = 15, .ofs_x = 1, .ofs_y = -3},
    {.bitmap_index = 30438, .adv_w = 176, .box_w = 9, .box_h = 12, .ofs_x = 1, .ofs_y = 0},
    {.bitmap_index = 30468, .adv_w = 268, .box_w = 15, .box_h = 12, .ofs_x = 1, .ofs_y = 0},
    {.bitmap_index = 30494, .adv_w = 266, .box_w = 16, .box_h = 15, .ofs_x = 1, .ofs_y = -3},
    {.bitmap_index = 30530, .adv_w = 180, .box_w = 11, .box_h = 12, .ofs_x = 0, .ofs_y = 0},
    {.bitmap_index = 30575, .adv_w = 223, .box_w = 12, .box_h = 12, .ofs_x = 1, .ofs_y = 0},
    {.bitmap_index = 30616, .adv_w = 158, .box_w = 9, .box_h = 12, .ofs_x = 1, .ofs_y = 0},
    {.bitmap_index = 30652, .adv_w = 166, .box_w = 10, .box_h = 12, .ofs_x = 0, .ofs_y = 0},
    {.bitmap_index = 30704, .adv_w = 257, .box_w = 15, .box_h = 12, .ofs_x = 1, .ofs_y = 0},
    {.bitmap_index = 30777, .adv_w = 167, .box_w = 9, .box_h = 12, .ofs_x = 0, .ofs_y = 0},
    {.bitmap_index = 30826, .adv_w = 145, .box_w = 8, .box_h = 9, .ofs_x = 0, .ofs_y = 0},
    {.bitmap_index = 30863, .adv_w = 155, .box_w = 9, .box_h = 14, .ofs_x = 0, .ofs_y = 0},
    {.bitmap_index = 30922, .adv_w = 147, .box_w = 8, .box_h = 9, .ofs_x = 1, .ofs_y = 0},
    {.bitmap_index = 30958, .adv_w = 115, .box_w = 6, .box_h = 9, .ofs_x = 1, .ofs_y = 0},
    {.bitmap_index = 30970, .adv_w = 158, .box_w = 10, .box_h = 12, .ofs_x = 0, .ofs_y = -3},
    {.bitmap_index = 31014, .adv_w = 144, .box_w = 9, .box_h = 9, .ofs_x = 0, .ofs_y = 0},
    {.bitmap_index = 31053, .adv_w = 202, .box_w = 13, .box_h = 9, .ofs_x = 0, .ofs_y = 0},
    {.bitmap_index = 31107, .adv_w = 127, .box_w = 8, .box_h = 9, .ofs_x = 0, .ofs_y = 0},
    {.bitmap_index = 31144, .adv_w = 163, .box_w = 8, .box_h = 9, .ofs_x = 1, .ofs_y = 0},
    {.bitmap_index = 31174, .adv_w = 163, .box_w = 8, .box_h = 13, .ofs_x = 1, .ofs_y = 0},
    {.bitmap_index = 31220, .adv_w = 142, .box_w = 8, .box_h = 9, .ofs_x = 1, .ofs_y = 0},
    {.bitmap_index = 31251, .adv_w = 153, .box_w = 9, .box_h = 9, .ofs_x = 0, .ofs_y = 0},
    {.bitmap_index = 31283, .adv_w = 202, .box_w = 11, .box_h = 9, .ofs_x = 1, .ofs_y = 0},
    {.bitmap_index = 31325, .adv_w = 160, .box_w = 8, .box_h = 9, .ofs_x = 1, .ofs_y = 0},
    {.bitmap_index = 31346, .adv_w = 154, .box_w = 9, .box_h = 9, .ofs_x = 0, .ofs_y = 0},
    {.bitmap_index = 31385, .adv_w = 158, .box_w = 8, .box_h = 9, .ofs_x = 1, .ofs_y = 0},
    {.bitmap_index = 31398, .adv_w = 158, .box_w = 9, .box_h = 13, .ofs_x = 1, .ofs_y = -4},
    {.bitmap_index = 31443, .adv_w = 129, .box_w = 8, .box_h = 9, .ofs_x = 0, .ofs_y = 0},
    {.bitmap_index = 31475, .adv_w = 122, .box_w = 8, .box_h = 9, .ofs_x = 0, .ofs_y = 0},
    {.bitmap_index = 31489, .adv_w = 135, .box_w = 9, .box_h = 13, .ofs_x = 0, .ofs_y = -4},
    {.bitmap_index = 31541, .adv_w = 194, .box_w = 12, .box_h = 17, .ofs_x = 0, .ofs_y = -4},
    {.bitmap_index = 31607, .adv_w = 136, .box_w = 9, .box_h = 9, .ofs_x = 0, .ofs_y = 0},
    {.bitmap_index = 31646, .adv_w = 159, .box_w = 9, .box_h = 12, .ofs_x = 1, .ofs_y = -3},
    {.bitmap_index = 31669, .adv_w = 154, .box_w = 9, .box_h = 9, .ofs_x = 0, .ofs_y = 0},
    {.bitmap_index = 31697, .adv_w = 233, .box_w = 13, .box_h = 9, .ofs_x = 1, .ofs_y = 0},
    {.bitmap_index = 31720, .adv_w = 234, .box_w = 14, .box_h = 12, .ofs_x = 1, .ofs_y = -3},
    {.bitmap_index = 31753, .adv_w = 163, .box_w = 10, .box_h = 9, .ofs_x = 0, .ofs_y = 0},
    {.bitmap_index = 31788, .adv_w = 201, .box_w = 11, .box_h = 9, .ofs_x = 1, .ofs_y = 0},
    {.bitmap_index = 31823, .adv_w = 143, .box_w = 8, .box_h = 9, .ofs_x = 1, .ofs_y = 0},
    {.bitmap_index = 31851, .adv_w = 129, .box_w = 8, .box_h = 9, .ofs_x = 0, .ofs_y = 0},
    {.bitmap_index = 31887, .adv_w = 208, .box_w = 12, .box_h = 9, .ofs_x = 1, .ofs_y = 0},
    {.bitmap_index = 31937, .adv_w = 150, .box_w = 9, .box_h = 9, .ofs_x = 0, .ofs_y = 0},
    {.bitmap_index = 31974, .adv_w = 144, .box_w = 9, .box_h = 13, .ofs_x = 0, .ofs_y = 0},
    {.bitmap_index = 32025, .adv_w = 144, .box_w = 9, .box_h = 12, .ofs_x = 0, .ofs_y = 0},
    {.bitmap_index = 32075, .adv_w = 161, .box_w = 9, .box_h = 17, .ofs_x = 0, .ofs_y = -4},
    {.bitmap_index = 32126, .adv_w = 115, .box_w = 6, .box_h = 13, .ofs_x = 1, .ofs_y = 0},
    {.bitmap_index = 32149, .adv_w = 129, .box_w = 8, .box_h = 9, .ofs_x = 0, .ofs_y = 0},
    {.bitmap_index = 32185, .adv_w = 122, .box_w = 7, .box_h = 9, .ofs_x = 0, .ofs_y = 0},
    {.bitmap_index = 32217, .adv_w = 70, .box_w = 3, .box_h = 12, .ofs_x = 1, .ofs_y = 0},
    {.bitmap_index = 32226, .adv_w = 69, .box_w = 5, .box_h = 12, .ofs_x = 0, .ofs_y = 0},
    {.bitmap_index = 32239, .adv_w = 69, .box_w = 5, .box_h = 16, .ofs_x = -1, .ofs_y = -4},
    {.bitmap_index = 32255, .adv_w = 223, .box_w = 14, .box_h = 9, .ofs_x = 0, .ofs_y = 0},
    {.bitmap_index = 32307, .adv_w = 231, .box_w = 13, .box_h = 9, .ofs_x = 1, .ofs_y = 0},
    {.bitmap_index = 32348, .adv_w = 161, .box_w = 9, .box_h = 13, .ofs_x = 0, .ofs_y = 0},
    {.bitmap_index = 32389, .adv_w = 142, .box_w = 8, .box_h = 13, .ofs_x = 1, .ofs_y = 0},
    {.bitmap_index = 32433, .adv_w = 163, .box_w = 8, .box_h = 13, .ofs_x = 1, .ofs_y = 0},
    {.bitmap_index = 32476, .adv_w = 135, .box_w = 9, .box_h = 16, .ofs_x = 0, .ofs_y = -4},
    {.bitmap_index = 32541, .adv_w = 158, .box_w = 8, .box_h = 12, .ofs_x = 1, .ofs_y = -3},
    {.bitmap_index = 32563, .adv_w = 238, .box_w = 15, .box_h = 12, .ofs_x = 0, .ofs_y = 0},
    {.bitmap_index = 32649, .adv_w = 209, .box_w = 13, .box_h = 9, .ofs_x = 0, .ofs_y = 0},
    {.bitmap_index = 32709, .adv_w = 173, .box_w = 10, .box_h = 12, .ofs_x = 0, .ofs_y = 0},
    {.bitmap_index = 32761, .adv_w = 165, .box_w = 10, .box_h = 11, .ofs_x = 0, .ofs_y = 0},
    {.bitmap_index = 32809, .adv_w = 238, .box_w = 14, .box_h = 12, .ofs_x = 1, .ofs_y = 0},
    {.bitmap_index = 32872, .adv_w = 195, .box_w = 11, .box_h = 9, .ofs_x = 1, .ofs_y = 0},
    {.bitmap_index = 32918, .adv_w = 178, .box_w = 12, .box_h = 12, .ofs_x = 0, .ofs_y = 0},
    {.bitmap_index = 32977, .adv_w = 152, .box_w = 10, .box_h = 9, .ofs_x = 0, .ofs_y = 0},
    {.bitmap_index = 33017, .adv_w = 243, .box_w = 15, .box_h = 12, .ofs_x = 1, .ofs_y = 0},
    {.bitmap_index = 33086, .adv_w = 209, .box_w = 12, .box_h = 9, .ofs_x = 1, .ofs_y = 0},
    {.bitmap_index = 33134, .adv_w = 192, .box_w = 12, .box_h = 12, .ofs_x = 0, .ofs_y = 0},
    {.bitmap_index = 33197, .adv_w = 163, .box_w = 11, .box_h = 9, .ofs_x = 0, .ofs_y = 0},
    {.bitmap_index = 33242, .adv_w = 259, .box_w = 16, .box_h = 12, .ofs_x = 1, .ofs_y = 0},
    {.bitmap_index = 33317, .adv_w = 220, .box_w = 13, .box_h = 9, .ofs_x = 1, .ofs_y = 0},
    {.bitmap_index = 33369, .adv_w = 154, .box_w = 9, .box_h = 18, .ofs_x = 0, .ofs_y = -4},
    {.bitmap_index = 33447, .adv_w = 130, .box_w = 8, .box_h = 15, .ofs_x = 0, .ofs_y = -4},
    {.bitmap_index = 33505, .adv_w = 212, .box_w = 11, .box_h = 12, .ofs_x = 1, .ofs_y = 0},
    {.bitmap_index = 33550, .adv_w = 201, .box_w = 11, .box_h = 17, .ofs_x = 1, .ofs_y = -4},
    {.bitmap_index = 33603, .adv_w = 201, .box_w = 12, .box_h = 12, .ofs_x = 0, .ofs_y = 0},
    {.bitmap_index = 33667, .adv_w = 156, .box_w = 9, .box_h = 9, .ofs_x = 0, .ofs_y = 0},
    {.bitmap_index = 33707, .adv_w = 169, .box_w = 11, .box_h = 12, .ofs_x = 0, .ofs_y = 0},
    {.bitmap_index = 33764, .adv_w = 139, .box_w = 9, .box_h = 9, .ofs_x = 0, .ofs_y = 0},
    {.bitmap_index = 33803, .adv_w = 169, .box_w = 11, .box_h = 16, .ofs_x = 0, .ofs_y = 0},
    {.bitmap_index = 33879, .adv_w = 139, .box_w = 9, .box_h = 13, .ofs_x = 0, .ofs_y = 0},
    {.bitmap_index = 33934, .adv_w = 320, .box_w = 20, .box_h = 16, .ofs_x = 0, .ofs_y = -4},
    {.bitmap_index = 34060, .adv_w = 286, .box_w = 18, .box_h = 13, .ofs_x = 0, .ofs_y = -4},
    {.bitmap_index = 34164, .adv_w = 211, .box_w = 13, .box_h = 14, .ofs_x = 0, .ofs_y = -1},
    {.bitmap_index = 34241, .adv_w = 171, .box_w = 10, .box_h = 11, .ofs_x = 0, .ofs_y = -1},
    {.bitmap_index = 34291, .adv_w = 267, .box_w = 16, .box_h = 18, .ofs_x = 0, .ofs_y = 0},
    {.bitmap_index = 34401, .adv_w = 236, .box_w = 14, .box_h = 16, .ofs_x = 0, .ofs_y = 0},
    {.bitmap_index = 34492, .adv_w = 238, .box_w = 15, .box_h = 15, .ofs_x = 0, .ofs_y = 0},
    {.bitmap_index = 34594, .adv_w = 209, .box_w = 13, .box_h = 12, .ofs_x = 0, .ofs_y = 0},
    {.bitmap_index = 34669, .adv_w = 167, .box_w = 10, .box_h = 16, .ofs_x = 0, .ofs_y = -4},
    {.bitmap_index = 34721, .adv_w = 128, .box_w = 8, .box_h = 13, .ofs_x = 0, .ofs_y = -4},
    {.bitmap_index = 34760, .adv_w = 156, .box_w = 9, .box_h = 12, .ofs_x = 0, .ofs_y = -1},
    {.bitmap_index = 34806, .adv_w = 0, .box_w = 7, .box_h = 3, .ofs_x = -8, .ofs_y = 9},
    {.bitmap_index = 34814, .adv_w = 0, .box_w = 7, .box_h = 4, .ofs_x = -8, .ofs_y = 9},
    {.bitmap_index = 34826, .adv_w = 0, .box_w = 3, .box_h = 3, .ofs_x = -6, .ofs_y = 10},
    {.bitmap_index = 34831, .adv_w = 0, .box_w = 3, .box_h = 3, .ofs_x = -6, .ofs_y = 10},
    {.bitmap_index = 34836, .adv_w = 0, .box_w = 6, .box_h = 4, .ofs_x = -3, .ofs_y = 12},
    {.bitmap_index = 34847, .adv_w = 0, .box_w = 20, .box_h = 18, .ofs_x = -10, .ofs_y = -5},
    {.bitmap_index = 34952, .adv_w = 0, .box_w = 18, .box_h = 18, .ofs_x = -9, .ofs_y = -5},
    {.bitmap_index = 35054, .adv_w = 211, .box_w = 12, .box_h = 19, .ofs_x = 1, .ofs_y = -3},
    {.bitmap_index = 35136, .adv_w = 179, .box_w = 11, .box_h = 16, .ofs_x = 1, .ofs_y = -3},
    {.bitmap_index = 35204, .adv_w = 159, .box_w = 10, .box_h = 12, .ofs_x = 0, .ofs_y = 0},
    {.bitmap_index = 35250, .adv_w = 154, .box_w = 9, .box_h = 13, .ofs_x = 0, .ofs_y = 0},
    {.bitmap_index = 35294, .adv_w = 158, .box_w = 9, .box_h = 12, .ofs_x = 1, .ofs_y = 0},
    {.bitmap_index = 35334, .adv_w = 159, .box_w = 9, .box_h = 13, .ofs_x = 1, .ofs_y = -4},
    {.bitmap_index = 35383, .adv_w = 140, .box_w = 8, .box_h = 14, .ofs_x = 1, .ofs_y = 0},
    {.bitmap_index = 35401, .adv_w = 117, .box_w = 6, .box_h = 12, .ofs_x = 1, .ofs_y = 0},
    {.bitmap_index = 35418, .adv_w = 138, .box_w = 9, .box_h = 12, .ofs_x = 0, .ofs_y = 0},
    {.bitmap_index = 35448, .adv_w = 115, .box_w = 7, .box_h = 9, .ofs_x = 0, .ofs_y = 0},
    {.bitmap_index = 35475, .adv_w = 173, .box_w = 10, .box_h = 16, .ofs_x = 1, .ofs_y = -4},
    {.bitmap_index = 35531, .adv_w = 142, .box_w = 8, .box_h = 13, .ofs_x = 1, .ofs_y = -4},
    {.bitmap_index = 35574, .adv_w = 241, .box_w = 15, .box_h = 15, .ofs_x = 0, .ofs_y = -3},
    {.bitmap_index = 35660, .adv_w = 214, .box_w = 14, .box_h = 12, .ofs_x = 0, .ofs_y = -3},
    {.bitmap_index = 35726, .adv_w = 149, .box_w = 9, .box_h = 16, .ofs_x = 0, .ofs_y = -4},
    {.bitmap_index = 35790, .adv_w = 127, .box_w = 8, .box_h = 13, .ofs_x = 0, .ofs_y = -4},
    {.bitmap_index = 35841, .adv_w = 178, .box_w = 10, .box_h = 15, .ofs_x = 1, .ofs_y = -3},
    {.bitmap_index = 35893, .adv_w = 150, .box_w = 9, .box_h = 12, .ofs_x = 1, .ofs_y = -3},
    {.bitmap_index = 35932, .adv_w = 163, .box_w = 10, .box_h = 12, .ofs_x = 1, .ofs_y = 0},
    {.bitmap_index = 35976, .adv_w = 142, .box_w = 8, .box_h = 9, .ofs_x = 1, .ofs_y = 0},
    {.bitmap_index = 36008, .adv_w = 165, .box_w = 11, .box_h = 12, .ofs_x = 0, .ofs_y = 0},
    {.bitmap_index = 36060, .adv_w = 144, .box_w = 9, .box_h = 13, .ofs_x = 0, .ofs_y = 0},
    {.bitmap_index = 36107, .adv_w = 180, .box_w = 12, .box_h = 12, .ofs_x = 0, .ofs_y = 0},
    {.bitmap_index = 36158, .adv_w = 165, .box_w = 11, .box_h = 9, .ofs_x = 0, .ofs_y = 0},
    {.bitmap_index = 36196, .adv_w = 200, .box_w = 12, .box_h = 15, .ofs_x = 1, .ofs_y = -3},
    {.bitmap_index = 36230, .adv_w = 175, .box_w = 10, .box_h = 12, .ofs_x = 1, .ofs_y = -3},
    {.bitmap_index = 36261, .adv_w = 210, .box_w = 13, .box_h = 12, .ofs_x = 1, .ofs_y = 0},
    {.bitmap_index = 36291, .adv_w = 190, .box_w = 11, .box_h = 9, .ofs_x = 1, .ofs_y = 0},
    {.bitmap_index = 36319, .adv_w = 275, .box_w = 16, .box_h = 16, .ofs_x = 1, .ofs_y = -4},
    {.bitmap_index = 36391, .adv_w = 223, .box_w = 13, .box_h = 13, .ofs_x = 1, .ofs_y = -4},
    {.bitmap_index = 36443, .adv_w = 199, .box_w = 12, .box_h = 13, .ofs_x = 0, .ofs_y = -1},
    {.bitmap_index = 36516, .adv_w = 165, .box_w = 10, .box_h = 9, .ofs_x = 0, .ofs_y = 0},
    {.bitmap_index = 36560, .adv_w = 163, .box_w = 10, .box_h = 16, .ofs_x = 0, .ofs_y = -4},
    {.bitmap_index = 36623, .adv_w = 126, .box_w = 8, .box_h = 13, .ofs_x = 0, .ofs_y = -4},
    {.bitmap_index = 36670, .adv_w = 144, .box_w = 9, .box_h = 15, .ofs_x = 0, .ofs_y = -3},
    {.bitmap_index = 36696, .adv_w = 127, .box_w = 8, .box_h = 12, .ofs_x = 0, .ofs_y = -3},
    {.bitmap_index = 36721, .adv_w = 150, .box_w = 10, .box_h = 12, .ofs_x = 0, .ofs_y = 0},
    {.bitmap_index = 36759, .adv_w = 135, .box_w = 9, .box_h = 13, .ofs_x = 0, .ofs_y = -4},
    {.bitmap_index = 36802, .adv_w = 150, .box_w = 10, .box_h = 12, .ofs_x = 0, .ofs_y = 0},
    {.bitmap_index = 36855, .adv_w = 135, .box_w = 9, .box_h = 13, .ofs_x = 0, .ofs_y = -4},
    {.bitmap_index = 36909, .adv_w = 170, .box_w = 11, .box_h = 15, .ofs_x = 0, .ofs_y = -3},
    {.bitmap_index = 36975, .adv_w = 147, .box_w = 9, .box_h = 12, .ofs_x = 0, .ofs_y = -3},
    {.bitmap_index = 37021, .adv_w = 226, .box_w = 14, .box_h = 15, .ofs_x = 0, .ofs_y = -3},
    {.bitmap_index = 37060, .adv_w = 190, .box_w = 12, .box_h = 13, .ofs_x = 0, .ofs_y = -4},
    {.bitmap_index = 37093, .adv_w = 188, .box_w = 11, .box_h = 15, .ofs_x = 1, .ofs_y = -3},
    {.bitmap_index = 37130, .adv_w = 167, .box_w = 10, .box_h = 12, .ofs_x = 1, .ofs_y = -3},
    {.bitmap_index = 37166, .adv_w = 182, .box_w = 9, .box_h = 12, .ofs_x = 1, .ofs_y = 0},
    {.bitmap_index = 37198, .adv_w = 159, .box_w = 8, .box_h = 9, .ofs_x = 1, .ofs_y = 0},
    {.bitmap_index = 37228, .adv_w = 182, .box_w = 10, .box_h = 12, .ofs_x = 1, .ofs_y = 0},
    {.bitmap_index = 37256, .adv_w = 161, .box_w = 8, .box_h = 13, .ofs_x = 1, .ofs_y = 0},
    {.bitmap_index = 37283, .adv_w = 225, .box_w = 13, .box_h = 12, .ofs_x = 0, .ofs_y = 0},
    {.bitmap_index = 37349, .adv_w = 174, .box_w = 11, .box_h = 9, .ofs_x = 0, .ofs_y = 0},
    {.bitmap_index = 37395, .adv_w = 225, .box_w = 13, .box_h = 15, .ofs_x = 0, .ofs_y = -3},
    {.bitmap_index = 37469, .adv_w = 174, .box_w = 11, .box_h = 12, .ofs_x = 0, .ofs_y = -3},
    {.bitmap_index = 37522, .adv_w = 91, .box_w = 6, .box_h = 12, .ofs_x = 0, .ofs_y = 0},
    {.bitmap_index = 37539, .adv_w = 239, .box_w = 15, .box_h = 16, .ofs_x = 0, .ofs_y = 0},
    {.bitmap_index = 37634, .adv_w = 202, .box_w = 13, .box_h = 13, .ofs_x = 0, .ofs_y = 0},
    {.bitmap_index = 37708, .adv_w = 183, .box_w = 10, .box_h = 16, .ofs_x = 1, .ofs_y = -4},
    {.bitmap_index = 37773, .adv_w = 150, .box_w = 8, .box_h = 13, .ofs_x = 1, .ofs_y = -4},
    {.bitmap_index = 37820, .adv_w = 193, .box_w = 12, .box_h = 15, .ofs_x = 0, .ofs_y = -3},
    {.bitmap_index = 37880, .adv_w = 161, .box_w = 10, .box_h = 13, .ofs_x = 0, .ofs_y = -4},
    {.bitmap_index = 37928, .adv_w = 190, .box_w = 10, .box_h = 16, .ofs_x = 1, .ofs_y = -4},
    {.bitmap_index = 37970, .adv_w = 162, .box_w = 8, .box_h = 13, .ofs_x = 1, .ofs_y = -4},
    {.bitmap_index = 38006, .adv_w = 201, .box_w = 12, .box_h = 15, .ofs_x = 1, .ofs_y = -3},
    {.bitmap_index = 38045, .adv_w = 176, .box_w = 10, .box_h = 12, .ofs_x = 1, .ofs_y = -3},
    {.bitmap_index = 38081, .adv_w = 182, .box_w = 9, .box_h = 15, .ofs_x = 1, .ofs_y = -3},
    {.bitmap_index = 38117, .adv_w = 160, .box_w = 8, .box_h = 12, .ofs_x = 1, .ofs_y = -3},
    {.bitmap_index = 38149, .adv_w = 244, .box_w = 15, .box_h = 15, .ofs_x = 1, .ofs_y = -3},
    {.bitmap_index = 38232, .adv_w = 206, .box_w = 12, .box_h = 12, .ofs_x = 1, .ofs_y = -3},
    {.bitmap_index = 38291, .adv_w = 91, .box_w = 6, .box_h = 12, .ofs_x = 0, .ofs_y = 0},
    {.bitmap_index = 38308, .adv_w = 168, .box_w = 11, .box_h = 16, .ofs_x = 0, .ofs_y = 0},
    {.bitmap_index = 38380, .adv_w = 146, .box_w = 8, .box_h = 13, .ofs_x = 0, .ofs_y = 0},
    {.bitmap_index = 38432, .adv_w = 168, .box_w = 11, .box_h = 15, .ofs_x = 0, .ofs_y = 0},
    {.bitmap_index = 38500, .adv_w = 146, .box_w = 8, .box_h = 12, .ofs_x = 0, .ofs_y = 0},
    {.bitmap_index = 38547, .adv_w = 231, .box_w = 15, .box_h = 12, .ofs_x = -1, .ofs_y = 0},
    {.bitmap_index = 38613, .adv_w = 225, .box_w = 14, .box_h = 9, .ofs_x = 0, .ofs_y = 0},
    {.bitmap_index = 38674, .adv_w = 143, .box_w = 7, .box_h = 16, .ofs_x = 1, .ofs_y = 0},
    {.bitmap_index = 38720, .adv_w = 147, .box_w = 9, .box_h = 13, .ofs_x = 0, .ofs_y = 0},
    {.bitmap_index = 38776, .adv_w = 195, .box_w = 11, .box_h = 12, .ofs_x = 1, .ofs_y = 0},
    {.bitmap_index = 38833, .adv_w = 147, .box_w = 9, .box_h = 9, .ofs_x = 0, .ofs_y = 0},
    {.bitmap_index = 38871, .adv_w = 195, .box_w = 11, .box_h = 15, .ofs_x = 1, .ofs_y = 0},
    {.bitmap_index = 38942, .adv_w = 147, .box_w = 9, .box_h = 12, .ofs_x = 0, .ofs_y = 0},
    {.bitmap_index = 38992, .adv_w = 239, .box_w = 15, .box_h = 15, .ofs_x = 0, .ofs_y = 0},
    {.bitmap_index = 39082, .adv_w = 202, .box_w = 13, .box_h = 12, .ofs_x = 0, .ofs_y = 0},
    {.bitmap_index = 39150, .adv_w = 149, .box_w = 9, .box_h = 15, .ofs_x = 0, .ofs_y = 0},
    {.bitmap_index = 39212, .adv_w = 127, .box_w = 8, .box_h = 12, .ofs_x = 0, .ofs_y = 0},
    {.bitmap_index = 39261, .adv_w = 150, .box_w = 9, .box_h = 12, .ofs_x = 0, .ofs_y = 0},
    {.bitmap_index = 39308, .adv_w = 134, .box_w = 8, .box_h = 13, .ofs_x = 0, .ofs_y = -4},
    {.bitmap_index = 39353, .adv_w = 196, .box_w = 10, .box_h = 15, .ofs_x = 1, .ofs_y = 0},
    {.bitmap_index = 39405, .adv_w = 163, .box_w = 8, .box_h = 12, .ofs_x = 1, .ofs_y = 0},
    {.bitmap_index = 39443, .adv_w = 196, .box_w = 10, .box_h = 15, .ofs_x = 1, .ofs_y = 0},
    {.bitmap_index = 39498, .adv_w = 163, .box_w = 8, .box_h = 12, .ofs_x = 1, .ofs_y = 0},
    {.bitmap_index = 39540, .adv_w = 201, .box_w = 12, .box_h = 15, .ofs_x = 0, .ofs_y = 0},
    {.bitmap_index = 39616, .adv_w = 156, .box_w = 9, .box_h = 12, .ofs_x = 0, .ofs_y = 0},
    {.bitmap_index = 39669, .adv_w = 201, .box_w = 12, .box_h = 12, .ofs_x = 0, .ofs_y = 0},
    {.bitmap_index = 39733, .adv_w = 156, .box_w = 9, .box_h = 9, .ofs_x = 0, .ofs_y = 0},
    {.bitmap_index = 39773, .adv_w = 201, .box_w = 12, .box_h = 15, .ofs_x = 0, .ofs_y = 0},
    {.bitmap_index = 39850, .adv_w = 156, .box_w = 9, .box_h = 12, .ofs_x = 0, .ofs_y = 0},
    {.bitmap_index = 39903, .adv_w = 166, .box_w = 10, .box_h = 15, .ofs_x = 0, .ofs_y = 0},
    {.bitmap_index = 39968, .adv_w = 129, .box_w = 8, .box_h = 12, .ofs_x = 0, .ofs_y = 0},
    {.bitmap_index = 40015, .adv_w = 160, .box_w = 10, .box_h = 15, .ofs_x = 0, .ofs_y = 0},
    {.bitmap_index = 40079, .adv_w = 135, .box_w = 9, .box_h = 16, .ofs_x = 0, .ofs_y = -4},
    {.bitmap_index = 40140, .adv_w = 160, .box_w = 10, .box_h = 15, .ofs_x = 0, .ofs_y = 0},
    {.bitmap_index = 40207, .adv_w = 135, .box_w = 9, .box_h = 16, .ofs_x = 0, .ofs_y = -4},
    {.bitmap_index = 40271, .adv_w = 160, .box_w = 10, .box_h = 16, .ofs_x = 0, .ofs_y = 0},
    {.bitmap_index = 40342, .adv_w = 135, .box_w = 9, .box_h = 17, .ofs_x = 0, .ofs_y = -4},
    {.bitmap_index = 40411, .adv_w = 176, .box_w = 9, .box_h = 15, .ofs_x = 1, .ofs_y = 0},
    {.bitmap_index = 40454, .adv_w = 154, .box_w = 9, .box_h = 12, .ofs_x = 0, .ofs_y = 0},
    {.bitmap_index = 40494, .adv_w = 138, .box_w = 8, .box_h = 15, .ofs_x = 1, .ofs_y = -3},
    {.bitmap_index = 40517, .adv_w = 114, .box_w = 6, .box_h = 12, .ofs_x = 1, .ofs_y = -3},
    {.bitmap_index = 40537, .adv_w = 223, .box_w = 12, .box_h = 15, .ofs_x = 1, .ofs_y = 0},
    {.bitmap_index = 40592, .adv_w = 201, .box_w = 11, .box_h = 12, .ofs_x = 1, .ofs_y = 0},
    {.bitmap_index = 40640, .adv_w = 138, .box_w = 9, .box_h = 16, .ofs_x = 0, .ofs_y = -4},
    {.bitmap_index = 40689, .adv_w = 115, .box_w = 7, .box_h = 13, .ofs_x = 0, .ofs_y = -4},
    {.bitmap_index = 40731, .adv_w = 169, .box_w = 11, .box_h = 16, .ofs_x = 0, .ofs_y = -4},
    {.bitmap_index = 40805, .adv_w = 148, .box_w = 9, .box_h = 13, .ofs_x = 0, .ofs_y = -4},
    {.bitmap_index = 40858, .adv_w = 156, .box_w = 10, .box_h = 12, .ofs_x = 0, .ofs_y = 0},
    {.bitmap_index = 40917, .adv_w = 139, .box_w = 9, .box_h = 9, .ofs_x = 0, .ofs_y = 0},
    {.bitmap_index = 40958, .adv_w = 159, .box_w = 9, .box_h = 12, .ofs_x = 0, .ofs_y = 0},
    {.bitmap_index = 40991, .adv_w = 159, .box_w = 9, .box_h = 13, .ofs_x = 0, .ofs_y = 0},
    {.bitmap_index = 41038, .adv_w = 233, .box_w = 14, .box_h = 12, .ofs_x = 0, .ofs_y = 0},
    {.bitmap_index = 41090, .adv_w = 232, .box_w = 14, .box_h = 13, .ofs_x = 0, .ofs_y = 0},
    {.bitmap_index = 41153, .adv_w = 232, .box_w = 14, .box_h = 12, .ofs_x = 0, .ofs_y = 0},
    {.bitmap_index = 41219, .adv_w = 212, .box_w = 12, .box_h = 9, .ofs_x = 0, .ofs_y = 0},
    {.bitmap_index = 41265, .adv_w = 167, .box_w = 11, .box_h = 15, .ofs_x = 0, .ofs_y = -3},
    {.bitmap_index = 41324, .adv_w = 147, .box_w = 9, .box_h = 12, .ofs_x = 0, .ofs_y = -3},
    {.bitmap_index = 41366, .adv_w = 256, .box_w = 15, .box_h = 12, .ofs_x = 0, .ofs_y = 0},
    {.bitmap_index = 41429, .adv_w = 226, .box_w = 13, .box_h = 9, .ofs_x = 0, .ofs_y = 0},
    {.bitmap_index = 41477, .adv_w = 262, .box_w = 14, .box_h = 12, .ofs_x = 1, .ofs_y = 0},
    {.bitmap_index = 41521, .adv_w = 237, .box_w = 13, .box_h = 9, .ofs_x = 1, .ofs_y = 0},
    {.bitmap_index = 41559, .adv_w = 198, .box_w = 12, .box_h = 12, .ofs_x = 0, .ofs_y = 0},
    {.bitmap_index = 41624, .adv_w = 166, .box_w = 10, .box_h = 9, .ofs_x = 0, .ofs_y = 0},
    {.bitmap_index = 41669, .adv_w = 186, .box_w = 11, .box_h = 12, .ofs_x = 0, .ofs_y = 0},
    {.bitmap_index = 41706, .adv_w = 174, .box_w = 10, .box_h = 9, .ofs_x = 0, .ofs_y = 0},
    {.bitmap_index = 41742, .adv_w = 155, .box_w = 10, .box_h = 12, .ofs_x = 0, .ofs_y = 0},
    {.bitmap_index = 41800, .adv_w = 129, .box_w = 8, .box_h = 9, .ofs_x = 0, .ofs_y = 0},
    {.bitmap_index = 41836, .adv_w = 191, .box_w = 12, .box_h = 16, .ofs_x = 0, .ofs_y = -4},
    {.bitmap_index = 41899, .adv_w = 161, .box_w = 10, .box_h = 13, .ofs_x = 0, .ofs_y = -4},
    {.bitmap_index = 41948, .adv_w = 248, .box_w = 16, .box_h = 12, .ofs_x = 0, .ofs_y = 0},
    {.bitmap_index = 42036, .adv_w = 212, .box_w = 14, .box_h = 9, .ofs_x = 0, .ofs_y = 0},
    {.bitmap_index = 42096, .adv_w = 211, .box_w = 13, .box_h = 12, .ofs_x = 1, .ofs_y = 0},
    {.bitmap_index = 42156, .adv_w = 213, .box_w = 13, .box_h = 13, .ofs_x = 1, .ofs_y = -4},
    {.bitmap_index = 42220, .adv_w = 231, .box_w = 14, .box_h = 12, .ofs_x = 0, .ofs_y = 0},
    {.bitmap_index = 42286, .adv_w = 227, .box_w = 14, .box_h = 9, .ofs_x = 0, .ofs_y = 0},
    {.bitmap_index = 42348, .adv_w = 201, .box_w = 12, .box_h = 15, .ofs_x = 0, .ofs_y = -3},
    {.bitmap_index = 42424, .adv_w = 159, .box_w = 9, .box_h = 13, .ofs_x = 0, .ofs_y = -4},
    {.bitmap_index = 42471, .adv_w = 241, .box_w = 15, .box_h = 12, .ofs_x = 0, .ofs_y = 0},
    {.bitmap_index = 42558, .adv_w = 207, .box_w = 13, .box_h = 9, .ofs_x = 0, .ofs_y = 0},
    {.bitmap_index = 42617, .adv_w = 165, .box_w = 10, .box_h = 12, .ofs_x = 1, .ofs_y = 0},
    {.bitmap_index = 42664, .adv_w = 142, .box_w = 8, .box_h = 10, .ofs_x = 1, .ofs_y = 0},
    {.bitmap_index = 42700, .adv_w = 266, .box_w = 16, .box_h = 16, .ofs_x = 0, .ofs_y = -4},
    {.bitmap_index = 42790, .adv_w = 214, .box_w = 13, .box_h = 13, .ofs_x = 0, .ofs_y = -4},
    {.bitmap_index = 42854, .adv_w = 284, .box_w = 17, .box_h = 16, .ofs_x = 1, .ofs_y = -4},
    {.bitmap_index = 42925, .adv_w = 227, .box_w = 13, .box_h = 13, .ofs_x = 1, .ofs_y = -4},
    {.bitmap_index = 42976, .adv_w = 196, .box_w = 11, .box_h = 15, .ofs_x = 1, .ofs_y = -3},
    {.bitmap_index = 43005, .adv_w = 171, .box_w = 10, .box_h = 12, .ofs_x = 1, .ofs_y = -3},
    {.bitmap_index = 43029, .adv_w = 196, .box_w = 11, .box_h = 15, .ofs_x = 1, .ofs_y = -3},
    {.bitmap_index = 43067, .adv_w = 171, .box_w = 10, .box_h = 16, .ofs_x = 1, .ofs_y = -3},
    {.bitmap_index = 43107, .adv_w = 189, .box_w = 12, .box_h = 16, .ofs_x = -1, .ofs_y = -4},
    {.bitmap_index = 43143, .adv_w = 162, .box_w = 10, .box_h = 13, .ofs_x = -1, .ofs_y = -4},
    {.bitmap_index = 43178, .adv_w = 369, .box_w = 23, .box_h = 15, .ofs_x = 0, .ofs_y = -3},
    {.bitmap_index = 43298, .adv_w = 315, .box_w = 20, .box_h = 12, .ofs_x = 0, .ofs_y = -3},
    {.bitmap_index = 43392, .adv_w = 183, .box_w = 12, .box_h = 16, .ofs_x = 0, .ofs_y = -4},
    {.bitmap_index = 43459, .adv_w = 158, .box_w = 10, .box_h = 13, .ofs_x = 0, .ofs_y = -4},
    {.bitmap_index = 43509, .adv_w = 187, .box_w = 12, .box_h = 16, .ofs_x = 0, .ofs_y = -4},
    {.bitmap_index = 43564, .adv_w = 156, .box_w = 10, .box_h = 12, .ofs_x = 0, .ofs_y = -3},
    {.bitmap_index = 43605, .adv_w = 241, .box_w = 15, .box_h = 16, .ofs_x = 0, .ofs_y = 0},
    {.bitmap_index = 43711, .adv_w = 207, .box_w = 13, .box_h = 12, .ofs_x = 0, .ofs_y = 0},
    {.bitmap_index = 43782, .adv_w = 241, .box_w = 15, .box_h = 16, .ofs_x = 0, .ofs_y = 0},
    {.bitmap_index = 43886, .adv_w = 207, .box_w = 13, .box_h = 12, .ofs_x = 0, .ofs_y = 0},
    {.bitmap_index = 43957, .adv_w = 241, .box_w = 15, .box_h = 15, .ofs_x = 0, .ofs_y = 0},
    {.bitmap_index = 44059, .adv_w = 207, .box_w = 13, .box_h = 12, .ofs_x = 0, .ofs_y = 0},
    {.bitmap_index = 44132, .adv_w = 186, .box_w = 11, .box_h = 12, .ofs_x = 1, .ofs_y = 0},
    {.bitmap_index = 44188, .adv_w = 150, .box_w = 10, .box_h = 16, .ofs_x = 0, .ofs_y = 0},
    {.bitmap_index = 44240, .adv_w = 135, .box_w = 9, .box_h = 16, .ofs_x = 0, .ofs_y = -4},
    {.bitmap_index = 44303, .adv_w = 82, .box_w = 5, .box_h = 2, .ofs_x = 0, .ofs_y = 4},
    {.bitmap_index = 44308, .adv_w = 82, .box_w = 5, .box_h = 2, .ofs_x = 0, .ofs_y = 4},
    {.bitmap_index = 44313, .adv_w = 147, .box_w = 9, .box_h = 3, .ofs_x = 0, .ofs_y = 4},
    {.bitmap_index = 44322, .adv_w = 128, .box_w = 8, .box_h = 3, .ofs_x = 0, .ofs_y = 3},
    {.bitmap_index = 44330, .adv_w = 256, .box_w = 16, .box_h = 3, .ofs_x = 0, .ofs_y = 3},
    {.bitmap_index = 44343, .adv_w = 256, .box_w = 16, .box_h = 3, .ofs_x = 0, .ofs_y = 3},
    {.bitmap_index = 44356, .adv_w = 141, .box_w = 6, .box_h = 16, .ofs_x = 1, .ofs_y = -4},
    {.bitmap_index = 44366, .adv_w = 105, .box_w = 8, .box_h = 4, .ofs_x = -1, .ofs_y = -5},
    {.bitmap_index = 44377, .adv_w = 48, .box_w = 3, .box_h = 5, .ofs_x = 0, .ofs_y = 7},
    {.bitmap_index = 44385, .adv_w = 48, .box_w = 3, .box_h = 5, .ofs_x = 0, .ofs_y = 7},
    {.bitmap_index = 44393, .adv_w = 67, .box_w = 4, .box_h = 5, .ofs_x = 0, .ofs_y = -2},
    {.bitmap_index = 44403, .adv_w = 48, .box_w = 3, .box_h = 5, .ofs_x = 0, .ofs_y = 7},
    {.bitmap_index = 44411, .adv_w = 98, .box_w = 6, .box_h = 5, .ofs_x = 0, .ofs_y = 7},
    {.bitmap_index = 44427, .adv_w = 98, .box_w = 6, .box_h = 5, .ofs_x = 0, .ofs_y = 7},
    {.bitmap_index = 44443, .adv_w = 114, .box_w = 7, .box_h = 5, .ofs_x = 0, .ofs_y = -2},
    {.bitmap_index = 44459, .adv_w = 98, .box_w = 6, .box_h = 5, .ofs_x = 0, .ofs_y = 7},
    {.bitmap_index = 44475, .adv_w = 131, .box_w = 7, .box_h = 12, .ofs_x = 1, .ofs_y = 0},
    {.bitmap_index = 44510, .adv_w = 132, .box_w = 8, .box_h = 12, .ofs_x = 0, .ofs_y = 0},
    {.bitmap_index = 44553, .adv_w = 96, .box_w = 4, .box_h = 5, .ofs_x = 1, .ofs_y = 4},
    {.bitmap_index = 44564, .adv_w = 95, .box_w = 5, .box_h = 6, .ofs_x = 1, .ofs_y = 3},
    {.bitmap_index = 44578, .adv_w = 128, .box_w = 4, .box_h = 3, .ofs_x = 2, .ofs_y = 0},
    {.bitmap_index = 44585, .adv_w = 140, .box_w = 7, .box_h = 3, .ofs_x = 1, .ofs_y = 0},
    {.bitmap_index = 44596, .adv_w = 207, .box_w = 11, .box_h = 3, .ofs_x = 1, .ofs_y = 0},
    {.bitmap_index = 44613, .adv_w = 70, .box_w = 3, .box_h = 3, .ofs_x = 1, .ofs_y = 3},
    {.bitmap_index = 44618, .adv_w = 309, .box_w = 19, .box_h = 12, .ofs_x = 0, .ofs_y = 0},
    {.bitmap_index = 44720, .adv_w = 83, .box_w = 5, .box_h = 8, .ofs_x = 0, .ofs_y = 0},
    {.bitmap_index = 44741, .adv_w = 83, .box_w = 5, .box_h = 8, .ofs_x = 0, .ofs_y = 0},
    {.bitmap_index = 44762, .adv_w = 146, .box_w = 9, .box_h = 12, .ofs_x = 0, .ofs_y = 0},
    {.bitmap_index = 44813, .adv_w = 242, .box_w = 13, .box_h = 13, .ofs_x = 1, .ofs_y = -2},
    {.bitmap_index = 44877, .adv_w = 146, .box_w = 9, .box_h = 12, .ofs_x = 0, .ofs_y = 0},
    {.bitmap_index = 44925, .adv_w = 207, .box_w = 12, .box_h = 12, .ofs_x = 1, .ofs_y = 0},
    {.bitmap_index = 44977, .adv_w = 220, .box_w = 13, .box_h = 12, .ofs_x = 1, .ofs_y = 0},
    {.bitmap_index = 45045, .adv_w = 177, .box_w = 11, .box_h = 12, .ofs_x = 0, .ofs_y = 0},
    {.bitmap_index = 45112, .adv_w = 214, .box_w = 12, .box_h = 12, .ofs_x = 1, .ofs_y = 0},
    {.bitmap_index = 45154, .adv_w = 160, .box_w = 10, .box_h = 15, .ofs_x = 0, .ofs_y = -3},
    {.bitmap_index = 45220, .adv_w = 146, .box_w = 9, .box_h = 12, .ofs_x = 0, .ofs_y = 0},
    {.bitmap_index = 45274, .adv_w = 146, .box_w = 10, .box_h = 12, .ofs_x = 0, .ofs_y = 0},
    {.bitmap_index = 45323, .adv_w = 146, .box_w = 9, .box_h = 12, .ofs_x = 0, .ofs_y = 0},
    {.bitmap_index = 45370, .adv_w = 251, .box_w = 16, .box_h = 16, .ofs_x = 0, .ofs_y = -4},
    {.bitmap_index = 45471, .adv_w = 149, .box_w = 9, .box_h = 16, .ofs_x = 0, .ofs_y = -4},
    {.bitmap_index = 45538, .adv_w = 146, .box_w = 10, .box_h = 12, .ofs_x = 0, .ofs_y = 0},
    {.bitmap_index = 45584, .adv_w = 187, .box_w = 11, .box_h = 14, .ofs_x = 0, .ofs_y = -2},
    {.bitmap_index = 45650, .adv_w = 159, .box_w = 10, .box_h = 12, .ofs_x = 0, .ofs_y = 0},
    {.bitmap_index = 45703, .adv_w = 142, .box_w = 9, .box_h = 12, .ofs_x = 0, .ofs_y = 0},
    {.bitmap_index = 45753, .adv_w = 162, .box_w = 10, .box_h = 14, .ofs_x = 0, .ofs_y = -2},
    {.bitmap_index = 45808, .adv_w = 165, .box_w = 10, .box_h = 11, .ofs_x = 0, .ofs_y = 0},
    {.bitmap_index = 45846, .adv_w = 186, .box_w = 11, .box_h = 13, .ofs_x = 0, .ofs_y = -1},
    {.bitmap_index = 45909, .adv_w = 142, .box_w = 9, .box_h = 12, .ofs_x = 0, .ofs_y = 0},
    {.bitmap_index = 45933, .adv_w = 146, .box_w = 7, .box_h = 12, .ofs_x = 1, .ofs_y = 0},
    {.bitmap_index = 45974, .adv_w = 146, .box_w = 9, .box_h = 12, .ofs_x = 0, .ofs_y = 0},
    {.bitmap_index = 46021, .adv_w = 202, .box_w = 13, .box_h = 12, .ofs_x = 0, .ofs_y = 0},
    {.bitmap_index = 46085, .adv_w = 212, .box_w = 13, .box_h = 12, .ofs_x = 0, .ofs_y = 0},
    {.bitmap_index = 46135, .adv_w = 150, .box_w = 9, .box_h = 12, .ofs_x = 0, .ofs_y = 0},
    {.bitmap_index = 46184, .adv_w = 199, .box_w = 11, .box_h = 12, .ofs_x = 1, .ofs_y = 0},
    {.bitmap_index = 46242, .adv_w = 146, .box_w = 8, .box_h = 16, .ofs_x = 1, .ofs_y = -2},
    {.bitmap_index = 46302, .adv_w = 262, .box_w = 15, .box_h = 12, .ofs_x = 1, .ofs_y = 0},
    {.bitmap_index = 46374, .adv_w = 198, .box_w = 12, .box_h = 7, .ofs_x = 0, .ofs_y = 5},
    {.bitmap_index = 46410, .adv_w = 256, .box_w = 16, .box_h = 17, .ofs_x = 0, .ofs_y = -2},
    {.bitmap_index = 46484, .adv_w = 288, .box_w = 18, .box_h = 17, .ofs_x = 0, .ofs_y = -3},
    {.bitmap_index = 46586, .adv_w = 256, .box_w = 16, .box_h = 12, .ofs_x = 0, .ofs_y = 0},
    {.bitmap_index = 46650, .adv_w = 256, .box_w = 16, .box_h = 14, .ofs_x = 0, .ofs_y = -1},
    {.bitmap_index = 46718, .adv_w = 256, .box_w = 16, .box_h = 12, .ofs_x = 0, .ofs_y = 0},
    {.bitmap_index = 46791, .adv_w = 176, .box_w = 11, .box_h = 12, .ofs_x = 0, .ofs_y = 0},
    {.bitmap_index = 46855, .adv_w = 256, .box_w = 16, .box_h = 16, .ofs_x = 0, .ofs_y = -2},
    {.bitmap_index = 46964, .adv_w = 256, .box_w = 16, .box_h = 16, .ofs_x = 0, .ofs_y = -2},
    {.bitmap_index = 47066, .adv_w = 288, .box_w = 18, .box_h = 14, .ofs_x = 0, .ofs_y = -1},
    {.bitmap_index = 47157, .adv_w = 256, .box_w = 16, .box_h = 16, .ofs_x = 0, .ofs_y = -2},
    {.bitmap_index = 47225, .adv_w = 288, .box_w = 18, .box_h = 12, .ofs_x = 0, .ofs_y = 0},
    {.bitmap_index = 47288, .adv_w = 256, .box_w = 16, .box_h = 16, .ofs_x = 0, .ofs_y = -2},
    {.bitmap_index = 47392, .adv_w = 128, .box_w = 8, .box_h = 14, .ofs_x = 0, .ofs_y = -1},
    {.bitmap_index = 47423, .adv_w = 192, .box_w = 12, .box_h = 14, .ofs_x = 0, .ofs_y = -1},
    {.bitmap_index = 47474, .adv_w = 288, .box_w = 18, .box_h = 16, .ofs_x = 0, .ofs_y = -2},
    {.bitmap_index = 47581, .adv_w = 256, .box_w = 16, .box_h = 12, .ofs_x = 0, .ofs_y = 0},
    {.bitmap_index = 47648, .adv_w = 176, .box_w = 11, .box_h = 16, .ofs_x = 0, .ofs_y = -2},
    {.bitmap_index = 47715, .adv_w = 224, .box_w = 10, .box_h = 16, .ofs_x = 2, .ofs_y = -2},
    {.bitmap_index = 47767, .adv_w = 224, .box_w = 14, .box_h = 18, .ofs_x = 0, .ofs_y = -3},
    {.bitmap_index = 47839, .adv_w = 224, .box_w = 14, .box_h = 15, .ofs_x = 0, .ofs_y = -1},
    {.bitmap_index = 47868, .adv_w = 224, .box_w = 14, .box_h = 14, .ofs_x = 0, .ofs_y = -1},
    {.bitmap_index = 47888, .adv_w = 224, .box_w = 10, .box_h = 16, .ofs_x = 2, .ofs_y = -2},
    {.bitmap_index = 47940, .adv_w = 224, .box_w = 16, .box_h = 14, .ofs_x = -1, .ofs_y = -1},
    {.bitmap_index = 48011, .adv_w = 160, .box_w = 10, .box_h = 14, .ofs_x = 0, .ofs_y = -1},
    {.bitmap_index = 48068, .adv_w = 160, .box_w = 10, .box_h = 14, .ofs_x = 0, .ofs_y = -1},
    {.bitmap_index = 48125, .adv_w = 224, .box_w = 14, .box_h = 14, .ofs_x = 0, .ofs_y = -1},
    {.bitmap_index = 48170, .adv_w = 224, .box_w = 14, .box_h = 4, .ofs_x = 0, .ofs_y = 4},
    {.bitmap_index = 48187, .adv_w = 288, .box_w = 18, .box_h = 12, .ofs_x = 0, .ofs_y = 0},
    {.bitmap_index = 48286, .adv_w = 320, .box_w = 20, .box_h = 16, .ofs_x = 0, .ofs_y = -2},
    {.bitmap_index = 48420, .adv_w = 288, .box_w = 20, .box_h = 16, .ofs_x = -1, .ofs_y = -2},
    {.bitmap_index = 48532, .adv_w = 256, .box_w = 16, .box_h = 16, .ofs_x = 0, .ofs_y = -2},
    {.bitmap_index = 48632, .adv_w = 224, .box_w = 14, .box_h = 10, .ofs_x = 0, .ofs_y = 1},
    {.bitmap_index = 48687, .adv_w = 224, .box_w = 14, .box_h = 10, .ofs_x = 0, .ofs_y = 1},
    {.bitmap_index = 48744, .adv_w = 320, .box_w = 20, .box_h = 14, .ofs_x = 0, .ofs_y = -1},
    {.bitmap_index = 48832, .adv_w = 256, .box_w = 16, .box_h = 12, .ofs_x = 0, .ofs_y = 0},
    {.bitmap_index = 48861, .adv_w = 256, .box_w = 16, .box_h = 16, .ofs_x = 0, .ofs_y = -2},
    {.bitmap_index = 48929, .adv_w = 256, .box_w = 17, .box_h = 17, .ofs_x = -1, .ofs_y = -2},
    {.bitmap_index = 49023, .adv_w = 248, .box_w = 16, .box_h = 16, .ofs_x = 0, .ofs_y = -2},
    {.bitmap_index = 49131, .adv_w = 320, .box_w = 20, .box_h = 14, .ofs_x = 0, .ofs_y = -1},
    {.bitmap_index = 49241, .adv_w = 224, .box_w = 15, .box_h = 14, .ofs_x = 0, .ofs_y = -1},
    {.bitmap_index = 49332, .adv_w = 224, .box_w = 14, .box_h = 16, .ofs_x = 0, .ofs_y = -2},
    {.bitmap_index = 49379, .adv_w = 224, .box_w = 14, .box_h = 14, .ofs_x = 0, .ofs_y = -1},
    {.bitmap_index = 49431, .adv_w = 224, .box_w = 14, .box_h = 14, .ofs_x = 0, .ofs_y = -1},
    {.bitmap_index = 49486, .adv_w = 256, .box_w = 16, .box_h = 12, .ofs_x = 0, .ofs_y = 0},
    {.bitmap_index = 49545, .adv_w = 160, .box_w = 12, .box_h = 16, .ofs_x = -1, .ofs_y = -2},
    {.bitmap_index = 49613, .adv_w = 224, .box_w = 14, .box_h = 16, .ofs_x = 0, .ofs_y = -2},
    {.bitmap_index = 49674, .adv_w = 224, .box_w = 14, .box_h = 16, .ofs_x = 0, .ofs_y = -2},
    {.bitmap_index = 49744, .adv_w = 288, .box_w = 18, .box_h = 12, .ofs_x = 0, .ofs_y = 0},
    {.bitmap_index = 49810, .adv_w = 256, .box_w = 18, .box_h = 18, .ofs_x = -1, .ofs_y = -3},
    {.bitmap_index = 49899, .adv_w = 192, .box_w = 12, .box_h = 16, .ofs_x = 0, .ofs_y = -2},
    {.bitmap_index = 49932, .adv_w = 320, .box_w = 20, .box_h = 15, .ofs_x = 0, .ofs_y = -1},
    {.bitmap_index = 50045, .adv_w = 320, .box_w = 20, .box_h = 10, .ofs_x = 0, .ofs_y = 1},
    {.bitmap_index = 50090, .adv_w = 320, .box_w = 20, .box_h = 10, .ofs_x = 0, .ofs_y = 1},
    {.bitmap_index = 50134, .adv_w = 320, .box_w = 20, .box_h = 10, .ofs_x = 0, .ofs_y = 1},
    {.bitmap_index = 50178, .adv_w = 320, .box_w = 20, .box_h = 10, .ofs_x = 0, .ofs_y = 1},
    {.bitmap_index = 50224, .adv_w = 320, .box_w = 20, .box_h = 10, .ofs_x = 0, .ofs_y = 1},
    {.bitmap_index = 50264, .adv_w = 288, .box_w = 18, .box_h = 16, .ofs_x = 0, .ofs_y = -2},
    {.bitmap_index = 50323, .adv_w = 320, .box_w = 21, .box_h = 14, .ofs_x = 0, .ofs_y = -1},
    {.bitmap_index = 50424, .adv_w = 224, .box_w = 12, .box_h = 16, .ofs_x = 1, .ofs_y = -2},
    {.bitmap_index = 50520, .adv_w = 224, .box_w = 14, .box_h = 16, .ofs_x = 0, .ofs_y = -2},
    {.bitmap_index = 50575, .adv_w = 256, .box_w = 17, .box_h = 17, .ofs_x = -1, .ofs_y = -3},
    {.bitmap_index = 50669, .adv_w = 320, .box_w = 20, .box_h = 12, .ofs_x = 0, .ofs_y = 0},
    {.bitmap_index = 50758, .adv_w = 192, .box_w = 12, .box_h = 16, .ofs_x = 0, .ofs_y = -2},
    {.bitmap_index = 50797, .adv_w = 258, .box_w = 17, .box_h = 11, .ofs_x = 0, .ofs_y = 1}
};

/*---------------------
 *  CHARACTER MAPPING
 *--------------------*/

static const uint8_t glyph_id_ofs_list_3[] = {
    0, 1, 2, 3, 4, 5, 6, 7,
    0, 0, 8, 9, 10, 11, 12, 13,
    0, 0, 0, 0, 14, 15, 16, 17,
    18, 19, 20, 0, 21
};

static const uint16_t unicode_list_8[] = {
    0x0, 0x1, 0x2, 0x3, 0x4, 0x5, 0x1e, 0x72,
    0x73
};

static const uint16_t unicode_list_10[] = {
    0x0, 0x9, 0xa
};

static const uint16_t unicode_list_12[] = {
    0x0, 0xc, 0xceeb, 0xceef, 0xcef2, 0xcef5, 0xcef6, 0xcef7,
    0xcefb, 0xcefd, 0xceff, 0xcf03, 0xcf06, 0xcf0b, 0xcf10, 0xcf11,
    0xcf12, 0xcf28, 0xcf2d, 0xcf32, 0xcf35, 0xcf36, 0xcf37, 0xcf3b,
    0xcf3c, 0xcf3d, 0xcf3e, 0xcf51, 0xcf52, 0xcf58, 0xcf5a, 0xcf5b,
    0xcf5e, 0xcf61, 0xcf62, 0xcf63, 0xcf65, 0xcf7d, 0xcf7f, 0xcf96,
    0xcfaa, 0xcfae, 0xcfaf, 0xcfb1, 0xcfb3, 0xcfca, 0xcfd1, 0xcfd4,
    0xcfdd, 0xd006, 0xd00e, 0xd045, 0xd0d5, 0xd12a, 0xd12b, 0xd12c,
    0xd12d, 0xd12e, 0xd163, 0xd171, 0xd17d, 0xd1d7, 0xd1ee, 0xd444,
    0xd6ac, 0xd78c
};

/*Collect the unicode lists and glyph_id offsets*/
static const lv_font_fmt_txt_cmap_t cmaps[] =
{
    {
        .range_start = 32, .range_length = 95, .glyph_id_start = 1,
        .unicode_list = NULL, .glyph_id_ofs_list = NULL, .list_length = 0, .type = LV_FONT_FMT_TXT_CMAP_FORMAT0_TINY
    },
    {
        .range_start = 160, .range_length = 176, .glyph_id_start = 96,
        .unicode_list = NULL, .glyph_id_ofs_list = NULL, .list_length = 0, .type = LV_FONT_FMT_TXT_CMAP_FORMAT0_TINY
    },
    {
        .range_start = 336, .range_length = 256, .glyph_id_start = 272,
        .unicode_list = NULL, .glyph_id_ofs_list = NULL, .list_length = 0, .type = LV_FONT_FMT_TXT_CMAP_FORMAT0_TINY
    },
    {
        .range_start = 880, .range_length = 29, .glyph_id_start = 528,
        .unicode_list = NULL, .glyph_id_ofs_list = glyph_id_ofs_list_3, .list_length = 29, .type = LV_FONT_FMT_TXT_CMAP_FORMAT0_FULL
    },
    {
        .range_start = 910, .range_length = 20, .glyph_id_start = 550,
        .unicode_list = NULL, .glyph_id_ofs_list = NULL, .list_length = 0, .type = LV_FONT_FMT_TXT_CMAP_FORMAT0_TINY
    },
    {
        .range_start = 931, .range_length = 63, .glyph_id_start = 570,
        .unicode_list = NULL, .glyph_id_ofs_list = NULL, .list_length = 0, .type = LV_FONT_FMT_TXT_CMAP_FORMAT0_TINY
    },
    {
        .range_start = 1008, .range_length = 64, .glyph_id_start = 633,
        .unicode_list = NULL, .glyph_id_ofs_list = NULL, .list_length = 0, .type = LV_FONT_FMT_TXT_CMAP_FORMAT0_TINY
    },
    {
        .range_start = 1072, .range_length = 256, .glyph_id_start = 697,
        .unicode_list = NULL, .glyph_id_ofs_list = NULL, .list_length = 0, .type = LV_FONT_FMT_TXT_CMAP_FORMAT0_TINY
    },
    {
        .range_start = 7808, .range_length = 116, .glyph_id_start = 953,
        .unicode_list = unicode_list_8, .glyph_id_ofs_list = NULL, .list_length = 9, .type = LV_FONT_FMT_TXT_CMAP_SPARSE_TINY
    },
    {
        .range_start = 8208, .range_length = 24, .glyph_id_start = 962,
        .unicode_list = NULL, .glyph_id_ofs_list = NULL, .list_length = 0, .type = LV_FONT_FMT_TXT_CMAP_FORMAT0_TINY
    },
    {
        .range_start = 8240, .range_length = 11, .glyph_id_start = 986,
        .unicode_list = unicode_list_10, .glyph_id_ofs_list = NULL, .list_length = 3, .type = LV_FONT_FMT_TXT_CMAP_SPARSE_TINY
    },
    {
        .range_start = 8356, .range_length = 28, .glyph_id_start = 989,
        .unicode_list = NULL, .glyph_id_ofs_list = NULL, .list_length = 0, .type = LV_FONT_FMT_TXT_CMAP_FORMAT0_TINY
    },
    {
        .range_start = 8470, .range_length = 55181, .glyph_id_start = 1017,
        .unicode_list = unicode_list_12, .glyph_id_ofs_list = NULL, .list_length = 66, .type = LV_FONT_FMT_TXT_CMAP_SPARSE_TINY
    }
};

/*-----------------
 *    KERNING
 *----------------*/


/*Map glyph_ids to kern left classes*/
static const uint8_t kern_left_class_mapping[] =
{
    0, 0, 0, 0, 0, 0, 0, 1,
    0, 2, 0, 0, 0, 3, 4, 3,
    0, 0, 0, 0, 0, 0, 0, 0,
    0, 0, 0, 5, 0, 0, 0, 0,
    0, 0, 6, 7, 8, 9, 10, 11,
    0, 0, 0, 0, 8, 12, 0, 0,
    9, 13, 9, 14, 0, 15, 16, 17,
    17, 8, 18, 19, 2, 0, 0, 0,
    20, 0, 21, 22, 23, 0, 22, 24,
    0, 21, 0, 0, 0, 0, 21, 21,
    22, 22, 0, 25, 0, 23, 0, 26,
    26, 27, 26, 0, 2, 0, 0, 0,
    0, 28, 0, 0, 0, 0, 0, 0,
    0, 0, 0, 29, 0, 0, 0, 0,
    0, 0, 0, 0, 0, 0, 0, 0,
    0, 0, 0, 30, 0, 0, 0, 31,
    6, 6, 6, 6, 6, 6, 10, 8,
    10, 10, 10, 10, 0, 0, 0, 0,
    9, 0, 9, 9, 9, 9, 9, 0,
    9, 16, 16, 16, 16, 18, 13, 0,
    21, 21, 21, 21, 21, 21, 22, 0,
    22, 22, 22, 22, 0, 0, 32, 32,
    22, 0, 22, 22, 22, 22, 22, 0,
    22, 0, 0, 0, 0, 26, 22, 26,
    6, 21, 6, 21, 33, 21, 8, 0,
    8, 0, 8, 0, 8, 0, 9, 34,
    9, 0, 10, 22, 10, 22, 10, 22,
    10, 22, 10, 22, 0, 0, 0, 0,
    0, 0, 0, 0, 0, 21, 0, 0,
    0, 35, 0, 32, 0, 0, 36, 0,
    0, 0, 0, 0, 0, 0, 8, 0,
    27, 12, 0, 12, 0, 12, 34, 12,
    0, 12, 0, 0, 21, 0, 21, 0,
    0, 21, 0, 21, 9, 22, 9, 22,
    9, 22, 10, 22, 0, 25, 0, 25,
    0, 25, 0, 0, 0, 0, 0, 0,
    0, 0, 15, 23, 15, 37, 15, 23,
    16, 0, 16, 0, 16, 0, 16, 0,
    16, 0, 16, 0, 17, 26, 18, 26,
    18, 19, 0, 19, 0, 19, 0, 0,
    0, 0, 0, 0, 0, 0, 0, 0,
    0, 0, 0, 0, 0, 0, 0, 0,
    0, 0, 0, 0, 0, 0, 0, 0,
    0, 0, 0, 0, 0, 0, 0, 0,
    38, 39, 0, 0, 0, 0, 0, 0,
    0, 0, 0, 0, 0, 0, 0, 40,
    41, 0, 0, 0, 0, 0, 0, 0,
    0, 0, 0, 0, 0, 0, 0, 0,
    0, 0, 0, 0, 0, 0, 0, 0,
    0, 0, 0, 0, 0, 0, 0, 0,
    0, 0, 0, 0, 0, 0, 0, 0,
    0, 0, 0, 0, 0, 0, 0, 0,
    0, 0, 0, 0, 0, 0, 0, 0,
    0, 0, 0, 0, 0, 0, 0, 0,
    0, 0, 0, 0, 0, 0, 0, 0,
    0, 0, 6, 21, 10, 22, 9, 0,
    0, 0, 0, 0, 0, 0, 0, 0,
    0, 0, 0, 32, 0, 0, 0, 0,
    0, 0, 0, 0, 0, 0, 0, 0,
    0, 0, 15, 23, 0, 0, 0, 0,
    0, 0, 0, 0, 0, 0, 0, 0,
    0, 0, 0, 0, 0, 0, 0, 0,
    0, 0, 0, 0, 0, 0, 0, 0,
    0, 0, 0, 0, 0, 0, 0, 0,
    0, 0, 0, 0, 0, 0, 0, 0,
    0, 0, 0, 0, 0, 0, 0, 0,
    0, 0, 0, 0, 0, 0, 0, 0,
    0, 0, 0, 0, 0, 0, 42, 7,
    42, 0, 0, 0, 0, 43, 44, 0,
    45, 42, 7, 46, 42, 0, 47, 0,
    43, 0, 48, 42, 0, 0, 0, 43,
    0, 0, 47, 49, 44, 43, 0, 44,
    0, 0, 44, 50, 51, 52, 45, 53,
    50, 54, 55, 56, 51, 57, 52, 58,
    45, 0, 59, 50, 55, 60, 56, 51,
    56, 0, 61, 62, 53, 56, 63, 53,
    56, 45, 53, 56, 53, 56, 48, 0,
    0, 0, 0, 0, 56, 0, 0, 0,
    0, 0, 0, 0, 0, 0, 0, 0,
    0, 0, 0, 0, 0, 0, 0, 0,
    0, 0, 0, 0, 0, 0, 0, 0,
    0, 64, 64, 65, 66, 67, 68, 0,
    0, 0, 69, 69, 65, 70, 0, 71,
    0, 72, 73, 74, 66, 75, 64, 70,
    74, 0, 0, 70, 0, 0, 0, 76,
    0, 77, 67, 66, 71, 78, 70, 75,
    0, 0, 75, 69, 0, 69, 76, 76,
    0, 79, 80, 81, 82, 83, 84, 85,
    81, 86, 86, 85, 86, 86, 86, 84,
    86, 84, 87, 82, 88, 84, 85, 83,
    86, 86, 83, 89, 86, 89, 84, 84,
    86, 84, 84, 90, 91, 87, 92, 0,
    93, 94, 89, 89, 95, 85, 86, 88,
    86, 76, 96, 97, 89, 67, 87, 72,
    98, 72, 98, 99, 0, 99, 0, 100,
    0, 0, 84, 76, 84, 71, 96, 71,
    96, 88, 88, 76, 84, 76, 84, 76,
    96, 67, 0, 0, 0, 0, 0, 0,
    0, 0, 0, 75, 83, 97, 89, 77,
    84, 101, 102, 103, 104, 0, 0, 105,
    106, 100, 81, 105, 106, 70, 85, 70,
    85, 70, 85, 75, 83, 103, 102, 0,
    0, 0, 84, 67, 87, 101, 102, 107,
    108, 107, 108, 105, 106, 75, 83, 75,
    83, 0, 0, 0, 0, 109, 110, 109,
    110, 0, 70, 85, 0, 0, 75, 83,
    0, 0, 75, 83, 0, 0, 75, 83,
    0, 72, 79, 72, 79, 64, 110, 64,
    110, 76, 84, 76, 84, 70, 85, 100,
    81, 0, 0, 0, 86, 0, 86, 76,
    84, 76, 84, 76, 84, 76, 84, 71,
    88, 71, 88, 71, 88, 0, 86, 101,
    102, 0, 86, 103, 104, 105, 106, 70,
    106, 0, 0, 111, 112, 111, 112, 75,
    83, 111, 112, 111, 112, 0, 0, 0,
    112, 0, 0, 75, 83, 0, 0, 0,
    0, 0, 0, 0, 0, 0, 0, 70,
    0, 0, 0, 0, 0, 0, 0, 0,
    0, 0, 0, 70, 85, 0, 0, 0,
    83, 17, 26, 17, 26, 17, 26, 0,
    18, 26, 0, 0, 0, 4, 4, 4,
    0, 0, 0, 0, 3, 0, 0, 0,
    3, 0, 0, 0, 0, 0, 0, 0,
    0, 0, 0, 29, 30, 0, 0, 0,
    0, 0, 0, 0, 0, 0, 0, 0,
    0, 0, 0, 0, 0, 0, 0, 0,
    0, 0, 0, 0, 0, 0, 0, 0,
    0, 0, 0, 0, 0, 0, 0, 0,
    0, 0, 0, 0, 0, 0, 0, 0,
    0, 0, 0, 0, 0, 0, 0, 0,
    0, 0, 0, 0, 0, 0, 0, 0,
    0, 0, 0, 0, 0, 0, 0, 0,
    0, 0, 0, 0, 0, 0, 0, 0,
    0, 0, 0, 0, 0, 0, 0, 0,
    0, 0, 0, 0, 0, 0, 0, 0,
    0, 0, 0
};

/*Map glyph_ids to kern right classes*/
static const uint8_t kern_right_class_mapping[] =
{
    0, 0, 1, 2, 0, 0, 0, 3,
    2, 0, 4, 0, 0, 5, 6, 5,
    0, 0, 0, 0, 0, 0, 0, 0,
    0, 0, 0, 7, 7, 0, 0, 0,
    8, 0, 9, 0, 10, 0, 0, 0,
    10, 0, 11, 12, 0, 0, 0, 0,
    10, 0, 10, 0, 0, 13, 14, 15,
    15, 16, 17, 18, 0, 0, 4, 0,
    0, 0, 19, 20, 21, 21, 21, 22,
    23, 20, 0, 24, 20, 20, 25, 25,
    21, 25, 21, 25, 26, 22, 25, 27,
    27, 27, 27, 28, 0, 0, 4, 0,
    0, 0, 0, 0, 0, 0, 0, 0,
    0, 0, 0, 29, 0, 0, 0, 0,
    0, 0, 0, 0, 0, 0, 0, 0,
    0, 0, 0, 30, 0, 0, 0, 0,
    9, 9, 9, 9, 9, 9, 31, 10,
    0, 0, 0, 0, 0, 0, 0, 0,
    0, 0, 10, 10, 10, 10, 10, 0,
    10, 14, 14, 14, 14, 17, 0, 0,
    21, 19, 19, 19, 19, 19, 19, 21,
    21, 21, 21, 21, 0, 0, 0, 0,
    0, 0, 21, 21, 21, 21, 21, 0,
    21, 25, 25, 25, 25, 27, 20, 27,
    9, 19, 9, 19, 9, 19, 10, 21,
    10, 21, 10, 21, 10, 21, 0, 21,
    0, 21, 0, 21, 0, 21, 0, 21,
    0, 21, 0, 21, 10, 23, 10, 23,
    10, 23, 10, 23, 0, 20, 0, 32,
    0, 33, 0, 0, 0, 0, 0, 0,
    0, 0, 0, 0, 0, 0, 0, 20,
    25, 0, 20, 0, 20, 0, 20, 0,
    20, 0, 0, 0, 25, 0, 25, 0,
    0, 0, 0, 25, 10, 21, 10, 21,
    10, 21, 10, 21, 0, 25, 0, 25,
    0, 0, 0, 26, 0, 0, 0, 26,
    0, 0, 13, 22, 13, 22, 13, 22,
    14, 25, 14, 25, 14, 25, 14, 25,
    14, 25, 14, 25, 15, 27, 17, 27,
    17, 18, 28, 18, 28, 18, 28, 0,
    0, 0, 0, 0, 0, 0, 0, 0,
    0, 0, 0, 0, 0, 0, 0, 0,
    0, 0, 0, 0, 0, 0, 0, 0,
    0, 0, 0, 0, 0, 0, 0, 0,
    10, 21, 0, 0, 0, 0, 0, 0,
    0, 0, 0, 0, 0, 0, 0, 14,
    25, 0, 0, 0, 0, 0, 0, 0,
    0, 0, 0, 0, 0, 0, 0, 0,
    0, 0, 0, 0, 0, 0, 0, 0,
    0, 0, 0, 0, 0, 0, 0, 0,
    0, 0, 0, 0, 0, 0, 0, 0,
    0, 0, 0, 0, 0, 0, 0, 0,
    0, 0, 0, 0, 0, 0, 0, 0,
    0, 0, 0, 0, 0, 0, 0, 0,
    0, 0, 0, 0, 0, 0, 0, 0,
    0, 0, 9, 19, 31, 19, 10, 21,
    0, 0, 0, 0, 0, 0, 0, 0,
    0, 0, 0, 0, 0, 0, 0, 0,
    0, 0, 0, 0, 0, 0, 0, 0,
    0, 26, 13, 22, 0, 0, 0, 0,
    0, 0, 0, 0, 0, 0, 0, 0,
    0, 0, 0, 0, 0, 0, 0, 0,
    0, 0, 0, 0, 0, 0, 0, 0,
    0, 0, 0, 0, 0, 0, 0, 0,
    0, 0, 0, 0, 0, 0, 0, 0,
    0, 0, 0, 0, 0, 0, 0, 0,
    0, 0, 0, 0, 0, 0, 0, 0,
    0, 0, 0, 0, 0, 0, 34, 0,
    34, 0, 0, 0, 0, 35, 36, 0,
    37, 34, 0, 0, 34, 0, 38, 0,
    35, 0, 0, 34, 0, 0, 0, 35,
    0, 0, 38, 39, 36, 35, 40, 36,
    0, 0, 36, 41, 42, 0, 37, 43,
    41, 44, 45, 41, 42, 46, 0, 47,
    37, 44, 48, 44, 45, 49, 41, 50,
    44, 41, 41, 51, 43, 41, 52, 43,
    41, 37, 43, 41, 43, 41, 0, 0,
    0, 0, 0, 0, 41, 0, 0, 0,
    0, 0, 0, 0, 0, 0, 0, 0,
    0, 0, 0, 0, 0, 0, 0, 0,
    0, 0, 0, 0, 0, 0, 0, 0,
    0, 0, 0, 53, 0, 54, 55, 0,
    0, 56, 57, 0, 53, 0, 0, 58,
    0, 59, 0, 0, 0, 60, 0, 61,
    62, 0, 0, 0, 57, 0, 0, 54,
    0, 0, 54, 53, 58, 63, 61, 0,
    64, 0, 0, 53, 0, 0, 62, 0,
    65, 66, 67, 68, 68, 69, 70, 71,
    72, 68, 68, 68, 73, 68, 68, 70,
    68, 68, 70, 74, 75, 70, 71, 68,
    76, 68, 68, 74, 68, 68, 72, 68,
    77, 70, 70, 78, 68, 70, 79, 0,
    80, 81, 73, 68, 78, 68, 68, 75,
    68, 82, 83, 84, 0, 0, 85, 59,
    69, 0, 85, 0, 0, 0, 85, 62,
    0, 64, 0, 82, 66, 86, 83, 86,
    83, 82, 66, 82, 66, 82, 66, 82,
    83, 82, 66, 0, 0, 0, 0, 0,
    0, 0, 0, 0, 85, 84, 78, 0,
    85, 0, 85, 84, 0, 0, 85, 61,
    71, 62, 72, 0, 85, 0, 85, 0,
    78, 87, 74, 0, 85, 0, 85, 0,
    85, 82, 66, 82, 66, 53, 74, 88,
    89, 88, 89, 61, 71, 87, 74, 64,
    76, 64, 76, 0, 85, 90, 91, 90,
    91, 0, 61, 71, 0, 85, 92, 69,
    0, 85, 0, 85, 64, 76, 0, 85,
    0, 59, 93, 59, 93, 59, 93, 0,
    66, 94, 93, 94, 93, 61, 71, 62,
    72, 0, 0, 0, 68, 0, 68, 82,
    66, 82, 66, 82, 66, 62, 72, 58,
    75, 58, 75, 58, 75, 64, 76, 0,
    85, 0, 68, 84, 0, 61, 71, 61,
    71, 95, 66, 95, 66, 96, 97, 96,
    97, 92, 69, 0, 85, 82, 66, 87,
    74, 0, 66, 92, 69, 0, 0, 0,
    0, 0, 0, 0, 0, 0, 0, 0,
    68, 0, 0, 0, 0, 0, 0, 0,
    0, 0, 0, 60, 69, 0, 0, 57,
    73, 15, 27, 15, 27, 15, 27, 0,
    17, 0, 0, 0, 0, 6, 6, 6,
    0, 0, 98, 2, 5, 0, 98, 2,
    5, 0, 0, 0, 0, 0, 0, 0,
    5, 0, 0, 29, 30, 0, 0, 0,
    0, 0, 0, 0, 0, 0, 0, 0,
    0, 0, 0, 0, 0, 0, 0, 0,
    0, 0, 0, 0, 0, 0, 0, 0,
    0, 0, 0, 0, 0, 0, 0, 0,
    0, 0, 0, 0, 0, 0, 0, 0,
    0, 0, 0, 0, 0, 0, 0, 0,
    0, 0, 0, 0, 0, 0, 0, 0,
    0, 0, 0, 0, 0, 0, 0, 0,
    0, 0, 0, 0, 0, 0, 0, 0,
    0, 0, 0, 0, 0, 0, 0, 0,
    0, 0, 0, 0, 0, 0, 0, 0,
    0, 0, 0
};

/*Kern values between classes*/
static const int8_t kern_class_values[] =
{
    0, 0, 0, 0, 0, 0, 0, 0,
    0, 0, 0, 0, -15, 0, -5, 0,
    -8, 0, 0, 0, 0, 0, 0, 0,
    0, 0, 0, 0, 0, 0, 0, 0,
    0, 0, 0, 0, 0, 0, 0, 0,
    0, 0, 0, 0, 0, 0, 0, 0,
    0, 0, 0, 0, 0, 0, 0, 0,
    0, 0, 0, 0, 0, 0, 0, 0,
    0, 0, 0, 0, 0, 0, 0, 0,
    0, 0, 0, 0, 0, 0, 0, 0,
    0, 0, 0, 0, 0, 0, 0, 0,
    0, 0, 0, 0, 0, 0, 0, 0,
    0, 0, 0, 0, 0, 0, 0, 0,
    0, 0, 0, 0, 0, 23, 0, 0,
    0, 0, 0, 0, 0, 0, 0, 0,
    0, 10, 0, 0, 0, 0, 0, 0,
    0, 0, 0, 0, 0, 0, 0, 0,
    0, 0, 0, 0, 0, 0, 0, 0,
    0, 0, 0, 0, 0, 0, 0, 0,
    0, 26, 0, 0, 0, 0, 0, 0,
    -8, 0, 0, 0, 0, 0, 0, 0,
    0, 0, 0, 0, 0, 0, 0, 0,
    0, 0, 15, 0, 0, 0, 0, 0,
    0, 0, 0, 0, 0, 0, 0, 0,
    0, 0, 0, 0, 0, 0, 0, 0,
    0, 0, 0, 0, 0, -13, 0, 0,
    -18, -5, -15, 0, -15, 0, 0, 0,
    0, 0, 0, 0, 0, 0, 0, 0,
    0, 0, 0, 0, 0, 0, -13, -15,
    0, 0, -18, 0, 0, 0, 0, 0,
    0, 0, 0, 0, 0, 0, 0, 0,
    -13, 0, 0, 15, 0, -5, 0, 0,
    0, 0, -10, -20, 0, 0, 0, 0,
    0, 0, 0, 0, 0, -10, 0, -15,
    0, 0, 0, 0, 0, -13, 0, 0,
    0, -15, -18, -15, 0, -15, 0, 0,
    0, 0, 0, -18, -13, 0, 0, 0,
    0, 0, 0, 0, 0, 0, 0, 0,
    0, 0, -10, 0, 0, 0, 0, 0,
    0, 0, 0, 0, 0, 0, 0, 0,
    0, 0, 0, 0, 0, 0, 0, 0,
    0, 0, 0, 0, -10, 0, 0, 0,
    0, 0, 0, 0, 0, 0, 0, 0,
    0, 0, -10, 0, 0, 0, 0, -5,
    0, 0, -3, 0, 0, 0, 0, 0,
    0, 0, 0, 0, -3, 0, 0, -5,
    0, 0, 0, 0, 0, 0, 0, 0,
    0, 0, 0, 0, -10, 0, 0, 0,
    0, 0, 0, 0, 0, 0, 0, 0,
    0, 0, 0, 0, 0, 0, 0, 0,
    0, 0, 0, 0, 0, 0, 0, 0,
    0, 0, 0, 0, 0, 0, 0, 0,
    0, 0, 0, 0, 0, 0, 0, 0,
    0, 0, 0, 0, 0, 0, 0, 0,
    0, 0, 0, 0, 0, 0, 0, 0,
    0, 0, 0, 0, -6, 0, 0, 0,
    0, 0, 0, 0, -2, 0, -2, -2,
    0, 0, 0, 0, 0, 0, 0, 0,
    0, 0, 0, -2, 0, 0, 0, 0,
    0, 0, 0, 0, 0, 0, 0, 0,
    0, 0, 0, 0, 0, 0, 0, 0,
    0, 0, 0, -18, 0, 0, 0, 0,
    0, 0, 0, -5, 0, 13, -18, 0,
    -10, 0, -15, 0, 0, 0, 0, 0,
    0, 0, 0, 0, 0, 0, 0, 0,
    0, 0, 0, 0, 0, 0, 0, 0,
    0, 0, 0, 0, 0, 0, 0, 0,
    0, 0, 0, 0, 0, 0, 0, 0,
    0, 0, 0, 0, 0, 0, 0, 0,
    0, 0, 0, 0, 0, 0, 0, 0,
    0, 0, 0, 0, 0, 0, 0, 0,
    0, 0, 0, 0, 0, 0, 0, 0,
    0, 0, 0, 0, 0, 0, 0, 0,
    0, 0, 0, 0, 0, 0, 0, 0,
    -3, 0, 0, 0, 0, 0, 0, 0,
    0, 0, 0, 0, 0, 0, 0, 0,
    0, 0, 0, 0, 0, 0, 0, 0,
    0, 0, 0, 0, 0, 0, 0, 0,
    0, 0, 0, 0, 0, 0, 0, 0,
    0, 0, 0, 0, 0, 0, 0, 0,
    0, 0, 0, 0, 0, 0, 0, 0,
    0, 0, 0, 0, 0, 0, 0, 0,
    0, 0, 0, 0, 0, 0, 0, 0,
    0, 0, 0, 0, 0, 0, 0, 0,
    0, 0, 0, 0, 0, 0, 0, 0,
    0, 0, 0, 0, 0, 0, 0, 0,
    0, 0, 0, 0, 0, 0, 0, -5,
    0, 0, 0, 0, 0, 0, 0, 0,
    0, 0, 0, 0, 0, 0, 0, 0,
    0, 0, -5, 0, 0, 0, 0, 0,
    0, 0, 0, 0, 0, 0, 0, 0,
    0, 0, 0, 0, 0, 0, 0, 0,
    0, 0, 0, 0, 0, 0, 0, 0,
    0, 0, 0, 0, 0, 0, 0, 0,
    0, 0, 0, 0, 0, 0, 0, 0,
    0, 0, 0, 0, 0, 0, 0, 0,
    0, 0, 0, 0, 0, 0, 0, 0,
    0, 0, 0, 0, 0, 0, 0, 0,
    0, 0, 0, 0, -10, 0, 0, 0,
    -5, 0, 0, 0, -8, 0, -3, -5,
    -3, -3, 0, 0, 0, 0, 0, 0,
    0, 0, 0, 0, 0, 0, 0, 0,
    0, 0, 0, 0, 0, 0, 0, 0,
    0, 0, 0, 0, 0, 0, 0, 0,
    0, 0, 0, 0, 0, 0, 0, 0,
    0, 0, 0, 0, 0, 0, 0, 0,
    0, 0, 0, 0, 0, 0, 0, 0,
    0, 0, 0, 0, 0, 0, 0, 0,
    0, 0, 0, 0, 0, 0, 0, 0,
    0, 0, 0, 0, 0, 0, 0, 0,
    0, 0, 0, 0, 0, 0, 0, 0,
    0, 0, 0, 0, 0, 15, 0, 0,
    0, 0, 0, 0, 0, 0, 0, 0,
    0, 0, 0, 0, 0, 0, 0, 0,
    0, 0, 0, 0, 0, 0, 0, 0,
    0, 0, 0, 0, 0, 0, 0, 0,
    0, 0, 0, 0, 0, 0, 0, 0,
    0, 0, 0, 0, 0, 0, 0, 0,
    0, 0, 0, 0, 0, 0, 0, 0,
    0, 0, 0, 0, 0, 0, 0, 0,
    0, 0, 0, 0, 0, 0, 0, 0,
    0, 0, 0, 0, 0, 0, 0, 0,
    0, 0, 0, 0, 0, 0, 0, 5,
    -15, 0, 0, 5, -5, 0, 0, 0,
    0, 0, 0, 0, 0, 0, 0, 0,
    0, 0, 0, 0, 0, 0, 0, 0,
    0, 0, 0, 0, 0, 0, 0, 0,
    0, 0, 0, 0, 0, 0, 0, 0,
    0, 0, 0, 0, 0, 0, 0, 0,
    0, 0, 0, 0, 0, 0, 0, 0,
    0, 0, 0, 0, 0, 0, 0, 0,
    0, 0, 0, 0, 0, 0, 0, 0,
    0, 0, 0, 0, 0, 0, 0, 0,
    0, 0, 0, 0, 0, 0, 0, 0,
    0, 0, 0, 0, 0, 0, 0, -20,
    0, 0, 0, 0, 0, 0, 0, -5,
    0, 0, -5, -3, -5, 0, -8, 0,
    0, 0, 0, 0, 0, 0, 0, 0,
    0, 0, 0, 0, 0, 0, 0, 0,
    0, 0, 0, 0, 0, 0, 0, 0,
    0, 0, 0, 0, 0, 0, 0, 0,
    0, 0, 0, 0, 0, 0, 0, 0,
    0, 0, 0, 0, 0, 0, 0, 0,
    0, 0, 0, 0, 0, 0, 0, 0,
    0, 0, 0, 0, 0, 0, 0, 0,
    0, 0, 0, 0, 0, 0, 0, 0,
    0, 0, 0, 0, 0, 0, 0, 0,
    0, 0, -3, 0, -33, 0, 0, 0,
    -13, 0, 0, 0, 0, 0, 0, -5,
    0, -3, 0, 0, 0, 0, 0, 0,
    0, 0, 0, 0, -5, 0, -8, 0,
    0, 0, 0, 0, 0, 0, 0, 0,
    0, 0, 0, 0, 0, 0, 0, 0,
    0, 0, 0, 0, 0, 0, 0, 0,
    0, 0, 0, 0, 0, 0, 0, 0,
    0, 0, 0, 0, 0, 0, 0, 0,
    0, 0, 0, 0, 0, 0, 0, 0,
    0, 0, 0, 0, 0, 0, 0, 0,
    0, 0, 0, 0, 0, 0, 0, 0,
    0, 0, 0, 0, 0, 0, 0, 0,
    0, 0, 0, 0, 0, 0, 0, 0,
    0, 0, 0, 0, 0, 0, 0, 0,
    0, 0, 0, 0, 0, 0, -3, 0,
    0, 0, 0, 0, 0, 0, 0, 0,
    0, 0, 0, 0, 0, 0, 0, 0,
    0, 0, 0, 0, 0, 0, 0, 0,
    0, 0, 0, 0, 0, 0, 0, 0,
    0, 0, 0, 0, 0, 0, 0, 0,
    0, 0, 0, 0, 0, 0, 0, 0,
    0, 0, 0, 0, 0, 0, 0, 0,
    0, 0, 0, 0, 0, 0, 0, 0,
    0, 0, 0, 0, 0, 0, -5, 0,
    -15, -10, 0, 5, -18, -5, 0, 0,
    5, 0, 0, 0, 0, 0, -20, 0,
    -18, 0, -18, 0, -13, -15, -5, -10,
    -15, -8, 0, 0, 0, 0, 0, 0,
    0, 0, 0, 0, 0, 0, 0, 0,
    0, 0, 0, 0, 0, 0, 0, 0,
    0, 0, 0, 0, 0, 0, 0, 0,
    0, 0, 0, 0, 0, 0, 0, 0,
    0, 0, 0, 0, 0, 0, 0, 0,
    0, 0, 0, 0, 0, 0, 0, 0,
    0, 0, 0, 0, 0, 0, 0, 0,
    0, 0, 0, 0, 0, 0, 0, 0,
    0, 0, -5, 0, 0, 0, -3, 0,
    0, 0, 0, 0, 0, 0, 0, 0,
    0, 0, 0, 0, 0, 0, 0, 0,
    0, 0, 0, 0, 0, 0, 0, 0,
    0, 0, 0, 0, 0, 0, 0, 0,
    0, 0, 0, 0, 0, 0, 0, 0,
    0, 0, 0, 0, 0, 0, 0, 0,
    0, 0, 0, 0, 0, 0, 0, 0,
    0, 0, 0, 0, 0, 0, 0, 0,
    0, 0, 0, 0, 0, 0, 0, 0,
    0, 0, 0, 0, 0, 0, 0, 0,
    0, 0, 0, 0, 0, 0, 0, 0,
    0, 0, 0, 0, -13, 0, 0, 5,
    -10, -3, 0, 0, 0, 0, 0, 0,
    0, 0, -5, 0, -5, 0, -3, 0,
    -3, -3, 0, 0, -8, -3, 0, 0,
    0, 0, 0, 0, 0, 0, 0, 0,
    0, 0, 0, 0, 0, 0, 0, 0,
    0, 0, 0, 0, 0, 0, 0, 0,
    0, 0, 0, 0, 0, 0, 0, 0,
    0, 0, 0, 0, 0, 0, 0, 0,
    0, 0, 0, 0, 0, 0, 0, 0,
    0, 0, 0, 0, 0, 0, 0, 0,
    0, 0, 0, 0, 0, 0, 0, 0,
    0, 0, 0, 0, -8, 0, -15, 0,
    0, 5, -15, -5, 0, 0, 0, 0,
    0, 0, 0, 0, -13, 0, -13, 0,
    -13, 0, -8, -10, 0, -5, -20, -8,
    0, 0, 0, 0, 0, 0, 0, 0,
    0, 0, 0, 0, 0, 0, 0, 0,
    0, 0, 0, 0, 0, 0, 0, 0,
    0, 0, 0, 0, 0, 0, 0, 0,
    0, 0, 0, 0, 0, 0, 0, 0,
    0, 0, 0, 0, 0, 0, 0, 0,
    0, 0, 0, 0, 0, 0, 0, 0,
    0, 0, 0, 0, 0, 0, 0, 0,
    0, 0, 0, 0, 0, 0, 0, 0,
    0, 0, 0, 0, 0, -3, 0, 0,
    0, 0, 0, 0, 0, 0, 0, 0,
    0, 0, 0, 0, 0, 0, 0, 0,
    -5, 0, 0, 0, 0, 0, 0, 0,
    0, 0, 0, 0, 0, 0, 0, 0,
    0, 0, 0, 0, 0, 0, 0, 0,
    0, 0, 0, 0, 0, 0, 0, 0,
    0, 0, 0, 0, 0, 0, 0, 0,
    0, 0, 0, 0, 0, 0, 0, 0,
    0, 0, 0, 0, 0, 0, 0, 0,
    0, 0, 0, 0, 0, 0, 0, 0,
    0, 0, 0, 0, 0, 0, 0, 0,
    0, 0, 0, 0, 0, 0, 0, 0,
    0, 24, 0, 0, 0, 0, 0, 0,
    0, 0, 0, 0, 0, 0, 0, 0,
    0, 0, 0, 0, 0, 0, 0, 0,
    0, 0, 0, 0, 0, 0, 0, 0,
    0, 0, 0, 0, 0, 0, 0, 0,
    0, 0, 0, 0, 0, 0, 0, 0,
    0, 0, 0, 0, 0, 0, 0, 0,
    0, 0, 0, 0, 0, 0, 0, 0,
    0, 0, 0, 0, 0, 0, 0, 0,
    0, 0, 0, 0, 0, 0, 0, 0,
    0, 0, 0, 0, 0, 0, 0, 0,
    0, -3, 0, 0, 0, 0, 0, 0,
    0, 0, 0, 0, 0, 0, 0, 0,
    0, 0, 0, 0, 0, 0, 0, 0,
    0, 0, 0, 0, 0, 0, 0, 0,
    0, 0, 0, 0, 0, 0, 0, 0,
    0, 0, 0, 0, 0, 0, 0, 0,
    0, 0, 0, 0, 0, 0, 0, 0,
    0, 0, 0, 0, 0, 0, 0, 0,
    0, 0, 0, 0, 0, 0, 0, 0,
    0, 0, 0, 0, 0, 0, 0, 0,
    0, 0, 0, 0, 0, 0, 0, 0,
    0, 0, 0, 0, 0, 0, 0, 0,
    0, 0, 0, -3, 0, 0, 0, 0,
    0, 0, 0, 0, 0, 0, 0, 0,
    0, 0, 0, 0, 0, 0, 0, 0,
    0, 0, 0, 0, -5, -3, 0, 0,
    0, 0, 0, 0, 0, 0, 0, 0,
    0, 0, 0, 0, 0, 0, 0, 0,
    0, 0, 0, 0, 0, 0, 0, 0,
    0, 0, 0, 0, 0, 0, 0, 0,
    0, 0, 0, 0, 0, 0, 0, 0,
    0, 0, 0, 0, 0, 0, 0, 0,
    0, 0, 0, 0, 0, 0, 0, 0,
    0, 0, 0, 0, 0, 0, 0, 0,
    0, 0, 0, 0, 0, 5, 0, 0,
    0, 0, 0, 0, 0, 0, 0, 0,
    0, 0, 0, 0, 0, 0, 0, 0,
    0, 0, 0, 0, 0, 0, 0, 0,
    0, 0, 0, 0, 0, 0, 0, 0,
    0, 0, 0, 0, 0, 0, 0, 0,
    0, 0, 0, 0, 0, 0, 0, 0,
    0, 0, 0, 0, 0, 0, 0, 0,
    0, 0, 0, 0, 0, 0, 0, 0,
    0, 0, 0, 0, 0, 0, 0, 0,
    0, 0, 0, 0, 0, 0, 0, 0,
    0, 0, 0, 0, 0, 0, 0, 0,
    0, 0, 0, 0, 0, 0, 0, 15,
    0, 10, -5, 0, 0, 0, 0, 0,
    0, 0, 0, 0, 0, 0, 0, 0,
    0, 0, 0, 0, 0, 0, 0, 0,
    0, 0, 0, 0, 0, 0, 0, 0,
    0, 0, 0, 0, 0, 0, 0, 0,
    0, 0, 0, 0, 0, 0, 0, 0,
    0, 0, 0, 0, 0, 0, 0, 0,
    0, 0, 0, 0, 0, 0, 0, 0,
    0, 0, 0, 0, 0, 0, 0, 0,
    0, 0, 0, 0, 0, 0, 0, 0,
    0, 0, 0, 0, 0, 0, 0, 0,
    0, 0, 0, 0, 0, 0, 0, 0,
    0, 10, 0, 0, -41, 0, 0, 0,
    0, 0, 0, 0, 0, 0, 0, 0,
    0, 0, -5, 0, -5, 0, -3, 0,
    0, 0, 0, 0, 0, 0, 0, 0,
    0, 0, 0, 0, 0, 0, 0, 0,
    0, 0, 0, 0, 0, 0, 0, 0,
    0, 0, 0, 0, 0, 0, 0, 0,
    0, 0, 0, 0, 0, 0, 0, 0,
    0, 0, 0, 0, 0, 0, 0, 0,
    0, 0, 0, 0, 0, 0, 0, 0,
    0, 0, 0, 0, 0, 0, 0, 0,
    0, 0, 0, 0, 0, 0, 0, 0,
    0, 0, 0, 10, 0, 0, -10, 0,
    0, 5, 0, 0, 0, 0, 0, 0,
    0, 0, 0, 0, 0, 0, 0, 0,
    0, 0, 0, 0, 0, 0, 0, 0,
    0, 0, 0, 0, 0, 0, 0, 0,
    0, 0, 0, 0, 0, 0, 0, 0,
    0, 0, 0, 0, 0, 0, 0, 0,
    0, 0, 0, 0, 0, 0, 0, 0,
    0, 0, 0, 0, 0, 0, 0, 0,
    0, 0, 0, 0, 0, 0, 0, 0,
    0, 0, 0, 0, 0, 0, 0, 0,
    0, 0, 0, 0, 0, 0, 0, 0,
    0, 0, 0, 0, 0, 0, 0, 0,
    0, 0, 0, 0, 0, 0, 0, 0,
    0, 0, 0, 0, 0, 0, 0, 0,
    -5, 0, 0, 0, 0, 0, 0, 0,
    0, 0, 0, 0, 0, 0, 0, 0,
    0, 0, 0, 0, 0, 0, 0, 0,
    0, 0, 0, 0, 0, 0, 0, 0,
    0, 0, 0, 0, 0, 0, 0, 0,
    0, 0, 0, 0, 0, 0, 0, 0,
    0, 0, 0, 0, 0, 0, 0, 0,
    0, 0, 0, 0, 0, 0, 0, 0,
    0, 0, 0, 0, 0, 0, 0, 0,
    0, 0, 0, 0, 0, 0, 0, 0,
    0, 0, 0, 0, 0, 0, 0, 0,
    0, 13, -5, 0, -3, 0, -8, 0,
    0, 0, 0, 0, 0, 0, 0, 0,
    0, 0, 0, 0, 0, 0, 0, 0,
    0, 0, 0, 0, 0, 0, 0, 0,
    0, 0, 0, 0, 0, 0, 0, 0,
    0, 0, 0, 0, 0, 0, 0, 0,
    0, 0, 0, 0, 0, 0, 0, 0,
    0, 0, 0, 0, 0, 0, 0, 0,
    0, 0, 0, 0, 0, 0, 0, 0,
    0, 0, 0, 0, 0, 0, 0, 0,
    0, 0, 0, 0, 0, 0, 0, 0,
    0, 0, 0, 0, 0, 0, 0, 0,
    0, 0, 0, 0, -8, 0, -3, 0,
    -8, 0, 0, 0, 0, 0, 0, 0,
    0, 0, 0, 0, 0, 0, 0, 0,
    0, 0, 0, -8, 0, 0, -8, 0,
    0, 0, 0, 0, 0, 0, 0, 0,
    0, 0, 0, 0, -8, 0, 0, 0,
    0, 0, -3, 0, 0, 0, 0, 0,
    0, 0, 0, 0, 0, 0, 0, 0,
    0, 0, 0, 0, 0, 0, 0, 0,
    0, 0, 0, 0, 0, 0, -3, 0,
    0, 0, 0, 0, 0, 0, 0, 0,
    0, 0, 0, 0, 0, 0, 0, 0,
    0, 0, 0, 0, 0, 0, -15, 0,
    -8, -5, -20, 0, 0, 0, 0, 0,
    0, 0, 0, 0, 0, 0, 0, 0,
    0, 0, 0, 0, 0, -20, 0, 0,
    -15, -5, 0, 0, 0, 0, 0, 0,
    0, 0, 0, 0, 0, 0, -15, 0,
    0, 0, 0, -5, 0, 0, -5, 0,
    0, -5, 0, 0, 0, 0, 0, 0,
    0, 0, 0, 0, 0, 0, 0, 0,
    0, 0, 0, 0, 0, 0, 0, 0,
    -10, 0, 0, 0, 0, 0, 0, 0,
    0, 0, 0, 0, 0, 0, 0, 0,
    0, 0, 0, 0, 0, 0, 0, 26,
    -10, 0, -8, 0, -10, 0, 0, 0,
    0, 0, 0, 0, 0, 0, 0, 0,
    0, 0, 0, 0, 0, 0, 0, 0,
    0, 0, 0, 0, 0, 0, 0, 0,
    0, 0, 0, 0, 0, 0, 0, 0,
    0, 0, 0, 0, 0, 0, 0, 0,
    0, 0, 0, 0, 0, 0, 0, 0,
    0, 0, 0, 0, 0, 0, 0, 0,
    0, 0, 0, 0, 0, 0, 0, 0,
    0, 0, 0, 0, 0, 0, 0, 0,
    0, 0, 0, 0, 0, 0, 0, 0,
    0, 13, 0, 0, 0, 0, 0, 0,
    0, 0, 0, 0, 0, 0, 0, 0,
    0, 0, 0, 0, 0, 0, 0, 0,
    0, 0, 0, 0, 0, 0, 0, 0,
    0, 0, 0, 0, 0, 0, 0, 0,
    0, 0, 0, 0, 0, 0, 0, 0,
    0, 0, 0, 0, 0, 0, 0, 0,
    0, 0, 0, 0, 0, 0, 0, 0,
    0, 0, 0, 0, 0, 0, 0, 0,
    0, 0, 0, 0, 0, 0, 0, 0,
    0, 0, 0, 0, 0, 0, 0, 0,
    0, 0, 0, 0, 0, 0, 0, 0,
    0, -18, 0, 0, 0, 0, 0, 0,
    0, -5, 0, 28, -18, 0, -10, 0,
    -15, 0, 0, 0, 0, 0, 0, 0,
    0, 0, 0, 0, 0, 0, 0, 0,
    0, 0, 0, 0, 0, 0, 0, 0,
    0, 0, 0, 0, 0, 0, 0, 0,
    0, 0, 0, 0, 0, 0, 0, 0,
    0, 0, 0, 0, 0, 0, 0, 0,
    0, 0, 0, 0, 0, 0, 0, 0,
    0, 0, 0, 0, 0, 0, 0, 0,
    0, 0, 0, 0, 0, 0, 0, 0,
    0, 0, 0, 0, 0, 0, 0, 0,
    0, 0, 18, 17, 0, 27, 0, 0,
    0, 26, 0, 0, 0, 0, 0, 0,
    0, 0, 0, 0, 0, 8, 0, 0,
    0, 0, 0, 0, 0, 0, 0, 0,
    0, 18, 0, 0, 0, 0, 0, 0,
    0, 0, 0, 0, 0, 0, 0, 0,
    0, 0, 0, 0, 0, 0, 0, 0,
    0, 0, 0, 0, 0, 0, 0, 0,
    0, 0, 0, 0, 0, 0, 0, 0,
    0, 0, 0, 0, 0, 0, 0, 0,
    0, 0, 0, 0, 0, 0, 0, 0,
    0, 0, 0, 0, 0, 0, 0, 0,
    0, 0, 0, 20, 0, 0, 0, 13,
    0, 0, 0, 0, 0, 0, 0, 0,
    0, 0, 0, 0, 0, 0, 0, 0,
    0, 0, 0, 0, 0, 0, 0, 0,
    0, 0, 0, 0, 32, 0, 0, 0,
    0, 0, 0, 0, 0, 0, 0, 0,
    0, 0, 0, 0, 0, 0, 0, 0,
    0, 0, 0, 0, 0, 0, 0, 0,
    0, 0, 0, 0, 0, 0, 0, 0,
    0, 0, 0, 0, 0, 0, 0, 0,
    0, 0, 0, 0, 0, 0, 0, 0,
    0, 0, 0, 0, 0, 0, 0, 0,
    0, 0, 0, 0, 0, 0, 0, 0,
    0, 0, 0, 0, 0, 0, 0, 0,
    0, 13, 0, 0, 0, 0, 0, 0,
    0, 0, 0, 0, 0, 0, 0, 0,
    0, 0, 0, 0, 0, 0, 0, 0,
    0, 0, 0, 0, 0, 0, 0, 0,
    0, 0, 0, 0, 0, 0, 0, 0,
    0, 0, 0, 0, 0, 0, 0, 0,
    0, 0, 0, 0, 0, 0, 0, 0,
    0, 0, 0, 0, 0, 0, 0, 0,
    0, 0, 0, 0, 0, 0, 0, 0,
    0, 0, 0, 0, 0, 0, 0, 0,
    0, 0, 0, 0, 0, 0, 0, 0,
    23, 25, 0, 34, 0, 0, 0, 30,
    0, 0, 0, 0, 0, 0, 0, 0,
    0, 0, 0, 0, 0, 0, 0, 0,
    0, 0, 0, 0, 0, 0, 0, 0,
    0, 0, 0, 0, 0, 0, 0, 0,
    0, 0, 0, 0, 0, 0, 0, 0,
    0, 0, 0, 0, 0, 0, 0, 0,
    0, 0, 0, 0, 0, 0, 0, 0,
    0, 0, 0, 0, 0, 0, 0, 0,
    0, 0, 0, 0, 0, 0, 0, 0,
    0, 0, 0, 0, 0, 0, 0, 0,
    0, 0, 0, 0, 0, 0, 0, 0,
    0, 20, 0, 0, 0, 0, 0, 0,
    0, 0, -5, 0, 5, 0, 15, 0,
    18, 13, 15, 0, 0, 0, 0, 0,
    0, 0, 0, 0, 0, 0, 0, 0,
    0, 0, 0, 0, 0, 0, 0, 0,
    0, 0, 0, 0, 0, 0, 0, 0,
    0, 0, 0, 0, 0, 0, 0, 0,
    0, 0, 0, 0, 0, 0, 0, 0,
    0, 0, 0, 0, 0, 0, 0, 0,
    0, 0, 0, 0, 0, 0, 0, 0,
    0, 0, 0, 0, 0, 0, 0, 0,
    0, 0, 0, 0, 0, 0, 0, 0,
    0, 0, 0, 0, 0, 0, 0, 0,
    0, 0, 0, 0, 0, 0, 0, 0,
    0, 0, 0, 0, 0, 0, 0, 5,
    0, 10, 0, 0, 0, 0, 13, 0,
    0, 0, 0, 0, 0, 0, 0, 0,
    0, 0, 0, 0, 0, 0, 0, 0,
    0, 0, 0, 0, 0, 0, 0, 0,
    0, 0, 0, 0, 0, 0, 0, 0,
    0, 0, 0, 0, 0, 0, 0, 0,
    0, 0, 0, 0, 0, 0, 0, 0,
    0, 0, 0, 0, 0, 0, 0, 0,
    0, 0, 0, 0, 0, 0, 0, 0,
    0, 0, 0, 0, 0, 0, 0, 0,
    0, 0, 0, 0, 0, 0, -8, -3,
    5, 0, 18, 0, 18, 13, 15, 0,
    -8, 0, -5, 0, -5, 0, 0, 0,
    0, 0, 0, 0, 0, 0, 0, 0,
    0, 0, 0, 0, 0, 0, 0, 0,
    0, 0, 0, 0, 0, 0, 0, 0,
    0, 0, 0, 0, 0, 0, 0, 0,
    0, 0, 0, 0, 0, 0, 0, 0,
    0, 0, 0, 0, 0, 0, 0, 0,
    0, 0, 0, 0, 0, 0, 0, 0,
    0, 0, 0, 0, 0, 0, 0, 0,
    0, 0, 0, 0, 0, 0, 0, 0,
    0, 0, 0, 0, 0, 0, 0, 0,
    0, 0, 0, 0, 0, 0, 0, 0,
    0, 0, 0, 5, 0, 13, 0, 0,
    0, 0, 13, 0, 0, 0, 0, 0,
    0, 0, 0, 0, 0, 0, 0, 0,
    0, 0, 0, 0, 0, 0, 0, 0,
    0, 0, 0, 0, 0, 0, 0, 0,
    0, 0, 0, 0, 0, 0, 0, 0,
    0, 0, 0, 0, 0, 0, 0, 0,
    0, 0, 0, 0, 0, 0, 0, 0,
    0, 0, 0, 0, 0, 0, 0, 0,
    0, 0, 0, 0, 0, 0, 0, 0,
    0, 0, 0, -18, 0, 0, 0, 0,
    0, 0, 0, 0, 0, 0, 0, 0,
    0, 0, 0, 0, 0, 0, 0, 0,
    0, 0, 0, 0, 0, 0, 0, 0,
    0, 0, 0, 0, -5, -15, 0, 0,
    -18, 0, 0, 0, 0, 0, 0, 0,
    0, 0, 0, 0, 0, 0, 0, 0,
    0, 0, 0, 0, 0, 0, 0, 0,
    0, 0, 0, 0, 0, 0, 0, 0,
    0, 0, 0, 0, 0, 0, 0, 0,
    0, 0, 0, 0, 0, 0, 0, 0,
    0, 0, 0, 0, 0, 0, 0, 0,
    0, 0, 0, 0, 0, 0, 0, 0,
    -10, 0, 0, 0, 0, 0, 0, 0,
    0, 0, 0, 0, 0, 0, 0, 0,
    0, 0, 0, 0, 0, 0, 0, 0,
    0, 0, 0, 0, 0, -5, 0, -3,
    0, -3, -8, -5, 0, 0, 0, 0,
    0, 0, 0, 0, 0, 0, 0, 0,
    0, 0, 0, 0, 0, 0, 0, 0,
    0, 0, 0, 0, 0, 0, 0, 0,
    0, 0, 0, 0, 0, 0, 0, 0,
    0, 0, 0, 0, 0, 0, 0, 0,
    0, 0, 0, 0, 0, 0, 0, 0,
    0, 0, 0, 0, 0, 0, 0, 0,
    0, 0, -15, 0, 0, 0, 0, 0,
    0, 0, 0, 0, 0, 0, 0, 0,
    0, 0, 0, 0, 0, 0, 0, 0,
    0, 0, -20, -8, 0, 0, 0, -15,
    -5, 0, -8, 0, 0, 0, -13, -13,
    -8, -8, 0, -13, 0, 0, -13, 0,
    0, 0, 0, 0, 0, 0, 0, 0,
    0, 0, 0, 0, 0, 0, 0, 0,
    0, 0, 0, 0, 0, 0, 0, 0,
    0, 0, 0, 0, 0, 0, 0, 0,
    0, 0, 0, 0, 0, 0, 0, 0,
    0, 0, 0, 0, 0, 0, 0, 0,
    0, 10, 0, 0, -5, 0, 0, 0,
    0, 0, 0, 0, 0, 0, 0, 0,
    0, 0, 0, 0, 0, 0, 0, 0,
    0, 0, 0, 0, 0, 0, 0, 0,
    0, 0, 0, 0, 0, 0, 0, 0,
    -5, -5, -3, 0, -5, -5, -5, 0,
    -5, -5, -5, -5, 0, 0, 0, 0,
    0, 0, 0, 0, 0, 0, 0, 0,
    0, 0, 0, 0, 0, 0, 0, 0,
    0, 0, 0, 0, 0, 0, 0, 0,
    0, 0, 0, 0, 0, 0, 0, 0,
    0, 0, 0, 0, 0, 0, 0, 0,
    0, 0, 0, 0, 0, 0, -20, -10,
    0, 0, 0, 0, 0, 0, 0, 0,
    0, 0, 0, 0, 0, 0, 0, 0,
    0, 0, 0, 0, 0, 0, -15, -8,
    0, 0, 0, -18, -5, 0, -13, 0,
    5, 0, -18, -18, -13, -13, -5, -18,
    0, -5, -18, 0, 0, -5, 0, 0,
    0, 0, 0, 0, 0, 0, 0, 0,
    0, 0, 0, 0, 0, 0, 0, 0,
    0, 0, 0, 0, 0, 0, 0, 0,
    0, 0, 0, 0, 0, 0, 0, 0,
    0, 0, 0, 0, 0, 0, 0, 0,
    0, 0, 0, 0, 0, 0, 0, 0,
    0, 0, 0, 0, 0, 0, 0, 0,
    0, 0, 0, 0, 0, 0, 0, 0,
    0, 0, 0, 0, 0, 0, 0, 0,
    -5, 0, 0, 0, 0, 0, -3, 0,
    0, 0, 0, 0, 0, 0, 0, 0,
    0, 0, 0, 0, 0, 0, 0, 0,
    0, 0, 0, 0, 0, 0, 0, 0,
    0, 0, 0, 0, 0, 0, 0, 0,
    0, 0, 0, 0, 0, 0, 0, 0,
    0, 0, 0, 0, 0, 0, 0, 0,
    0, 0, 0, 0, 0, 0, 0, 0,
    0, 0, 0, 0, 0, 0, 0, 0,
    0, 0, 0, 0, 0, 0, 0, 0,
    0, 0, 0, 0, 0, 0, 0, 0,
    0, 0, 0, 0, 0, 0, 0, 0,
    0, 0, -5, 0, 0, 0, 0, 0,
    -5, 0, 0, 0, 0, 0, 0, 0,
    0, 0, 0, 0, 0, 0, 0, 0,
    0, 0, 0, 0, 0, 0, 0, 0,
    0, 0, 0, 0, 0, 0, 0, 0,
    0, 0, 0, 0, 0, 0, 0, 0,
    0, 0, 0, 0, 0, 0, 0, 0,
    0, 0, 0, 0, 0, 0, 0, 0,
    0, 0, 0, 0, 0, 0, 0, 0,
    0, 0, 0, 0, -15, -10, 0, 0,
    0, 0, 0, 0, 0, 0, 0, 0,
    0, 0, 0, 0, 0, 0, 0, 0,
    0, 0, 0, 0, -15, -8, 0, 0,
    0, -18, -5, 0, -13, 0, 5, 0,
    -18, -18, -13, -13, -5, -18, 0, -5,
    -18, 0, 0, -5, 0, 0, 0, 0,
    0, 0, 0, 0, 0, 0, 0, 0,
    0, 0, 0, 0, 0, 0, 0, 0,
    0, 0, 0, 0, 0, 0, 0, 0,
    0, 0, 0, 0, 0, 0, 0, 0,
    0, 0, 0, 0, 0, 0, 0, 0,
    0, 0, 0, 10, 0, 0, -5, 0,
    0, 0, 0, 0, 0, 0, 0, 0,
    0, 0, 0, 0, 0, 0, 0, 0,
    0, 0, 0, 0, 0, 0, 0, 0,
    0, 0, 0, 0, 0, 0, 0, 0,
    0, 0, -3, -5, -3, 0, -1, -5,
    -3, 0, -5, -3, -3, -3, 0, 0,
    0, 0, 0, 0, 0, 0, 0, 0,
    0, 0, 0, 0, 0, 0, 0, 0,
    0, 0, 0, 0, 0, 0, 0, 0,
    0, 0, 0, 0, 0, 0, 0, 0,
    0, 0, 0, 0, 0, 0, 0, 0,
    0, 0, 0, 0, 0, 5, 0, 0,
    0, 0, 0, 0, 0, 0, 0, 0,
    0, 0, 0, 0, 0, 0, 0, 0,
    0, 0, 0, 0, 0, 0, 0, 0,
    0, 0, 0, 0, 0, 0, 0, 0,
    0, 0, 0, 0, -3, 0, 0, 0,
    0, 0, 0, 0, 0, 0, 0, 0,
    0, 0, 0, 0, 0, 0, 0, 0,
    0, 0, 0, 0, 0, 0, 0, 0,
    0, 0, 0, 0, 0, 0, 0, 0,
    0, 0, 0, 0, 0, 0, 0, 0,
    0, 0, 0, 0, 0, 0, 0, 0,
    0, 0, 0, 0, 0, 0, 0, -3,
    0, 0, 0, 0, 0, 0, 0, 0,
    0, 0, 0, 0, 0, 0, 0, 0,
    0, 0, 0, 0, 0, 0, 0, 0,
    0, 0, 0, 0, 0, 0, 0, 0,
    0, 0, 0, 0, 0, 0, 0, 0,
    0, 0, -1, 0, 0, 0, 0, -3,
    0, 0, 0, 0, 0, 0, 0, 0,
    0, 0, 0, 0, 0, 0, 0, 0,
    0, 0, 0, 0, 0, 0, 0, 0,
    0, 0, 0, 0, 0, 0, 0, 0,
    0, 0, 0, 0, 0, 0, 0, 0,
    0, 0, 0, 0, 0, 0, 0, 0,
    0, -3, 0, 0, 0, 0, 0, 0,
    0, 0, 0, 0, 0, 0, 0, 0,
    0, 0, 0, 0, 0, 0, 0, 0,
    0, 0, 0, 0, 0, 0, 0, 0,
    0, 0, 0, 0, 0, 0, 0, 0,
    0, 0, 0, 0, -5, 0, 0, -8,
    0, -3, -3, -5, 0, 0, 0, 0,
    0, 0, 0, 0, 0, 0, 0, 0,
    0, 0, 0, 0, 0, 0, 0, 0,
    0, 0, 0, 0, 0, 0, 0, 0,
    0, 0, 0, 0, 0, 0, 0, 0,
    0, 0, 0, 0, 0, 0, 0, 0,
    0, 0, 0, -3, 0, 0, 0, 0,
    0, 0, 0, 0, 0, 0, 0, 0,
    0, 0, 0, 0, 0, 0, 0, 0,
    0, 0, 0, 0, 0, 0, 0, 0,
    0, 0, 0, 0, 0, 0, 0, 0,
    0, 0, 0, 0, 0, 0, -5, 0,
    0, -5, 0, 0, 0, -5, 0, 0,
    0, 0, 0, 0, 0, 0, 0, 0,
    0, 0, 0, 0, 0, 0, 0, 0,
    0, 0, 0, 0, 0, 0, 0, 0,
    0, 0, 0, 0, 0, 0, 0, 0,
    0, 0, 0, 0, 0, 0, 0, 0,
    0, 0, 0, 0, 0, 10, 0, 0,
    -10, 0, 0, 0, 0, 0, 0, 0,
    0, 0, 0, 0, 0, 0, 0, 0,
    0, 0, 0, 0, 0, 0, 0, 0,
    0, 0, 0, 0, 0, 0, 0, 0,
    0, 0, 0, 0, -3, 0, 0, 0,
    0, 0, 0, -3, 0, 0, 0, 0,
    0, 0, 0, 0, 0, 0, 0, 0,
    0, 0, 0, 0, 0, 0, 0, 0,
    0, 0, 0, 0, 0, 0, 0, 0,
    0, 0, 0, 0, 0, 0, 0, 0,
    0, 0, 0, 0, 0, 0, 0, 0,
    0, 0, 0, 0, 0, 0, 0, -3,
    0, 0, 0, 0, 0, 0, 0, 0,
    0, 0, 0, 0, 0, 0, 0, 0,
    0, 0, 0, 0, 0, 0, 0, 0,
    0, 0, 0, 0, 0, 0, 0, 0,
    0, 0, 0, 0, 0, 0, 0, 0,
    0, 0, -5, 0, 0, -5, 0, -3,
    -3, -5, 0, 0, 0, 0, 0, 0,
    0, 0, 0, 0, 0, 0, 0, 0,
    0, 0, 0, 0, 0, 0, 0, 0,
    0, 0, 0, 0, 0, 0, 0, 0,
    0, 0, 0, 0, 0, 0, 0, 0,
    0, 0, 0, 0, 0, 0, 0, 0,
    0, 5, 0, 0, 0, 0, 0, 0,
    0, 0, 0, 0, 0, 0, 0, 0,
    0, 0, 0, 0, 0, 0, 0, 0,
    0, 0, 0, 0, 0, 0, 0, 0,
    0, 0, 0, 0, 0, 0, 0, 0,
    -6, -3, 0, 0, 0, 0, 0, 0,
    0, 0, -3, 0, 0, 0, 0, 0,
    0, 0, 0, 0, 0, 0, 0, 0,
    0, 0, 0, 0, 0, 0, 0, 0,
    0, 0, 0, 0, 0, 0, 0, 0,
    0, 0, 0, 0, 0, 0, 0, 0,
    0, 0, 0, 0, 0, 0, 0, 0,
    0, 0, 0, 0, 0, 0, 0, 0,
    0, 0, 0, 0, 0, 0, 0, 0,
    0, 0, 0, 0, 0, 0, 0, 0,
    0, 0, 0, 0, 0, 0, 0, 0,
    0, 0, 0, 0, 0, 0, 0, 0,
    0, 0, 0, -3, 0, 0, 0, 0,
    0, -5, 0, 0, 0, 0, 0, 0,
    0, 0, 0, 0, 0, 0, 0, 0,
    0, 0, 0, 0, 0, 0, 0, 0,
    0, 0, 0, 0, 0, 0, 0, 0,
    0, 0, 0, 0, 0, 0, 0, 0,
    0, 0, 0, 0, 0, 0, 0, 0,
    0, 0, 0, 0, 0, 10, 0, 0,
    -5, 0, 0, 0, 0, 0, 0, 0,
    0, 0, 0, 0, 0, 0, 0, 0,
    0, 0, 0, 0, 0, 0, 0, 0,
    0, 0, 0, 0, 0, 0, 0, 0,
    0, 0, 0, 0, -3, 0, 0, 0,
    -5, 0, -5, 0, -3, -3, -5, -13,
    0, 0, 0, 0, 0, 0, 0, 0,
    0, 0, 0, 0, 0, 0, 0, 0,
    0, 0, 0, 0, 0, 0, 0, 0,
    0, 0, 0, 0, 0, 0, 0, 0,
    0, 0, 0, 0, 0, 0, 0, 0,
    0, 0, 0, 0, 0, 0, 0, 5,
    0, 0, 0, 0, 0, 0, 0, 0,
    0, 0, 0, 0, 0, 0, 0, 0,
    0, 0, 0, 0, 0, 0, 0, 0,
    0, 0, 0, 0, 0, 0, 0, 0,
    0, 0, -3, 0, 0, 0, -3, 0,
    -5, 0, 0, 0, 0, 0, 0, 0,
    0, 0, 0, 0, 0, 0, 0, 0,
    0, 0, 0, 0, 0, 0, 0, 0,
    0, 0, 0, 0, 0, 0, 0, 0,
    0, 0, 0, 0, 0, 0, 0, 0,
    0, 0, 0, 0, 0, 0, 0, 0,
    0, 0, 0, 0, 0, 0, 0, 0,
    0, 10, 0, 0, -10, 0, 0, 0,
    0, 0, 0, 0, 0, 0, 0, 0,
    0, 0, 0, 0, 0, 0, 0, 0,
    0, 0, 0, 0, 0, 0, 0, 0,
    0, 0, 0, 0, 0, 0, 0, 0,
    -5, -5, 0, 0, 0, -5, 0, 0,
    -5, 0, 0, 0, 0, 0, 0, 0,
    0, 0, 0, 0, 0, 0, 0, 0,
    0, 0, 0, 0, 0, 0, 0, 0,
    0, 0, 0, 0, 0, 0, 0, 0,
    0, 0, 0, 0, 0, 0, 0, 0,
    0, 0, 0, 0, 0, 0, 0, 0,
    0, 0, 0, 10, 0, 0, -5, 0,
    0, 0, 0, 0, 0, 0, 0, 0,
    0, 0, 0, 0, 0, 0, 0, 0,
    0, 0, 0, 0, 0, 0, 0, 0,
    0, 0, 0, 0, 0, 0, 0, 0,
    0, 0, -5, -5, 0, 0, 0, -5,
    0, 0, -5, 0, 0, 0, 0, 0,
    0, 0, 0, 0, 0, 0, 0, 0,
    0, 0, 0, 0, 0, 0, 0, 0,
    0, 0, 0, 0, 0, 0, 0, 0,
    0, 0, 0, 0, 0, 0, 0, 0,
    0, 0, 0, 0, 0, 0, 0, 0,
    0, 0, 0, 0, 0, 10, 0, 0,
    0, 0, 0, 0, 0, 0, 0, 0,
    0, 0, 0, 0, 0, 0, 0, 0,
    0, 0, 0, 0, 0, 0, 0, 0,
    0, 0, 0, 0, 0, 0, 0, 0,
    0, 0, 0, 0, -8, -5, -3, 0,
    0, 0, 0, -8, 0, 0, 0, 0,
    0, 0, 0, 0, 0, 0, 0, 0,
    0, 0, 0, 0, 0, 0, 0, 0,
    0, 0, 0, 0, 0, 0, 0, 0,
    0, 0, 0, 0, 0, 0, 0, 0,
    0, 0, 0, 0, 0, 0, 0, 0,
    0, 0, 0, 0, 0, 0, 0, 0,
    0, 0, 0, 0, 0, 0, 0, 0,
    0, 0, 0, 0, 0, 0, 0, 0,
    0, 0, 0, 0, 0, 0, 0, 0,
    0, 0, 0, 0, 0, 0, 0, 0,
    0, 0, 0, 0, 0, 0, 0, 0,
    0, 0, 0, 0, 0, 0, 0, 0,
    0, 0, 0, 0, 0, 13, 0, 0,
    0, 0, 0, 0, 0, 0, 0, 0,
    0, 0, 0, 0, 0, 0, 0, 0,
    0, 0, 0, 0, 0, 0, 0, 0,
    0, 0, 0, 0, 0, 0, 0, 0,
    0, 0, 0, 0, 0, 0, 0, 0,
    0, -18, 0, 0, 0, 0, 0, 0,
    0, 0, 0, 0, 0, 0, 0, 0,
    0, 0, 0, 0, 0, 0, 0, 0,
    0, 0, 0, 0, 0, 0, 0, 0,
    0, 0, 0, 0, 0, 0, 0, 0,
    0, 0, 0, 0, 0, 0, 0, 0,
    0, 0, 0, 0, -13, 0, 0, 0,
    0, -5, 0, 0, 0, 0, 0, -8,
    0, 0, 0, 0, 0, 0, 0, 0,
    0, -5, -5, -5, 0, 0, 0, 0,
    0, 0, 0, -5, 0, -10, -15, -13,
    -5, 0, 0, 0, 0, 0, 0, -13,
    -8, -8, 0, 5, 0, 0, -13, -10,
    -8, 0, 0, 0, 0, 0, 0, 0,
    0, 0, 0, 0, 0, 0, 0, 0,
    0, 0, 0, 0, 0, 0, 0, -8,
    0, 0, 0, 0, 0, 0, 0, 0,
    0, 0, 0, 0, 0, 0, 0, 0,
    0, 0, 0, 0, 0, 0, 5, -5,
    0, 0, -6, 0, -18, -6, 0, 0,
    -9, 0, 0, -10, -5, -8, -10, -10,
    -3, -3, -8, -3, -4, -8, -10, 0,
    -5, 0, 0, 0, 0, 0, 0, 0,
    3, 0, 0, 0, 0, 0, 0, 0,
    0, 0, 0, 0, 0, 0, 0, 0,
    0, 0, 0, 0, 0, 0, 0, 0,
    0, 0, 0, 0, 0, 0, 0, 0,
    0, 0, 0, 0, 0, 0, 0, 0,
    -5, 0, 0, 0, 0, 0, 0, 0,
    0, 0, 0, 0, 0, 0, 0, 0,
    0, 0, 0, 0, 0, 0, 0, 0,
    0, -5, 0, 0, 0, 0, 0, 0,
    0, 0, -8, 0, 0, 0, 0, 0,
    0, 0, 0, 0, 0, 0, 0, -5,
    0, 0, 0, 0, 0, -5, 0, 0,
    0, 0, 0, 0, 0, -5, 0, 0,
    0, 0, -5, 0, -5, 0, 0, 0,
    0, 0, -5, 0, 0, 0, 0, 0,
    0, 0, 0, 0, 0, 0, 0, 0,
    0, 0, 0, 0, 0, 0, 0, 0,
    0, 0, 0, 0, 0, 0, 0, 0,
    0, 0, 0, 0, 0, 0, 0, 0,
    0, 0, 0, 0, 0, 0, 0, 0,
    0, 0, 0, 0, 0, 0, 0, 0,
    0, 0, 0, 0, -3, 0, 0, 0,
    0, 0, 0, 0, 0, 0, 0, 0,
    0, 0, 0, 0, 0, 0, 0, 0,
    0, 0, 0, 0, 0, 0, 0, 0,
    0, 0, 0, 0, 0, 0, 0, 0,
    0, -23, 0, 0, -3, 0, 0, 0,
    0, 0, 0, 0, 0, 0, 0, 0,
    0, 0, 0, 0, 0, 0, 0, 0,
    0, 0, 0, 0, 0, 0, 0, 0,
    0, 0, 0, 0, 0, 0, 0, 0,
    0, 0, 0, 0, 0, 0, 0, 0,
    0, 0, 0, 0, -15, 0, 0, 0,
    0, -5, 0, 0, 0, 0, 0, -8,
    0, 0, 0, 0, 0, 0, -5, 0,
    0, -5, -5, 0, -5, 0, 0, 0,
    0, 0, 0, 0, 0, 0, -8, 0,
    0, 0, 0, 0, 0, 0, 0, 0,
    0, -15, 0, 5, 0, 0, 0, -3,
    -3, 0, 0, 0, 0, 0, 0, 0,
    0, 0, 0, 0, 0, 0, 0, 0,
    0, 0, 0, 0, 0, 0, -5, 0,
    0, 0, 0, 0, 0, 0, 0, 0,
    0, 0, 0, 0, 0, 0, 0, 0,
    0, 0, 0, 0, 0, 0, 0, -5,
    0, 0, 0, 0, 0, 0, 0, 0,
    -10, -3, 0, -3, -5, 0, 0, -5,
    0, 0, 0, -3, -3, -5, 0, 0,
    0, 0, 0, -5, 0, 0, 0, 0,
    0, 0, 0, -13, 0, 0, 0, 0,
    -5, 0, -5, 0, 0, 5, 0, 0,
    -18, -5, -3, 0, 0, 0, 0, 0,
    0, 0, 0, 0, 0, 0, 0, 0,
    0, 0, 0, 0, 0, 0, 0, 0,
    -13, -5, 0, 0, 0, 0, 0, 0,
    0, 0, 0, 0, 0, 0, 0, 0,
    0, 0, 0, 0, 0, 0, 0, 0,
    0, -10, -5, 0, -22, 0, -31, -26,
    0, 0, -8, 0, -8, -13, -10, -3,
    -25, -16, -8, -5, -13, 0, 0, -5,
    -13, 13, -8, 0, 0, -3, 0, 0,
    0, 0, 0, 0, 0, -5, -8, -13,
    0, 0, -18, 0, 0, 0, 0, -18,
    0, 0, 0, 0, 0, 0, 0, 0,
    0, 0, 0, 0, 0, 0, 0, 0,
    0, 0, 0, 0, 0, 0, 0, 0,
    0, 0, 0, -3, 0, 0, 0, 0,
    0, 0, 0, 0, 0, 0, 0, 0,
    0, 0, 0, 0, 0, 0, 0, 0,
    0, 0, -18, -5, 0, 13, 0, -7,
    0, 0, 0, 0, -9, -15, 0, 0,
    0, 0, 0, -3, 0, 0, 0, -8,
    -5, -8, 0, 0, 0, 0, 0, 0,
    0, -5, 0, -10, -13, -15, 0, -13,
    0, 0, 0, -3, 0, -18, -8, -10,
    0, 0, 0, 0, 0, 0, 0, 0,
    0, 0, 0, 0, 0, 0, 0, 0,
    0, 0, 0, 0, 0, 0, 0, 0,
    0, 0, 0, 0, 0, 0, 0, 0,
    0, 0, 0, 0, 0, 0, 0, 0,
    0, 0, 0, 0, 0, 0, 0, 0,
    0, 0, 0, 0, 0, 0, 0, 0,
    0, 0, 0, 0, 0, 0, 0, 0,
    0, 0, 0, 0, 0, 0, -3, 0,
    0, 0, -3, 0, 0, 0, 0, 0,
    0, 0, 0, 0, 0, 0, 0, 0,
    0, 0, 0, 0, 0, 0, 0, 0,
    0, 0, 0, 0, 0, -5, 0, 0,
    0, 0, 0, 0, 0, 0, 0, 0,
    0, 0, 0, 0, 0, 0, 0, 0,
    0, 0, 0, 0, 0, 0, 0, 0,
    0, 0, 0, 0, 0, 0, 0, 0,
    0, 0, 0, 0, 0, 0, 0, 0,
    0, 0, 0, 0, 0, 0, 0, 0,
    0, 0, 0, 0, 0, 0, 0, 0,
    0, 0, 0, 0, 0, 0, 0, 0,
    -3, 0, 0, 0, 0, -4, -3, 0,
    0, 0, 0, 0, 0, 0, 0, 0,
    0, 0, 0, 0, 0, 0, 0, 0,
    0, 0, 0, 0, 0, 0, 0, 0,
    8, 0, 0, 0, 0, 0, 0, 0,
    0, 0, 0, 0, 0, 0, 0, 0,
    0, 0, 0, 0, 0, 0, 0, 0,
    0, 0, 0, 0, 0, 0, 0, 0,
    0, 0, 0, 0, 0, 0, 0, 0,
    0, 0, 0, 0, 0, 0, 0, 0,
    0, 0, 0, 23, 8, 0, 0, 10,
    0, 0, -3, -6, 0, 0, 0, 0,
    8, 0, 0, 0, 8, -3, 8, -5,
    0, 0, 0, 0, 18, 0, 0, 0,
    0, 0, 0, 0, 0, 0, 0, 0,
    0, 0, 0, 0, -5, 0, 0, 0,
    0, 0, -10, 0, 0, 0, 0, 0,
    0, 0, 0, 0, 0, 0, 0, 0,
    0, 0, 0, 0, 0, 0, 0, 0,
    0, 0, 0, 0, 0, 0, 0, 0,
    0, 0, 0, 0, 0, 0, 0, 0,
    0, 0, 0, 0, 0, 0, 0, 0,
    0, 0, -5, 0, 0, 0, -3, -10,
    -5, -3, -5, -3, 0, 0, 0, 0,
    0, 0, -3, 0, -4, 0, -3, 0,
    0, 0, -3, 0, 0, 0, 0, 0,
    0, 0, 0, -3, -3, -3, 0, 0,
    0, -5, 0, 0, 0, -5, 0, 0,
    0, 0, 0, 0, -33, -3, -3, 0,
    0, 0, 0, 0, 0, 0, 0, 0,
    0, 0, 0, 0, 0, 0, 0, 0,
    0, 0, 0, 0, -5, -3, 0, 0,
    0, 0, 0, 0, 0, 0, 0, 0,
    0, 0, 0, 0, 0, 0, 0, 0,
    0, 0, 0, 0, 0, 0, 0, 0,
    -15, -5, -13, -15, -5, 0, -3, 0,
    0, -6, 0, 0, -13, -3, 0, 0,
    -10, 0, 0, 0, -3, 0, 0, 0,
    0, 0, 0, 0, 0, 0, 0, 0,
    0, 0, 0, -15, 0, 0, -10, 0,
    0, 0, 0, -3, 0, -6, -10, 0,
    -3, 0, 0, 0, 0, 0, 0, 0,
    0, 0, 0, 0, 0, 0, 0, 0,
    0, 0, 0, 0, 0, 0, 0, 0,
    0, 0, 0, 0, 0, 0, 0, 0,
    0, 0, 0, 0, 0, 0, 0, 0,
    0, 0, 0, 0, 0, 0, -9, 0,
    -3, 0, -6, -8, -9, -8, -10, -8,
    0, 0, -3, 0, 0, 0, -6, 0,
    -4, 0, -4, 0, 0, 0, -3, 0,
    0, 0, 0, 0, 0, 0, 0, 0,
    -5, 0, 0, 0, 0, 0, 0, 0,
    0, 0, 0, 0, 0, -3, 0, 0,
    0, 0, 0, 0, 0, 0, 0, 0,
    0, 0, 0, 0, 0, 0, 0, 0,
    0, 0, 0, 0, 0, 0, 0, 0,
    0, 0, 0, 0, 0, 0, 0, 0,
    0, 0, 0, 0, 0, 0, 0, 0,
    0, 0, 0, 0, 0, 0, 0, 0,
    -10, 0, 0, 0, 0, -10, 0, 0,
    0, 0, 0, 0, 0, 0, 0, 0,
    0, 0, -5, 0, 0, -3, -3, 0,
    0, 0, 0, 0, 0, 0, 0, 0,
    0, 0, 0, 0, 0, 0, 0, 0,
    0, 0, 0, 0, 0, 0, 0, -1,
    0, 0, 0, 0, 0, 0, 0, 0,
    0, 0, 0, 0, 0, 0, 0, 0,
    0, 0, 0, 0, 0, 0, 0, 0,
    0, 0, 0, 0, 0, 0, 0, 0,
    0, 0, 0, 0, 0, 0, 0, 0,
    0, 0, 0, 0, 0, 0, 0, 0,
    0, 0, -5, 0, 0, 0, 0, -10,
    -3, 0, -3, 0, 0, 0, -5, 0,
    0, 0, -3, 0, -5, 0, 0, -3,
    -8, -3, -3, 0, 0, 0, 0, 0,
    0, 0, 0, 0, 0, 0, 0, 0,
    0, 0, 0, 0, 0, 0, -3, 0,
    0, 0, 0, -2, 0, 0, 0, 0,
    0, 0, 0, 0, 0, 0, 0, 0,
    0, 0, 0, 0, 0, 0, 0, 0,
    0, 0, 0, 0, 0, 0, 0, 0,
    0, 0, 0, 0, 0, 0, 0, 0,
    0, 0, 0, 0, 0, 0, 0, 0,
    0, 0, 0, 0, -8, 0, 0, 0,
    0, -3, 0, 0, -3, 0, 0, 0,
    -3, 0, 0, 0, 0, 0, -5, 0,
    0, -3, -3, 0, 0, 0, 0, 0,
    0, 0, 0, 0, 0, 0, 0, 0,
    0, 0, 0, 0, 0, 0, 0, 0,
    0, 0, 0, 8, 0, 0, -10, -5,
    0, 0, 0, 0, 0, 0, 0, 0,
    0, 0, 0, 0, 0, 0, 0, 0,
    0, 0, 0, 0, 0, 0, 0, 0,
    0, 0, 0, 0, 0, 0, 0, 0,
    0, 0, 0, 0, 0, 0, 0, 0,
    0, 0, 0, 0, 0, 0, 0, 0,
    0, 0, -5, 0, -8, -8, -3, 0,
    0, 0, 0, 0, 0, 0, -10, -3,
    0, 0, -8, 0, 0, 0, 0, 0,
    0, 0, 0, 0, 0, 0, 0, 0,
    0, 0, 0, 0, 0, 0, 0, 0,
    0, 0, 0, 10, 0, -3, 0, 0,
    5, 0, 0, 0, 0, 0, 0, 0,
    0, 0, 0, 0, 0, 0, 0, 0,
    0, 0, 0, 0, 0, 0, 0, 0,
    0, 0, 0, 0, 0, 0, 0, 0,
    0, 0, 0, 0, 0, 0, 0, 0,
    0, 0, 0, 0, 0, 0, 0, 0,
    -8, 0, 0, 26, 5, 0, 0, 8,
    0, 0, 0, -4, 0, 0, 0, 0,
    5, 0, 0, 0, 6, -4, 0, -8,
    0, 0, 0, 0, 15, 0, 0, 0,
    0, 0, 0, 0, 0, 0, 0, 0,
    0, 0, 0, 0, 0, 0, 0, -1,
    0, 0, 0, 0, 0, 0, 0, 0,
    0, 0, 0, 0, 0, 0, 0, 0,
    0, 0, 0, 0, 0, 0, 0, 0,
    0, 0, 0, 0, 0, 0, 0, 0,
    0, 0, 0, 0, 0, 0, 0, 0,
    0, 0, 0, 0, 0, 0, 0, 0,
    0, 0, -10, 0, 0, 0, 0, -10,
    -3, 0, -5, 0, 0, 0, -5, 0,
    0, 0, -3, 0, -5, 0, 0, -3,
    -8, -3, -3, 0, 0, 0, 0, 0,
    0, 0, 0, 0, 0, 0, 0, 0,
    0, 0, 0, 0, 0, 0, -3, 0,
    0, 0, 0, 0, 0, -3, 0, 0,
    0, 0, 0, 0, 0, 0, 0, 0,
    0, 0, 0, 0, 0, 0, 0, 0,
    0, 0, 0, 0, 0, 0, 0, 0,
    0, 0, 0, 0, 0, 0, 0, 0,
    0, 0, 0, 0, 0, 0, 0, 0,
    0, 0, 0, 0, -3, -4, 0, 0,
    0, -3, 0, 0, 0, 0, -4, -3,
    0, -5, 0, 0, 0, -5, 0, 0,
    0, 0, 0, -5, -3, 0, 0, 0,
    0, 0, 0, 0, 0, 0, 0, 0,
    0, 0, -5, 0, 0, 0, 0, 0,
    0, 8, 0, 0, 0, 0, 0, 0,
    0, 0, 0, 0, 0, 0, 0, 0,
    0, 0, 0, 0, 0, 0, 0, 0,
    0, 0, 0, 0, 0, 0, 0, 0,
    0, 0, 0, 0, 0, 0, 0, 0,
    0, 0, 0, 0, 0, 0, 0, 0,
    0, 0, 0, 0, 0, 0, -8, 0,
    0, 0, 0, 0, 0, 0, 0, 0,
    0, 0, 0, 0, 0, 0, 0, 0,
    0, 0, 0, 0, 0, 0, 0, -1,
    0, 0, 0, 0, 0, 0, 0, 0,
    0, 0, 0, 0, 0, 0, 0, 0,
    0, 0, 0, 0, 0, 5, 0, 0,
    0, 0, 0, 0, 0, 0, 0, 0,
    0, 0, 0, 0, 0, 0, 0, 0,
    0, 0, 0, 0, 0, 0, 0, 0,
    0, 0, 0, 0, 0, 0, 0, 0,
    0, 0, 0, 0, 0, 0, 0, 0,
    0, 0, 0, 0, 0, 0, 0, 0,
    -5, 0, 0, 0, 0, 0, 0, 0,
    0, 0, 0, 0, 0, 0, 0, 0,
    0, -3, 0, 0, 0, 0, 0, 0,
    -3, 0, 0, 0, 0, 0, 0, 0,
    0, 0, 0, 0, 0, 0, 0, 0,
    0, 0, 0, 0, 0, 0, 0, 5,
    0, 0, -10, 0, 0, 0, 0, 0,
    0, 0, 0, 0, 0, 0, 0, 0,
    0, 0, 0, 0, 0, 0, 0, 0,
    0, 0, 0, 0, 0, 0, 0, 0,
    0, 0, 0, 0, 0, 0, 0, 0,
    0, 0, 0, 0, 0, 0, 0, 0,
    0, 0, 0, 0, 0, 0, -5, 0,
    -5, -8, -3, 0, 0, 0, 0, -3,
    0, 0, -13, -8, 0, 0, -13, 0,
    0, 0, -8, 0, 0, 0, 0, 0,
    0, 0, 0, 0, 0, 0, 0, 0,
    0, 0, 0, 0, 0, 0, 0, 10,
    0, -20, 0, 0, 0, 0, -3, 0,
    0, 0, 0, 0, 0, 0, 0, 0,
    0, 0, 0, 0, 0, 0, 0, 0,
    0, 0, 0, 0, 0, 0, 0, 0,
    0, 0, 0, 0, 0, 0, 0, 0,
    0, 0, 0, 0, 0, 0, 0, 0,
    0, 0, 0, 0, -15, 0, 0, 0,
    0, -5, -3, 0, -3, 0, -3, -18,
    -5, 0, 0, 0, 0, 0, -5, 0,
    0, -15, -12, -10, -5, 0, 0, 0,
    0, 0, -5, 0, 0, 0, 0, 0,
    -8, 0, -5, 0, 0, 0, 0, 0,
    -13, -8, 0, -3, 0, 0, 0, 0,
    0, 0, 0, 0, 0, 0, 0, 0,
    0, 0, 0, 0, 0, 0, 0, 0,
    0, 0, 0, 0, 0, 0, 0, 0,
    0, 0, 0, 0, 0, 0, 0, 0,
    0, 0, 0, 0, 0, 0, 0, 0,
    0, 0, 0, 0, 0, 0, -10, 0,
    0, 10, 0, 0, 0, 0, 0, 0,
    0, 0, 0, 0, 0, 0, 0, 0,
    0, 0, 0, -8, -13, 0, 0, 0,
    0, 0, 5, 0, 0, 0, 0, 0,
    0, 0, 0, 0, 0, 0, 0, 0,
    0, 0, -5, 0, 0, 8, 0, 0,
    -10, -5, 0, 0, 0, 0, 0, 0,
    0, 0, 0, 0, 0, 0, 0, 0,
    0, 0, 0, 0, 0, 0, 0, 0,
    0, 0, 0, 0, 0, 0, 0, 0,
    0, 0, 0, 0, 0, 0, 0, 0,
    0, 0, 0, 0, 0, 0, 0, 0,
    0, 0, 0, 0, -5, 2, -8, -8,
    -3, 0, 0, 0, 0, 0, 0, 0,
    -10, -3, 0, 0, -8, 0, 0, 0,
    0, 2, 0, 2, 0, 0, 0, 0,
    0, 0, 0, 0, 0, 0, 0, 0,
    0, 0, 0, 0, 0, 10, 0, 0,
    0, 0, 0, 0, 0, 0, 0, 0,
    0, 0, 0, 0, 0, 0, 0, 0,
    0, 0, 0, 0, 0, 0, 0, 0,
    0, 0, 0, 0, 0, 0, 0, 0,
    0, 0, 0, 0, 0, 0, 0, 0,
    0, 0, 0, 0, 0, 0, 0, 0,
    0, 0, -5, 0, 0, 0, 0, -8,
    0, 0, 0, 0, 0, 0, -3, 0,
    0, 0, 0, 0, 0, 0, 0, 0,
    0, 0, -5, 0, 0, 0, 0, 0,
    0, 0, 0, 0, 0, 0, 0, 0,
    0, 0, 0, 0, 0, 0, 0, 0,
    0, 8, 0, 0, 0, 0, 0, 0,
    0, 0, 0, 0, 0, 0, 0, 0,
    0, 0, 0, 0, 0, 0, 0, 0,
    0, 0, 0, 0, 0, 0, 0, 0,
    0, 0, 0, 0, 0, 0, 0, 0,
    0, 0, 0, 0, 0, 0, 0, 0,
    0, 0, 0, 0, 5, 0, 0, 0,
    0, 0, 0, 0, 0, 0, 0, 0,
    0, 0, 0, 0, 0, 0, 0, 0,
    0, 0, 0, 0, 0, 9, 0, 3,
    0, 0, 0, 0, 0, 0, 0, 0,
    0, 0, 0, 0, 0, 0, 0, 0,
    0, 0, 0, 0, 0, 0, 0, 0,
    0, 0, 0, 0, 0, 0, 0, 0,
    0, 0, 0, 0, 0, 0, 0, 0,
    0, 0, 0, 0, 0, 0, 0, 0,
    0, 0, 0, 0, 0, 0, 0, 0,
    0, 0, 0, 0, 0, 0, 0, 0,
    0, 0, 0, 0, 0, 0, 0, 0,
    0, 8, 0, 0, 0, 0, 0, 0,
    0, 0, 0, 0, 0, 0, 0, 0,
    0, 0, 0, 0, 0, 0, 0, 0,
    0, 0, 5, 0, 0, 0, 0, 0,
    0, 0, 0, 0, 0, 0, 0, 0,
    0, 0, 0, 0, 0, -3, 0, 0,
    0, 0, 0, 0, 0, 0, 0, 0,
    0, 0, 0, 0, 0, 0, 0, 0,
    0, 0, 0, 0, 0, 0, 0, 0,
    0, 0, 0, 0, 0, 0, 0, 0,
    0, 0, 0, 0, 0, 0, 0, 0,
    0, 0, 0, 0, 0, 0, 0, 0,
    -10, 0, 0, 10, 0, 0, 0, 0,
    0, 0, 0, 0, 0, 0, 0, 0,
    0, 0, 0, 0, 0, -8, -13, 0,
    0, 0, 0, 0, 0, 0, 0, 0,
    0, 0, 0, 0, 0, 0, 0, 0,
    0, 0, 0, 0, -5, 0, 0, 0,
    0, 0, -10, 0, 0, 0, 0, 0,
    0, 0, 0, 0, 0, 0, 0, 0,
    0, 0, 0, 0, 0, 0, 0, 0,
    0, 0, 0, 0, 0, 0, 0, 0,
    0, 0, 0, 0, 0, 0, 0, 0,
    0, 0, 0, 0, 0, 0, 0, 0,
    0, 0, 0, 0, 0, 0, 0, 0,
    0, 0, 0, 0, 0, 0, 0, 0,
    0, 0, -5, 0, 0, 0, 0, 0,
    0, 0, 0, 0, 0, 0, 0, 0,
    0, 0, 0, 0, 0, 0, 0, 0,
    0, 0, 0, 0, 0, 0, 0, 0,
    0, -10, 0, 0, 0, 0, 0, 0,
    0, 0, 0, 0, 0, 0, 0, 0,
    0, 0, 0, 0, 0, 0, 0, 0,
    0, 0, 0, 0, 0, 0, 0, 0,
    0, 0, 0, 0, 0, 0, 0, 0,
    0, 0, 0, 0, 0, 0, 0, 0,
    0, 0, 0, 0, -10, 0, 0, 0,
    0, 0, 0, 0, 0, 0, 0, -10,
    0, 0, 0, 0, 0, 0, 0, 0,
    0, -5, 0, 0, 0, 0, 0, 0,
    0, 0, 0, 0, 0, -8, -5, -8,
    0, 0, 0, 0, 0, 0, 0, -13,
    0, 0, 0, -18, 0, 0, 0, 0,
    0, 0, 0, 0, 0, 0, 0, 0,
    0, 0, 0, 0, 0, 0, 0, 0,
    0, 0, 0, 0, 0, 0, 0, 0,
    0, 0, 0, 0, 0, 0, 0, 0,
    0, 0, 0, 0, 0, 0, 0, 0,
    0, 0, 0, 0, 0, 0, 0, 0,
    0, 0, 0, 0, 0, 0, 0, 0,
    0, 0, 0, -5, 0, 0, 0, 0,
    0, 0, 0, -13, -8, -8, 0, 0,
    0, 0, 0, 0, -5, 0, 0, 0,
    0, 0, -5, 0, -5, 0, 0, 0,
    0, 0, -15, 0, 0, 0, 0, 0,
    0, 0, 0, 0, 0, 0, 0, 0,
    0, 0, 0, 0, 0, 0, 0, 0,
    0, 0, 0, 0, 0, 0, 0, 0,
    0, 0, 0, 0, 0, 0, 0, 0,
    0, 0, 0, 0, 0, 0, 0, 0,
    0, 0, 0, 0, 0, 0, 0, 0,
    0, 0, 0, 0, 0, 0, 0, 0,
    0, 0, 0, 0, 0, 0, 0, 0,
    0, 0, 0, 0, 0, 0, 0, 0,
    0, 0, 0, 0, 0, 0, 0, 0,
    0, 0, 0, 0, 0, 0, 0, 0,
    0, 0, 0, -3, 0, 0, 0, 0,
    0, 0, -10, 0, 0, 0, 0, 0,
    0, 0, 0, 0, 0, 0, 0, 0,
    0, 0, 0, 0, 0, 0, 0, 0,
    0, 0, 0, 0, 0, 0, 0, 0,
    0, 0, 0, 0, 0, 0, 0, 0,
    0, 0, 0, 0, 0, 0, 0, 0,
    0, 0, 0, 0, 0, 0, 0, 0,
    0, 0, 0, 0, 0, 0, 0, 0,
    0, 0, 0, 0, 0, 0, 0, 0,
    0, 0, 0, 0, 0, 0, 0, 0,
    0, 0, 0, -3, 0, -3, 0, 0,
    0, 0, 0, 0, 0, -5, 0, 0,
    0, 0, 0, 0, -15, -10, 0, 0,
    0, 0, 0, 0, 0, 0, 0, 0,
    0, 0, 0, 0, 0, 0, 0, 0,
    0, 0, 0, 0, -15, -8, 0, 0,
    0, 0, 0, 0, 0, 0, 0, 0,
    0, 0, 0, 0, 0, 0, 0, 0,
    0, 0, 0, 0, 5, -5, 0, 0,
    -10, 0, -18, -13, 0, 0, -8, 0,
    0, -18, 0, 0, -15, 0, -5, -5,
    0, -10, -10, -13, 0, 0, 0, 0,
    0, -5, -5, 0, -13, 0, 0, 0,
    -10, -13, -18, -13, -20, 0, -18, 0,
    -13, 0, 0, 0, 0, 0, -13, -5,
    0, 0, 0, 0, 0, 0, 0, 0,
    0, 0, 0, 0, 0, 0, 0, 0,
    0, 0, 0, 0, 0, 0, 0, 0,
    0, 0, 0, 0, 0, 0, 0, 0,
    0, 0, 0, 0, 0, 0, 0, 0,
    0, 0, 0, 0, 0, 0, 0, 0,
    0, 0, 0, 0, -8, 0, 0, 0,
    0, 0, 0, -3, 0, 0, -10, -3,
    0, 0, -8, 0, 0, 0, 0, 0,
    0, 0, 0, 0, 0, 0, 0, 0,
    0, 0, 0, 0, 0, 0, 0, 0,
    0, 0, 0, 0, 0, 0, 0, 0,
    -13, -5, 0, 0, 0, 0, 0, 0,
    0, 0, 0, 0, 0, 0, 0, 0,
    0, 0, 0, 0, 0, 0, 0, 0,
    0, 0, 0, 0, 0, 0, 0, 0,
    0, 0, 0, 0, 0, 0, 0, 0,
    0, 0, 0, 0, 0, 0, 0, 0,
    5, 0, 0, 0, 0, 0, -15, 0,
    0, 0, 0, 0, 0, -10, 0, 0,
    -13, 0, -5, -5, 0, 0, 0, -13,
    0, 5, 0, 0, 0, -5, 0, 0,
    -8, 0, 5, 0, 0, -5, -8, -10,
    0, 0, -13, 0, -5, 0, 0, 0,
    0, 0, -8, 0, 0, 0, 0, 0,
    0, 0, 0, 0, 0, 0, 0, 0,
    0, 0, 0, 0, 0, 0, 0, 0,
    0, 0, 0, 0, 0, 0, 0, 0,
    0, 0, 0, 0, 0, 0, 0, 0,
    0, 0, 0, 0, 0, 0, 0, 0,
    0, 0, 0, 0, 0, 0, 0, 0,
    0, 0, 0, 0, 0, 0, 0, -5,
    0, 0, -8, 0, 0, 0, 0, 0,
    0, 0, 0, 0, 0, 0, 0, 0,
    0, 0, 0, 0, 0, 0, 0, 0,
    0, 0, 0, 0, 0, 0, 0, 0,
    0, 0, 0, 0, 0, 0, 0, 0,
    0, 0, 0, 0, 0, 0, 0, 0,
    0, 0, 0, 0, 0, 0, 0, 0,
    0, 0, 0, 0, 0, 0, 0, 0,
    0, 0, 0, 0, 0, 0, 0, 0,
    0, 0, 0, 0, 0, 0, 0, 0,
    0, 0, 0, 0, 0, 0, 0, 0,
    0, 0, 0, 0, 0, 0, 0, 0,
    0, 0, 0, 0, 0, 0, 0, 0,
    0, -5, 0, -13, 0, 0, 0, 0,
    0, -5, 0, 0, 0, 0, 0, 0,
    0, -13, -5, 0, 0, 0, 0, 0,
    -5, 0, 0, 0, 0, 0, 0, 0,
    0, 0, 0, 0, 0, 0, 0, 0,
    0, 0, 0, 0, 0, 0, 0, 0,
    0, 0, 0, 0, 0, 0, 0, 0,
    0, 0, 0, 0, 0, 0, 0, 0,
    0, 0, 0, 0, 0, 0, 0, 0,
    0, 0, 0, 0, 0, 0, 0, 0,
    0, 0, 0, 0, 0, 0, 0, 0,
    0, 0, 0, -3, 0, 0, 0, 0,
    0, 0, 0, 0, 0, -3, 0, 0,
    0, 0, 0, 0, 0, 0, 0, 0,
    0, 0, 0, 0, 0, 0, 0, 0,
    0, 0, -5, 0, 0, 0, 0, 0,
    -15, 0, 0, 0, 0, 0, 0, 0,
    0, 0, 0, 0, 0, 0, 0, 0,
    0, 0, 0, 0, 0, 0, 0, 0,
    0, 0, 0, 0, 0, 0, 0, 0,
    0, 0, 0, 0, 0, 0, 0, 0,
    0, 0, 0, 0, 0, 0, 0, 0,
    0, 0, 0, 0, 0, 0, -15, 0,
    0, 0, 0, 0, 0, -13, 0, 0,
    -13, 0, 0, 0, 0, 0, 0, -10,
    0, 5, 0, 0, 0, -5, 0, 0,
    -8, 0, 0, 0, 0, 0, -10, -10,
    -10, -3, -10, 0, -5, 0, 0, 0,
    0, 0, -10, 0, 0, 0, 0, 0,
    0, 0, 0, 0, 0, 0, 0, 0,
    0, 0, 0, 0, 0, 0, 0, 0,
    0, 0, 0, 0, 0, 0, 0, 0,
    0, 0, 0, 0, 0, 0, 0, 0,
    0, 0, 0, 0, 0, 0, 0, 0,
    0, 0, 0, 0, 0, 0, 0, 0,
    0, 0, 0, 0, 0, 0, 0, 0,
    0, 0, -3, 0, 0, 0, 0, 0,
    0, 0, 0, 0, 0, 0, 0, 0,
    0, 0, 0, 0, 0, 0, 0, 0,
    0, 0, 0, 0, 0, 0, 0, 0,
    0, 0, 0, 0, 0, 0, 0, 0,
    0, 0, 0, 0, 0, 0, 0, 0,
    0, 0, 0, 0, 0, 0, 0, 0,
    0, 0, 0, 0, 0, 0, 0, 0,
    0, 0, 0, 0, 0, 0, 0, 0,
    0, 0, 0, 0, 0, 0, 0, 0,
    0, 0, 0, 0, -5, 0, 0, 0,
    0, 0, 0, 0, 0, 0, 0, 0,
    0, 0, 0, 0, 0, 0, 0, 0,
    0, 0, 0, 0, 0, 0, 0, 0,
    0, 0, 0, 0, 0, -3, 0, -3,
    0, 0, 0, 0, 0, 0, 0, -3,
    0, 0, 0, -3, 0, 0, 0, 0,
    0, 0, 0, 0, 0, 0, 0, 0,
    0, 0, 0, 0, 0, 0, 0, 0,
    0, 0, 0, 0, 0, 0, 0, 0,
    0, 0, 0, 0, 0, 0, 0, 0,
    0, 0, 0, 0, 0, 0, 0, 0,
    0, 0, 0, 0, 0, 0, 0, 0,
    0, 0, 0, 0, 0, 0, 0, 0,
    0, 0, 0, 0, 0, 0, 0, 0,
    -5, 0, 0, 0, -3, 0, 0, 0,
    0, 0, 0, 0, 0, 0, 0, 0,
    0, 0, 0, 0, 0, 0, 0, 0,
    0, 0, 0, 0, 0, -13, 0, 0,
    0, 0, 0, 0, 0, 0, 0, 0,
    0, 0, 0, 0, 0, 0, 0, 0,
    0, 0, 0, 0, 0, 0, 0, 0,
    0, 0, 0, 0, 0, 0, 0, 0,
    0, 0, 0, 0, 0, 0, 0, 0,
    0, 0, 0, 0, 0, 0, 0, 0,
    -18, 0, 0, 0, 0, -8, -8, 0,
    -8, 0, 0, -8, 0, 0, 0, 0,
    0, 0, -5, 0, 0, -8, 0, -5,
    0, 0, 0, 0, 0, 0, 0, 0,
    0, -8, -10, -10, 0, 0, 0, 0,
    0, 0, 0, -8, -5, 0, 0, -13,
    0, 0, 0, 0, 0, 0, 0, 0,
    0, 0, 0, 0, 0, 0, 0, 0,
    0, 0, 0, 0, 0, 0, 0, 0,
    0, 0, 0, 0, 0, 0, 0, 0,
    0, 0, 0, 0, 0, 0, 0, 0,
    0, 0, 0, 0, 0, 0, 0, 0,
    0, 0, 0, 0, 0, 0, 0, 0,
    0, 0, 0, 0, 0, 0, 0, 0,
    0, 0, 0, 0, -5, 0, 0, -8,
    -5, -5, 0, 0, 0, 0, 0, 0,
    0, 0, 0, 0, 0, 0, 0, 0,
    0, 0, 0, 0, 0, 0, -13, 0
};


/*Collect the kern class' data in one place*/
static const lv_font_fmt_txt_kern_classes_t kern_classes =
{
    .class_pair_values   = kern_class_values,
    .left_class_mapping  = kern_left_class_mapping,
    .right_class_mapping = kern_right_class_mapping,
    .left_class_cnt      = 112,
    .right_class_cnt     = 98,
};

/*--------------------
 *  ALL CUSTOM DATA
 *--------------------*/

#if LVGL_VERSION_MAJOR == 8
/*Store all the custom data of the font*/
static  lv_font_fmt_txt_glyph_cache_t cache;
#endif

#if LVGL_VERSION_MAJOR >= 8
static const lv_font_fmt_txt_dsc_t font_dsc = {
#else
static lv_font_fmt_txt_dsc_t font_dsc = {
#endif
    .glyph_bitmap = glyph_bitmap,
    .glyph_dsc = glyph_dsc,
    .cmaps = cmaps,
    .kern_dsc = &kern_classes,
    .kern_scale = 16,
    .cmap_num = 13,
    .bpp = 4,
    .kern_classes = 1,
    .bitmap_format = 1,
#if LVGL_VERSION_MAJOR == 8
    .cache = &cache
#endif
};



/*-----------------
 *  PUBLIC FONT
 *----------------*/

/*Initialize a public general font descriptor*/
#if LVGL_VERSION_MAJOR >= 8
const lv_font_t ui_font_16 = {
#else
lv_font_t ui_font_16 = {
#endif
    .get_glyph_dsc = lv_font_get_glyph_dsc_fmt_txt,    /*Function pointer to get glyph's data*/
    .get_glyph_bitmap = lv_font_get_bitmap_fmt_txt,    /*Function pointer to get glyph's bitmap*/
    .line_height = 23,          /*The maximum line height required by the font*/
    .base_line = 5,             /*Baseline measured from the bottom of the line*/
#if !(LVGL_VERSION_MAJOR == 6 && LVGL_VERSION_MINOR == 0)
    .subpx = LV_FONT_SUBPX_NONE,
#endif
#if LV_VERSION_CHECK(7, 4, 0) || LVGL_VERSION_MAJOR >= 8
    .underline_position = -2,
    .underline_thickness = 1,
#endif
    .dsc = &font_dsc,          /*The custom font data. Will be accessed by `get_glyph_bitmap/dsc` */
#if LV_VERSION_CHECK(8, 2, 0) || LVGL_VERSION_MAJOR >= 9
    .fallback = NULL,
#endif
    .user_data = NULL,
};



#endif /*#if UI_FONT_16*/

